solid OpenSCAD_Model
  facet normal 0 0 1
    outer loop
      vertex 163.4 84.8 62.4
      vertex 2.4 82.4 62.4
      vertex 163.4 82.4 62.4
    endloop
  endfacet
  facet normal -0 0 1
    outer loop
      vertex 0 84.8 62.4
      vertex 2.4 82.4 62.4
      vertex 163.4 84.8 62.4
    endloop
  endfacet
  facet normal 0 0 1
    outer loop
      vertex 0 51.4 62.4
      vertex 2.4 82.4 62.4
      vertex 0 84.8 62.4
    endloop
  endfacet
  facet normal 0 0 1
    outer loop
      vertex 2.4 82.4 62.4
      vertex 0 51.4 62.4
      vertex 2.4 51.4 62.4
    endloop
  endfacet
  facet normal 0 0 1
    outer loop
      vertex 2.4 33.4 62.4
      vertex 0 33.4 62.4
      vertex 2.4 2.4 62.4
    endloop
  endfacet
  facet normal -0 0 1
    outer loop
      vertex 2.4 2.4 62.4
      vertex 163.4 0 62.4
      vertex 163.4 2.4 62.4
    endloop
  endfacet
  facet normal 0 0 1
    outer loop
      vertex 2.4 2.4 62.4
      vertex 0 0 62.4
      vertex 163.4 0 62.4
    endloop
  endfacet
  facet normal 0 0 1
    outer loop
      vertex 0 0 62.4
      vertex 2.4 2.4 62.4
      vertex 0 33.4 62.4
    endloop
  endfacet
  facet normal 0 0 -1
    outer loop
      vertex 0 0 0
      vertex 163.4 84.8 0
      vertex 163.4 0 0
    endloop
  endfacet
  facet normal -0 0 -1
    outer loop
      vertex 163.4 84.8 0
      vertex 0 0 0
      vertex 0 84.8 0
    endloop
  endfacet
  facet normal -1 0 0
    outer loop
      vertex 0 53.3059 26.3358
      vertex 0 84.8 0
      vertex 0 53.4 24.9
    endloop
  endfacet
  facet normal -1 0 0
    outer loop
      vertex 0 84.8 0
      vertex 0 53.3059 23.4642
      vertex 0 53.4 24.9
    endloop
  endfacet
  facet normal -1 0 0
    outer loop
      vertex 0 84.8 0
      vertex 0 53.0252 22.053
      vertex 0 53.3059 23.4642
    endloop
  endfacet
  facet normal -1 0 0
    outer loop
      vertex 0 84.8 0
      vertex 0 52.5627 20.6905
      vertex 0 53.0252 22.053
    endloop
  endfacet
  facet normal -1 0 0
    outer loop
      vertex 0 84.8 0
      vertex 0 51.9263 19.4
      vertex 0 52.5627 20.6905
    endloop
  endfacet
  facet normal -1 0 0
    outer loop
      vertex 0 84.8 0
      vertex 0 51.1269 18.2036
      vertex 0 51.9263 19.4
    endloop
  endfacet
  facet normal -1 0 0
    outer loop
      vertex 0 84.8 0
      vertex 0 50.1782 17.1218
      vertex 0 51.1269 18.2036
    endloop
  endfacet
  facet normal -1 0 0
    outer loop
      vertex 0 84.8 0
      vertex 0 49.0964 16.1731
      vertex 0 50.1782 17.1218
    endloop
  endfacet
  facet normal -1 0 0
    outer loop
      vertex 0 84.8 0
      vertex 0 47.9 15.3737
      vertex 0 49.0964 16.1731
    endloop
  endfacet
  facet normal -1 0 0
    outer loop
      vertex 0 84.8 0
      vertex 0 46.6095 14.7373
      vertex 0 47.9 15.3737
    endloop
  endfacet
  facet normal -1 0 0
    outer loop
      vertex 0 84.8 0
      vertex 0 45.247 14.2748
      vertex 0 46.6095 14.7373
    endloop
  endfacet
  facet normal -1 0 0
    outer loop
      vertex 0 84.8 0
      vertex 0 43.8358 13.9941
      vertex 0 45.247 14.2748
    endloop
  endfacet
  facet normal -1 0 0
    outer loop
      vertex 0 84.8 0
      vertex 0 42.4 13.9
      vertex 0 43.8358 13.9941
    endloop
  endfacet
  facet normal -1 0 0
    outer loop
      vertex 0 0 0
      vertex 0 42.4 13.9
      vertex 0 84.8 0
    endloop
  endfacet
  facet normal -1 -0 0
    outer loop
      vertex 0 42.4 13.9
      vertex 0 0 0
      vertex 0 40.9642 13.9941
    endloop
  endfacet
  facet normal -1 -0 0
    outer loop
      vertex 0 31.4941 23.4642
      vertex 0 0 0
      vertex 0 31.4 24.9
    endloop
  endfacet
  facet normal -1 -0 0
    outer loop
      vertex 0 31.7748 22.053
      vertex 0 0 0
      vertex 0 31.4941 23.4642
    endloop
  endfacet
  facet normal -1 -0 0
    outer loop
      vertex 0 32.2373 20.6905
      vertex 0 0 0
      vertex 0 31.7748 22.053
    endloop
  endfacet
  facet normal -1 -0 0
    outer loop
      vertex 0 32.8737 19.4
      vertex 0 0 0
      vertex 0 32.2373 20.6905
    endloop
  endfacet
  facet normal -1 -0 0
    outer loop
      vertex 0 33.6731 18.2036
      vertex 0 0 0
      vertex 0 32.8737 19.4
    endloop
  endfacet
  facet normal -1 -0 0
    outer loop
      vertex 0 34.6218 17.1218
      vertex 0 0 0
      vertex 0 33.6731 18.2036
    endloop
  endfacet
  facet normal -1 -0 0
    outer loop
      vertex 0 35.7036 16.1731
      vertex 0 0 0
      vertex 0 34.6218 17.1218
    endloop
  endfacet
  facet normal -1 -0 0
    outer loop
      vertex 0 36.9 15.3737
      vertex 0 0 0
      vertex 0 35.7036 16.1731
    endloop
  endfacet
  facet normal -1 -0 0
    outer loop
      vertex 0 38.1905 14.7373
      vertex 0 0 0
      vertex 0 36.9 15.3737
    endloop
  endfacet
  facet normal -1 -0 0
    outer loop
      vertex 0 39.553 14.2748
      vertex 0 0 0
      vertex 0 38.1905 14.7373
    endloop
  endfacet
  facet normal -1 -0 0
    outer loop
      vertex 0 40.9642 13.9941
      vertex 0 0 0
      vertex 0 39.553 14.2748
    endloop
  endfacet
  facet normal -1 0 0
    outer loop
      vertex 0 84.8 0
      vertex 0 53.3059 26.3358
      vertex 0 84.8 62.4
    endloop
  endfacet
  facet normal -1 0 0
    outer loop
      vertex 0 53.0252 27.747
      vertex 0 84.8 62.4
      vertex 0 53.3059 26.3358
    endloop
  endfacet
  facet normal -1 0 0
    outer loop
      vertex 0 52.5627 29.1095
      vertex 0 84.8 62.4
      vertex 0 53.0252 27.747
    endloop
  endfacet
  facet normal -1 0 0
    outer loop
      vertex 0 51.9263 30.4
      vertex 0 84.8 62.4
      vertex 0 52.5627 29.1095
    endloop
  endfacet
  facet normal -1 0 0
    outer loop
      vertex 0 51.1269 31.5964
      vertex 0 84.8 62.4
      vertex 0 51.9263 30.4
    endloop
  endfacet
  facet normal -1 -0 0
    outer loop
      vertex 0 84.8 62.4
      vertex 0 51.3567 61.5178
      vertex 0 51.4 62.4
    endloop
  endfacet
  facet normal -1 0 0
    outer loop
      vertex 0 84.8 62.4
      vertex 0 51.2271 60.6442
      vertex 0 51.3567 61.5178
    endloop
  endfacet
  facet normal -1 0 0
    outer loop
      vertex 0 49.8832 57.3999
      vertex 0 84.8 62.4
      vertex 0 51.1269 31.5964
    endloop
  endfacet
  facet normal -1 0 0
    outer loop
      vertex 0 84.8 62.4
      vertex 0 51.0125 59.7874
      vertex 0 51.2271 60.6442
    endloop
  endfacet
  facet normal -1 0 0
    outer loop
      vertex 0 84.8 62.4
      vertex 0 50.7149 58.9558
      vertex 0 51.0125 59.7874
    endloop
  endfacet
  facet normal -1 0 0
    outer loop
      vertex 0 84.8 62.4
      vertex 0 50.3373 58.1574
      vertex 0 50.7149 58.9558
    endloop
  endfacet
  facet normal -1 0 0
    outer loop
      vertex 0 49.8832 57.3999
      vertex 0 51.1269 31.5964
      vertex 0 50.1782 32.6782
    endloop
  endfacet
  facet normal -1 0 0
    outer loop
      vertex 0 84.8 62.4
      vertex 0 49.8832 57.3999
      vertex 0 50.3373 58.1574
    endloop
  endfacet
  facet normal -1 0 0
    outer loop
      vertex 0 50.1782 32.6782
      vertex 0 49.3571 56.6905
      vertex 0 49.8832 57.3999
    endloop
  endfacet
  facet normal -1 0 0
    outer loop
      vertex 0 48.764 56.036
      vertex 0 50.1782 32.6782
      vertex 0 49.0964 33.6269
    endloop
  endfacet
  facet normal -1 0 0
    outer loop
      vertex 0 50.1782 32.6782
      vertex 0 48.764 56.036
      vertex 0 49.3571 56.6905
    endloop
  endfacet
  facet normal -1 0 0
    outer loop
      vertex 0 49.0964 33.6269
      vertex 0 48.1095 55.4429
      vertex 0 48.764 56.036
    endloop
  endfacet
  facet normal -1 0 0
    outer loop
      vertex 0 47.9 34.4263
      vertex 0 48.1095 55.4429
      vertex 0 49.0964 33.6269
    endloop
  endfacet
  facet normal -1 0 0
    outer loop
      vertex 0 47.9 34.4263
      vertex 0 47.4001 54.9168
      vertex 0 48.1095 55.4429
    endloop
  endfacet
  facet normal -1 0 0
    outer loop
      vertex 0 47.9 34.4263
      vertex 0 46.6426 54.4627
      vertex 0 47.4001 54.9168
    endloop
  endfacet
  facet normal -1 0 0
    outer loop
      vertex 0 46.6095 35.0627
      vertex 0 46.6426 54.4627
      vertex 0 47.9 34.4263
    endloop
  endfacet
  facet normal -1 0 0
    outer loop
      vertex 0 46.6095 35.0627
      vertex 0 45.8442 54.0851
      vertex 0 46.6426 54.4627
    endloop
  endfacet
  facet normal -1 0 0
    outer loop
      vertex 0 45.247 35.5252
      vertex 0 45.8442 54.0851
      vertex 0 46.6095 35.0627
    endloop
  endfacet
  facet normal -1 0 0
    outer loop
      vertex 0 45.247 35.5252
      vertex 0 45.0126 53.7875
      vertex 0 45.8442 54.0851
    endloop
  endfacet
  facet normal -1 0 0
    outer loop
      vertex 0 45.247 35.5252
      vertex 0 44.1558 53.5729
      vertex 0 45.0126 53.7875
    endloop
  endfacet
  facet normal -1 0 0
    outer loop
      vertex 0 43.8358 35.8059
      vertex 0 44.1558 53.5729
      vertex 0 45.247 35.5252
    endloop
  endfacet
  facet normal -1 0 0
    outer loop
      vertex 0 43.8358 35.8059
      vertex 0 43.2822 53.4433
      vertex 0 44.1558 53.5729
    endloop
  endfacet
  facet normal -1 0 0
    outer loop
      vertex 0 42.4 35.9
      vertex 0 43.2822 53.4433
      vertex 0 43.8358 35.8059
    endloop
  endfacet
  facet normal -1 0 0
    outer loop
      vertex 0 42.4 35.9
      vertex 0 42.4 53.4
      vertex 0 43.2822 53.4433
    endloop
  endfacet
  facet normal -1 0 0
    outer loop
      vertex 0 42.4 35.9
      vertex 0 41.5178 53.4433
      vertex 0 42.4 53.4
    endloop
  endfacet
  facet normal -1 0 0
    outer loop
      vertex 0 40.9642 35.8059
      vertex 0 41.5178 53.4433
      vertex 0 42.4 35.9
    endloop
  endfacet
  facet normal -1 0 0
    outer loop
      vertex 0 40.9642 35.8059
      vertex 0 40.6442 53.5729
      vertex 0 41.5178 53.4433
    endloop
  endfacet
  facet normal -1 0 0
    outer loop
      vertex 0 39.553 35.5252
      vertex 0 40.6442 53.5729
      vertex 0 40.9642 35.8059
    endloop
  endfacet
  facet normal -1 -0 0
    outer loop
      vertex 0 40.6442 53.5729
      vertex 0 39.553 35.5252
      vertex 0 39.7874 53.7875
    endloop
  endfacet
  facet normal -1 0 0
    outer loop
      vertex 0 39.553 35.5252
      vertex 0 38.9558 54.0851
      vertex 0 39.7874 53.7875
    endloop
  endfacet
  facet normal -1 0 0
    outer loop
      vertex 0 38.1905 35.0627
      vertex 0 38.9558 54.0851
      vertex 0 39.553 35.5252
    endloop
  endfacet
  facet normal -1 0 0
    outer loop
      vertex 0 38.1905 35.0627
      vertex 0 38.1574 54.4627
      vertex 0 38.9558 54.0851
    endloop
  endfacet
  facet normal -1 0 0
    outer loop
      vertex 0 36.9 34.4263
      vertex 0 38.1574 54.4627
      vertex 0 38.1905 35.0627
    endloop
  endfacet
  facet normal -1 -0 0
    outer loop
      vertex 0 38.1574 54.4627
      vertex 0 36.9 34.4263
      vertex 0 37.3999 54.9168
    endloop
  endfacet
  facet normal -1 0 0
    outer loop
      vertex 0 36.9 34.4263
      vertex 0 36.6905 55.4429
      vertex 0 37.3999 54.9168
    endloop
  endfacet
  facet normal -1 0 0
    outer loop
      vertex 0 35.7036 33.6269
      vertex 0 36.6905 55.4429
      vertex 0 36.9 34.4263
    endloop
  endfacet
  facet normal -1 -0 0
    outer loop
      vertex 0 36.6905 55.4429
      vertex 0 35.7036 33.6269
      vertex 0 36.036 56.036
    endloop
  endfacet
  facet normal -1 0 0
    outer loop
      vertex 0 34.6218 32.6782
      vertex 0 36.036 56.036
      vertex 0 35.7036 33.6269
    endloop
  endfacet
  facet normal -1 -0 0
    outer loop
      vertex 0 36.036 56.036
      vertex 0 34.6218 32.6782
      vertex 0 35.4429 56.6905
    endloop
  endfacet
  facet normal -1 -0 0
    outer loop
      vertex 0 35.4429 56.6905
      vertex 0 34.6218 32.6782
      vertex 0 34.9168 57.3999
    endloop
  endfacet
  facet normal -1 0 0
    outer loop
      vertex 0 33.6731 31.5964
      vertex 0 34.9168 57.3999
      vertex 0 34.6218 32.6782
    endloop
  endfacet
  facet normal -1 0 0
    outer loop
      vertex 0 0 62.4
      vertex 0 34.9168 57.3999
      vertex 0 33.6731 31.5964
    endloop
  endfacet
  facet normal -1 0 0
    outer loop
      vertex 0 34.9168 57.3999
      vertex 0 0 62.4
      vertex 0 34.4627 58.1574
    endloop
  endfacet
  facet normal -1 0 0
    outer loop
      vertex 0 34.4627 58.1574
      vertex 0 0 62.4
      vertex 0 34.0851 58.9558
    endloop
  endfacet
  facet normal -1 0 0
    outer loop
      vertex 0 34.0851 58.9558
      vertex 0 0 62.4
      vertex 0 33.7875 59.7874
    endloop
  endfacet
  facet normal -1 0 0
    outer loop
      vertex 0 33.7875 59.7874
      vertex 0 0 62.4
      vertex 0 33.5729 60.6442
    endloop
  endfacet
  facet normal -1 0 0
    outer loop
      vertex 0 33.5729 60.6442
      vertex 0 0 62.4
      vertex 0 33.4433 61.5178
    endloop
  endfacet
  facet normal -1 0 0
    outer loop
      vertex 0 0 62.4
      vertex 0 33.6731 31.5964
      vertex 0 32.8737 30.4
    endloop
  endfacet
  facet normal -1 0 0
    outer loop
      vertex 0 0 62.4
      vertex 0 32.8737 30.4
      vertex 0 32.2373 29.1095
    endloop
  endfacet
  facet normal -1 0 0
    outer loop
      vertex 0 0 62.4
      vertex 0 32.2373 29.1095
      vertex 0 31.7748 27.747
    endloop
  endfacet
  facet normal -1 0 0
    outer loop
      vertex 0 0 62.4
      vertex 0 31.7748 27.747
      vertex 0 31.4941 26.3358
    endloop
  endfacet
  facet normal -1 0 0
    outer loop
      vertex 0 0 0
      vertex 0 31.4941 26.3358
      vertex 0 31.4 24.9
    endloop
  endfacet
  facet normal -1 -0 0
    outer loop
      vertex 0 31.4941 26.3358
      vertex 0 0 0
      vertex 0 0 62.4
    endloop
  endfacet
  facet normal -1 0 0
    outer loop
      vertex 0 33.4433 61.5178
      vertex 0 0 62.4
      vertex 0 33.4 62.4
    endloop
  endfacet
  facet normal 0 1 0
    outer loop
      vertex 92.974 84.8 23.5142
      vertex 93.5893 84.8 22.0635
      vertex 92.4 84.8 23.4
    endloop
  endfacet
  facet normal 0 1 0
    outer loop
      vertex 92.4 84.8 23.4
      vertex 90.724 84.8 22.3887
      vertex 90.15 84.8 22.5029
    endloop
  endfacet
  facet normal 0 1 -0
    outer loop
      vertex 93.2642 84.8 21.5769
      vertex 92.4 84.8 23.4
      vertex 93.5893 84.8 22.0635
    endloop
  endfacet
  facet normal 0 1 0
    outer loop
      vertex 92.4 84.8 23.4
      vertex 91.2107 84.8 22.0635
      vertex 90.724 84.8 22.3887
    endloop
  endfacet
  facet normal 0 1 0
    outer loop
      vertex 91.5358 84.8 21.5769
      vertex 92.4 84.8 23.4
      vertex 93.2642 84.8 21.5769
    endloop
  endfacet
  facet normal 0 1 0
    outer loop
      vertex 92.4 84.8 23.4
      vertex 91.5358 84.8 21.5769
      vertex 91.2107 84.8 22.0635
    endloop
  endfacet
  facet normal 0 1 -0
    outer loop
      vertex 93.15 84.8 21.0029
      vertex 91.5358 84.8 21.5769
      vertex 93.2642 84.8 21.5769
    endloop
  endfacet
  facet normal 0 1 0
    outer loop
      vertex 93.15 84.8 21.0029
      vertex 91.65 84.8 21.0029
      vertex 91.5358 84.8 21.5769
    endloop
  endfacet
  facet normal 0 1 0
    outer loop
      vertex 93.2642 84.8 20.4289
      vertex 91.65 84.8 21.0029
      vertex 93.15 84.8 21.0029
    endloop
  endfacet
  facet normal 0 1 0
    outer loop
      vertex 93.2642 84.8 20.4289
      vertex 91.5358 84.8 20.4289
      vertex 91.65 84.8 21.0029
    endloop
  endfacet
  facet normal 0 1 0
    outer loop
      vertex 92.4 84.8 18.6058
      vertex 93.2642 84.8 20.4289
      vertex 93.5893 84.8 19.9422
    endloop
  endfacet
  facet normal 0 1 0
    outer loop
      vertex 93.2642 84.8 20.4289
      vertex 92.4 84.8 18.6058
      vertex 91.5358 84.8 20.4289
    endloop
  endfacet
  facet normal 0 1 0
    outer loop
      vertex 92.974 84.8 18.4916
      vertex 93.5893 84.8 19.9422
      vertex 94.076 84.8 19.6171
    endloop
  endfacet
  facet normal 0 1 0
    outer loop
      vertex 91.5358 84.8 20.4289
      vertex 92.4 84.8 18.6058
      vertex 91.2107 84.8 19.9422
    endloop
  endfacet
  facet normal 0 1 0
    outer loop
      vertex 93.4607 84.8 18.1664
      vertex 94.076 84.8 19.6171
      vertex 94.65 84.8 19.5029
    endloop
  endfacet
  facet normal 0 1 -0
    outer loop
      vertex 91.826 84.8 18.4916
      vertex 91.2107 84.8 19.9422
      vertex 92.4 84.8 18.6058
    endloop
  endfacet
  facet normal 0 1 0
    outer loop
      vertex 97.474 84.8 23.5142
      vertex 98.0893 84.8 22.0635
      vertex 96.9 84.8 23.4
    endloop
  endfacet
  facet normal 0 1 0
    outer loop
      vertex 96.9 84.8 23.4
      vertex 95.224 84.8 22.3887
      vertex 94.65 84.8 22.5029
    endloop
  endfacet
  facet normal 0 1 -0
    outer loop
      vertex 97.7642 84.8 21.5769
      vertex 96.9 84.8 23.4
      vertex 98.0893 84.8 22.0635
    endloop
  endfacet
  facet normal 0 1 0
    outer loop
      vertex 96.9 84.8 23.4
      vertex 95.7107 84.8 22.0635
      vertex 95.224 84.8 22.3887
    endloop
  endfacet
  facet normal 0 1 0
    outer loop
      vertex 96.0358 84.8 21.5769
      vertex 96.9 84.8 23.4
      vertex 97.7642 84.8 21.5769
    endloop
  endfacet
  facet normal 0 1 0
    outer loop
      vertex 96.9 84.8 23.4
      vertex 96.0358 84.8 21.5769
      vertex 95.7107 84.8 22.0635
    endloop
  endfacet
  facet normal 0 1 -0
    outer loop
      vertex 97.65 84.8 21.0029
      vertex 96.0358 84.8 21.5769
      vertex 97.7642 84.8 21.5769
    endloop
  endfacet
  facet normal 0 1 0
    outer loop
      vertex 97.65 84.8 21.0029
      vertex 96.15 84.8 21.0029
      vertex 96.0358 84.8 21.5769
    endloop
  endfacet
  facet normal 0 1 0
    outer loop
      vertex 97.7642 84.8 20.4289
      vertex 96.15 84.8 21.0029
      vertex 97.65 84.8 21.0029
    endloop
  endfacet
  facet normal 0 1 0
    outer loop
      vertex 97.7642 84.8 20.4289
      vertex 96.0358 84.8 20.4289
      vertex 96.15 84.8 21.0029
    endloop
  endfacet
  facet normal 0 1 0
    outer loop
      vertex 96.9 84.8 18.6058
      vertex 97.7642 84.8 20.4289
      vertex 98.0893 84.8 19.9422
    endloop
  endfacet
  facet normal 0 1 0
    outer loop
      vertex 97.7642 84.8 20.4289
      vertex 96.9 84.8 18.6058
      vertex 96.0358 84.8 20.4289
    endloop
  endfacet
  facet normal 0 1 0
    outer loop
      vertex 97.474 84.8 18.4916
      vertex 98.0893 84.8 19.9422
      vertex 98.576 84.8 19.6171
    endloop
  endfacet
  facet normal 0 1 0
    outer loop
      vertex 96.0358 84.8 20.4289
      vertex 96.9 84.8 18.6058
      vertex 95.7107 84.8 19.9422
    endloop
  endfacet
  facet normal 0 1 0
    outer loop
      vertex 97.9607 84.8 18.1664
      vertex 98.576 84.8 19.6171
      vertex 99.15 84.8 19.5029
    endloop
  endfacet
  facet normal 0 1 -0
    outer loop
      vertex 96.326 84.8 18.4916
      vertex 95.7107 84.8 19.9422
      vertex 96.9 84.8 18.6058
    endloop
  endfacet
  facet normal 0 1 0
    outer loop
      vertex 101.974 84.8 23.5142
      vertex 102.589 84.8 22.0635
      vertex 101.4 84.8 23.4
    endloop
  endfacet
  facet normal 0 1 0
    outer loop
      vertex 101.4 84.8 23.4
      vertex 99.724 84.8 22.3887
      vertex 99.15 84.8 22.5029
    endloop
  endfacet
  facet normal 0 1 -0
    outer loop
      vertex 102.264 84.8 21.5769
      vertex 101.4 84.8 23.4
      vertex 102.589 84.8 22.0635
    endloop
  endfacet
  facet normal 0 1 0
    outer loop
      vertex 101.4 84.8 23.4
      vertex 100.211 84.8 22.0635
      vertex 99.724 84.8 22.3887
    endloop
  endfacet
  facet normal 0 1 0
    outer loop
      vertex 100.536 84.8 21.5769
      vertex 101.4 84.8 23.4
      vertex 102.264 84.8 21.5769
    endloop
  endfacet
  facet normal 0 1 0
    outer loop
      vertex 101.4 84.8 23.4
      vertex 100.536 84.8 21.5769
      vertex 100.211 84.8 22.0635
    endloop
  endfacet
  facet normal 0 1 -0
    outer loop
      vertex 102.15 84.8 21.0029
      vertex 100.536 84.8 21.5769
      vertex 102.264 84.8 21.5769
    endloop
  endfacet
  facet normal 0 1 0
    outer loop
      vertex 102.15 84.8 21.0029
      vertex 100.65 84.8 21.0029
      vertex 100.536 84.8 21.5769
    endloop
  endfacet
  facet normal 0 1 0
    outer loop
      vertex 102.264 84.8 20.4289
      vertex 100.65 84.8 21.0029
      vertex 102.15 84.8 21.0029
    endloop
  endfacet
  facet normal 0 1 0
    outer loop
      vertex 102.264 84.8 20.4289
      vertex 100.536 84.8 20.4289
      vertex 100.65 84.8 21.0029
    endloop
  endfacet
  facet normal 0 1 0
    outer loop
      vertex 101.4 84.8 18.6058
      vertex 102.264 84.8 20.4289
      vertex 102.589 84.8 19.9422
    endloop
  endfacet
  facet normal 0 1 0
    outer loop
      vertex 102.264 84.8 20.4289
      vertex 101.4 84.8 18.6058
      vertex 100.536 84.8 20.4289
    endloop
  endfacet
  facet normal 0 1 0
    outer loop
      vertex 101.974 84.8 18.4916
      vertex 102.589 84.8 19.9422
      vertex 103.076 84.8 19.6171
    endloop
  endfacet
  facet normal 0 1 0
    outer loop
      vertex 100.536 84.8 20.4289
      vertex 101.4 84.8 18.6058
      vertex 100.211 84.8 19.9422
    endloop
  endfacet
  facet normal 0 1 0
    outer loop
      vertex 102.461 84.8 18.1664
      vertex 103.076 84.8 19.6171
      vertex 103.65 84.8 19.5029
    endloop
  endfacet
  facet normal 0 1 -0
    outer loop
      vertex 100.826 84.8 18.4916
      vertex 100.211 84.8 19.9422
      vertex 101.4 84.8 18.6058
    endloop
  endfacet
  facet normal 0 1 0
    outer loop
      vertex 106.474 84.8 23.5142
      vertex 107.089 84.8 22.0635
      vertex 105.9 84.8 23.4
    endloop
  endfacet
  facet normal 0 1 0
    outer loop
      vertex 105.9 84.8 23.4
      vertex 104.224 84.8 22.3887
      vertex 103.65 84.8 22.5029
    endloop
  endfacet
  facet normal 0 1 -0
    outer loop
      vertex 106.764 84.8 21.5769
      vertex 105.9 84.8 23.4
      vertex 107.089 84.8 22.0635
    endloop
  endfacet
  facet normal 0 1 0
    outer loop
      vertex 105.9 84.8 23.4
      vertex 104.711 84.8 22.0635
      vertex 104.224 84.8 22.3887
    endloop
  endfacet
  facet normal 0 1 0
    outer loop
      vertex 105.036 84.8 21.5769
      vertex 105.9 84.8 23.4
      vertex 106.764 84.8 21.5769
    endloop
  endfacet
  facet normal 0 1 0
    outer loop
      vertex 105.9 84.8 23.4
      vertex 105.036 84.8 21.5769
      vertex 104.711 84.8 22.0635
    endloop
  endfacet
  facet normal 0 1 -0
    outer loop
      vertex 106.65 84.8 21.0029
      vertex 105.036 84.8 21.5769
      vertex 106.764 84.8 21.5769
    endloop
  endfacet
  facet normal 0 1 0
    outer loop
      vertex 106.65 84.8 21.0029
      vertex 105.15 84.8 21.0029
      vertex 105.036 84.8 21.5769
    endloop
  endfacet
  facet normal 0 1 0
    outer loop
      vertex 106.764 84.8 20.4289
      vertex 105.15 84.8 21.0029
      vertex 106.65 84.8 21.0029
    endloop
  endfacet
  facet normal 0 1 0
    outer loop
      vertex 106.764 84.8 20.4289
      vertex 105.036 84.8 20.4289
      vertex 105.15 84.8 21.0029
    endloop
  endfacet
  facet normal 0 1 0
    outer loop
      vertex 105.9 84.8 18.6058
      vertex 106.764 84.8 20.4289
      vertex 107.089 84.8 19.9422
    endloop
  endfacet
  facet normal 0 1 0
    outer loop
      vertex 106.764 84.8 20.4289
      vertex 105.9 84.8 18.6058
      vertex 105.036 84.8 20.4289
    endloop
  endfacet
  facet normal 0 1 0
    outer loop
      vertex 106.474 84.8 18.4916
      vertex 107.089 84.8 19.9422
      vertex 107.576 84.8 19.6171
    endloop
  endfacet
  facet normal 0 1 0
    outer loop
      vertex 105.036 84.8 20.4289
      vertex 105.9 84.8 18.6058
      vertex 104.711 84.8 19.9422
    endloop
  endfacet
  facet normal 0 1 0
    outer loop
      vertex 106.961 84.8 18.1664
      vertex 107.576 84.8 19.6171
      vertex 108.15 84.8 19.5029
    endloop
  endfacet
  facet normal 0 1 -0
    outer loop
      vertex 105.326 84.8 18.4916
      vertex 104.711 84.8 19.9422
      vertex 105.9 84.8 18.6058
    endloop
  endfacet
  facet normal 0 1 0
    outer loop
      vertex 110.974 84.8 23.5142
      vertex 111.589 84.8 22.0635
      vertex 110.4 84.8 23.4
    endloop
  endfacet
  facet normal 0 1 0
    outer loop
      vertex 110.4 84.8 23.4
      vertex 108.724 84.8 22.3887
      vertex 108.15 84.8 22.5029
    endloop
  endfacet
  facet normal 0 1 -0
    outer loop
      vertex 111.264 84.8 21.5769
      vertex 110.4 84.8 23.4
      vertex 111.589 84.8 22.0635
    endloop
  endfacet
  facet normal 0 1 0
    outer loop
      vertex 110.4 84.8 23.4
      vertex 109.211 84.8 22.0635
      vertex 108.724 84.8 22.3887
    endloop
  endfacet
  facet normal 0 1 0
    outer loop
      vertex 109.536 84.8 21.5769
      vertex 110.4 84.8 23.4
      vertex 111.264 84.8 21.5769
    endloop
  endfacet
  facet normal 0 1 0
    outer loop
      vertex 110.4 84.8 23.4
      vertex 109.536 84.8 21.5769
      vertex 109.211 84.8 22.0635
    endloop
  endfacet
  facet normal 0 1 -0
    outer loop
      vertex 111.15 84.8 21.0029
      vertex 109.536 84.8 21.5769
      vertex 111.264 84.8 21.5769
    endloop
  endfacet
  facet normal 0 1 0
    outer loop
      vertex 111.15 84.8 21.0029
      vertex 109.65 84.8 21.0029
      vertex 109.536 84.8 21.5769
    endloop
  endfacet
  facet normal 0 1 0
    outer loop
      vertex 111.264 84.8 20.4289
      vertex 109.65 84.8 21.0029
      vertex 111.15 84.8 21.0029
    endloop
  endfacet
  facet normal 0 1 0
    outer loop
      vertex 111.264 84.8 20.4289
      vertex 109.536 84.8 20.4289
      vertex 109.65 84.8 21.0029
    endloop
  endfacet
  facet normal 0 1 0
    outer loop
      vertex 110.4 84.8 18.6058
      vertex 111.264 84.8 20.4289
      vertex 111.589 84.8 19.9422
    endloop
  endfacet
  facet normal 0 1 0
    outer loop
      vertex 111.264 84.8 20.4289
      vertex 110.4 84.8 18.6058
      vertex 109.536 84.8 20.4289
    endloop
  endfacet
  facet normal 0 1 0
    outer loop
      vertex 110.974 84.8 18.4916
      vertex 111.589 84.8 19.9422
      vertex 112.076 84.8 19.6171
    endloop
  endfacet
  facet normal 0 1 0
    outer loop
      vertex 109.536 84.8 20.4289
      vertex 110.4 84.8 18.6058
      vertex 109.211 84.8 19.9422
    endloop
  endfacet
  facet normal 0 1 0
    outer loop
      vertex 111.461 84.8 18.1664
      vertex 112.076 84.8 19.6171
      vertex 112.65 84.8 19.5029
    endloop
  endfacet
  facet normal 0 1 -0
    outer loop
      vertex 109.826 84.8 18.4916
      vertex 109.211 84.8 19.9422
      vertex 110.4 84.8 18.6058
    endloop
  endfacet
  facet normal 0 1 0
    outer loop
      vertex 115.474 84.8 23.5142
      vertex 116.089 84.8 22.0635
      vertex 114.9 84.8 23.4
    endloop
  endfacet
  facet normal 0 1 0
    outer loop
      vertex 114.9 84.8 23.4
      vertex 113.224 84.8 22.3887
      vertex 112.65 84.8 22.5029
    endloop
  endfacet
  facet normal 0 1 -0
    outer loop
      vertex 115.764 84.8 21.5769
      vertex 114.9 84.8 23.4
      vertex 116.089 84.8 22.0635
    endloop
  endfacet
  facet normal 0 1 0
    outer loop
      vertex 114.9 84.8 23.4
      vertex 113.711 84.8 22.0635
      vertex 113.224 84.8 22.3887
    endloop
  endfacet
  facet normal 0 1 0
    outer loop
      vertex 114.036 84.8 21.5769
      vertex 114.9 84.8 23.4
      vertex 115.764 84.8 21.5769
    endloop
  endfacet
  facet normal 0 1 0
    outer loop
      vertex 114.9 84.8 23.4
      vertex 114.036 84.8 21.5769
      vertex 113.711 84.8 22.0635
    endloop
  endfacet
  facet normal 0 1 -0
    outer loop
      vertex 115.65 84.8 21.0029
      vertex 114.036 84.8 21.5769
      vertex 115.764 84.8 21.5769
    endloop
  endfacet
  facet normal 0 1 0
    outer loop
      vertex 115.65 84.8 21.0029
      vertex 114.15 84.8 21.0029
      vertex 114.036 84.8 21.5769
    endloop
  endfacet
  facet normal 0 1 0
    outer loop
      vertex 115.764 84.8 20.4289
      vertex 114.15 84.8 21.0029
      vertex 115.65 84.8 21.0029
    endloop
  endfacet
  facet normal 0 1 0
    outer loop
      vertex 115.764 84.8 20.4289
      vertex 114.036 84.8 20.4289
      vertex 114.15 84.8 21.0029
    endloop
  endfacet
  facet normal 0 1 0
    outer loop
      vertex 114.9 84.8 18.6058
      vertex 115.764 84.8 20.4289
      vertex 116.089 84.8 19.9422
    endloop
  endfacet
  facet normal 0 1 0
    outer loop
      vertex 115.764 84.8 20.4289
      vertex 114.9 84.8 18.6058
      vertex 114.036 84.8 20.4289
    endloop
  endfacet
  facet normal 0 1 0
    outer loop
      vertex 115.474 84.8 18.4916
      vertex 116.089 84.8 19.9422
      vertex 116.576 84.8 19.6171
    endloop
  endfacet
  facet normal 0 1 0
    outer loop
      vertex 114.036 84.8 20.4289
      vertex 114.9 84.8 18.6058
      vertex 113.711 84.8 19.9422
    endloop
  endfacet
  facet normal 0 1 0
    outer loop
      vertex 115.961 84.8 18.1664
      vertex 116.576 84.8 19.6171
      vertex 117.15 84.8 19.5029
    endloop
  endfacet
  facet normal 0 1 -0
    outer loop
      vertex 114.326 84.8 18.4916
      vertex 113.711 84.8 19.9422
      vertex 114.9 84.8 18.6058
    endloop
  endfacet
  facet normal 0 1 0
    outer loop
      vertex 119.974 84.8 23.5142
      vertex 120.589 84.8 22.0635
      vertex 119.4 84.8 23.4
    endloop
  endfacet
  facet normal 0 1 0
    outer loop
      vertex 119.4 84.8 23.4
      vertex 117.724 84.8 22.3887
      vertex 117.15 84.8 22.5029
    endloop
  endfacet
  facet normal 0 1 -0
    outer loop
      vertex 120.264 84.8 21.5769
      vertex 119.4 84.8 23.4
      vertex 120.589 84.8 22.0635
    endloop
  endfacet
  facet normal 0 1 0
    outer loop
      vertex 119.4 84.8 23.4
      vertex 118.211 84.8 22.0635
      vertex 117.724 84.8 22.3887
    endloop
  endfacet
  facet normal 0 1 0
    outer loop
      vertex 118.536 84.8 21.5769
      vertex 119.4 84.8 23.4
      vertex 120.264 84.8 21.5769
    endloop
  endfacet
  facet normal 0 1 0
    outer loop
      vertex 119.4 84.8 23.4
      vertex 118.536 84.8 21.5769
      vertex 118.211 84.8 22.0635
    endloop
  endfacet
  facet normal 0 1 -0
    outer loop
      vertex 120.15 84.8 21.0029
      vertex 118.536 84.8 21.5769
      vertex 120.264 84.8 21.5769
    endloop
  endfacet
  facet normal 0 1 0
    outer loop
      vertex 120.15 84.8 21.0029
      vertex 118.65 84.8 21.0029
      vertex 118.536 84.8 21.5769
    endloop
  endfacet
  facet normal 0 1 0
    outer loop
      vertex 120.264 84.8 20.4289
      vertex 118.65 84.8 21.0029
      vertex 120.15 84.8 21.0029
    endloop
  endfacet
  facet normal 0 1 0
    outer loop
      vertex 120.264 84.8 20.4289
      vertex 118.536 84.8 20.4289
      vertex 118.65 84.8 21.0029
    endloop
  endfacet
  facet normal 0 1 0
    outer loop
      vertex 119.4 84.8 18.6058
      vertex 120.264 84.8 20.4289
      vertex 120.589 84.8 19.9422
    endloop
  endfacet
  facet normal 0 1 0
    outer loop
      vertex 120.264 84.8 20.4289
      vertex 119.4 84.8 18.6058
      vertex 118.536 84.8 20.4289
    endloop
  endfacet
  facet normal 0 1 0
    outer loop
      vertex 119.974 84.8 18.4916
      vertex 120.589 84.8 19.9422
      vertex 121.076 84.8 19.6171
    endloop
  endfacet
  facet normal 0 1 0
    outer loop
      vertex 118.536 84.8 20.4289
      vertex 119.4 84.8 18.6058
      vertex 118.211 84.8 19.9422
    endloop
  endfacet
  facet normal 0 1 0
    outer loop
      vertex 120.461 84.8 18.1664
      vertex 121.076 84.8 19.6171
      vertex 121.65 84.8 19.5029
    endloop
  endfacet
  facet normal 0 1 -0
    outer loop
      vertex 118.826 84.8 18.4916
      vertex 118.211 84.8 19.9422
      vertex 119.4 84.8 18.6058
    endloop
  endfacet
  facet normal 0 1 0
    outer loop
      vertex 95.224 84.8 27.4113
      vertex 95.8393 84.8 25.9607
      vertex 94.65 84.8 27.2971
    endloop
  endfacet
  facet normal 0 1 0
    outer loop
      vertex 94.65 84.8 27.2971
      vertex 92.974 84.8 26.2858
      vertex 92.4 84.8 26.4
    endloop
  endfacet
  facet normal 0 1 -0
    outer loop
      vertex 95.5142 84.8 25.474
      vertex 94.65 84.8 27.2971
      vertex 95.8393 84.8 25.9607
    endloop
  endfacet
  facet normal 0 1 0
    outer loop
      vertex 94.65 84.8 27.2971
      vertex 93.4607 84.8 25.9607
      vertex 92.974 84.8 26.2858
    endloop
  endfacet
  facet normal 0 1 0
    outer loop
      vertex 93.7858 84.8 25.474
      vertex 94.65 84.8 27.2971
      vertex 95.5142 84.8 25.474
    endloop
  endfacet
  facet normal 0 1 0
    outer loop
      vertex 94.65 84.8 27.2971
      vertex 93.7858 84.8 25.474
      vertex 93.4607 84.8 25.9607
    endloop
  endfacet
  facet normal 0 1 -0
    outer loop
      vertex 95.4 84.8 24.9
      vertex 93.7858 84.8 25.474
      vertex 95.5142 84.8 25.474
    endloop
  endfacet
  facet normal 0 1 0
    outer loop
      vertex 95.4 84.8 24.9
      vertex 93.9 84.8 24.9
      vertex 93.7858 84.8 25.474
    endloop
  endfacet
  facet normal 0 1 0
    outer loop
      vertex 95.5142 84.8 24.326
      vertex 93.9 84.8 24.9
      vertex 95.4 84.8 24.9
    endloop
  endfacet
  facet normal 0 1 0
    outer loop
      vertex 95.5142 84.8 24.326
      vertex 93.7858 84.8 24.326
      vertex 93.9 84.8 24.9
    endloop
  endfacet
  facet normal 0 1 0
    outer loop
      vertex 94.65 84.8 22.5029
      vertex 95.5142 84.8 24.326
      vertex 95.8393 84.8 23.8393
    endloop
  endfacet
  facet normal 0 1 0
    outer loop
      vertex 95.5142 84.8 24.326
      vertex 94.65 84.8 22.5029
      vertex 93.7858 84.8 24.326
    endloop
  endfacet
  facet normal 0 1 0
    outer loop
      vertex 94.65 84.8 22.5029
      vertex 95.8393 84.8 23.8393
      vertex 96.326 84.8 23.5142
    endloop
  endfacet
  facet normal 0 1 0
    outer loop
      vertex 93.7858 84.8 24.326
      vertex 94.65 84.8 22.5029
      vertex 93.4607 84.8 23.8393
    endloop
  endfacet
  facet normal 0 1 0
    outer loop
      vertex 94.65 84.8 22.5029
      vertex 96.326 84.8 23.5142
      vertex 96.9 84.8 23.4
    endloop
  endfacet
  facet normal 0 1 -0
    outer loop
      vertex 94.076 84.8 22.3887
      vertex 93.4607 84.8 23.8393
      vertex 94.65 84.8 22.5029
    endloop
  endfacet
  facet normal 0 1 0
    outer loop
      vertex 99.724 84.8 27.4113
      vertex 100.339 84.8 25.9607
      vertex 99.15 84.8 27.2971
    endloop
  endfacet
  facet normal 0 1 0
    outer loop
      vertex 99.15 84.8 27.2971
      vertex 97.474 84.8 26.2858
      vertex 96.9 84.8 26.4
    endloop
  endfacet
  facet normal 0 1 -0
    outer loop
      vertex 100.014 84.8 25.474
      vertex 99.15 84.8 27.2971
      vertex 100.339 84.8 25.9607
    endloop
  endfacet
  facet normal 0 1 0
    outer loop
      vertex 99.15 84.8 27.2971
      vertex 97.9607 84.8 25.9607
      vertex 97.474 84.8 26.2858
    endloop
  endfacet
  facet normal 0 1 0
    outer loop
      vertex 98.2858 84.8 25.474
      vertex 99.15 84.8 27.2971
      vertex 100.014 84.8 25.474
    endloop
  endfacet
  facet normal 0 1 0
    outer loop
      vertex 99.15 84.8 27.2971
      vertex 98.2858 84.8 25.474
      vertex 97.9607 84.8 25.9607
    endloop
  endfacet
  facet normal 0 1 -0
    outer loop
      vertex 99.9 84.8 24.9
      vertex 98.2858 84.8 25.474
      vertex 100.014 84.8 25.474
    endloop
  endfacet
  facet normal 0 1 0
    outer loop
      vertex 99.9 84.8 24.9
      vertex 98.4 84.8 24.9
      vertex 98.2858 84.8 25.474
    endloop
  endfacet
  facet normal 0 1 0
    outer loop
      vertex 100.014 84.8 24.326
      vertex 98.4 84.8 24.9
      vertex 99.9 84.8 24.9
    endloop
  endfacet
  facet normal 0 1 0
    outer loop
      vertex 100.014 84.8 24.326
      vertex 98.2858 84.8 24.326
      vertex 98.4 84.8 24.9
    endloop
  endfacet
  facet normal 0 1 0
    outer loop
      vertex 99.15 84.8 22.5029
      vertex 100.014 84.8 24.326
      vertex 100.339 84.8 23.8393
    endloop
  endfacet
  facet normal 0 1 0
    outer loop
      vertex 100.014 84.8 24.326
      vertex 99.15 84.8 22.5029
      vertex 98.2858 84.8 24.326
    endloop
  endfacet
  facet normal 0 1 0
    outer loop
      vertex 99.15 84.8 22.5029
      vertex 100.339 84.8 23.8393
      vertex 100.826 84.8 23.5142
    endloop
  endfacet
  facet normal 0 1 0
    outer loop
      vertex 98.2858 84.8 24.326
      vertex 99.15 84.8 22.5029
      vertex 97.9607 84.8 23.8393
    endloop
  endfacet
  facet normal 0 1 0
    outer loop
      vertex 99.15 84.8 22.5029
      vertex 100.826 84.8 23.5142
      vertex 101.4 84.8 23.4
    endloop
  endfacet
  facet normal 0 1 -0
    outer loop
      vertex 98.576 84.8 22.3887
      vertex 97.9607 84.8 23.8393
      vertex 99.15 84.8 22.5029
    endloop
  endfacet
  facet normal 0 1 0
    outer loop
      vertex 104.224 84.8 27.4113
      vertex 104.839 84.8 25.9607
      vertex 103.65 84.8 27.2971
    endloop
  endfacet
  facet normal 0 1 0
    outer loop
      vertex 103.65 84.8 27.2971
      vertex 101.974 84.8 26.2858
      vertex 101.4 84.8 26.4
    endloop
  endfacet
  facet normal 0 1 -0
    outer loop
      vertex 104.514 84.8 25.474
      vertex 103.65 84.8 27.2971
      vertex 104.839 84.8 25.9607
    endloop
  endfacet
  facet normal 0 1 0
    outer loop
      vertex 103.65 84.8 27.2971
      vertex 102.461 84.8 25.9607
      vertex 101.974 84.8 26.2858
    endloop
  endfacet
  facet normal 0 1 0
    outer loop
      vertex 102.786 84.8 25.474
      vertex 103.65 84.8 27.2971
      vertex 104.514 84.8 25.474
    endloop
  endfacet
  facet normal 0 1 0
    outer loop
      vertex 103.65 84.8 27.2971
      vertex 102.786 84.8 25.474
      vertex 102.461 84.8 25.9607
    endloop
  endfacet
  facet normal 0 1 -0
    outer loop
      vertex 104.4 84.8 24.9
      vertex 102.786 84.8 25.474
      vertex 104.514 84.8 25.474
    endloop
  endfacet
  facet normal 0 1 0
    outer loop
      vertex 104.4 84.8 24.9
      vertex 102.9 84.8 24.9
      vertex 102.786 84.8 25.474
    endloop
  endfacet
  facet normal 0 1 0
    outer loop
      vertex 104.514 84.8 24.326
      vertex 102.9 84.8 24.9
      vertex 104.4 84.8 24.9
    endloop
  endfacet
  facet normal 0 1 0
    outer loop
      vertex 104.514 84.8 24.326
      vertex 102.786 84.8 24.326
      vertex 102.9 84.8 24.9
    endloop
  endfacet
  facet normal 0 1 0
    outer loop
      vertex 103.65 84.8 22.5029
      vertex 104.514 84.8 24.326
      vertex 104.839 84.8 23.8393
    endloop
  endfacet
  facet normal 0 1 0
    outer loop
      vertex 104.514 84.8 24.326
      vertex 103.65 84.8 22.5029
      vertex 102.786 84.8 24.326
    endloop
  endfacet
  facet normal 0 1 0
    outer loop
      vertex 103.65 84.8 22.5029
      vertex 104.839 84.8 23.8393
      vertex 105.326 84.8 23.5142
    endloop
  endfacet
  facet normal 0 1 0
    outer loop
      vertex 102.786 84.8 24.326
      vertex 103.65 84.8 22.5029
      vertex 102.461 84.8 23.8393
    endloop
  endfacet
  facet normal 0 1 0
    outer loop
      vertex 103.65 84.8 22.5029
      vertex 105.326 84.8 23.5142
      vertex 105.9 84.8 23.4
    endloop
  endfacet
  facet normal 0 1 -0
    outer loop
      vertex 103.076 84.8 22.3887
      vertex 102.461 84.8 23.8393
      vertex 103.65 84.8 22.5029
    endloop
  endfacet
  facet normal 0 1 0
    outer loop
      vertex 108.724 84.8 27.4113
      vertex 109.339 84.8 25.9607
      vertex 108.15 84.8 27.2971
    endloop
  endfacet
  facet normal 0 1 0
    outer loop
      vertex 108.15 84.8 27.2971
      vertex 106.474 84.8 26.2858
      vertex 105.9 84.8 26.4
    endloop
  endfacet
  facet normal 0 1 -0
    outer loop
      vertex 109.014 84.8 25.474
      vertex 108.15 84.8 27.2971
      vertex 109.339 84.8 25.9607
    endloop
  endfacet
  facet normal 0 1 0
    outer loop
      vertex 108.15 84.8 27.2971
      vertex 106.961 84.8 25.9607
      vertex 106.474 84.8 26.2858
    endloop
  endfacet
  facet normal 0 1 0
    outer loop
      vertex 107.286 84.8 25.474
      vertex 108.15 84.8 27.2971
      vertex 109.014 84.8 25.474
    endloop
  endfacet
  facet normal 0 1 0
    outer loop
      vertex 108.15 84.8 27.2971
      vertex 107.286 84.8 25.474
      vertex 106.961 84.8 25.9607
    endloop
  endfacet
  facet normal 0 1 -0
    outer loop
      vertex 108.9 84.8 24.9
      vertex 107.286 84.8 25.474
      vertex 109.014 84.8 25.474
    endloop
  endfacet
  facet normal 0 1 0
    outer loop
      vertex 108.9 84.8 24.9
      vertex 107.4 84.8 24.9
      vertex 107.286 84.8 25.474
    endloop
  endfacet
  facet normal 0 1 0
    outer loop
      vertex 109.014 84.8 24.326
      vertex 107.4 84.8 24.9
      vertex 108.9 84.8 24.9
    endloop
  endfacet
  facet normal 0 1 0
    outer loop
      vertex 109.014 84.8 24.326
      vertex 107.286 84.8 24.326
      vertex 107.4 84.8 24.9
    endloop
  endfacet
  facet normal 0 1 0
    outer loop
      vertex 108.15 84.8 22.5029
      vertex 109.014 84.8 24.326
      vertex 109.339 84.8 23.8393
    endloop
  endfacet
  facet normal 0 1 0
    outer loop
      vertex 109.014 84.8 24.326
      vertex 108.15 84.8 22.5029
      vertex 107.286 84.8 24.326
    endloop
  endfacet
  facet normal 0 1 0
    outer loop
      vertex 108.15 84.8 22.5029
      vertex 109.339 84.8 23.8393
      vertex 109.826 84.8 23.5142
    endloop
  endfacet
  facet normal 0 1 0
    outer loop
      vertex 107.286 84.8 24.326
      vertex 108.15 84.8 22.5029
      vertex 106.961 84.8 23.8393
    endloop
  endfacet
  facet normal 0 1 0
    outer loop
      vertex 108.15 84.8 22.5029
      vertex 109.826 84.8 23.5142
      vertex 110.4 84.8 23.4
    endloop
  endfacet
  facet normal 0 1 -0
    outer loop
      vertex 107.576 84.8 22.3887
      vertex 106.961 84.8 23.8393
      vertex 108.15 84.8 22.5029
    endloop
  endfacet
  facet normal 0 1 0
    outer loop
      vertex 113.224 84.8 27.4113
      vertex 113.839 84.8 25.9607
      vertex 112.65 84.8 27.2971
    endloop
  endfacet
  facet normal 0 1 0
    outer loop
      vertex 112.65 84.8 27.2971
      vertex 110.974 84.8 26.2858
      vertex 110.4 84.8 26.4
    endloop
  endfacet
  facet normal 0 1 -0
    outer loop
      vertex 113.514 84.8 25.474
      vertex 112.65 84.8 27.2971
      vertex 113.839 84.8 25.9607
    endloop
  endfacet
  facet normal 0 1 0
    outer loop
      vertex 112.65 84.8 27.2971
      vertex 111.461 84.8 25.9607
      vertex 110.974 84.8 26.2858
    endloop
  endfacet
  facet normal 0 1 0
    outer loop
      vertex 111.786 84.8 25.474
      vertex 112.65 84.8 27.2971
      vertex 113.514 84.8 25.474
    endloop
  endfacet
  facet normal 0 1 0
    outer loop
      vertex 112.65 84.8 27.2971
      vertex 111.786 84.8 25.474
      vertex 111.461 84.8 25.9607
    endloop
  endfacet
  facet normal 0 1 -0
    outer loop
      vertex 113.4 84.8 24.9
      vertex 111.786 84.8 25.474
      vertex 113.514 84.8 25.474
    endloop
  endfacet
  facet normal 0 1 0
    outer loop
      vertex 113.4 84.8 24.9
      vertex 111.9 84.8 24.9
      vertex 111.786 84.8 25.474
    endloop
  endfacet
  facet normal 0 1 0
    outer loop
      vertex 113.514 84.8 24.326
      vertex 111.9 84.8 24.9
      vertex 113.4 84.8 24.9
    endloop
  endfacet
  facet normal 0 1 0
    outer loop
      vertex 113.514 84.8 24.326
      vertex 111.786 84.8 24.326
      vertex 111.9 84.8 24.9
    endloop
  endfacet
  facet normal 0 1 0
    outer loop
      vertex 112.65 84.8 22.5029
      vertex 113.514 84.8 24.326
      vertex 113.839 84.8 23.8393
    endloop
  endfacet
  facet normal 0 1 0
    outer loop
      vertex 113.514 84.8 24.326
      vertex 112.65 84.8 22.5029
      vertex 111.786 84.8 24.326
    endloop
  endfacet
  facet normal 0 1 0
    outer loop
      vertex 112.65 84.8 22.5029
      vertex 113.839 84.8 23.8393
      vertex 114.326 84.8 23.5142
    endloop
  endfacet
  facet normal 0 1 0
    outer loop
      vertex 111.786 84.8 24.326
      vertex 112.65 84.8 22.5029
      vertex 111.461 84.8 23.8393
    endloop
  endfacet
  facet normal 0 1 0
    outer loop
      vertex 112.65 84.8 22.5029
      vertex 114.326 84.8 23.5142
      vertex 114.9 84.8 23.4
    endloop
  endfacet
  facet normal 0 1 -0
    outer loop
      vertex 112.076 84.8 22.3887
      vertex 111.461 84.8 23.8393
      vertex 112.65 84.8 22.5029
    endloop
  endfacet
  facet normal 0 1 0
    outer loop
      vertex 117.724 84.8 27.4113
      vertex 118.339 84.8 25.9607
      vertex 117.15 84.8 27.2971
    endloop
  endfacet
  facet normal 0 1 0
    outer loop
      vertex 117.15 84.8 27.2971
      vertex 115.474 84.8 26.2858
      vertex 114.9 84.8 26.4
    endloop
  endfacet
  facet normal 0 1 -0
    outer loop
      vertex 118.014 84.8 25.474
      vertex 117.15 84.8 27.2971
      vertex 118.339 84.8 25.9607
    endloop
  endfacet
  facet normal 0 1 0
    outer loop
      vertex 117.15 84.8 27.2971
      vertex 115.961 84.8 25.9607
      vertex 115.474 84.8 26.2858
    endloop
  endfacet
  facet normal 0 1 0
    outer loop
      vertex 116.286 84.8 25.474
      vertex 117.15 84.8 27.2971
      vertex 118.014 84.8 25.474
    endloop
  endfacet
  facet normal 0 1 0
    outer loop
      vertex 117.15 84.8 27.2971
      vertex 116.286 84.8 25.474
      vertex 115.961 84.8 25.9607
    endloop
  endfacet
  facet normal 0 1 -0
    outer loop
      vertex 117.9 84.8 24.9
      vertex 116.286 84.8 25.474
      vertex 118.014 84.8 25.474
    endloop
  endfacet
  facet normal 0 1 0
    outer loop
      vertex 117.9 84.8 24.9
      vertex 116.4 84.8 24.9
      vertex 116.286 84.8 25.474
    endloop
  endfacet
  facet normal 0 1 0
    outer loop
      vertex 118.014 84.8 24.326
      vertex 116.4 84.8 24.9
      vertex 117.9 84.8 24.9
    endloop
  endfacet
  facet normal 0 1 0
    outer loop
      vertex 118.014 84.8 24.326
      vertex 116.286 84.8 24.326
      vertex 116.4 84.8 24.9
    endloop
  endfacet
  facet normal 0 1 0
    outer loop
      vertex 117.15 84.8 22.5029
      vertex 118.014 84.8 24.326
      vertex 118.339 84.8 23.8393
    endloop
  endfacet
  facet normal 0 1 0
    outer loop
      vertex 118.014 84.8 24.326
      vertex 117.15 84.8 22.5029
      vertex 116.286 84.8 24.326
    endloop
  endfacet
  facet normal 0 1 0
    outer loop
      vertex 117.15 84.8 22.5029
      vertex 118.339 84.8 23.8393
      vertex 118.826 84.8 23.5142
    endloop
  endfacet
  facet normal 0 1 0
    outer loop
      vertex 116.286 84.8 24.326
      vertex 117.15 84.8 22.5029
      vertex 115.961 84.8 23.8393
    endloop
  endfacet
  facet normal 0 1 0
    outer loop
      vertex 117.15 84.8 22.5029
      vertex 118.826 84.8 23.5142
      vertex 119.4 84.8 23.4
    endloop
  endfacet
  facet normal 0 1 -0
    outer loop
      vertex 116.576 84.8 22.3887
      vertex 115.961 84.8 23.8393
      vertex 117.15 84.8 22.5029
    endloop
  endfacet
  facet normal 0 1 0
    outer loop
      vertex 93.2642 84.8 37.1654
      vertex 75.0916 84.8 27.8743
      vertex 74.7 84.8 27.9
    endloop
  endfacet
  facet normal 0 1 0
    outer loop
      vertex 88.65 84.8 28.7971
      vertex 75.4765 84.8 27.7978
      vertex 75.0916 84.8 27.8743
    endloop
  endfacet
  facet normal 0 1 0
    outer loop
      vertex 77.7 84.8 24.9
      vertex 88.7642 84.8 28.2231
      vertex 89.0893 84.8 27.7365
    endloop
  endfacet
  facet normal 0 1 0
    outer loop
      vertex 88.65 84.8 28.7971
      vertex 75.8481 84.8 27.6716
      vertex 75.4765 84.8 27.7978
    endloop
  endfacet
  facet normal 0 1 0
    outer loop
      vertex 88.65 84.8 28.7971
      vertex 76.2 84.8 27.4981
      vertex 75.8481 84.8 27.6716
    endloop
  endfacet
  facet normal 0 1 0
    outer loop
      vertex 90.9 84.8 24.9
      vertex 89.0893 84.8 27.7365
      vertex 89.576 84.8 27.4113
    endloop
  endfacet
  facet normal 0 1 0
    outer loop
      vertex 91.0142 84.8 25.474
      vertex 89.576 84.8 27.4113
      vertex 90.15 84.8 27.2971
    endloop
  endfacet
  facet normal 0 1 0
    outer loop
      vertex 88.65 84.8 28.7971
      vertex 76.5263 84.8 27.2801
      vertex 76.2 84.8 27.4981
    endloop
  endfacet
  facet normal 0 1 0
    outer loop
      vertex 92.974 84.8 31.3084
      vertex 93.5893 84.8 29.8578
      vertex 92.4 84.8 31.1942
    endloop
  endfacet
  facet normal 0 1 0
    outer loop
      vertex 92.4 84.8 31.1942
      vertex 90.724 84.8 30.1829
      vertex 90.15 84.8 30.2971
    endloop
  endfacet
  facet normal 0 1 -0
    outer loop
      vertex 93.2642 84.8 29.3711
      vertex 92.4 84.8 31.1942
      vertex 93.5893 84.8 29.8578
    endloop
  endfacet
  facet normal 0 1 0
    outer loop
      vertex 92.4 84.8 31.1942
      vertex 91.2107 84.8 29.8578
      vertex 90.724 84.8 30.1829
    endloop
  endfacet
  facet normal 0 1 0
    outer loop
      vertex 91.5358 84.8 29.3711
      vertex 92.4 84.8 31.1942
      vertex 93.2642 84.8 29.3711
    endloop
  endfacet
  facet normal 0 1 0
    outer loop
      vertex 92.4 84.8 31.1942
      vertex 91.5358 84.8 29.3711
      vertex 91.2107 84.8 29.8578
    endloop
  endfacet
  facet normal 0 1 -0
    outer loop
      vertex 93.15 84.8 28.7971
      vertex 91.5358 84.8 29.3711
      vertex 93.2642 84.8 29.3711
    endloop
  endfacet
  facet normal 0 1 0
    outer loop
      vertex 93.15 84.8 28.7971
      vertex 91.65 84.8 28.7971
      vertex 91.5358 84.8 29.3711
    endloop
  endfacet
  facet normal 0 1 0
    outer loop
      vertex 93.2642 84.8 28.2231
      vertex 91.65 84.8 28.7971
      vertex 93.15 84.8 28.7971
    endloop
  endfacet
  facet normal 0 1 0
    outer loop
      vertex 93.2642 84.8 28.2231
      vertex 91.5358 84.8 28.2231
      vertex 91.65 84.8 28.7971
    endloop
  endfacet
  facet normal 0 1 0
    outer loop
      vertex 92.4 84.8 26.4
      vertex 93.2642 84.8 28.2231
      vertex 93.5893 84.8 27.7365
    endloop
  endfacet
  facet normal 0 1 0
    outer loop
      vertex 93.2642 84.8 28.2231
      vertex 92.4 84.8 26.4
      vertex 91.5358 84.8 28.2231
    endloop
  endfacet
  facet normal 0 1 0
    outer loop
      vertex 92.4 84.8 26.4
      vertex 93.5893 84.8 27.7365
      vertex 94.076 84.8 27.4113
    endloop
  endfacet
  facet normal 0 1 0
    outer loop
      vertex 91.5358 84.8 28.2231
      vertex 92.4 84.8 26.4
      vertex 91.2107 84.8 27.7365
    endloop
  endfacet
  facet normal 0 1 0
    outer loop
      vertex 92.4 84.8 26.4
      vertex 94.076 84.8 27.4113
      vertex 94.65 84.8 27.2971
    endloop
  endfacet
  facet normal 0 1 -0
    outer loop
      vertex 91.826 84.8 26.2858
      vertex 91.2107 84.8 27.7365
      vertex 92.4 84.8 26.4
    endloop
  endfacet
  facet normal 0 1 0
    outer loop
      vertex 97.474 84.8 31.3084
      vertex 98.0893 84.8 29.8578
      vertex 96.9 84.8 31.1942
    endloop
  endfacet
  facet normal 0 1 0
    outer loop
      vertex 96.9 84.8 31.1942
      vertex 95.224 84.8 30.1829
      vertex 94.65 84.8 30.2971
    endloop
  endfacet
  facet normal 0 1 -0
    outer loop
      vertex 97.7642 84.8 29.3711
      vertex 96.9 84.8 31.1942
      vertex 98.0893 84.8 29.8578
    endloop
  endfacet
  facet normal 0 1 0
    outer loop
      vertex 96.9 84.8 31.1942
      vertex 95.7107 84.8 29.8578
      vertex 95.224 84.8 30.1829
    endloop
  endfacet
  facet normal 0 1 0
    outer loop
      vertex 96.0358 84.8 29.3711
      vertex 96.9 84.8 31.1942
      vertex 97.7642 84.8 29.3711
    endloop
  endfacet
  facet normal 0 1 0
    outer loop
      vertex 96.9 84.8 31.1942
      vertex 96.0358 84.8 29.3711
      vertex 95.7107 84.8 29.8578
    endloop
  endfacet
  facet normal 0 1 -0
    outer loop
      vertex 97.65 84.8 28.7971
      vertex 96.0358 84.8 29.3711
      vertex 97.7642 84.8 29.3711
    endloop
  endfacet
  facet normal 0 1 0
    outer loop
      vertex 97.65 84.8 28.7971
      vertex 96.15 84.8 28.7971
      vertex 96.0358 84.8 29.3711
    endloop
  endfacet
  facet normal 0 1 0
    outer loop
      vertex 97.7642 84.8 28.2231
      vertex 96.15 84.8 28.7971
      vertex 97.65 84.8 28.7971
    endloop
  endfacet
  facet normal 0 1 0
    outer loop
      vertex 97.7642 84.8 28.2231
      vertex 96.0358 84.8 28.2231
      vertex 96.15 84.8 28.7971
    endloop
  endfacet
  facet normal 0 1 0
    outer loop
      vertex 96.9 84.8 26.4
      vertex 97.7642 84.8 28.2231
      vertex 98.0893 84.8 27.7365
    endloop
  endfacet
  facet normal 0 1 0
    outer loop
      vertex 97.7642 84.8 28.2231
      vertex 96.9 84.8 26.4
      vertex 96.0358 84.8 28.2231
    endloop
  endfacet
  facet normal 0 1 0
    outer loop
      vertex 96.9 84.8 26.4
      vertex 98.0893 84.8 27.7365
      vertex 98.576 84.8 27.4113
    endloop
  endfacet
  facet normal 0 1 0
    outer loop
      vertex 96.0358 84.8 28.2231
      vertex 96.9 84.8 26.4
      vertex 95.7107 84.8 27.7365
    endloop
  endfacet
  facet normal 0 1 0
    outer loop
      vertex 96.9 84.8 26.4
      vertex 98.576 84.8 27.4113
      vertex 99.15 84.8 27.2971
    endloop
  endfacet
  facet normal 0 1 -0
    outer loop
      vertex 96.326 84.8 26.2858
      vertex 95.7107 84.8 27.7365
      vertex 96.9 84.8 26.4
    endloop
  endfacet
  facet normal 0 1 0
    outer loop
      vertex 101.974 84.8 31.3084
      vertex 102.589 84.8 29.8578
      vertex 101.4 84.8 31.1942
    endloop
  endfacet
  facet normal 0 1 0
    outer loop
      vertex 101.4 84.8 31.1942
      vertex 99.724 84.8 30.1829
      vertex 99.15 84.8 30.2971
    endloop
  endfacet
  facet normal 0 1 -0
    outer loop
      vertex 102.264 84.8 29.3711
      vertex 101.4 84.8 31.1942
      vertex 102.589 84.8 29.8578
    endloop
  endfacet
  facet normal 0 1 0
    outer loop
      vertex 101.4 84.8 31.1942
      vertex 100.211 84.8 29.8578
      vertex 99.724 84.8 30.1829
    endloop
  endfacet
  facet normal 0 1 0
    outer loop
      vertex 100.536 84.8 29.3711
      vertex 101.4 84.8 31.1942
      vertex 102.264 84.8 29.3711
    endloop
  endfacet
  facet normal 0 1 0
    outer loop
      vertex 101.4 84.8 31.1942
      vertex 100.536 84.8 29.3711
      vertex 100.211 84.8 29.8578
    endloop
  endfacet
  facet normal 0 1 -0
    outer loop
      vertex 102.15 84.8 28.7971
      vertex 100.536 84.8 29.3711
      vertex 102.264 84.8 29.3711
    endloop
  endfacet
  facet normal 0 1 0
    outer loop
      vertex 102.15 84.8 28.7971
      vertex 100.65 84.8 28.7971
      vertex 100.536 84.8 29.3711
    endloop
  endfacet
  facet normal 0 1 0
    outer loop
      vertex 102.264 84.8 28.2231
      vertex 100.65 84.8 28.7971
      vertex 102.15 84.8 28.7971
    endloop
  endfacet
  facet normal 0 1 0
    outer loop
      vertex 102.264 84.8 28.2231
      vertex 100.536 84.8 28.2231
      vertex 100.65 84.8 28.7971
    endloop
  endfacet
  facet normal 0 1 0
    outer loop
      vertex 101.4 84.8 26.4
      vertex 102.264 84.8 28.2231
      vertex 102.589 84.8 27.7365
    endloop
  endfacet
  facet normal 0 1 0
    outer loop
      vertex 102.264 84.8 28.2231
      vertex 101.4 84.8 26.4
      vertex 100.536 84.8 28.2231
    endloop
  endfacet
  facet normal 0 1 0
    outer loop
      vertex 101.4 84.8 26.4
      vertex 102.589 84.8 27.7365
      vertex 103.076 84.8 27.4113
    endloop
  endfacet
  facet normal 0 1 0
    outer loop
      vertex 100.536 84.8 28.2231
      vertex 101.4 84.8 26.4
      vertex 100.211 84.8 27.7365
    endloop
  endfacet
  facet normal 0 1 0
    outer loop
      vertex 101.4 84.8 26.4
      vertex 103.076 84.8 27.4113
      vertex 103.65 84.8 27.2971
    endloop
  endfacet
  facet normal 0 1 -0
    outer loop
      vertex 100.826 84.8 26.2858
      vertex 100.211 84.8 27.7365
      vertex 101.4 84.8 26.4
    endloop
  endfacet
  facet normal 0 1 0
    outer loop
      vertex 106.474 84.8 31.3084
      vertex 107.089 84.8 29.8578
      vertex 105.9 84.8 31.1942
    endloop
  endfacet
  facet normal 0 1 0
    outer loop
      vertex 105.9 84.8 31.1942
      vertex 104.224 84.8 30.1829
      vertex 103.65 84.8 30.2971
    endloop
  endfacet
  facet normal 0 1 -0
    outer loop
      vertex 106.764 84.8 29.3711
      vertex 105.9 84.8 31.1942
      vertex 107.089 84.8 29.8578
    endloop
  endfacet
  facet normal 0 1 0
    outer loop
      vertex 105.9 84.8 31.1942
      vertex 104.711 84.8 29.8578
      vertex 104.224 84.8 30.1829
    endloop
  endfacet
  facet normal 0 1 0
    outer loop
      vertex 105.036 84.8 29.3711
      vertex 105.9 84.8 31.1942
      vertex 106.764 84.8 29.3711
    endloop
  endfacet
  facet normal 0 1 0
    outer loop
      vertex 105.9 84.8 31.1942
      vertex 105.036 84.8 29.3711
      vertex 104.711 84.8 29.8578
    endloop
  endfacet
  facet normal 0 1 -0
    outer loop
      vertex 106.65 84.8 28.7971
      vertex 105.036 84.8 29.3711
      vertex 106.764 84.8 29.3711
    endloop
  endfacet
  facet normal 0 1 0
    outer loop
      vertex 106.65 84.8 28.7971
      vertex 105.15 84.8 28.7971
      vertex 105.036 84.8 29.3711
    endloop
  endfacet
  facet normal 0 1 0
    outer loop
      vertex 106.764 84.8 28.2231
      vertex 105.15 84.8 28.7971
      vertex 106.65 84.8 28.7971
    endloop
  endfacet
  facet normal 0 1 0
    outer loop
      vertex 106.764 84.8 28.2231
      vertex 105.036 84.8 28.2231
      vertex 105.15 84.8 28.7971
    endloop
  endfacet
  facet normal 0 1 0
    outer loop
      vertex 105.9 84.8 26.4
      vertex 106.764 84.8 28.2231
      vertex 107.089 84.8 27.7365
    endloop
  endfacet
  facet normal 0 1 0
    outer loop
      vertex 106.764 84.8 28.2231
      vertex 105.9 84.8 26.4
      vertex 105.036 84.8 28.2231
    endloop
  endfacet
  facet normal 0 1 0
    outer loop
      vertex 105.9 84.8 26.4
      vertex 107.089 84.8 27.7365
      vertex 107.576 84.8 27.4113
    endloop
  endfacet
  facet normal 0 1 0
    outer loop
      vertex 105.036 84.8 28.2231
      vertex 105.9 84.8 26.4
      vertex 104.711 84.8 27.7365
    endloop
  endfacet
  facet normal 0 1 0
    outer loop
      vertex 105.9 84.8 26.4
      vertex 107.576 84.8 27.4113
      vertex 108.15 84.8 27.2971
    endloop
  endfacet
  facet normal 0 1 -0
    outer loop
      vertex 105.326 84.8 26.2858
      vertex 104.711 84.8 27.7365
      vertex 105.9 84.8 26.4
    endloop
  endfacet
  facet normal 0 1 0
    outer loop
      vertex 110.974 84.8 31.3084
      vertex 111.589 84.8 29.8578
      vertex 110.4 84.8 31.1942
    endloop
  endfacet
  facet normal 0 1 0
    outer loop
      vertex 110.4 84.8 31.1942
      vertex 108.724 84.8 30.1829
      vertex 108.15 84.8 30.2971
    endloop
  endfacet
  facet normal 0 1 -0
    outer loop
      vertex 111.264 84.8 29.3711
      vertex 110.4 84.8 31.1942
      vertex 111.589 84.8 29.8578
    endloop
  endfacet
  facet normal 0 1 0
    outer loop
      vertex 110.4 84.8 31.1942
      vertex 109.211 84.8 29.8578
      vertex 108.724 84.8 30.1829
    endloop
  endfacet
  facet normal 0 1 0
    outer loop
      vertex 109.536 84.8 29.3711
      vertex 110.4 84.8 31.1942
      vertex 111.264 84.8 29.3711
    endloop
  endfacet
  facet normal 0 1 0
    outer loop
      vertex 110.4 84.8 31.1942
      vertex 109.536 84.8 29.3711
      vertex 109.211 84.8 29.8578
    endloop
  endfacet
  facet normal 0 1 -0
    outer loop
      vertex 111.15 84.8 28.7971
      vertex 109.536 84.8 29.3711
      vertex 111.264 84.8 29.3711
    endloop
  endfacet
  facet normal 0 1 0
    outer loop
      vertex 111.15 84.8 28.7971
      vertex 109.65 84.8 28.7971
      vertex 109.536 84.8 29.3711
    endloop
  endfacet
  facet normal 0 1 0
    outer loop
      vertex 111.264 84.8 28.2231
      vertex 109.65 84.8 28.7971
      vertex 111.15 84.8 28.7971
    endloop
  endfacet
  facet normal 0 1 0
    outer loop
      vertex 111.264 84.8 28.2231
      vertex 109.536 84.8 28.2231
      vertex 109.65 84.8 28.7971
    endloop
  endfacet
  facet normal 0 1 0
    outer loop
      vertex 110.4 84.8 26.4
      vertex 111.264 84.8 28.2231
      vertex 111.589 84.8 27.7365
    endloop
  endfacet
  facet normal 0 1 0
    outer loop
      vertex 111.264 84.8 28.2231
      vertex 110.4 84.8 26.4
      vertex 109.536 84.8 28.2231
    endloop
  endfacet
  facet normal 0 1 0
    outer loop
      vertex 110.4 84.8 26.4
      vertex 111.589 84.8 27.7365
      vertex 112.076 84.8 27.4113
    endloop
  endfacet
  facet normal 0 1 0
    outer loop
      vertex 109.536 84.8 28.2231
      vertex 110.4 84.8 26.4
      vertex 109.211 84.8 27.7365
    endloop
  endfacet
  facet normal 0 1 0
    outer loop
      vertex 110.4 84.8 26.4
      vertex 112.076 84.8 27.4113
      vertex 112.65 84.8 27.2971
    endloop
  endfacet
  facet normal 0 1 -0
    outer loop
      vertex 109.826 84.8 26.2858
      vertex 109.211 84.8 27.7365
      vertex 110.4 84.8 26.4
    endloop
  endfacet
  facet normal 0 1 0
    outer loop
      vertex 115.474 84.8 31.3084
      vertex 116.089 84.8 29.8578
      vertex 114.9 84.8 31.1942
    endloop
  endfacet
  facet normal 0 1 0
    outer loop
      vertex 114.9 84.8 31.1942
      vertex 113.224 84.8 30.1829
      vertex 112.65 84.8 30.2971
    endloop
  endfacet
  facet normal 0 1 -0
    outer loop
      vertex 115.764 84.8 29.3711
      vertex 114.9 84.8 31.1942
      vertex 116.089 84.8 29.8578
    endloop
  endfacet
  facet normal 0 1 0
    outer loop
      vertex 114.9 84.8 31.1942
      vertex 113.711 84.8 29.8578
      vertex 113.224 84.8 30.1829
    endloop
  endfacet
  facet normal 0 1 0
    outer loop
      vertex 114.036 84.8 29.3711
      vertex 114.9 84.8 31.1942
      vertex 115.764 84.8 29.3711
    endloop
  endfacet
  facet normal 0 1 0
    outer loop
      vertex 114.9 84.8 31.1942
      vertex 114.036 84.8 29.3711
      vertex 113.711 84.8 29.8578
    endloop
  endfacet
  facet normal 0 1 -0
    outer loop
      vertex 115.65 84.8 28.7971
      vertex 114.036 84.8 29.3711
      vertex 115.764 84.8 29.3711
    endloop
  endfacet
  facet normal 0 1 0
    outer loop
      vertex 115.65 84.8 28.7971
      vertex 114.15 84.8 28.7971
      vertex 114.036 84.8 29.3711
    endloop
  endfacet
  facet normal 0 1 0
    outer loop
      vertex 115.764 84.8 28.2231
      vertex 114.15 84.8 28.7971
      vertex 115.65 84.8 28.7971
    endloop
  endfacet
  facet normal 0 1 0
    outer loop
      vertex 115.764 84.8 28.2231
      vertex 114.036 84.8 28.2231
      vertex 114.15 84.8 28.7971
    endloop
  endfacet
  facet normal 0 1 0
    outer loop
      vertex 114.9 84.8 26.4
      vertex 115.764 84.8 28.2231
      vertex 116.089 84.8 27.7365
    endloop
  endfacet
  facet normal 0 1 0
    outer loop
      vertex 115.764 84.8 28.2231
      vertex 114.9 84.8 26.4
      vertex 114.036 84.8 28.2231
    endloop
  endfacet
  facet normal 0 1 0
    outer loop
      vertex 114.9 84.8 26.4
      vertex 116.089 84.8 27.7365
      vertex 116.576 84.8 27.4113
    endloop
  endfacet
  facet normal 0 1 0
    outer loop
      vertex 114.036 84.8 28.2231
      vertex 114.9 84.8 26.4
      vertex 113.711 84.8 27.7365
    endloop
  endfacet
  facet normal 0 1 0
    outer loop
      vertex 114.9 84.8 26.4
      vertex 116.576 84.8 27.4113
      vertex 117.15 84.8 27.2971
    endloop
  endfacet
  facet normal 0 1 -0
    outer loop
      vertex 114.326 84.8 26.2858
      vertex 113.711 84.8 27.7365
      vertex 114.9 84.8 26.4
    endloop
  endfacet
  facet normal 0 1 0
    outer loop
      vertex 119.974 84.8 31.3084
      vertex 120.589 84.8 29.8578
      vertex 119.4 84.8 31.1942
    endloop
  endfacet
  facet normal 0 1 0
    outer loop
      vertex 119.4 84.8 31.1942
      vertex 117.724 84.8 30.1829
      vertex 117.15 84.8 30.2971
    endloop
  endfacet
  facet normal 0 1 -0
    outer loop
      vertex 120.264 84.8 29.3711
      vertex 119.4 84.8 31.1942
      vertex 120.589 84.8 29.8578
    endloop
  endfacet
  facet normal 0 1 0
    outer loop
      vertex 119.4 84.8 31.1942
      vertex 118.211 84.8 29.8578
      vertex 117.724 84.8 30.1829
    endloop
  endfacet
  facet normal 0 1 0
    outer loop
      vertex 118.536 84.8 29.3711
      vertex 119.4 84.8 31.1942
      vertex 120.264 84.8 29.3711
    endloop
  endfacet
  facet normal 0 1 0
    outer loop
      vertex 119.4 84.8 31.1942
      vertex 118.536 84.8 29.3711
      vertex 118.211 84.8 29.8578
    endloop
  endfacet
  facet normal 0 1 -0
    outer loop
      vertex 120.15 84.8 28.7971
      vertex 118.536 84.8 29.3711
      vertex 120.264 84.8 29.3711
    endloop
  endfacet
  facet normal 0 1 0
    outer loop
      vertex 120.15 84.8 28.7971
      vertex 118.65 84.8 28.7971
      vertex 118.536 84.8 29.3711
    endloop
  endfacet
  facet normal 0 1 0
    outer loop
      vertex 120.264 84.8 28.2231
      vertex 118.65 84.8 28.7971
      vertex 120.15 84.8 28.7971
    endloop
  endfacet
  facet normal 0 1 0
    outer loop
      vertex 120.264 84.8 28.2231
      vertex 118.536 84.8 28.2231
      vertex 118.65 84.8 28.7971
    endloop
  endfacet
  facet normal 0 1 0
    outer loop
      vertex 119.4 84.8 26.4
      vertex 120.264 84.8 28.2231
      vertex 120.589 84.8 27.7365
    endloop
  endfacet
  facet normal 0 1 0
    outer loop
      vertex 120.264 84.8 28.2231
      vertex 119.4 84.8 26.4
      vertex 118.536 84.8 28.2231
    endloop
  endfacet
  facet normal 0 1 0
    outer loop
      vertex 119.974 84.8 26.2858
      vertex 120.589 84.8 27.7365
      vertex 121.076 84.8 27.4113
    endloop
  endfacet
  facet normal 0 1 0
    outer loop
      vertex 118.536 84.8 28.2231
      vertex 119.4 84.8 26.4
      vertex 118.211 84.8 27.7365
    endloop
  endfacet
  facet normal 0 1 0
    outer loop
      vertex 120.461 84.8 25.9607
      vertex 121.076 84.8 27.4113
      vertex 121.65 84.8 27.2971
    endloop
  endfacet
  facet normal 0 1 -0
    outer loop
      vertex 118.826 84.8 26.2858
      vertex 118.211 84.8 27.7365
      vertex 119.4 84.8 26.4
    endloop
  endfacet
  facet normal 0 1 0
    outer loop
      vertex 95.224 84.8 35.2055
      vertex 95.8393 84.8 33.7549
      vertex 94.65 84.8 35.0913
    endloop
  endfacet
  facet normal 0 1 0
    outer loop
      vertex 94.65 84.8 35.0913
      vertex 92.974 84.8 34.08
      vertex 92.4 84.8 34.1942
    endloop
  endfacet
  facet normal 0 1 -0
    outer loop
      vertex 95.5142 84.8 33.2683
      vertex 94.65 84.8 35.0913
      vertex 95.8393 84.8 33.7549
    endloop
  endfacet
  facet normal 0 1 0
    outer loop
      vertex 94.65 84.8 35.0913
      vertex 93.4607 84.8 33.7549
      vertex 92.974 84.8 34.08
    endloop
  endfacet
  facet normal 0 1 0
    outer loop
      vertex 93.7858 84.8 33.2683
      vertex 94.65 84.8 35.0913
      vertex 95.5142 84.8 33.2683
    endloop
  endfacet
  facet normal 0 1 0
    outer loop
      vertex 94.65 84.8 35.0913
      vertex 93.7858 84.8 33.2683
      vertex 93.4607 84.8 33.7549
    endloop
  endfacet
  facet normal 0 1 -0
    outer loop
      vertex 95.4 84.8 32.6942
      vertex 93.7858 84.8 33.2683
      vertex 95.5142 84.8 33.2683
    endloop
  endfacet
  facet normal 0 1 0
    outer loop
      vertex 95.4 84.8 32.6942
      vertex 93.9 84.8 32.6942
      vertex 93.7858 84.8 33.2683
    endloop
  endfacet
  facet normal 0 1 0
    outer loop
      vertex 95.5142 84.8 32.1202
      vertex 93.9 84.8 32.6942
      vertex 95.4 84.8 32.6942
    endloop
  endfacet
  facet normal 0 1 0
    outer loop
      vertex 95.5142 84.8 32.1202
      vertex 93.7858 84.8 32.1202
      vertex 93.9 84.8 32.6942
    endloop
  endfacet
  facet normal 0 1 0
    outer loop
      vertex 94.65 84.8 30.2971
      vertex 95.5142 84.8 32.1202
      vertex 95.8393 84.8 31.6336
    endloop
  endfacet
  facet normal 0 1 0
    outer loop
      vertex 95.5142 84.8 32.1202
      vertex 94.65 84.8 30.2971
      vertex 93.7858 84.8 32.1202
    endloop
  endfacet
  facet normal 0 1 0
    outer loop
      vertex 94.65 84.8 30.2971
      vertex 95.8393 84.8 31.6336
      vertex 96.326 84.8 31.3084
    endloop
  endfacet
  facet normal 0 1 0
    outer loop
      vertex 93.7858 84.8 32.1202
      vertex 94.65 84.8 30.2971
      vertex 93.4607 84.8 31.6336
    endloop
  endfacet
  facet normal 0 1 0
    outer loop
      vertex 94.65 84.8 30.2971
      vertex 96.326 84.8 31.3084
      vertex 96.9 84.8 31.1942
    endloop
  endfacet
  facet normal 0 1 -0
    outer loop
      vertex 94.076 84.8 30.1829
      vertex 93.4607 84.8 31.6336
      vertex 94.65 84.8 30.2971
    endloop
  endfacet
  facet normal 0 1 0
    outer loop
      vertex 99.724 84.8 35.2055
      vertex 100.339 84.8 33.7549
      vertex 99.15 84.8 35.0913
    endloop
  endfacet
  facet normal 0 1 0
    outer loop
      vertex 99.15 84.8 35.0913
      vertex 97.474 84.8 34.08
      vertex 96.9 84.8 34.1942
    endloop
  endfacet
  facet normal 0 1 -0
    outer loop
      vertex 100.014 84.8 33.2683
      vertex 99.15 84.8 35.0913
      vertex 100.339 84.8 33.7549
    endloop
  endfacet
  facet normal 0 1 0
    outer loop
      vertex 99.15 84.8 35.0913
      vertex 97.9607 84.8 33.7549
      vertex 97.474 84.8 34.08
    endloop
  endfacet
  facet normal 0 1 0
    outer loop
      vertex 98.2858 84.8 33.2683
      vertex 99.15 84.8 35.0913
      vertex 100.014 84.8 33.2683
    endloop
  endfacet
  facet normal 0 1 0
    outer loop
      vertex 99.15 84.8 35.0913
      vertex 98.2858 84.8 33.2683
      vertex 97.9607 84.8 33.7549
    endloop
  endfacet
  facet normal 0 1 -0
    outer loop
      vertex 99.9 84.8 32.6942
      vertex 98.2858 84.8 33.2683
      vertex 100.014 84.8 33.2683
    endloop
  endfacet
  facet normal 0 1 0
    outer loop
      vertex 99.9 84.8 32.6942
      vertex 98.4 84.8 32.6942
      vertex 98.2858 84.8 33.2683
    endloop
  endfacet
  facet normal 0 1 0
    outer loop
      vertex 100.014 84.8 32.1202
      vertex 98.4 84.8 32.6942
      vertex 99.9 84.8 32.6942
    endloop
  endfacet
  facet normal 0 1 0
    outer loop
      vertex 100.014 84.8 32.1202
      vertex 98.2858 84.8 32.1202
      vertex 98.4 84.8 32.6942
    endloop
  endfacet
  facet normal 0 1 0
    outer loop
      vertex 99.15 84.8 30.2971
      vertex 100.014 84.8 32.1202
      vertex 100.339 84.8 31.6336
    endloop
  endfacet
  facet normal 0 1 0
    outer loop
      vertex 100.014 84.8 32.1202
      vertex 99.15 84.8 30.2971
      vertex 98.2858 84.8 32.1202
    endloop
  endfacet
  facet normal 0 1 0
    outer loop
      vertex 99.15 84.8 30.2971
      vertex 100.339 84.8 31.6336
      vertex 100.826 84.8 31.3084
    endloop
  endfacet
  facet normal 0 1 0
    outer loop
      vertex 98.2858 84.8 32.1202
      vertex 99.15 84.8 30.2971
      vertex 97.9607 84.8 31.6336
    endloop
  endfacet
  facet normal 0 1 0
    outer loop
      vertex 99.15 84.8 30.2971
      vertex 100.826 84.8 31.3084
      vertex 101.4 84.8 31.1942
    endloop
  endfacet
  facet normal 0 1 -0
    outer loop
      vertex 98.576 84.8 30.1829
      vertex 97.9607 84.8 31.6336
      vertex 99.15 84.8 30.2971
    endloop
  endfacet
  facet normal 0 1 0
    outer loop
      vertex 104.224 84.8 35.2055
      vertex 104.839 84.8 33.7549
      vertex 103.65 84.8 35.0913
    endloop
  endfacet
  facet normal 0 1 0
    outer loop
      vertex 103.65 84.8 35.0913
      vertex 101.974 84.8 34.08
      vertex 101.4 84.8 34.1942
    endloop
  endfacet
  facet normal 0 1 -0
    outer loop
      vertex 104.514 84.8 33.2683
      vertex 103.65 84.8 35.0913
      vertex 104.839 84.8 33.7549
    endloop
  endfacet
  facet normal 0 1 0
    outer loop
      vertex 103.65 84.8 35.0913
      vertex 102.461 84.8 33.7549
      vertex 101.974 84.8 34.08
    endloop
  endfacet
  facet normal 0 1 0
    outer loop
      vertex 102.786 84.8 33.2683
      vertex 103.65 84.8 35.0913
      vertex 104.514 84.8 33.2683
    endloop
  endfacet
  facet normal 0 1 0
    outer loop
      vertex 103.65 84.8 35.0913
      vertex 102.786 84.8 33.2683
      vertex 102.461 84.8 33.7549
    endloop
  endfacet
  facet normal 0 1 -0
    outer loop
      vertex 104.4 84.8 32.6942
      vertex 102.786 84.8 33.2683
      vertex 104.514 84.8 33.2683
    endloop
  endfacet
  facet normal 0 1 0
    outer loop
      vertex 104.4 84.8 32.6942
      vertex 102.9 84.8 32.6942
      vertex 102.786 84.8 33.2683
    endloop
  endfacet
  facet normal 0 1 0
    outer loop
      vertex 104.514 84.8 32.1202
      vertex 102.9 84.8 32.6942
      vertex 104.4 84.8 32.6942
    endloop
  endfacet
  facet normal 0 1 0
    outer loop
      vertex 104.514 84.8 32.1202
      vertex 102.786 84.8 32.1202
      vertex 102.9 84.8 32.6942
    endloop
  endfacet
  facet normal 0 1 0
    outer loop
      vertex 103.65 84.8 30.2971
      vertex 104.514 84.8 32.1202
      vertex 104.839 84.8 31.6336
    endloop
  endfacet
  facet normal 0 1 0
    outer loop
      vertex 104.514 84.8 32.1202
      vertex 103.65 84.8 30.2971
      vertex 102.786 84.8 32.1202
    endloop
  endfacet
  facet normal 0 1 0
    outer loop
      vertex 103.65 84.8 30.2971
      vertex 104.839 84.8 31.6336
      vertex 105.326 84.8 31.3084
    endloop
  endfacet
  facet normal 0 1 0
    outer loop
      vertex 102.786 84.8 32.1202
      vertex 103.65 84.8 30.2971
      vertex 102.461 84.8 31.6336
    endloop
  endfacet
  facet normal 0 1 0
    outer loop
      vertex 103.65 84.8 30.2971
      vertex 105.326 84.8 31.3084
      vertex 105.9 84.8 31.1942
    endloop
  endfacet
  facet normal 0 1 -0
    outer loop
      vertex 103.076 84.8 30.1829
      vertex 102.461 84.8 31.6336
      vertex 103.65 84.8 30.2971
    endloop
  endfacet
  facet normal 0 1 0
    outer loop
      vertex 108.724 84.8 35.2055
      vertex 109.339 84.8 33.7549
      vertex 108.15 84.8 35.0913
    endloop
  endfacet
  facet normal 0 1 0
    outer loop
      vertex 108.15 84.8 35.0913
      vertex 106.474 84.8 34.08
      vertex 105.9 84.8 34.1942
    endloop
  endfacet
  facet normal 0 1 -0
    outer loop
      vertex 109.014 84.8 33.2683
      vertex 108.15 84.8 35.0913
      vertex 109.339 84.8 33.7549
    endloop
  endfacet
  facet normal 0 1 0
    outer loop
      vertex 108.15 84.8 35.0913
      vertex 106.961 84.8 33.7549
      vertex 106.474 84.8 34.08
    endloop
  endfacet
  facet normal 0 1 0
    outer loop
      vertex 107.286 84.8 33.2683
      vertex 108.15 84.8 35.0913
      vertex 109.014 84.8 33.2683
    endloop
  endfacet
  facet normal 0 1 0
    outer loop
      vertex 108.15 84.8 35.0913
      vertex 107.286 84.8 33.2683
      vertex 106.961 84.8 33.7549
    endloop
  endfacet
  facet normal 0 1 -0
    outer loop
      vertex 108.9 84.8 32.6942
      vertex 107.286 84.8 33.2683
      vertex 109.014 84.8 33.2683
    endloop
  endfacet
  facet normal 0 1 0
    outer loop
      vertex 108.9 84.8 32.6942
      vertex 107.4 84.8 32.6942
      vertex 107.286 84.8 33.2683
    endloop
  endfacet
  facet normal 0 1 0
    outer loop
      vertex 109.014 84.8 32.1202
      vertex 107.4 84.8 32.6942
      vertex 108.9 84.8 32.6942
    endloop
  endfacet
  facet normal 0 1 0
    outer loop
      vertex 109.014 84.8 32.1202
      vertex 107.286 84.8 32.1202
      vertex 107.4 84.8 32.6942
    endloop
  endfacet
  facet normal 0 1 0
    outer loop
      vertex 108.15 84.8 30.2971
      vertex 109.014 84.8 32.1202
      vertex 109.339 84.8 31.6336
    endloop
  endfacet
  facet normal 0 1 0
    outer loop
      vertex 109.014 84.8 32.1202
      vertex 108.15 84.8 30.2971
      vertex 107.286 84.8 32.1202
    endloop
  endfacet
  facet normal 0 1 0
    outer loop
      vertex 108.15 84.8 30.2971
      vertex 109.339 84.8 31.6336
      vertex 109.826 84.8 31.3084
    endloop
  endfacet
  facet normal 0 1 0
    outer loop
      vertex 107.286 84.8 32.1202
      vertex 108.15 84.8 30.2971
      vertex 106.961 84.8 31.6336
    endloop
  endfacet
  facet normal 0 1 0
    outer loop
      vertex 108.15 84.8 30.2971
      vertex 109.826 84.8 31.3084
      vertex 110.4 84.8 31.1942
    endloop
  endfacet
  facet normal 0 1 -0
    outer loop
      vertex 107.576 84.8 30.1829
      vertex 106.961 84.8 31.6336
      vertex 108.15 84.8 30.2971
    endloop
  endfacet
  facet normal 0 1 0
    outer loop
      vertex 113.224 84.8 35.2055
      vertex 113.839 84.8 33.7549
      vertex 112.65 84.8 35.0913
    endloop
  endfacet
  facet normal 0 1 0
    outer loop
      vertex 112.65 84.8 35.0913
      vertex 110.974 84.8 34.08
      vertex 110.4 84.8 34.1942
    endloop
  endfacet
  facet normal 0 1 -0
    outer loop
      vertex 113.514 84.8 33.2683
      vertex 112.65 84.8 35.0913
      vertex 113.839 84.8 33.7549
    endloop
  endfacet
  facet normal 0 1 0
    outer loop
      vertex 112.65 84.8 35.0913
      vertex 111.461 84.8 33.7549
      vertex 110.974 84.8 34.08
    endloop
  endfacet
  facet normal 0 1 0
    outer loop
      vertex 111.786 84.8 33.2683
      vertex 112.65 84.8 35.0913
      vertex 113.514 84.8 33.2683
    endloop
  endfacet
  facet normal 0 1 0
    outer loop
      vertex 112.65 84.8 35.0913
      vertex 111.786 84.8 33.2683
      vertex 111.461 84.8 33.7549
    endloop
  endfacet
  facet normal 0 1 -0
    outer loop
      vertex 113.4 84.8 32.6942
      vertex 111.786 84.8 33.2683
      vertex 113.514 84.8 33.2683
    endloop
  endfacet
  facet normal 0 1 0
    outer loop
      vertex 113.4 84.8 32.6942
      vertex 111.9 84.8 32.6942
      vertex 111.786 84.8 33.2683
    endloop
  endfacet
  facet normal 0 1 0
    outer loop
      vertex 113.514 84.8 32.1202
      vertex 111.9 84.8 32.6942
      vertex 113.4 84.8 32.6942
    endloop
  endfacet
  facet normal 0 1 0
    outer loop
      vertex 113.514 84.8 32.1202
      vertex 111.786 84.8 32.1202
      vertex 111.9 84.8 32.6942
    endloop
  endfacet
  facet normal 0 1 0
    outer loop
      vertex 112.65 84.8 30.2971
      vertex 113.514 84.8 32.1202
      vertex 113.839 84.8 31.6336
    endloop
  endfacet
  facet normal 0 1 0
    outer loop
      vertex 113.514 84.8 32.1202
      vertex 112.65 84.8 30.2971
      vertex 111.786 84.8 32.1202
    endloop
  endfacet
  facet normal 0 1 0
    outer loop
      vertex 112.65 84.8 30.2971
      vertex 113.839 84.8 31.6336
      vertex 114.326 84.8 31.3084
    endloop
  endfacet
  facet normal 0 1 0
    outer loop
      vertex 111.786 84.8 32.1202
      vertex 112.65 84.8 30.2971
      vertex 111.461 84.8 31.6336
    endloop
  endfacet
  facet normal 0 1 0
    outer loop
      vertex 112.65 84.8 30.2971
      vertex 114.326 84.8 31.3084
      vertex 114.9 84.8 31.1942
    endloop
  endfacet
  facet normal 0 1 -0
    outer loop
      vertex 112.076 84.8 30.1829
      vertex 111.461 84.8 31.6336
      vertex 112.65 84.8 30.2971
    endloop
  endfacet
  facet normal 0 1 0
    outer loop
      vertex 117.724 84.8 35.2055
      vertex 118.339 84.8 33.7549
      vertex 117.15 84.8 35.0913
    endloop
  endfacet
  facet normal 0 1 0
    outer loop
      vertex 117.15 84.8 35.0913
      vertex 115.474 84.8 34.08
      vertex 114.9 84.8 34.1942
    endloop
  endfacet
  facet normal 0 1 -0
    outer loop
      vertex 118.014 84.8 33.2683
      vertex 117.15 84.8 35.0913
      vertex 118.339 84.8 33.7549
    endloop
  endfacet
  facet normal 0 1 0
    outer loop
      vertex 117.15 84.8 35.0913
      vertex 115.961 84.8 33.7549
      vertex 115.474 84.8 34.08
    endloop
  endfacet
  facet normal 0 1 0
    outer loop
      vertex 116.286 84.8 33.2683
      vertex 117.15 84.8 35.0913
      vertex 118.014 84.8 33.2683
    endloop
  endfacet
  facet normal 0 1 0
    outer loop
      vertex 117.15 84.8 35.0913
      vertex 116.286 84.8 33.2683
      vertex 115.961 84.8 33.7549
    endloop
  endfacet
  facet normal 0 1 -0
    outer loop
      vertex 117.9 84.8 32.6942
      vertex 116.286 84.8 33.2683
      vertex 118.014 84.8 33.2683
    endloop
  endfacet
  facet normal 0 1 0
    outer loop
      vertex 117.9 84.8 32.6942
      vertex 116.4 84.8 32.6942
      vertex 116.286 84.8 33.2683
    endloop
  endfacet
  facet normal 0 1 0
    outer loop
      vertex 118.014 84.8 32.1202
      vertex 116.4 84.8 32.6942
      vertex 117.9 84.8 32.6942
    endloop
  endfacet
  facet normal 0 1 0
    outer loop
      vertex 118.014 84.8 32.1202
      vertex 116.286 84.8 32.1202
      vertex 116.4 84.8 32.6942
    endloop
  endfacet
  facet normal 0 1 0
    outer loop
      vertex 117.15 84.8 30.2971
      vertex 118.014 84.8 32.1202
      vertex 118.339 84.8 31.6336
    endloop
  endfacet
  facet normal 0 1 0
    outer loop
      vertex 118.014 84.8 32.1202
      vertex 117.15 84.8 30.2971
      vertex 116.286 84.8 32.1202
    endloop
  endfacet
  facet normal 0 1 0
    outer loop
      vertex 117.15 84.8 30.2971
      vertex 118.339 84.8 31.6336
      vertex 118.826 84.8 31.3084
    endloop
  endfacet
  facet normal 0 1 0
    outer loop
      vertex 116.286 84.8 32.1202
      vertex 117.15 84.8 30.2971
      vertex 115.961 84.8 31.6336
    endloop
  endfacet
  facet normal 0 1 0
    outer loop
      vertex 117.15 84.8 30.2971
      vertex 118.826 84.8 31.3084
      vertex 119.4 84.8 31.1942
    endloop
  endfacet
  facet normal 0 1 -0
    outer loop
      vertex 116.576 84.8 30.1829
      vertex 115.961 84.8 31.6336
      vertex 117.15 84.8 30.2971
    endloop
  endfacet
  facet normal 0 1 0
    outer loop
      vertex 95.224 84.8 37.9772
      vertex 99.9 84.8 40.4885
      vertex 98.576 84.8 37.9772
    endloop
  endfacet
  facet normal 0 1 0
    outer loop
      vertex 99.9 84.8 40.4885
      vertex 95.224 84.8 37.9772
      vertex 94.65 84.8 38.0913
    endloop
  endfacet
  facet normal 0 1 -0
    outer loop
      vertex 98.0893 84.8 37.652
      vertex 95.224 84.8 37.9772
      vertex 98.576 84.8 37.9772
    endloop
  endfacet
  facet normal 0 1 0
    outer loop
      vertex 98.0893 84.8 37.652
      vertex 95.7107 84.8 37.652
      vertex 95.224 84.8 37.9772
    endloop
  endfacet
  facet normal 0 1 -0
    outer loop
      vertex 97.7642 84.8 37.1654
      vertex 95.7107 84.8 37.652
      vertex 98.0893 84.8 37.652
    endloop
  endfacet
  facet normal 0 1 0
    outer loop
      vertex 97.7642 84.8 37.1654
      vertex 96.0358 84.8 37.1654
      vertex 95.7107 84.8 37.652
    endloop
  endfacet
  facet normal 0 1 -0
    outer loop
      vertex 97.65 84.8 36.5913
      vertex 96.0358 84.8 37.1654
      vertex 97.7642 84.8 37.1654
    endloop
  endfacet
  facet normal 0 1 0
    outer loop
      vertex 97.65 84.8 36.5913
      vertex 96.15 84.8 36.5913
      vertex 96.0358 84.8 37.1654
    endloop
  endfacet
  facet normal 0 1 0
    outer loop
      vertex 97.7642 84.8 36.0173
      vertex 96.15 84.8 36.5913
      vertex 97.65 84.8 36.5913
    endloop
  endfacet
  facet normal 0 1 0
    outer loop
      vertex 97.7642 84.8 36.0173
      vertex 96.0358 84.8 36.0173
      vertex 96.15 84.8 36.5913
    endloop
  endfacet
  facet normal 0 1 0
    outer loop
      vertex 96.9 84.8 34.1942
      vertex 97.7642 84.8 36.0173
      vertex 98.0893 84.8 35.5307
    endloop
  endfacet
  facet normal 0 1 0
    outer loop
      vertex 97.7642 84.8 36.0173
      vertex 96.9 84.8 34.1942
      vertex 96.0358 84.8 36.0173
    endloop
  endfacet
  facet normal 0 1 0
    outer loop
      vertex 96.9 84.8 34.1942
      vertex 98.0893 84.8 35.5307
      vertex 98.576 84.8 35.2055
    endloop
  endfacet
  facet normal 0 1 0
    outer loop
      vertex 96.0358 84.8 36.0173
      vertex 96.9 84.8 34.1942
      vertex 95.7107 84.8 35.5307
    endloop
  endfacet
  facet normal 0 1 0
    outer loop
      vertex 96.9 84.8 34.1942
      vertex 98.576 84.8 35.2055
      vertex 99.15 84.8 35.0913
    endloop
  endfacet
  facet normal 0 1 -0
    outer loop
      vertex 96.326 84.8 34.08
      vertex 95.7107 84.8 35.5307
      vertex 96.9 84.8 34.1942
    endloop
  endfacet
  facet normal 0 1 0
    outer loop
      vertex 101.974 84.8 39.1026
      vertex 102.589 84.8 37.652
      vertex 101.4 84.8 38.9885
    endloop
  endfacet
  facet normal 0 1 0
    outer loop
      vertex 101.4 84.8 38.9885
      vertex 99.724 84.8 37.9772
      vertex 99.15 84.8 38.0913
    endloop
  endfacet
  facet normal 0 1 -0
    outer loop
      vertex 102.264 84.8 37.1654
      vertex 101.4 84.8 38.9885
      vertex 102.589 84.8 37.652
    endloop
  endfacet
  facet normal 0 1 0
    outer loop
      vertex 101.4 84.8 38.9885
      vertex 100.211 84.8 37.652
      vertex 99.724 84.8 37.9772
    endloop
  endfacet
  facet normal 0 1 0
    outer loop
      vertex 100.536 84.8 37.1654
      vertex 101.4 84.8 38.9885
      vertex 102.264 84.8 37.1654
    endloop
  endfacet
  facet normal 0 1 0
    outer loop
      vertex 101.4 84.8 38.9885
      vertex 100.536 84.8 37.1654
      vertex 100.211 84.8 37.652
    endloop
  endfacet
  facet normal 0 1 -0
    outer loop
      vertex 102.15 84.8 36.5913
      vertex 100.536 84.8 37.1654
      vertex 102.264 84.8 37.1654
    endloop
  endfacet
  facet normal 0 1 0
    outer loop
      vertex 102.15 84.8 36.5913
      vertex 100.65 84.8 36.5913
      vertex 100.536 84.8 37.1654
    endloop
  endfacet
  facet normal 0 1 0
    outer loop
      vertex 102.264 84.8 36.0173
      vertex 100.65 84.8 36.5913
      vertex 102.15 84.8 36.5913
    endloop
  endfacet
  facet normal 0 1 0
    outer loop
      vertex 102.264 84.8 36.0173
      vertex 100.536 84.8 36.0173
      vertex 100.65 84.8 36.5913
    endloop
  endfacet
  facet normal 0 1 0
    outer loop
      vertex 101.4 84.8 34.1942
      vertex 102.264 84.8 36.0173
      vertex 102.589 84.8 35.5307
    endloop
  endfacet
  facet normal 0 1 0
    outer loop
      vertex 102.264 84.8 36.0173
      vertex 101.4 84.8 34.1942
      vertex 100.536 84.8 36.0173
    endloop
  endfacet
  facet normal 0 1 0
    outer loop
      vertex 101.4 84.8 34.1942
      vertex 102.589 84.8 35.5307
      vertex 103.076 84.8 35.2055
    endloop
  endfacet
  facet normal 0 1 0
    outer loop
      vertex 100.536 84.8 36.0173
      vertex 101.4 84.8 34.1942
      vertex 100.211 84.8 35.5307
    endloop
  endfacet
  facet normal 0 1 0
    outer loop
      vertex 101.4 84.8 34.1942
      vertex 103.076 84.8 35.2055
      vertex 103.65 84.8 35.0913
    endloop
  endfacet
  facet normal 0 1 -0
    outer loop
      vertex 100.826 84.8 34.08
      vertex 100.211 84.8 35.5307
      vertex 101.4 84.8 34.1942
    endloop
  endfacet
  facet normal 0 1 0
    outer loop
      vertex 106.474 84.8 39.1026
      vertex 107.089 84.8 37.652
      vertex 105.9 84.8 38.9885
    endloop
  endfacet
  facet normal 0 1 0
    outer loop
      vertex 105.9 84.8 38.9885
      vertex 104.224 84.8 37.9772
      vertex 103.65 84.8 38.0913
    endloop
  endfacet
  facet normal 0 1 -0
    outer loop
      vertex 106.764 84.8 37.1654
      vertex 105.9 84.8 38.9885
      vertex 107.089 84.8 37.652
    endloop
  endfacet
  facet normal 0 1 0
    outer loop
      vertex 105.9 84.8 38.9885
      vertex 104.711 84.8 37.652
      vertex 104.224 84.8 37.9772
    endloop
  endfacet
  facet normal 0 1 0
    outer loop
      vertex 105.036 84.8 37.1654
      vertex 105.9 84.8 38.9885
      vertex 106.764 84.8 37.1654
    endloop
  endfacet
  facet normal 0 1 0
    outer loop
      vertex 105.9 84.8 38.9885
      vertex 105.036 84.8 37.1654
      vertex 104.711 84.8 37.652
    endloop
  endfacet
  facet normal 0 1 -0
    outer loop
      vertex 106.65 84.8 36.5913
      vertex 105.036 84.8 37.1654
      vertex 106.764 84.8 37.1654
    endloop
  endfacet
  facet normal 0 1 0
    outer loop
      vertex 106.65 84.8 36.5913
      vertex 105.15 84.8 36.5913
      vertex 105.036 84.8 37.1654
    endloop
  endfacet
  facet normal 0 1 0
    outer loop
      vertex 106.764 84.8 36.0173
      vertex 105.15 84.8 36.5913
      vertex 106.65 84.8 36.5913
    endloop
  endfacet
  facet normal 0 1 0
    outer loop
      vertex 106.764 84.8 36.0173
      vertex 105.036 84.8 36.0173
      vertex 105.15 84.8 36.5913
    endloop
  endfacet
  facet normal 0 1 0
    outer loop
      vertex 105.9 84.8 34.1942
      vertex 106.764 84.8 36.0173
      vertex 107.089 84.8 35.5307
    endloop
  endfacet
  facet normal 0 1 0
    outer loop
      vertex 106.764 84.8 36.0173
      vertex 105.9 84.8 34.1942
      vertex 105.036 84.8 36.0173
    endloop
  endfacet
  facet normal 0 1 0
    outer loop
      vertex 105.9 84.8 34.1942
      vertex 107.089 84.8 35.5307
      vertex 107.576 84.8 35.2055
    endloop
  endfacet
  facet normal 0 1 0
    outer loop
      vertex 105.036 84.8 36.0173
      vertex 105.9 84.8 34.1942
      vertex 104.711 84.8 35.5307
    endloop
  endfacet
  facet normal 0 1 0
    outer loop
      vertex 105.9 84.8 34.1942
      vertex 107.576 84.8 35.2055
      vertex 108.15 84.8 35.0913
    endloop
  endfacet
  facet normal 0 1 -0
    outer loop
      vertex 105.326 84.8 34.08
      vertex 104.711 84.8 35.5307
      vertex 105.9 84.8 34.1942
    endloop
  endfacet
  facet normal 0 1 0
    outer loop
      vertex 110.974 84.8 39.1026
      vertex 111.589 84.8 37.652
      vertex 110.4 84.8 38.9885
    endloop
  endfacet
  facet normal 0 1 0
    outer loop
      vertex 110.4 84.8 38.9885
      vertex 108.724 84.8 37.9772
      vertex 108.15 84.8 38.0913
    endloop
  endfacet
  facet normal 0 1 -0
    outer loop
      vertex 111.264 84.8 37.1654
      vertex 110.4 84.8 38.9885
      vertex 111.589 84.8 37.652
    endloop
  endfacet
  facet normal 0 1 0
    outer loop
      vertex 110.4 84.8 38.9885
      vertex 109.211 84.8 37.652
      vertex 108.724 84.8 37.9772
    endloop
  endfacet
  facet normal 0 1 0
    outer loop
      vertex 109.536 84.8 37.1654
      vertex 110.4 84.8 38.9885
      vertex 111.264 84.8 37.1654
    endloop
  endfacet
  facet normal 0 1 0
    outer loop
      vertex 110.4 84.8 38.9885
      vertex 109.536 84.8 37.1654
      vertex 109.211 84.8 37.652
    endloop
  endfacet
  facet normal 0 1 -0
    outer loop
      vertex 111.15 84.8 36.5913
      vertex 109.536 84.8 37.1654
      vertex 111.264 84.8 37.1654
    endloop
  endfacet
  facet normal 0 1 0
    outer loop
      vertex 111.15 84.8 36.5913
      vertex 109.65 84.8 36.5913
      vertex 109.536 84.8 37.1654
    endloop
  endfacet
  facet normal 0 1 0
    outer loop
      vertex 111.264 84.8 36.0173
      vertex 109.65 84.8 36.5913
      vertex 111.15 84.8 36.5913
    endloop
  endfacet
  facet normal 0 1 0
    outer loop
      vertex 111.264 84.8 36.0173
      vertex 109.536 84.8 36.0173
      vertex 109.65 84.8 36.5913
    endloop
  endfacet
  facet normal 0 1 0
    outer loop
      vertex 110.4 84.8 34.1942
      vertex 111.264 84.8 36.0173
      vertex 111.589 84.8 35.5307
    endloop
  endfacet
  facet normal 0 1 0
    outer loop
      vertex 111.264 84.8 36.0173
      vertex 110.4 84.8 34.1942
      vertex 109.536 84.8 36.0173
    endloop
  endfacet
  facet normal 0 1 0
    outer loop
      vertex 110.4 84.8 34.1942
      vertex 111.589 84.8 35.5307
      vertex 112.076 84.8 35.2055
    endloop
  endfacet
  facet normal 0 1 0
    outer loop
      vertex 109.536 84.8 36.0173
      vertex 110.4 84.8 34.1942
      vertex 109.211 84.8 35.5307
    endloop
  endfacet
  facet normal 0 1 0
    outer loop
      vertex 110.4 84.8 34.1942
      vertex 112.076 84.8 35.2055
      vertex 112.65 84.8 35.0913
    endloop
  endfacet
  facet normal 0 1 -0
    outer loop
      vertex 109.826 84.8 34.08
      vertex 109.211 84.8 35.5307
      vertex 110.4 84.8 34.1942
    endloop
  endfacet
  facet normal 0 1 -0
    outer loop
      vertex 113.224 84.8 37.9772
      vertex 111.9 84.8 40.4885
      vertex 116.576 84.8 37.9772
    endloop
  endfacet
  facet normal 0 1 0
    outer loop
      vertex 111.9 84.8 40.4885
      vertex 113.224 84.8 37.9772
      vertex 112.65 84.8 38.0913
    endloop
  endfacet
  facet normal 0 1 -0
    outer loop
      vertex 116.089 84.8 37.652
      vertex 113.224 84.8 37.9772
      vertex 116.576 84.8 37.9772
    endloop
  endfacet
  facet normal 0 1 0
    outer loop
      vertex 116.089 84.8 37.652
      vertex 113.711 84.8 37.652
      vertex 113.224 84.8 37.9772
    endloop
  endfacet
  facet normal 0 1 -0
    outer loop
      vertex 115.764 84.8 37.1654
      vertex 113.711 84.8 37.652
      vertex 116.089 84.8 37.652
    endloop
  endfacet
  facet normal 0 1 0
    outer loop
      vertex 115.764 84.8 37.1654
      vertex 114.036 84.8 37.1654
      vertex 113.711 84.8 37.652
    endloop
  endfacet
  facet normal 0 1 -0
    outer loop
      vertex 115.65 84.8 36.5913
      vertex 114.036 84.8 37.1654
      vertex 115.764 84.8 37.1654
    endloop
  endfacet
  facet normal 0 1 0
    outer loop
      vertex 115.65 84.8 36.5913
      vertex 114.15 84.8 36.5913
      vertex 114.036 84.8 37.1654
    endloop
  endfacet
  facet normal 0 1 0
    outer loop
      vertex 115.764 84.8 36.0173
      vertex 114.15 84.8 36.5913
      vertex 115.65 84.8 36.5913
    endloop
  endfacet
  facet normal 0 1 0
    outer loop
      vertex 115.764 84.8 36.0173
      vertex 114.036 84.8 36.0173
      vertex 114.15 84.8 36.5913
    endloop
  endfacet
  facet normal 0 1 0
    outer loop
      vertex 114.9 84.8 34.1942
      vertex 115.764 84.8 36.0173
      vertex 116.089 84.8 35.5307
    endloop
  endfacet
  facet normal 0 1 0
    outer loop
      vertex 115.764 84.8 36.0173
      vertex 114.9 84.8 34.1942
      vertex 114.036 84.8 36.0173
    endloop
  endfacet
  facet normal 0 1 0
    outer loop
      vertex 114.9 84.8 34.1942
      vertex 116.089 84.8 35.5307
      vertex 116.576 84.8 35.2055
    endloop
  endfacet
  facet normal 0 1 0
    outer loop
      vertex 114.036 84.8 36.0173
      vertex 114.9 84.8 34.1942
      vertex 113.711 84.8 35.5307
    endloop
  endfacet
  facet normal 0 1 0
    outer loop
      vertex 114.9 84.8 34.1942
      vertex 116.576 84.8 35.2055
      vertex 117.15 84.8 35.0913
    endloop
  endfacet
  facet normal 0 1 -0
    outer loop
      vertex 114.326 84.8 34.08
      vertex 113.711 84.8 35.5307
      vertex 114.9 84.8 34.1942
    endloop
  endfacet
  facet normal 0 1 -0
    outer loop
      vertex 105.326 84.8 41.8743
      vertex 101.4 84.8 41.9885
      vertex 105.9 84.8 41.9885
    endloop
  endfacet
  facet normal 0 1 0
    outer loop
      vertex 105.326 84.8 41.8743
      vertex 101.974 84.8 41.8743
      vertex 101.4 84.8 41.9885
    endloop
  endfacet
  facet normal 0 1 -0
    outer loop
      vertex 104.839 84.8 41.5491
      vertex 101.974 84.8 41.8743
      vertex 105.326 84.8 41.8743
    endloop
  endfacet
  facet normal 0 1 0
    outer loop
      vertex 104.839 84.8 41.5491
      vertex 102.461 84.8 41.5491
      vertex 101.974 84.8 41.8743
    endloop
  endfacet
  facet normal 0 1 -0
    outer loop
      vertex 104.514 84.8 41.0625
      vertex 102.461 84.8 41.5491
      vertex 104.839 84.8 41.5491
    endloop
  endfacet
  facet normal 0 1 0
    outer loop
      vertex 104.514 84.8 41.0625
      vertex 102.786 84.8 41.0625
      vertex 102.461 84.8 41.5491
    endloop
  endfacet
  facet normal 0 1 -0
    outer loop
      vertex 104.4 84.8 40.4885
      vertex 102.786 84.8 41.0625
      vertex 104.514 84.8 41.0625
    endloop
  endfacet
  facet normal 0 1 0
    outer loop
      vertex 104.4 84.8 40.4885
      vertex 102.9 84.8 40.4885
      vertex 102.786 84.8 41.0625
    endloop
  endfacet
  facet normal 0 1 0
    outer loop
      vertex 104.514 84.8 39.9144
      vertex 102.9 84.8 40.4885
      vertex 104.4 84.8 40.4885
    endloop
  endfacet
  facet normal 0 1 0
    outer loop
      vertex 104.514 84.8 39.9144
      vertex 102.786 84.8 39.9144
      vertex 102.9 84.8 40.4885
    endloop
  endfacet
  facet normal 0 1 0
    outer loop
      vertex 103.65 84.8 38.0913
      vertex 104.514 84.8 39.9144
      vertex 104.839 84.8 39.4278
    endloop
  endfacet
  facet normal 0 1 0
    outer loop
      vertex 104.514 84.8 39.9144
      vertex 103.65 84.8 38.0913
      vertex 102.786 84.8 39.9144
    endloop
  endfacet
  facet normal 0 1 0
    outer loop
      vertex 103.65 84.8 38.0913
      vertex 104.839 84.8 39.4278
      vertex 105.326 84.8 39.1026
    endloop
  endfacet
  facet normal 0 1 0
    outer loop
      vertex 102.786 84.8 39.9144
      vertex 103.65 84.8 38.0913
      vertex 102.461 84.8 39.4278
    endloop
  endfacet
  facet normal 0 1 0
    outer loop
      vertex 103.65 84.8 38.0913
      vertex 105.326 84.8 39.1026
      vertex 105.9 84.8 38.9885
    endloop
  endfacet
  facet normal 0 1 -0
    outer loop
      vertex 103.076 84.8 37.9772
      vertex 102.461 84.8 39.4278
      vertex 103.65 84.8 38.0913
    endloop
  endfacet
  facet normal 0 1 -0
    outer loop
      vertex 109.826 84.8 41.8743
      vertex 105.9 84.8 41.9885
      vertex 110.4 84.8 41.9885
    endloop
  endfacet
  facet normal 0 1 0
    outer loop
      vertex 109.826 84.8 41.8743
      vertex 106.474 84.8 41.8743
      vertex 105.9 84.8 41.9885
    endloop
  endfacet
  facet normal 0 1 -0
    outer loop
      vertex 109.339 84.8 41.5491
      vertex 106.474 84.8 41.8743
      vertex 109.826 84.8 41.8743
    endloop
  endfacet
  facet normal 0 1 0
    outer loop
      vertex 109.339 84.8 41.5491
      vertex 106.961 84.8 41.5491
      vertex 106.474 84.8 41.8743
    endloop
  endfacet
  facet normal 0 1 -0
    outer loop
      vertex 109.014 84.8 41.0625
      vertex 106.961 84.8 41.5491
      vertex 109.339 84.8 41.5491
    endloop
  endfacet
  facet normal 0 1 0
    outer loop
      vertex 109.014 84.8 41.0625
      vertex 107.286 84.8 41.0625
      vertex 106.961 84.8 41.5491
    endloop
  endfacet
  facet normal 0 1 -0
    outer loop
      vertex 108.9 84.8 40.4885
      vertex 107.286 84.8 41.0625
      vertex 109.014 84.8 41.0625
    endloop
  endfacet
  facet normal 0 1 0
    outer loop
      vertex 108.9 84.8 40.4885
      vertex 107.4 84.8 40.4885
      vertex 107.286 84.8 41.0625
    endloop
  endfacet
  facet normal 0 1 0
    outer loop
      vertex 109.014 84.8 39.9144
      vertex 107.4 84.8 40.4885
      vertex 108.9 84.8 40.4885
    endloop
  endfacet
  facet normal 0 1 0
    outer loop
      vertex 109.014 84.8 39.9144
      vertex 107.286 84.8 39.9144
      vertex 107.4 84.8 40.4885
    endloop
  endfacet
  facet normal 0 1 0
    outer loop
      vertex 108.15 84.8 38.0913
      vertex 109.014 84.8 39.9144
      vertex 109.339 84.8 39.4278
    endloop
  endfacet
  facet normal 0 1 0
    outer loop
      vertex 109.014 84.8 39.9144
      vertex 108.15 84.8 38.0913
      vertex 107.286 84.8 39.9144
    endloop
  endfacet
  facet normal 0 1 0
    outer loop
      vertex 108.15 84.8 38.0913
      vertex 109.339 84.8 39.4278
      vertex 109.826 84.8 39.1026
    endloop
  endfacet
  facet normal 0 1 0
    outer loop
      vertex 107.286 84.8 39.9144
      vertex 108.15 84.8 38.0913
      vertex 106.961 84.8 39.4278
    endloop
  endfacet
  facet normal 0 1 0
    outer loop
      vertex 108.15 84.8 38.0913
      vertex 109.826 84.8 39.1026
      vertex 110.4 84.8 38.9885
    endloop
  endfacet
  facet normal 0 1 -0
    outer loop
      vertex 107.576 84.8 37.9772
      vertex 106.961 84.8 39.4278
      vertex 108.15 84.8 38.0913
    endloop
  endfacet
  facet normal 0 1 0
    outer loop
      vertex 105.9 84.8 41.9885
      vertex 163.4 84.8 62.4
      vertex 110.4 84.8 41.9885
    endloop
  endfacet
  facet normal 0 1 0
    outer loop
      vertex 163.4 84.8 62.4
      vertex 110.974 84.8 41.8743
      vertex 110.4 84.8 41.9885
    endloop
  endfacet
  facet normal 0 1 0
    outer loop
      vertex 163.4 84.8 62.4
      vertex 111.461 84.8 41.5491
      vertex 110.974 84.8 41.8743
    endloop
  endfacet
  facet normal 0 1 -0
    outer loop
      vertex 117.724 84.8 37.9772
      vertex 111.461 84.8 41.5491
      vertex 163.4 84.8 62.4
    endloop
  endfacet
  facet normal -0 1 -0
    outer loop
      vertex 117.15 84.8 38.0913
      vertex 111.461 84.8 41.5491
      vertex 117.724 84.8 37.9772
    endloop
  endfacet
  facet normal 0 1 0
    outer loop
      vertex 111.461 84.8 41.5491
      vertex 117.15 84.8 38.0913
      vertex 111.786 84.8 41.0625
    endloop
  endfacet
  facet normal 0 1 -0
    outer loop
      vertex 116.576 84.8 37.9772
      vertex 111.786 84.8 41.0625
      vertex 117.15 84.8 38.0913
    endloop
  endfacet
  facet normal 0 1 0
    outer loop
      vertex 111.9 84.8 40.4885
      vertex 112.65 84.8 38.0913
      vertex 111.786 84.8 39.9144
    endloop
  endfacet
  facet normal 0 1 0
    outer loop
      vertex 106.961 84.8 39.4278
      vertex 107.576 84.8 37.9772
      vertex 106.474 84.8 39.1026
    endloop
  endfacet
  facet normal 0 1 0
    outer loop
      vertex 111.461 84.8 39.4278
      vertex 112.076 84.8 37.9772
      vertex 110.974 84.8 39.1026
    endloop
  endfacet
  facet normal 0 1 -0
    outer loop
      vertex 112.076 84.8 37.9772
      vertex 111.461 84.8 39.4278
      vertex 112.65 84.8 38.0913
    endloop
  endfacet
  facet normal 0 1 0
    outer loop
      vertex 111.786 84.8 39.9144
      vertex 112.65 84.8 38.0913
      vertex 111.461 84.8 39.4278
    endloop
  endfacet
  facet normal 0 1 0
    outer loop
      vertex 111.786 84.8 41.0625
      vertex 116.576 84.8 37.9772
      vertex 111.9 84.8 40.4885
    endloop
  endfacet
  facet normal 0 1 0
    outer loop
      vertex 163.4 84.8 62.4
      vertex 118.211 84.8 37.652
      vertex 117.724 84.8 37.9772
    endloop
  endfacet
  facet normal 0 1 0
    outer loop
      vertex 163.4 84.8 62.4
      vertex 118.536 84.8 37.1654
      vertex 118.211 84.8 37.652
    endloop
  endfacet
  facet normal 0 1 -0
    outer loop
      vertex 120.461 84.8 33.7549
      vertex 118.536 84.8 37.1654
      vertex 163.4 84.8 62.4
    endloop
  endfacet
  facet normal 0 1 0
    outer loop
      vertex 118.536 84.8 37.1654
      vertex 120.461 84.8 33.7549
      vertex 118.65 84.8 36.5913
    endloop
  endfacet
  facet normal -0 1 -0
    outer loop
      vertex 119.974 84.8 34.08
      vertex 118.65 84.8 36.5913
      vertex 120.461 84.8 33.7549
    endloop
  endfacet
  facet normal 0 1 0
    outer loop
      vertex 118.65 84.8 36.5913
      vertex 119.974 84.8 34.08
      vertex 118.536 84.8 36.0173
    endloop
  endfacet
  facet normal 0 1 0
    outer loop
      vertex 113.711 84.8 35.5307
      vertex 114.326 84.8 34.08
      vertex 113.224 84.8 35.2055
    endloop
  endfacet
  facet normal 0 1 0
    outer loop
      vertex 109.211 84.8 35.5307
      vertex 109.826 84.8 34.08
      vertex 108.724 84.8 35.2055
    endloop
  endfacet
  facet normal 0 1 -0
    outer loop
      vertex 109.339 84.8 33.7549
      vertex 108.724 84.8 35.2055
      vertex 109.826 84.8 34.08
    endloop
  endfacet
  facet normal 0 1 -0
    outer loop
      vertex 104.839 84.8 33.7549
      vertex 104.224 84.8 35.2055
      vertex 105.326 84.8 34.08
    endloop
  endfacet
  facet normal 0 1 -0
    outer loop
      vertex 118.339 84.8 33.7549
      vertex 117.724 84.8 35.2055
      vertex 118.826 84.8 34.08
    endloop
  endfacet
  facet normal 0 1 0
    outer loop
      vertex 118.211 84.8 35.5307
      vertex 118.826 84.8 34.08
      vertex 117.724 84.8 35.2055
    endloop
  endfacet
  facet normal 0 1 0
    outer loop
      vertex 118.536 84.8 36.0173
      vertex 119.4 84.8 34.1942
      vertex 118.211 84.8 35.5307
    endloop
  endfacet
  facet normal 0 1 -0
    outer loop
      vertex 118.826 84.8 34.08
      vertex 118.211 84.8 35.5307
      vertex 119.4 84.8 34.1942
    endloop
  endfacet
  facet normal -0 1 -0
    outer loop
      vertex 119.4 84.8 34.1942
      vertex 118.536 84.8 36.0173
      vertex 119.974 84.8 34.08
    endloop
  endfacet
  facet normal 0 1 0
    outer loop
      vertex 163.4 84.8 62.4
      vertex 120.786 84.8 33.2683
      vertex 120.461 84.8 33.7549
    endloop
  endfacet
  facet normal 0 1 -0
    outer loop
      vertex 122.711 84.8 29.8578
      vertex 120.786 84.8 33.2683
      vertex 163.4 84.8 62.4
    endloop
  endfacet
  facet normal 0 1 0
    outer loop
      vertex 120.786 84.8 33.2683
      vertex 122.711 84.8 29.8578
      vertex 120.9 84.8 32.6942
    endloop
  endfacet
  facet normal -0 1 -0
    outer loop
      vertex 122.224 84.8 30.1829
      vertex 120.9 84.8 32.6942
      vertex 122.711 84.8 29.8578
    endloop
  endfacet
  facet normal 0 1 0
    outer loop
      vertex 115.961 84.8 31.6336
      vertex 116.576 84.8 30.1829
      vertex 115.474 84.8 31.3084
    endloop
  endfacet
  facet normal 0 1 0
    outer loop
      vertex 111.461 84.8 31.6336
      vertex 112.076 84.8 30.1829
      vertex 110.974 84.8 31.3084
    endloop
  endfacet
  facet normal 0 1 -0
    outer loop
      vertex 111.589 84.8 29.8578
      vertex 110.974 84.8 31.3084
      vertex 112.076 84.8 30.1829
    endloop
  endfacet
  facet normal 0 1 -0
    outer loop
      vertex 107.089 84.8 29.8578
      vertex 106.474 84.8 31.3084
      vertex 107.576 84.8 30.1829
    endloop
  endfacet
  facet normal 0 1 0
    outer loop
      vertex 102.461 84.8 31.6336
      vertex 103.076 84.8 30.1829
      vertex 101.974 84.8 31.3084
    endloop
  endfacet
  facet normal 0 1 -0
    outer loop
      vertex 120.589 84.8 29.8578
      vertex 119.974 84.8 31.3084
      vertex 121.076 84.8 30.1829
    endloop
  endfacet
  facet normal 0 1 0
    outer loop
      vertex 120.461 84.8 31.6336
      vertex 121.076 84.8 30.1829
      vertex 119.974 84.8 31.3084
    endloop
  endfacet
  facet normal 0 1 -0
    outer loop
      vertex 121.076 84.8 30.1829
      vertex 120.461 84.8 31.6336
      vertex 121.65 84.8 30.2971
    endloop
  endfacet
  facet normal 0 1 0
    outer loop
      vertex 120.9 84.8 32.6942
      vertex 122.224 84.8 30.1829
      vertex 120.786 84.8 32.1202
    endloop
  endfacet
  facet normal 0 1 0
    outer loop
      vertex 120.786 84.8 32.1202
      vertex 121.65 84.8 30.2971
      vertex 120.461 84.8 31.6336
    endloop
  endfacet
  facet normal -0 1 -0
    outer loop
      vertex 121.65 84.8 30.2971
      vertex 120.786 84.8 32.1202
      vertex 122.224 84.8 30.1829
    endloop
  endfacet
  facet normal 0 1 0
    outer loop
      vertex 163.4 84.8 62.4
      vertex 123.036 84.8 29.3711
      vertex 122.711 84.8 29.8578
    endloop
  endfacet
  facet normal 0 1 0
    outer loop
      vertex 163.4 84.8 62.4
      vertex 123.15 84.8 28.7971
      vertex 123.036 84.8 29.3711
    endloop
  endfacet
  facet normal 0 1 -0
    outer loop
      vertex 163.4 84.8 0
      vertex 123.15 84.8 28.7971
      vertex 163.4 84.8 62.4
    endloop
  endfacet
  facet normal -0 1 0
    outer loop
      vertex 123.15 84.8 21.0029
      vertex 123.15 84.8 28.7971
      vertex 163.4 84.8 0
    endloop
  endfacet
  facet normal 0 1 0
    outer loop
      vertex 118.211 84.8 27.7365
      vertex 118.826 84.8 26.2858
      vertex 117.724 84.8 27.4113
    endloop
  endfacet
  facet normal 0 1 0
    outer loop
      vertex 113.711 84.8 27.7365
      vertex 114.326 84.8 26.2858
      vertex 113.224 84.8 27.4113
    endloop
  endfacet
  facet normal 0 1 -0
    outer loop
      vertex 113.839 84.8 25.9607
      vertex 113.224 84.8 27.4113
      vertex 114.326 84.8 26.2858
    endloop
  endfacet
  facet normal 0 1 -0
    outer loop
      vertex 109.339 84.8 25.9607
      vertex 108.724 84.8 27.4113
      vertex 109.826 84.8 26.2858
    endloop
  endfacet
  facet normal 0 1 0
    outer loop
      vertex 104.711 84.8 27.7365
      vertex 105.326 84.8 26.2858
      vertex 104.224 84.8 27.4113
    endloop
  endfacet
  facet normal 0 1 0
    outer loop
      vertex 100.211 84.8 27.7365
      vertex 100.826 84.8 26.2858
      vertex 99.724 84.8 27.4113
    endloop
  endfacet
  facet normal 0 1 -0
    outer loop
      vertex 100.339 84.8 25.9607
      vertex 99.724 84.8 27.4113
      vertex 100.826 84.8 26.2858
    endloop
  endfacet
  facet normal 0 1 0
    outer loop
      vertex 91.2107 84.8 27.7365
      vertex 91.826 84.8 26.2858
      vertex 90.724 84.8 27.4113
    endloop
  endfacet
  facet normal 0 1 -0
    outer loop
      vertex 91.3393 84.8 25.9607
      vertex 90.724 84.8 27.4113
      vertex 91.826 84.8 26.2858
    endloop
  endfacet
  facet normal 0 1 -0
    outer loop
      vertex 118.339 84.8 25.9607
      vertex 117.724 84.8 27.4113
      vertex 118.826 84.8 26.2858
    endloop
  endfacet
  facet normal 0 1 0
    outer loop
      vertex 120.786 84.8 25.474
      vertex 121.65 84.8 27.2971
      vertex 122.224 84.8 27.4113
    endloop
  endfacet
  facet normal 0 1 0
    outer loop
      vertex 120.589 84.8 27.7365
      vertex 119.974 84.8 26.2858
      vertex 119.4 84.8 26.4
    endloop
  endfacet
  facet normal 0 1 0
    outer loop
      vertex 121.076 84.8 27.4113
      vertex 120.461 84.8 25.9607
      vertex 119.974 84.8 26.2858
    endloop
  endfacet
  facet normal 0 1 0
    outer loop
      vertex 122.224 84.8 22.3887
      vertex 122.224 84.8 27.4113
      vertex 122.711 84.8 27.7365
    endloop
  endfacet
  facet normal 0 1 0
    outer loop
      vertex 121.65 84.8 27.2971
      vertex 120.786 84.8 25.474
      vertex 120.461 84.8 25.9607
    endloop
  endfacet
  facet normal 0 1 0
    outer loop
      vertex 123.15 84.8 28.7971
      vertex 123.15 84.8 21.0029
      vertex 123.036 84.8 28.2231
    endloop
  endfacet
  facet normal -0 1 0
    outer loop
      vertex 122.224 84.8 22.3887
      vertex 122.711 84.8 27.7365
      vertex 122.711 84.8 22.0635
    endloop
  endfacet
  facet normal 0 1 0
    outer loop
      vertex 122.224 84.8 27.4113
      vertex 120.9 84.8 24.9
      vertex 120.786 84.8 25.474
    endloop
  endfacet
  facet normal 0 1 0
    outer loop
      vertex 122.224 84.8 27.4113
      vertex 122.224 84.8 22.3887
      vertex 120.9 84.8 24.9
    endloop
  endfacet
  facet normal 0 1 0
    outer loop
      vertex 115.961 84.8 23.8393
      vertex 116.576 84.8 22.3887
      vertex 115.474 84.8 23.5142
    endloop
  endfacet
  facet normal 0 1 0
    outer loop
      vertex 111.461 84.8 23.8393
      vertex 112.076 84.8 22.3887
      vertex 110.974 84.8 23.5142
    endloop
  endfacet
  facet normal 0 1 -0
    outer loop
      vertex 111.589 84.8 22.0635
      vertex 110.974 84.8 23.5142
      vertex 112.076 84.8 22.3887
    endloop
  endfacet
  facet normal 0 1 -0
    outer loop
      vertex 107.089 84.8 22.0635
      vertex 106.474 84.8 23.5142
      vertex 107.576 84.8 22.3887
    endloop
  endfacet
  facet normal 0 1 0
    outer loop
      vertex 102.461 84.8 23.8393
      vertex 103.076 84.8 22.3887
      vertex 101.974 84.8 23.5142
    endloop
  endfacet
  facet normal 0 1 0
    outer loop
      vertex 97.9607 84.8 23.8393
      vertex 98.576 84.8 22.3887
      vertex 97.474 84.8 23.5142
    endloop
  endfacet
  facet normal 0 1 -0
    outer loop
      vertex 93.5893 84.8 22.0635
      vertex 92.974 84.8 23.5142
      vertex 94.076 84.8 22.3887
    endloop
  endfacet
  facet normal 0 1 0
    outer loop
      vertex 89.576 84.8 22.3887
      vertex 92.4 84.8 23.4
      vertex 90.15 84.8 22.5029
    endloop
  endfacet
  facet normal 0 1 -0
    outer loop
      vertex 89.0893 84.8 22.0635
      vertex 77.2981 84.8 23.4
      vertex 89.576 84.8 22.3887
    endloop
  endfacet
  facet normal 0 1 -0
    outer loop
      vertex 120.589 84.8 22.0635
      vertex 119.974 84.8 23.5142
      vertex 121.076 84.8 22.3887
    endloop
  endfacet
  facet normal 0 1 0
    outer loop
      vertex 120.461 84.8 23.8393
      vertex 121.076 84.8 22.3887
      vertex 119.974 84.8 23.5142
    endloop
  endfacet
  facet normal 0 1 -0
    outer loop
      vertex 121.076 84.8 22.3887
      vertex 120.461 84.8 23.8393
      vertex 121.65 84.8 22.5029
    endloop
  endfacet
  facet normal 0 1 0
    outer loop
      vertex 120.9 84.8 24.9
      vertex 122.224 84.8 22.3887
      vertex 120.786 84.8 24.326
    endloop
  endfacet
  facet normal 0 1 0
    outer loop
      vertex 120.786 84.8 24.326
      vertex 121.65 84.8 22.5029
      vertex 120.461 84.8 23.8393
    endloop
  endfacet
  facet normal -0 1 -0
    outer loop
      vertex 121.65 84.8 22.5029
      vertex 120.786 84.8 24.326
      vertex 122.224 84.8 22.3887
    endloop
  endfacet
  facet normal 0 1 0
    outer loop
      vertex 122.711 84.8 27.7365
      vertex 123.036 84.8 21.5769
      vertex 122.711 84.8 22.0635
    endloop
  endfacet
  facet normal -0 1 0
    outer loop
      vertex 123.036 84.8 21.5769
      vertex 123.036 84.8 28.2231
      vertex 123.15 84.8 21.0029
    endloop
  endfacet
  facet normal 0 1 0
    outer loop
      vertex 123.036 84.8 28.2231
      vertex 123.036 84.8 21.5769
      vertex 122.711 84.8 27.7365
    endloop
  endfacet
  facet normal 0 1 0
    outer loop
      vertex 123.15 84.8 21.0029
      vertex 163.4 84.8 0
      vertex 123.036 84.8 20.4289
    endloop
  endfacet
  facet normal 0 1 0
    outer loop
      vertex 118.211 84.8 19.9422
      vertex 118.826 84.8 18.4916
      vertex 117.724 84.8 19.6171
    endloop
  endfacet
  facet normal 0 1 0
    outer loop
      vertex 116.089 84.8 19.9422
      vertex 115.474 84.8 18.4916
      vertex 114.9 84.8 18.6058
    endloop
  endfacet
  facet normal 0 1 -0
    outer loop
      vertex 113.839 84.8 18.1664
      vertex 113.224 84.8 19.6171
      vertex 114.326 84.8 18.4916
    endloop
  endfacet
  facet normal 0 1 -0
    outer loop
      vertex 109.339 84.8 18.1664
      vertex 108.724 84.8 19.6171
      vertex 109.826 84.8 18.4916
    endloop
  endfacet
  facet normal 0 1 0
    outer loop
      vertex 108.724 84.8 19.6171
      vertex 109.339 84.8 18.1664
      vertex 108.15 84.8 19.5029
    endloop
  endfacet
  facet normal 0 1 0
    outer loop
      vertex 104.224 84.8 19.6171
      vertex 104.839 84.8 18.1664
      vertex 103.65 84.8 19.5029
    endloop
  endfacet
  facet normal 0 1 -0
    outer loop
      vertex 118.339 84.8 18.1664
      vertex 117.724 84.8 19.6171
      vertex 118.826 84.8 18.4916
    endloop
  endfacet
  facet normal 0 1 0
    outer loop
      vertex 120.786 84.8 17.6798
      vertex 121.65 84.8 19.5029
      vertex 122.224 84.8 19.6171
    endloop
  endfacet
  facet normal 0 1 0
    outer loop
      vertex 120.589 84.8 19.9422
      vertex 119.974 84.8 18.4916
      vertex 119.4 84.8 18.6058
    endloop
  endfacet
  facet normal 0 1 0
    outer loop
      vertex 121.076 84.8 19.6171
      vertex 120.461 84.8 18.1664
      vertex 119.974 84.8 18.4916
    endloop
  endfacet
  facet normal 0 1 0
    outer loop
      vertex 120.9 84.8 17.1058
      vertex 122.224 84.8 19.6171
      vertex 122.711 84.8 19.9422
    endloop
  endfacet
  facet normal 0 1 0
    outer loop
      vertex 121.65 84.8 19.5029
      vertex 120.786 84.8 17.6798
      vertex 120.461 84.8 18.1664
    endloop
  endfacet
  facet normal 0 1 0
    outer loop
      vertex 123.036 84.8 20.4289
      vertex 163.4 84.8 0
      vertex 122.711 84.8 19.9422
    endloop
  endfacet
  facet normal -0 1 0
    outer loop
      vertex 120.786 84.8 16.5317
      vertex 122.711 84.8 19.9422
      vertex 163.4 84.8 0
    endloop
  endfacet
  facet normal 0 1 0
    outer loop
      vertex 122.224 84.8 19.6171
      vertex 120.9 84.8 17.1058
      vertex 120.786 84.8 17.6798
    endloop
  endfacet
  facet normal 0 1 0
    outer loop
      vertex 122.711 84.8 19.9422
      vertex 120.786 84.8 16.5317
      vertex 120.9 84.8 17.1058
    endloop
  endfacet
  facet normal 0 1 0
    outer loop
      vertex 115.961 84.8 16.0451
      vertex 116.576 84.8 14.5945
      vertex 115.474 84.8 15.72
    endloop
  endfacet
  facet normal -0 1 0
    outer loop
      vertex 112.65 84.8 14.7087
      vertex 114.9 84.8 15.6058
      vertex 113.224 84.8 14.5945
    endloop
  endfacet
  facet normal 0 1 -0
    outer loop
      vertex 112.076 84.8 14.5945
      vertex 110.4 84.8 15.6058
      vertex 112.65 84.8 14.7087
    endloop
  endfacet
  facet normal 0 1 -0
    outer loop
      vertex 107.576 84.8 14.5945
      vertex 105.9 84.8 15.6058
      vertex 108.15 84.8 14.7087
    endloop
  endfacet
  facet normal 0 1 -0
    outer loop
      vertex 107.089 84.8 14.2693
      vertex 105.9 84.8 15.6058
      vertex 107.576 84.8 14.5945
    endloop
  endfacet
  facet normal 0 1 -0
    outer loop
      vertex 116.089 84.8 14.2693
      vertex 115.474 84.8 15.72
      vertex 116.576 84.8 14.5945
    endloop
  endfacet
  facet normal 0 1 0
    outer loop
      vertex 118.536 84.8 13.7827
      vertex 119.4 84.8 15.6058
      vertex 119.974 84.8 15.72
    endloop
  endfacet
  facet normal 0 1 0
    outer loop
      vertex 119.4 84.8 15.6058
      vertex 117.724 84.8 14.5945
      vertex 117.15 84.8 14.7087
    endloop
  endfacet
  facet normal 0 1 0
    outer loop
      vertex 119.4 84.8 15.6058
      vertex 118.211 84.8 14.2693
      vertex 117.724 84.8 14.5945
    endloop
  endfacet
  facet normal 0 1 0
    outer loop
      vertex 118.65 84.8 13.2087
      vertex 119.974 84.8 15.72
      vertex 120.461 84.8 16.0451
    endloop
  endfacet
  facet normal 0 1 0
    outer loop
      vertex 119.4 84.8 15.6058
      vertex 118.536 84.8 13.7827
      vertex 118.211 84.8 14.2693
    endloop
  endfacet
  facet normal 0 1 0
    outer loop
      vertex 120.786 84.8 16.5317
      vertex 163.4 84.8 0
      vertex 120.461 84.8 16.0451
    endloop
  endfacet
  facet normal -0 1 0
    outer loop
      vertex 118.536 84.8 12.6346
      vertex 120.461 84.8 16.0451
      vertex 163.4 84.8 0
    endloop
  endfacet
  facet normal 0 1 0
    outer loop
      vertex 119.974 84.8 15.72
      vertex 118.65 84.8 13.2087
      vertex 118.536 84.8 13.7827
    endloop
  endfacet
  facet normal 0 1 0
    outer loop
      vertex 120.461 84.8 16.0451
      vertex 118.536 84.8 12.6346
      vertex 118.65 84.8 13.2087
    endloop
  endfacet
  facet normal -0 1 0
    outer loop
      vertex 111.786 84.8 9.88557
      vertex 113.224 84.8 11.8228
      vertex 111.9 84.8 9.31154
    endloop
  endfacet
  facet normal -0 1 0
    outer loop
      vertex 110.4 84.8 10.8115
      vertex 112.65 84.8 11.7087
      vertex 110.974 84.8 10.6974
    endloop
  endfacet
  facet normal 0 1 -0
    outer loop
      vertex 109.826 84.8 10.6974
      vertex 108.15 84.8 11.7087
      vertex 110.4 84.8 10.8115
    endloop
  endfacet
  facet normal 0 1 -0
    outer loop
      vertex 105.326 84.8 10.6974
      vertex 103.65 84.8 11.7087
      vertex 105.9 84.8 10.8115
    endloop
  endfacet
  facet normal 0 1 -0
    outer loop
      vertex 109.339 84.8 10.3722
      vertex 108.15 84.8 11.7087
      vertex 109.826 84.8 10.6974
    endloop
  endfacet
  facet normal 0 1 0
    outer loop
      vertex 112.65 84.8 11.7087
      vertex 110.4 84.8 10.8115
      vertex 108.15 84.8 11.7087
    endloop
  endfacet
  facet normal 0 1 0
    outer loop
      vertex 112.65 84.8 11.7087
      vertex 111.461 84.8 10.3722
      vertex 110.974 84.8 10.6974
    endloop
  endfacet
  facet normal 0 1 0
    outer loop
      vertex 111.461 84.8 8.25088
      vertex 117.15 84.8 11.7087
      vertex 117.724 84.8 11.8228
    endloop
  endfacet
  facet normal 0 1 0
    outer loop
      vertex 112.65 84.8 11.7087
      vertex 111.786 84.8 9.88557
      vertex 111.461 84.8 10.3722
    endloop
  endfacet
  facet normal 0 1 0
    outer loop
      vertex 113.224 84.8 11.8228
      vertex 111.786 84.8 9.88557
      vertex 112.65 84.8 11.7087
    endloop
  endfacet
  facet normal 0 1 0
    outer loop
      vertex 117.15 84.8 11.7087
      vertex 111.786 84.8 8.73752
      vertex 111.9 84.8 9.31154
    endloop
  endfacet
  facet normal 0 1 0
    outer loop
      vertex 117.15 84.8 11.7087
      vertex 111.461 84.8 8.25088
      vertex 111.786 84.8 8.73752
    endloop
  endfacet
  facet normal 0 1 0
    outer loop
      vertex 163.4 84.8 0
      vertex 111.461 84.8 8.25088
      vertex 117.724 84.8 11.8228
    endloop
  endfacet
  facet normal 0 1 0
    outer loop
      vertex 163.4 84.8 0
      vertex 105.9 84.8 7.81154
      vertex 110.4 84.8 7.81154
    endloop
  endfacet
  facet normal 0 1 0
    outer loop
      vertex 105.9 84.8 7.81154
      vertex 163.4 84.8 0
      vertex 101.4 84.8 7.81154
    endloop
  endfacet
  facet normal 0 1 0
    outer loop
      vertex 110.974 84.8 7.92572
      vertex 163.4 84.8 0
      vertex 110.4 84.8 7.81154
    endloop
  endfacet
  facet normal 0 1 0
    outer loop
      vertex 111.461 84.8 8.25088
      vertex 163.4 84.8 0
      vertex 110.974 84.8 7.92572
    endloop
  endfacet
  facet normal 0 1 0
    outer loop
      vertex 118.211 84.8 12.148
      vertex 163.4 84.8 0
      vertex 117.724 84.8 11.8228
    endloop
  endfacet
  facet normal 0 1 0
    outer loop
      vertex 118.536 84.8 12.6346
      vertex 163.4 84.8 0
      vertex 118.211 84.8 12.148
    endloop
  endfacet
  facet normal 0 1 0
    outer loop
      vertex 101.4 84.8 41.9885
      vertex 163.4 84.8 62.4
      vertex 105.9 84.8 41.9885
    endloop
  endfacet
  facet normal 0 1 0
    outer loop
      vertex 163.4 84.8 62.4
      vertex 101.4 84.8 41.9885
      vertex 0 84.8 62.4
    endloop
  endfacet
  facet normal 0 1 -0
    outer loop
      vertex 100.826 84.8 41.8743
      vertex 0 84.8 62.4
      vertex 101.4 84.8 41.9885
    endloop
  endfacet
  facet normal 0 1 0
    outer loop
      vertex 94.076 84.8 37.9772
      vertex 100.826 84.8 41.8743
      vertex 100.339 84.8 41.5491
    endloop
  endfacet
  facet normal 0 1 0
    outer loop
      vertex 94.65 84.8 38.0913
      vertex 100.339 84.8 41.5491
      vertex 100.014 84.8 41.0625
    endloop
  endfacet
  facet normal 0 1 0
    outer loop
      vertex 94.65 84.8 38.0913
      vertex 100.014 84.8 41.0625
      vertex 99.9 84.8 40.4885
    endloop
  endfacet
  facet normal 0 1 0
    outer loop
      vertex 98.576 84.8 37.9772
      vertex 100.014 84.8 39.9144
      vertex 99.15 84.8 38.0913
    endloop
  endfacet
  facet normal 0 1 0
    outer loop
      vertex 99.15 84.8 38.0913
      vertex 100.014 84.8 39.9144
      vertex 100.339 84.8 39.4278
    endloop
  endfacet
  facet normal 0 1 0
    outer loop
      vertex 99.15 84.8 38.0913
      vertex 100.339 84.8 39.4278
      vertex 100.826 84.8 39.1026
    endloop
  endfacet
  facet normal 0 1 -0
    outer loop
      vertex 111.589 84.8 37.652
      vertex 110.974 84.8 39.1026
      vertex 112.076 84.8 37.9772
    endloop
  endfacet
  facet normal 0 1 -0
    outer loop
      vertex 107.089 84.8 37.652
      vertex 106.474 84.8 39.1026
      vertex 107.576 84.8 37.9772
    endloop
  endfacet
  facet normal 0 1 0
    outer loop
      vertex 102.461 84.8 39.4278
      vertex 103.076 84.8 37.9772
      vertex 101.974 84.8 39.1026
    endloop
  endfacet
  facet normal 0 1 -0
    outer loop
      vertex 102.589 84.8 37.652
      vertex 101.974 84.8 39.1026
      vertex 103.076 84.8 37.9772
    endloop
  endfacet
  facet normal 0 1 0
    outer loop
      vertex 101.4 84.8 38.9885
      vertex 99.15 84.8 38.0913
      vertex 100.826 84.8 39.1026
    endloop
  endfacet
  facet normal 0 1 0
    outer loop
      vertex 100.014 84.8 39.9144
      vertex 98.576 84.8 37.9772
      vertex 99.9 84.8 40.4885
    endloop
  endfacet
  facet normal 0 1 0
    outer loop
      vertex 100.339 84.8 41.5491
      vertex 94.65 84.8 38.0913
      vertex 94.076 84.8 37.9772
    endloop
  endfacet
  facet normal 0 1 0
    outer loop
      vertex 100.826 84.8 41.8743
      vertex 94.076 84.8 37.9772
      vertex 0 84.8 62.4
    endloop
  endfacet
  facet normal 0 1 -0
    outer loop
      vertex 93.5893 84.8 37.652
      vertex 0 84.8 62.4
      vertex 94.076 84.8 37.9772
    endloop
  endfacet
  facet normal 0 1 0
    outer loop
      vertex 74.7 84.8 27.9
      vertex 93.5893 84.8 37.652
      vertex 93.2642 84.8 37.1654
    endloop
  endfacet
  facet normal 0 1 0
    outer loop
      vertex 91.3393 84.8 33.7549
      vertex 93.2642 84.8 37.1654
      vertex 93.15 84.8 36.5913
    endloop
  endfacet
  facet normal 0 1 0
    outer loop
      vertex 91.826 84.8 34.08
      vertex 93.15 84.8 36.5913
      vertex 93.2642 84.8 36.0173
    endloop
  endfacet
  facet normal 0 1 0
    outer loop
      vertex 92.4 84.8 34.1942
      vertex 93.2642 84.8 36.0173
      vertex 93.5893 84.8 35.5307
    endloop
  endfacet
  facet normal 0 1 0
    outer loop
      vertex 92.4 84.8 34.1942
      vertex 93.5893 84.8 35.5307
      vertex 94.076 84.8 35.2055
    endloop
  endfacet
  facet normal 0 1 -0
    outer loop
      vertex 113.839 84.8 33.7549
      vertex 113.224 84.8 35.2055
      vertex 114.326 84.8 34.08
    endloop
  endfacet
  facet normal 0 1 0
    outer loop
      vertex 104.711 84.8 35.5307
      vertex 105.326 84.8 34.08
      vertex 104.224 84.8 35.2055
    endloop
  endfacet
  facet normal 0 1 0
    outer loop
      vertex 100.211 84.8 35.5307
      vertex 100.826 84.8 34.08
      vertex 99.724 84.8 35.2055
    endloop
  endfacet
  facet normal 0 1 -0
    outer loop
      vertex 100.339 84.8 33.7549
      vertex 99.724 84.8 35.2055
      vertex 100.826 84.8 34.08
    endloop
  endfacet
  facet normal 0 1 0
    outer loop
      vertex 95.7107 84.8 35.5307
      vertex 96.326 84.8 34.08
      vertex 95.224 84.8 35.2055
    endloop
  endfacet
  facet normal 0 1 -0
    outer loop
      vertex 95.8393 84.8 33.7549
      vertex 95.224 84.8 35.2055
      vertex 96.326 84.8 34.08
    endloop
  endfacet
  facet normal 0 1 0
    outer loop
      vertex 94.65 84.8 35.0913
      vertex 92.4 84.8 34.1942
      vertex 94.076 84.8 35.2055
    endloop
  endfacet
  facet normal 0 1 0
    outer loop
      vertex 93.2642 84.8 36.0173
      vertex 92.4 84.8 34.1942
      vertex 91.826 84.8 34.08
    endloop
  endfacet
  facet normal 0 1 0
    outer loop
      vertex 93.15 84.8 36.5913
      vertex 91.826 84.8 34.08
      vertex 91.3393 84.8 33.7549
    endloop
  endfacet
  facet normal 0 1 0
    outer loop
      vertex 75.0916 84.8 27.8743
      vertex 93.2642 84.8 37.1654
      vertex 91.3393 84.8 33.7549
    endloop
  endfacet
  facet normal 0 1 0
    outer loop
      vertex 75.0916 84.8 27.8743
      vertex 91.3393 84.8 33.7549
      vertex 91.0142 84.8 33.2683
    endloop
  endfacet
  facet normal 0 1 0
    outer loop
      vertex 89.0893 84.8 29.8578
      vertex 91.0142 84.8 33.2683
      vertex 90.9 84.8 32.6942
    endloop
  endfacet
  facet normal 0 1 0
    outer loop
      vertex 89.576 84.8 30.1829
      vertex 90.9 84.8 32.6942
      vertex 91.0142 84.8 32.1202
    endloop
  endfacet
  facet normal 0 1 0
    outer loop
      vertex 90.15 84.8 30.2971
      vertex 91.0142 84.8 32.1202
      vertex 91.3393 84.8 31.6336
    endloop
  endfacet
  facet normal 0 1 0
    outer loop
      vertex 90.15 84.8 30.2971
      vertex 91.3393 84.8 31.6336
      vertex 91.826 84.8 31.3084
    endloop
  endfacet
  facet normal 0 1 -0
    outer loop
      vertex 116.089 84.8 29.8578
      vertex 115.474 84.8 31.3084
      vertex 116.576 84.8 30.1829
    endloop
  endfacet
  facet normal 0 1 0
    outer loop
      vertex 106.961 84.8 31.6336
      vertex 107.576 84.8 30.1829
      vertex 106.474 84.8 31.3084
    endloop
  endfacet
  facet normal 0 1 -0
    outer loop
      vertex 102.589 84.8 29.8578
      vertex 101.974 84.8 31.3084
      vertex 103.076 84.8 30.1829
    endloop
  endfacet
  facet normal 0 1 0
    outer loop
      vertex 97.9607 84.8 31.6336
      vertex 98.576 84.8 30.1829
      vertex 97.474 84.8 31.3084
    endloop
  endfacet
  facet normal 0 1 -0
    outer loop
      vertex 98.0893 84.8 29.8578
      vertex 97.474 84.8 31.3084
      vertex 98.576 84.8 30.1829
    endloop
  endfacet
  facet normal 0 1 0
    outer loop
      vertex 93.4607 84.8 31.6336
      vertex 94.076 84.8 30.1829
      vertex 92.974 84.8 31.3084
    endloop
  endfacet
  facet normal 0 1 -0
    outer loop
      vertex 93.5893 84.8 29.8578
      vertex 92.974 84.8 31.3084
      vertex 94.076 84.8 30.1829
    endloop
  endfacet
  facet normal 0 1 0
    outer loop
      vertex 92.4 84.8 31.1942
      vertex 90.15 84.8 30.2971
      vertex 91.826 84.8 31.3084
    endloop
  endfacet
  facet normal 0 1 0
    outer loop
      vertex 91.0142 84.8 32.1202
      vertex 90.15 84.8 30.2971
      vertex 89.576 84.8 30.1829
    endloop
  endfacet
  facet normal 0 1 0
    outer loop
      vertex 90.9 84.8 32.6942
      vertex 89.576 84.8 30.1829
      vertex 89.0893 84.8 29.8578
    endloop
  endfacet
  facet normal 0 1 0
    outer loop
      vertex 75.0916 84.8 27.8743
      vertex 91.0142 84.8 33.2683
      vertex 89.0893 84.8 29.8578
    endloop
  endfacet
  facet normal 0 1 0
    outer loop
      vertex 75.0916 84.8 27.8743
      vertex 89.0893 84.8 29.8578
      vertex 88.7642 84.8 29.3711
    endloop
  endfacet
  facet normal 0 1 0
    outer loop
      vertex 75.0916 84.8 27.8743
      vertex 88.7642 84.8 29.3711
      vertex 88.65 84.8 28.7971
    endloop
  endfacet
  facet normal 0 1 0
    outer loop
      vertex 77.5978 84.8 25.6765
      vertex 88.65 84.8 28.7971
      vertex 88.7642 84.8 28.2231
    endloop
  endfacet
  facet normal 0 1 0
    outer loop
      vertex 93.5893 84.8 37.652
      vertex 74.7 84.8 27.9
      vertex 74.3084 84.8 27.8743
    endloop
  endfacet
  facet normal 0 1 0
    outer loop
      vertex 93.5893 84.8 37.652
      vertex 74.3084 84.8 27.8743
      vertex 73.9235 84.8 27.7978
    endloop
  endfacet
  facet normal 0 1 0
    outer loop
      vertex 93.5893 84.8 37.652
      vertex 73.9235 84.8 27.7978
      vertex 0 84.8 62.4
    endloop
  endfacet
  facet normal 0 1 -0
    outer loop
      vertex 73.5519 84.8 27.6716
      vertex 0 84.8 62.4
      vertex 73.9235 84.8 27.7978
    endloop
  endfacet
  facet normal 0 1 -0
    outer loop
      vertex 73.2 84.8 27.4981
      vertex 0 84.8 62.4
      vertex 73.5519 84.8 27.6716
    endloop
  endfacet
  facet normal 0 1 -0
    outer loop
      vertex 72.8737 84.8 27.2801
      vertex 0 84.8 62.4
      vertex 73.2 84.8 27.4981
    endloop
  endfacet
  facet normal 0 1 -0
    outer loop
      vertex 72.5787 84.8 27.0213
      vertex 0 84.8 62.4
      vertex 72.8737 84.8 27.2801
    endloop
  endfacet
  facet normal 0 1 -0
    outer loop
      vertex 72.3199 84.8 26.7263
      vertex 0 84.8 62.4
      vertex 72.5787 84.8 27.0213
    endloop
  endfacet
  facet normal 0 1 -0
    outer loop
      vertex 72.1019 84.8 26.4
      vertex 0 84.8 62.4
      vertex 72.3199 84.8 26.7263
    endloop
  endfacet
  facet normal 0 1 -0
    outer loop
      vertex 71.9284 84.8 26.048
      vertex 0 84.8 62.4
      vertex 72.1019 84.8 26.4
    endloop
  endfacet
  facet normal 0 1 -0
    outer loop
      vertex 71.8022 84.8 25.6765
      vertex 0 84.8 62.4
      vertex 71.9284 84.8 26.048
    endloop
  endfacet
  facet normal 0 1 -0
    outer loop
      vertex 71.7257 84.8 25.2916
      vertex 0 84.8 62.4
      vertex 71.8022 84.8 25.6765
    endloop
  endfacet
  facet normal 0 1 0
    outer loop
      vertex 0 84.8 0
      vertex 71.7257 84.8 25.2916
      vertex 71.7 84.8 24.9
    endloop
  endfacet
  facet normal 0 1 0
    outer loop
      vertex 0 84.8 0
      vertex 71.7 84.8 24.9
      vertex 71.7257 84.8 24.5084
    endloop
  endfacet
  facet normal 0 1 0
    outer loop
      vertex 0 84.8 0
      vertex 71.7257 84.8 24.5084
      vertex 71.8022 84.8 24.1235
    endloop
  endfacet
  facet normal 0 1 0
    outer loop
      vertex 0 84.8 0
      vertex 71.8022 84.8 24.1235
      vertex 71.9284 84.8 23.7519
    endloop
  endfacet
  facet normal 0 1 0
    outer loop
      vertex 0 84.8 0
      vertex 71.9284 84.8 23.7519
      vertex 72.1019 84.8 23.4
    endloop
  endfacet
  facet normal 0 1 0
    outer loop
      vertex 0 84.8 0
      vertex 72.1019 84.8 23.4
      vertex 72.3199 84.8 23.0737
    endloop
  endfacet
  facet normal 0 1 0
    outer loop
      vertex 0 84.8 0
      vertex 72.3199 84.8 23.0737
      vertex 72.5787 84.8 22.7787
    endloop
  endfacet
  facet normal 0 1 0
    outer loop
      vertex 0 84.8 0
      vertex 72.5787 84.8 22.7787
      vertex 72.8737 84.8 22.5199
    endloop
  endfacet
  facet normal 0 1 0
    outer loop
      vertex 0 84.8 0
      vertex 72.8737 84.8 22.5199
      vertex 73.2 84.8 22.3019
    endloop
  endfacet
  facet normal 0 1 0
    outer loop
      vertex 76.2 84.8 22.3019
      vertex 91.0142 84.8 16.5317
      vertex 75.8481 84.8 22.1284
    endloop
  endfacet
  facet normal 0 1 0
    outer loop
      vertex 75.8481 84.8 22.1284
      vertex 91.0142 84.8 16.5317
      vertex 75.4765 84.8 22.0022
    endloop
  endfacet
  facet normal 0 1 0
    outer loop
      vertex 91.3393 84.8 16.0451
      vertex 75.4765 84.8 22.0022
      vertex 91.0142 84.8 16.5317
    endloop
  endfacet
  facet normal 0 1 0
    outer loop
      vertex 93.2642 84.8 12.6346
      vertex 75.4765 84.8 22.0022
      vertex 91.3393 84.8 16.0451
    endloop
  endfacet
  facet normal 0 1 0
    outer loop
      vertex 90.9 84.8 17.1058
      vertex 89.0893 84.8 19.9422
      vertex 89.576 84.8 19.6171
    endloop
  endfacet
  facet normal 0 1 0
    outer loop
      vertex 91.0142 84.8 17.6798
      vertex 89.576 84.8 19.6171
      vertex 90.15 84.8 19.5029
    endloop
  endfacet
  facet normal 0 1 0
    outer loop
      vertex 113.224 84.8 19.6171
      vertex 113.839 84.8 18.1664
      vertex 112.65 84.8 19.5029
    endloop
  endfacet
  facet normal 0 1 -0
    outer loop
      vertex 104.839 84.8 18.1664
      vertex 104.224 84.8 19.6171
      vertex 105.326 84.8 18.4916
    endloop
  endfacet
  facet normal 0 1 -0
    outer loop
      vertex 100.339 84.8 18.1664
      vertex 99.724 84.8 19.6171
      vertex 100.826 84.8 18.4916
    endloop
  endfacet
  facet normal 0 1 0
    outer loop
      vertex 99.724 84.8 19.6171
      vertex 100.339 84.8 18.1664
      vertex 99.15 84.8 19.5029
    endloop
  endfacet
  facet normal 0 1 -0
    outer loop
      vertex 95.8393 84.8 18.1664
      vertex 95.224 84.8 19.6171
      vertex 96.326 84.8 18.4916
    endloop
  endfacet
  facet normal 0 1 0
    outer loop
      vertex 95.224 84.8 19.6171
      vertex 95.8393 84.8 18.1664
      vertex 94.65 84.8 19.5029
    endloop
  endfacet
  facet normal 0 1 -0
    outer loop
      vertex 91.3393 84.8 18.1664
      vertex 90.724 84.8 19.6171
      vertex 91.826 84.8 18.4916
    endloop
  endfacet
  facet normal 0 1 0
    outer loop
      vertex 90.724 84.8 19.6171
      vertex 91.3393 84.8 18.1664
      vertex 90.15 84.8 19.5029
    endloop
  endfacet
  facet normal 0 1 -0
    outer loop
      vertex 91.0142 84.8 17.6798
      vertex 90.15 84.8 19.5029
      vertex 91.3393 84.8 18.1664
    endloop
  endfacet
  facet normal 0 1 0
    outer loop
      vertex 89.576 84.8 19.6171
      vertex 91.0142 84.8 17.6798
      vertex 90.9 84.8 17.1058
    endloop
  endfacet
  facet normal 0 1 0
    outer loop
      vertex 89.0893 84.8 19.9422
      vertex 90.9 84.8 17.1058
      vertex 91.0142 84.8 16.5317
    endloop
  endfacet
  facet normal 0 1 0
    outer loop
      vertex 75.4765 84.8 22.0022
      vertex 93.2642 84.8 12.6346
      vertex 75.0916 84.8 21.9257
    endloop
  endfacet
  facet normal 0 1 0
    outer loop
      vertex 75.0916 84.8 21.9257
      vertex 93.2642 84.8 12.6346
      vertex 74.7 84.8 21.9
    endloop
  endfacet
  facet normal 0 1 0
    outer loop
      vertex 93.5893 84.8 12.148
      vertex 74.7 84.8 21.9
      vertex 93.2642 84.8 12.6346
    endloop
  endfacet
  facet normal 0 1 0
    outer loop
      vertex 74.7 84.8 21.9
      vertex 93.5893 84.8 12.148
      vertex 74.3084 84.8 21.9257
    endloop
  endfacet
  facet normal 0 1 0
    outer loop
      vertex 93.15 84.8 13.2087
      vertex 91.3393 84.8 16.0451
      vertex 91.826 84.8 15.72
    endloop
  endfacet
  facet normal 0 1 -0
    outer loop
      vertex 111.589 84.8 14.2693
      vertex 110.4 84.8 15.6058
      vertex 112.076 84.8 14.5945
    endloop
  endfacet
  facet normal 0 1 -0
    outer loop
      vertex 103.076 84.8 14.5945
      vertex 101.4 84.8 15.6058
      vertex 103.65 84.8 14.7087
    endloop
  endfacet
  facet normal 0 1 -0
    outer loop
      vertex 102.589 84.8 14.2693
      vertex 101.4 84.8 15.6058
      vertex 103.076 84.8 14.5945
    endloop
  endfacet
  facet normal 0 1 -0
    outer loop
      vertex 98.576 84.8 14.5945
      vertex 96.9 84.8 15.6058
      vertex 99.15 84.8 14.7087
    endloop
  endfacet
  facet normal 0 1 -0
    outer loop
      vertex 98.0893 84.8 14.2693
      vertex 96.9 84.8 15.6058
      vertex 98.576 84.8 14.5945
    endloop
  endfacet
  facet normal 0 1 -0
    outer loop
      vertex 94.076 84.8 14.5945
      vertex 92.4 84.8 15.6058
      vertex 94.65 84.8 14.7087
    endloop
  endfacet
  facet normal 0 1 -0
    outer loop
      vertex 93.5893 84.8 14.2693
      vertex 92.4 84.8 15.6058
      vertex 94.076 84.8 14.5945
    endloop
  endfacet
  facet normal 0 1 -0
    outer loop
      vertex 93.2642 84.8 13.7827
      vertex 92.4 84.8 15.6058
      vertex 93.5893 84.8 14.2693
    endloop
  endfacet
  facet normal 0 1 0
    outer loop
      vertex 92.4 84.8 15.6058
      vertex 93.2642 84.8 13.7827
      vertex 91.826 84.8 15.72
    endloop
  endfacet
  facet normal 0 1 -0
    outer loop
      vertex 93.15 84.8 13.2087
      vertex 91.826 84.8 15.72
      vertex 93.2642 84.8 13.7827
    endloop
  endfacet
  facet normal 0 1 0
    outer loop
      vertex 91.3393 84.8 16.0451
      vertex 93.15 84.8 13.2087
      vertex 93.2642 84.8 12.6346
    endloop
  endfacet
  facet normal 0 1 0
    outer loop
      vertex 74.3084 84.8 21.9257
      vertex 93.5893 84.8 12.148
      vertex 73.9235 84.8 22.0022
    endloop
  endfacet
  facet normal 0 1 0
    outer loop
      vertex 0 84.8 0
      vertex 73.9235 84.8 22.0022
      vertex 93.5893 84.8 12.148
    endloop
  endfacet
  facet normal 0 1 0
    outer loop
      vertex 73.9235 84.8 22.0022
      vertex 0 84.8 0
      vertex 73.5519 84.8 22.1284
    endloop
  endfacet
  facet normal 0 1 0
    outer loop
      vertex 0 84.8 0
      vertex 93.5893 84.8 12.148
      vertex 94.076 84.8 11.8228
    endloop
  endfacet
  facet normal 0 1 -0
    outer loop
      vertex 104.839 84.8 10.3722
      vertex 103.65 84.8 11.7087
      vertex 105.326 84.8 10.6974
    endloop
  endfacet
  facet normal 0 1 -0
    outer loop
      vertex 100.826 84.8 10.6974
      vertex 99.15 84.8 11.7087
      vertex 101.4 84.8 10.8115
    endloop
  endfacet
  facet normal 0 1 -0
    outer loop
      vertex 100.339 84.8 10.3722
      vertex 99.15 84.8 11.7087
      vertex 100.826 84.8 10.6974
    endloop
  endfacet
  facet normal 0 1 -0
    outer loop
      vertex 100.014 84.8 9.88557
      vertex 99.15 84.8 11.7087
      vertex 100.339 84.8 10.3722
    endloop
  endfacet
  facet normal 0 1 -0
    outer loop
      vertex 99.9 84.8 9.31154
      vertex 99.15 84.8 11.7087
      vertex 100.014 84.8 9.88557
    endloop
  endfacet
  facet normal 0 1 0
    outer loop
      vertex 99.15 84.8 11.7087
      vertex 99.9 84.8 9.31154
      vertex 94.65 84.8 11.7087
    endloop
  endfacet
  facet normal 0 1 0
    outer loop
      vertex 100.014 84.8 8.73752
      vertex 94.65 84.8 11.7087
      vertex 99.9 84.8 9.31154
    endloop
  endfacet
  facet normal 0 1 0
    outer loop
      vertex 100.339 84.8 8.25088
      vertex 94.65 84.8 11.7087
      vertex 100.014 84.8 8.73752
    endloop
  endfacet
  facet normal 0 1 0
    outer loop
      vertex 94.65 84.8 11.7087
      vertex 100.339 84.8 8.25088
      vertex 94.076 84.8 11.8228
    endloop
  endfacet
  facet normal 0 1 0
    outer loop
      vertex 100.826 84.8 7.92572
      vertex 94.076 84.8 11.8228
      vertex 100.339 84.8 8.25088
    endloop
  endfacet
  facet normal 0 1 0
    outer loop
      vertex 94.076 84.8 11.8228
      vertex 100.826 84.8 7.92572
      vertex 0 84.8 0
    endloop
  endfacet
  facet normal 0 1 0
    outer loop
      vertex 71.7257 84.8 25.2916
      vertex 0 84.8 0
      vertex 0 84.8 62.4
    endloop
  endfacet
  facet normal 0 1 0
    outer loop
      vertex 73.5519 84.8 22.1284
      vertex 0 84.8 0
      vertex 73.2 84.8 22.3019
    endloop
  endfacet
  facet normal 0 1 0
    outer loop
      vertex 101.4 84.8 7.81154
      vertex 0 84.8 0
      vertex 100.826 84.8 7.92572
    endloop
  endfacet
  facet normal 0 1 0
    outer loop
      vertex 0 84.8 0
      vertex 101.4 84.8 7.81154
      vertex 163.4 84.8 0
    endloop
  endfacet
  facet normal 0 1 0
    outer loop
      vertex 109.211 84.8 27.7365
      vertex 109.826 84.8 26.2858
      vertex 108.724 84.8 27.4113
    endloop
  endfacet
  facet normal 0 1 -0
    outer loop
      vertex 104.839 84.8 25.9607
      vertex 104.224 84.8 27.4113
      vertex 105.326 84.8 26.2858
    endloop
  endfacet
  facet normal 0 1 0
    outer loop
      vertex 95.7107 84.8 27.7365
      vertex 96.326 84.8 26.2858
      vertex 95.224 84.8 27.4113
    endloop
  endfacet
  facet normal 0 1 -0
    outer loop
      vertex 95.8393 84.8 25.9607
      vertex 95.224 84.8 27.4113
      vertex 96.326 84.8 26.2858
    endloop
  endfacet
  facet normal 0 1 0
    outer loop
      vertex 90.724 84.8 27.4113
      vertex 91.3393 84.8 25.9607
      vertex 90.15 84.8 27.2971
    endloop
  endfacet
  facet normal 0 1 0
    outer loop
      vertex 88.65 84.8 28.7971
      vertex 76.8213 84.8 27.0213
      vertex 76.5263 84.8 27.2801
    endloop
  endfacet
  facet normal 0 1 -0
    outer loop
      vertex 91.0142 84.8 25.474
      vertex 90.15 84.8 27.2971
      vertex 91.3393 84.8 25.9607
    endloop
  endfacet
  facet normal 0 1 0
    outer loop
      vertex 88.65 84.8 28.7971
      vertex 77.0801 84.8 26.7263
      vertex 76.8213 84.8 27.0213
    endloop
  endfacet
  facet normal 0 1 0
    outer loop
      vertex 88.65 84.8 28.7971
      vertex 77.2981 84.8 26.4
      vertex 77.0801 84.8 26.7263
    endloop
  endfacet
  facet normal 0 1 0
    outer loop
      vertex 89.576 84.8 27.4113
      vertex 91.0142 84.8 25.474
      vertex 90.9 84.8 24.9
    endloop
  endfacet
  facet normal 0 1 0
    outer loop
      vertex 88.65 84.8 28.7971
      vertex 77.4716 84.8 26.048
      vertex 77.2981 84.8 26.4
    endloop
  endfacet
  facet normal 0 1 0
    outer loop
      vertex 88.65 84.8 28.7971
      vertex 77.5978 84.8 25.6765
      vertex 77.4716 84.8 26.048
    endloop
  endfacet
  facet normal 0 1 0
    outer loop
      vertex 88.7642 84.8 28.2231
      vertex 77.6743 84.8 25.2916
      vertex 77.5978 84.8 25.6765
    endloop
  endfacet
  facet normal 0 1 0
    outer loop
      vertex 89.0893 84.8 27.7365
      vertex 90.9 84.8 24.9
      vertex 91.0142 84.8 24.326
    endloop
  endfacet
  facet normal 0 1 0
    outer loop
      vertex 88.7642 84.8 28.2231
      vertex 77.7 84.8 24.9
      vertex 77.6743 84.8 25.2916
    endloop
  endfacet
  facet normal 0 1 0
    outer loop
      vertex 89.0893 84.8 27.7365
      vertex 77.6743 84.8 24.5084
      vertex 77.7 84.8 24.9
    endloop
  endfacet
  facet normal 0 1 0
    outer loop
      vertex 77.5978 84.8 24.1235
      vertex 89.0893 84.8 27.7365
      vertex 91.0142 84.8 24.326
    endloop
  endfacet
  facet normal 0 1 0
    outer loop
      vertex 89.0893 84.8 27.7365
      vertex 77.5978 84.8 24.1235
      vertex 77.6743 84.8 24.5084
    endloop
  endfacet
  facet normal 0 1 0
    outer loop
      vertex 77.2981 84.8 23.4
      vertex 91.0142 84.8 24.326
      vertex 91.3393 84.8 23.8393
    endloop
  endfacet
  facet normal 0 1 0
    outer loop
      vertex 91.0142 84.8 24.326
      vertex 77.4716 84.8 23.7519
      vertex 77.5978 84.8 24.1235
    endloop
  endfacet
  facet normal 0 1 0
    outer loop
      vertex 77.2981 84.8 23.4
      vertex 91.3393 84.8 23.8393
      vertex 91.826 84.8 23.5142
    endloop
  endfacet
  facet normal 0 1 0
    outer loop
      vertex 77.2981 84.8 23.4
      vertex 91.826 84.8 23.5142
      vertex 92.4 84.8 23.4
    endloop
  endfacet
  facet normal 0 1 0
    outer loop
      vertex 91.0142 84.8 24.326
      vertex 77.2981 84.8 23.4
      vertex 77.4716 84.8 23.7519
    endloop
  endfacet
  facet normal 0 1 -0
    outer loop
      vertex 116.089 84.8 22.0635
      vertex 115.474 84.8 23.5142
      vertex 116.576 84.8 22.3887
    endloop
  endfacet
  facet normal 0 1 0
    outer loop
      vertex 106.961 84.8 23.8393
      vertex 107.576 84.8 22.3887
      vertex 106.474 84.8 23.5142
    endloop
  endfacet
  facet normal 0 1 -0
    outer loop
      vertex 102.589 84.8 22.0635
      vertex 101.974 84.8 23.5142
      vertex 103.076 84.8 22.3887
    endloop
  endfacet
  facet normal 0 1 -0
    outer loop
      vertex 98.0893 84.8 22.0635
      vertex 97.474 84.8 23.5142
      vertex 98.576 84.8 22.3887
    endloop
  endfacet
  facet normal 0 1 0
    outer loop
      vertex 93.4607 84.8 23.8393
      vertex 94.076 84.8 22.3887
      vertex 92.974 84.8 23.5142
    endloop
  endfacet
  facet normal 0 1 0
    outer loop
      vertex 92.4 84.8 23.4
      vertex 89.576 84.8 22.3887
      vertex 77.2981 84.8 23.4
    endloop
  endfacet
  facet normal 0 1 -0
    outer loop
      vertex 88.7642 84.8 21.5769
      vertex 77.2981 84.8 23.4
      vertex 89.0893 84.8 22.0635
    endloop
  endfacet
  facet normal 0 1 -0
    outer loop
      vertex 88.65 84.8 21.0029
      vertex 77.2981 84.8 23.4
      vertex 88.7642 84.8 21.5769
    endloop
  endfacet
  facet normal 0 1 0
    outer loop
      vertex 77.2981 84.8 23.4
      vertex 88.65 84.8 21.0029
      vertex 77.0801 84.8 23.0737
    endloop
  endfacet
  facet normal 0 1 0
    outer loop
      vertex 88.7642 84.8 20.4289
      vertex 77.0801 84.8 23.0737
      vertex 88.65 84.8 21.0029
    endloop
  endfacet
  facet normal 0 1 0
    outer loop
      vertex 77.0801 84.8 23.0737
      vertex 88.7642 84.8 20.4289
      vertex 76.8213 84.8 22.7787
    endloop
  endfacet
  facet normal 0 1 0
    outer loop
      vertex 76.8213 84.8 22.7787
      vertex 88.7642 84.8 20.4289
      vertex 76.5263 84.8 22.5199
    endloop
  endfacet
  facet normal 0 1 0
    outer loop
      vertex 89.0893 84.8 19.9422
      vertex 76.5263 84.8 22.5199
      vertex 88.7642 84.8 20.4289
    endloop
  endfacet
  facet normal 0 1 0
    outer loop
      vertex 76.5263 84.8 22.5199
      vertex 89.0893 84.8 19.9422
      vertex 76.2 84.8 22.3019
    endloop
  endfacet
  facet normal 0 1 0
    outer loop
      vertex 91.0142 84.8 16.5317
      vertex 76.2 84.8 22.3019
      vertex 89.0893 84.8 19.9422
    endloop
  endfacet
  facet normal -0 1 0
    outer loop
      vertex 101.4 84.8 10.8115
      vertex 103.65 84.8 11.7087
      vertex 101.974 84.8 10.6974
    endloop
  endfacet
  facet normal 0 1 0
    outer loop
      vertex 103.65 84.8 11.7087
      vertex 101.4 84.8 10.8115
      vertex 99.15 84.8 11.7087
    endloop
  endfacet
  facet normal 0 1 -0
    outer loop
      vertex 104.514 84.8 9.88557
      vertex 103.65 84.8 11.7087
      vertex 104.839 84.8 10.3722
    endloop
  endfacet
  facet normal 0 1 0
    outer loop
      vertex 103.65 84.8 11.7087
      vertex 102.461 84.8 10.3722
      vertex 101.974 84.8 10.6974
    endloop
  endfacet
  facet normal 0 1 0
    outer loop
      vertex 102.786 84.8 9.88557
      vertex 103.65 84.8 11.7087
      vertex 104.514 84.8 9.88557
    endloop
  endfacet
  facet normal 0 1 0
    outer loop
      vertex 103.65 84.8 11.7087
      vertex 102.786 84.8 9.88557
      vertex 102.461 84.8 10.3722
    endloop
  endfacet
  facet normal 0 1 -0
    outer loop
      vertex 104.4 84.8 9.31154
      vertex 102.786 84.8 9.88557
      vertex 104.514 84.8 9.88557
    endloop
  endfacet
  facet normal 0 1 0
    outer loop
      vertex 104.4 84.8 9.31154
      vertex 102.9 84.8 9.31154
      vertex 102.786 84.8 9.88557
    endloop
  endfacet
  facet normal 0 1 0
    outer loop
      vertex 104.514 84.8 8.73752
      vertex 102.9 84.8 9.31154
      vertex 104.4 84.8 9.31154
    endloop
  endfacet
  facet normal 0 1 0
    outer loop
      vertex 104.514 84.8 8.73752
      vertex 102.786 84.8 8.73752
      vertex 102.9 84.8 9.31154
    endloop
  endfacet
  facet normal 0 1 0
    outer loop
      vertex 104.839 84.8 8.25088
      vertex 102.786 84.8 8.73752
      vertex 104.514 84.8 8.73752
    endloop
  endfacet
  facet normal 0 1 0
    outer loop
      vertex 104.839 84.8 8.25088
      vertex 102.461 84.8 8.25088
      vertex 102.786 84.8 8.73752
    endloop
  endfacet
  facet normal 0 1 0
    outer loop
      vertex 105.326 84.8 7.92572
      vertex 102.461 84.8 8.25088
      vertex 104.839 84.8 8.25088
    endloop
  endfacet
  facet normal 0 1 0
    outer loop
      vertex 105.326 84.8 7.92572
      vertex 101.974 84.8 7.92572
      vertex 102.461 84.8 8.25088
    endloop
  endfacet
  facet normal 0 1 0
    outer loop
      vertex 105.9 84.8 7.81154
      vertex 101.974 84.8 7.92572
      vertex 105.326 84.8 7.92572
    endloop
  endfacet
  facet normal 0 1 0
    outer loop
      vertex 101.974 84.8 7.92572
      vertex 105.9 84.8 7.81154
      vertex 101.4 84.8 7.81154
    endloop
  endfacet
  facet normal -0 1 0
    outer loop
      vertex 105.9 84.8 10.8115
      vertex 108.15 84.8 11.7087
      vertex 106.474 84.8 10.6974
    endloop
  endfacet
  facet normal 0 1 0
    outer loop
      vertex 108.15 84.8 11.7087
      vertex 105.9 84.8 10.8115
      vertex 103.65 84.8 11.7087
    endloop
  endfacet
  facet normal 0 1 -0
    outer loop
      vertex 109.014 84.8 9.88557
      vertex 108.15 84.8 11.7087
      vertex 109.339 84.8 10.3722
    endloop
  endfacet
  facet normal 0 1 0
    outer loop
      vertex 108.15 84.8 11.7087
      vertex 106.961 84.8 10.3722
      vertex 106.474 84.8 10.6974
    endloop
  endfacet
  facet normal 0 1 0
    outer loop
      vertex 107.286 84.8 9.88557
      vertex 108.15 84.8 11.7087
      vertex 109.014 84.8 9.88557
    endloop
  endfacet
  facet normal 0 1 0
    outer loop
      vertex 108.15 84.8 11.7087
      vertex 107.286 84.8 9.88557
      vertex 106.961 84.8 10.3722
    endloop
  endfacet
  facet normal 0 1 -0
    outer loop
      vertex 108.9 84.8 9.31154
      vertex 107.286 84.8 9.88557
      vertex 109.014 84.8 9.88557
    endloop
  endfacet
  facet normal 0 1 0
    outer loop
      vertex 108.9 84.8 9.31154
      vertex 107.4 84.8 9.31154
      vertex 107.286 84.8 9.88557
    endloop
  endfacet
  facet normal 0 1 0
    outer loop
      vertex 109.014 84.8 8.73752
      vertex 107.4 84.8 9.31154
      vertex 108.9 84.8 9.31154
    endloop
  endfacet
  facet normal 0 1 0
    outer loop
      vertex 109.014 84.8 8.73752
      vertex 107.286 84.8 8.73752
      vertex 107.4 84.8 9.31154
    endloop
  endfacet
  facet normal 0 1 0
    outer loop
      vertex 109.339 84.8 8.25088
      vertex 107.286 84.8 8.73752
      vertex 109.014 84.8 8.73752
    endloop
  endfacet
  facet normal 0 1 0
    outer loop
      vertex 109.339 84.8 8.25088
      vertex 106.961 84.8 8.25088
      vertex 107.286 84.8 8.73752
    endloop
  endfacet
  facet normal 0 1 0
    outer loop
      vertex 109.826 84.8 7.92572
      vertex 106.961 84.8 8.25088
      vertex 109.339 84.8 8.25088
    endloop
  endfacet
  facet normal 0 1 0
    outer loop
      vertex 109.826 84.8 7.92572
      vertex 106.474 84.8 7.92572
      vertex 106.961 84.8 8.25088
    endloop
  endfacet
  facet normal 0 1 0
    outer loop
      vertex 110.4 84.8 7.81154
      vertex 106.474 84.8 7.92572
      vertex 109.826 84.8 7.92572
    endloop
  endfacet
  facet normal 0 1 0
    outer loop
      vertex 106.474 84.8 7.92572
      vertex 110.4 84.8 7.81154
      vertex 105.9 84.8 7.81154
    endloop
  endfacet
  facet normal -0 1 0
    outer loop
      vertex 94.65 84.8 14.7087
      vertex 96.9 84.8 15.6058
      vertex 95.224 84.8 14.5945
    endloop
  endfacet
  facet normal 0 1 0
    outer loop
      vertex 96.9 84.8 15.6058
      vertex 94.65 84.8 14.7087
      vertex 92.4 84.8 15.6058
    endloop
  endfacet
  facet normal 0 1 -0
    outer loop
      vertex 97.7642 84.8 13.7827
      vertex 96.9 84.8 15.6058
      vertex 98.0893 84.8 14.2693
    endloop
  endfacet
  facet normal 0 1 0
    outer loop
      vertex 96.9 84.8 15.6058
      vertex 95.7107 84.8 14.2693
      vertex 95.224 84.8 14.5945
    endloop
  endfacet
  facet normal 0 1 0
    outer loop
      vertex 96.0358 84.8 13.7827
      vertex 96.9 84.8 15.6058
      vertex 97.7642 84.8 13.7827
    endloop
  endfacet
  facet normal 0 1 0
    outer loop
      vertex 96.9 84.8 15.6058
      vertex 96.0358 84.8 13.7827
      vertex 95.7107 84.8 14.2693
    endloop
  endfacet
  facet normal 0 1 -0
    outer loop
      vertex 97.65 84.8 13.2087
      vertex 96.0358 84.8 13.7827
      vertex 97.7642 84.8 13.7827
    endloop
  endfacet
  facet normal 0 1 0
    outer loop
      vertex 97.65 84.8 13.2087
      vertex 96.15 84.8 13.2087
      vertex 96.0358 84.8 13.7827
    endloop
  endfacet
  facet normal 0 1 0
    outer loop
      vertex 97.7642 84.8 12.6346
      vertex 96.15 84.8 13.2087
      vertex 97.65 84.8 13.2087
    endloop
  endfacet
  facet normal 0 1 0
    outer loop
      vertex 97.7642 84.8 12.6346
      vertex 96.0358 84.8 12.6346
      vertex 96.15 84.8 13.2087
    endloop
  endfacet
  facet normal 0 1 0
    outer loop
      vertex 98.0893 84.8 12.148
      vertex 96.0358 84.8 12.6346
      vertex 97.7642 84.8 12.6346
    endloop
  endfacet
  facet normal 0 1 0
    outer loop
      vertex 98.0893 84.8 12.148
      vertex 95.7107 84.8 12.148
      vertex 96.0358 84.8 12.6346
    endloop
  endfacet
  facet normal 0 1 0
    outer loop
      vertex 98.576 84.8 11.8228
      vertex 95.7107 84.8 12.148
      vertex 98.0893 84.8 12.148
    endloop
  endfacet
  facet normal 0 1 0
    outer loop
      vertex 98.576 84.8 11.8228
      vertex 95.224 84.8 11.8228
      vertex 95.7107 84.8 12.148
    endloop
  endfacet
  facet normal 0 1 0
    outer loop
      vertex 99.15 84.8 11.7087
      vertex 95.224 84.8 11.8228
      vertex 98.576 84.8 11.8228
    endloop
  endfacet
  facet normal 0 1 0
    outer loop
      vertex 95.224 84.8 11.8228
      vertex 99.15 84.8 11.7087
      vertex 94.65 84.8 11.7087
    endloop
  endfacet
  facet normal -0 1 0
    outer loop
      vertex 99.15 84.8 14.7087
      vertex 101.4 84.8 15.6058
      vertex 99.724 84.8 14.5945
    endloop
  endfacet
  facet normal 0 1 0
    outer loop
      vertex 101.4 84.8 15.6058
      vertex 99.15 84.8 14.7087
      vertex 96.9 84.8 15.6058
    endloop
  endfacet
  facet normal 0 1 -0
    outer loop
      vertex 102.264 84.8 13.7827
      vertex 101.4 84.8 15.6058
      vertex 102.589 84.8 14.2693
    endloop
  endfacet
  facet normal 0 1 0
    outer loop
      vertex 101.4 84.8 15.6058
      vertex 100.211 84.8 14.2693
      vertex 99.724 84.8 14.5945
    endloop
  endfacet
  facet normal 0 1 0
    outer loop
      vertex 100.536 84.8 13.7827
      vertex 101.4 84.8 15.6058
      vertex 102.264 84.8 13.7827
    endloop
  endfacet
  facet normal 0 1 0
    outer loop
      vertex 101.4 84.8 15.6058
      vertex 100.536 84.8 13.7827
      vertex 100.211 84.8 14.2693
    endloop
  endfacet
  facet normal 0 1 -0
    outer loop
      vertex 102.15 84.8 13.2087
      vertex 100.536 84.8 13.7827
      vertex 102.264 84.8 13.7827
    endloop
  endfacet
  facet normal 0 1 0
    outer loop
      vertex 102.15 84.8 13.2087
      vertex 100.65 84.8 13.2087
      vertex 100.536 84.8 13.7827
    endloop
  endfacet
  facet normal 0 1 0
    outer loop
      vertex 102.264 84.8 12.6346
      vertex 100.65 84.8 13.2087
      vertex 102.15 84.8 13.2087
    endloop
  endfacet
  facet normal 0 1 0
    outer loop
      vertex 102.264 84.8 12.6346
      vertex 100.536 84.8 12.6346
      vertex 100.65 84.8 13.2087
    endloop
  endfacet
  facet normal 0 1 0
    outer loop
      vertex 102.589 84.8 12.148
      vertex 100.536 84.8 12.6346
      vertex 102.264 84.8 12.6346
    endloop
  endfacet
  facet normal 0 1 0
    outer loop
      vertex 102.589 84.8 12.148
      vertex 100.211 84.8 12.148
      vertex 100.536 84.8 12.6346
    endloop
  endfacet
  facet normal 0 1 0
    outer loop
      vertex 103.076 84.8 11.8228
      vertex 100.211 84.8 12.148
      vertex 102.589 84.8 12.148
    endloop
  endfacet
  facet normal 0 1 0
    outer loop
      vertex 103.076 84.8 11.8228
      vertex 99.724 84.8 11.8228
      vertex 100.211 84.8 12.148
    endloop
  endfacet
  facet normal 0 1 0
    outer loop
      vertex 103.65 84.8 11.7087
      vertex 99.724 84.8 11.8228
      vertex 103.076 84.8 11.8228
    endloop
  endfacet
  facet normal 0 1 0
    outer loop
      vertex 99.724 84.8 11.8228
      vertex 103.65 84.8 11.7087
      vertex 99.15 84.8 11.7087
    endloop
  endfacet
  facet normal -0 1 0
    outer loop
      vertex 103.65 84.8 14.7087
      vertex 105.9 84.8 15.6058
      vertex 104.224 84.8 14.5945
    endloop
  endfacet
  facet normal 0 1 0
    outer loop
      vertex 105.9 84.8 15.6058
      vertex 103.65 84.8 14.7087
      vertex 101.4 84.8 15.6058
    endloop
  endfacet
  facet normal 0 1 -0
    outer loop
      vertex 106.764 84.8 13.7827
      vertex 105.9 84.8 15.6058
      vertex 107.089 84.8 14.2693
    endloop
  endfacet
  facet normal 0 1 0
    outer loop
      vertex 105.9 84.8 15.6058
      vertex 104.711 84.8 14.2693
      vertex 104.224 84.8 14.5945
    endloop
  endfacet
  facet normal 0 1 0
    outer loop
      vertex 105.036 84.8 13.7827
      vertex 105.9 84.8 15.6058
      vertex 106.764 84.8 13.7827
    endloop
  endfacet
  facet normal 0 1 0
    outer loop
      vertex 105.9 84.8 15.6058
      vertex 105.036 84.8 13.7827
      vertex 104.711 84.8 14.2693
    endloop
  endfacet
  facet normal 0 1 -0
    outer loop
      vertex 106.65 84.8 13.2087
      vertex 105.036 84.8 13.7827
      vertex 106.764 84.8 13.7827
    endloop
  endfacet
  facet normal 0 1 0
    outer loop
      vertex 106.65 84.8 13.2087
      vertex 105.15 84.8 13.2087
      vertex 105.036 84.8 13.7827
    endloop
  endfacet
  facet normal 0 1 0
    outer loop
      vertex 106.764 84.8 12.6346
      vertex 105.15 84.8 13.2087
      vertex 106.65 84.8 13.2087
    endloop
  endfacet
  facet normal 0 1 0
    outer loop
      vertex 106.764 84.8 12.6346
      vertex 105.036 84.8 12.6346
      vertex 105.15 84.8 13.2087
    endloop
  endfacet
  facet normal 0 1 0
    outer loop
      vertex 107.089 84.8 12.148
      vertex 105.036 84.8 12.6346
      vertex 106.764 84.8 12.6346
    endloop
  endfacet
  facet normal 0 1 0
    outer loop
      vertex 107.089 84.8 12.148
      vertex 104.711 84.8 12.148
      vertex 105.036 84.8 12.6346
    endloop
  endfacet
  facet normal 0 1 0
    outer loop
      vertex 107.576 84.8 11.8228
      vertex 104.711 84.8 12.148
      vertex 107.089 84.8 12.148
    endloop
  endfacet
  facet normal 0 1 0
    outer loop
      vertex 107.576 84.8 11.8228
      vertex 104.224 84.8 11.8228
      vertex 104.711 84.8 12.148
    endloop
  endfacet
  facet normal 0 1 0
    outer loop
      vertex 108.15 84.8 11.7087
      vertex 104.224 84.8 11.8228
      vertex 107.576 84.8 11.8228
    endloop
  endfacet
  facet normal 0 1 0
    outer loop
      vertex 104.224 84.8 11.8228
      vertex 108.15 84.8 11.7087
      vertex 103.65 84.8 11.7087
    endloop
  endfacet
  facet normal -0 1 0
    outer loop
      vertex 108.15 84.8 14.7087
      vertex 110.4 84.8 15.6058
      vertex 108.724 84.8 14.5945
    endloop
  endfacet
  facet normal 0 1 0
    outer loop
      vertex 110.4 84.8 15.6058
      vertex 108.15 84.8 14.7087
      vertex 105.9 84.8 15.6058
    endloop
  endfacet
  facet normal 0 1 -0
    outer loop
      vertex 111.264 84.8 13.7827
      vertex 110.4 84.8 15.6058
      vertex 111.589 84.8 14.2693
    endloop
  endfacet
  facet normal 0 1 0
    outer loop
      vertex 110.4 84.8 15.6058
      vertex 109.211 84.8 14.2693
      vertex 108.724 84.8 14.5945
    endloop
  endfacet
  facet normal 0 1 0
    outer loop
      vertex 109.536 84.8 13.7827
      vertex 110.4 84.8 15.6058
      vertex 111.264 84.8 13.7827
    endloop
  endfacet
  facet normal 0 1 0
    outer loop
      vertex 110.4 84.8 15.6058
      vertex 109.536 84.8 13.7827
      vertex 109.211 84.8 14.2693
    endloop
  endfacet
  facet normal 0 1 -0
    outer loop
      vertex 111.15 84.8 13.2087
      vertex 109.536 84.8 13.7827
      vertex 111.264 84.8 13.7827
    endloop
  endfacet
  facet normal 0 1 0
    outer loop
      vertex 111.15 84.8 13.2087
      vertex 109.65 84.8 13.2087
      vertex 109.536 84.8 13.7827
    endloop
  endfacet
  facet normal 0 1 0
    outer loop
      vertex 111.264 84.8 12.6346
      vertex 109.65 84.8 13.2087
      vertex 111.15 84.8 13.2087
    endloop
  endfacet
  facet normal 0 1 0
    outer loop
      vertex 111.264 84.8 12.6346
      vertex 109.536 84.8 12.6346
      vertex 109.65 84.8 13.2087
    endloop
  endfacet
  facet normal 0 1 0
    outer loop
      vertex 111.589 84.8 12.148
      vertex 109.536 84.8 12.6346
      vertex 111.264 84.8 12.6346
    endloop
  endfacet
  facet normal 0 1 0
    outer loop
      vertex 111.589 84.8 12.148
      vertex 109.211 84.8 12.148
      vertex 109.536 84.8 12.6346
    endloop
  endfacet
  facet normal 0 1 0
    outer loop
      vertex 112.076 84.8 11.8228
      vertex 109.211 84.8 12.148
      vertex 111.589 84.8 12.148
    endloop
  endfacet
  facet normal 0 1 0
    outer loop
      vertex 112.076 84.8 11.8228
      vertex 108.724 84.8 11.8228
      vertex 109.211 84.8 12.148
    endloop
  endfacet
  facet normal 0 1 0
    outer loop
      vertex 112.65 84.8 11.7087
      vertex 108.724 84.8 11.8228
      vertex 112.076 84.8 11.8228
    endloop
  endfacet
  facet normal 0 1 0
    outer loop
      vertex 108.724 84.8 11.8228
      vertex 112.65 84.8 11.7087
      vertex 108.15 84.8 11.7087
    endloop
  endfacet
  facet normal 0 1 0
    outer loop
      vertex 115.474 84.8 15.72
      vertex 116.089 84.8 14.2693
      vertex 114.9 84.8 15.6058
    endloop
  endfacet
  facet normal 0 1 0
    outer loop
      vertex 114.9 84.8 15.6058
      vertex 112.65 84.8 14.7087
      vertex 110.4 84.8 15.6058
    endloop
  endfacet
  facet normal 0 1 -0
    outer loop
      vertex 115.764 84.8 13.7827
      vertex 114.9 84.8 15.6058
      vertex 116.089 84.8 14.2693
    endloop
  endfacet
  facet normal 0 1 0
    outer loop
      vertex 114.9 84.8 15.6058
      vertex 113.711 84.8 14.2693
      vertex 113.224 84.8 14.5945
    endloop
  endfacet
  facet normal 0 1 0
    outer loop
      vertex 114.036 84.8 13.7827
      vertex 114.9 84.8 15.6058
      vertex 115.764 84.8 13.7827
    endloop
  endfacet
  facet normal 0 1 0
    outer loop
      vertex 114.9 84.8 15.6058
      vertex 114.036 84.8 13.7827
      vertex 113.711 84.8 14.2693
    endloop
  endfacet
  facet normal 0 1 -0
    outer loop
      vertex 115.65 84.8 13.2087
      vertex 114.036 84.8 13.7827
      vertex 115.764 84.8 13.7827
    endloop
  endfacet
  facet normal 0 1 0
    outer loop
      vertex 115.65 84.8 13.2087
      vertex 114.15 84.8 13.2087
      vertex 114.036 84.8 13.7827
    endloop
  endfacet
  facet normal 0 1 0
    outer loop
      vertex 115.764 84.8 12.6346
      vertex 114.15 84.8 13.2087
      vertex 115.65 84.8 13.2087
    endloop
  endfacet
  facet normal 0 1 0
    outer loop
      vertex 115.764 84.8 12.6346
      vertex 114.036 84.8 12.6346
      vertex 114.15 84.8 13.2087
    endloop
  endfacet
  facet normal 0 1 0
    outer loop
      vertex 116.089 84.8 12.148
      vertex 114.036 84.8 12.6346
      vertex 115.764 84.8 12.6346
    endloop
  endfacet
  facet normal 0 1 0
    outer loop
      vertex 116.089 84.8 12.148
      vertex 113.711 84.8 12.148
      vertex 114.036 84.8 12.6346
    endloop
  endfacet
  facet normal 0 1 0
    outer loop
      vertex 116.576 84.8 11.8228
      vertex 113.711 84.8 12.148
      vertex 116.089 84.8 12.148
    endloop
  endfacet
  facet normal 0 1 0
    outer loop
      vertex 116.576 84.8 11.8228
      vertex 113.224 84.8 11.8228
      vertex 113.711 84.8 12.148
    endloop
  endfacet
  facet normal 0 1 0
    outer loop
      vertex 111.9 84.8 9.31154
      vertex 116.576 84.8 11.8228
      vertex 117.15 84.8 11.7087
    endloop
  endfacet
  facet normal 0 1 0
    outer loop
      vertex 116.576 84.8 11.8228
      vertex 111.9 84.8 9.31154
      vertex 113.224 84.8 11.8228
    endloop
  endfacet
  facet normal 0 1 0
    outer loop
      vertex 93.5893 84.8 19.9422
      vertex 92.974 84.8 18.4916
      vertex 92.4 84.8 18.6058
    endloop
  endfacet
  facet normal 0 1 0
    outer loop
      vertex 91.2107 84.8 19.9422
      vertex 91.826 84.8 18.4916
      vertex 90.724 84.8 19.6171
    endloop
  endfacet
  facet normal 0 1 -0
    outer loop
      vertex 95.5142 84.8 17.6798
      vertex 94.65 84.8 19.5029
      vertex 95.8393 84.8 18.1664
    endloop
  endfacet
  facet normal 0 1 0
    outer loop
      vertex 94.076 84.8 19.6171
      vertex 93.4607 84.8 18.1664
      vertex 92.974 84.8 18.4916
    endloop
  endfacet
  facet normal 0 1 0
    outer loop
      vertex 93.7858 84.8 17.6798
      vertex 94.65 84.8 19.5029
      vertex 95.5142 84.8 17.6798
    endloop
  endfacet
  facet normal 0 1 0
    outer loop
      vertex 94.65 84.8 19.5029
      vertex 93.7858 84.8 17.6798
      vertex 93.4607 84.8 18.1664
    endloop
  endfacet
  facet normal 0 1 -0
    outer loop
      vertex 95.4 84.8 17.1058
      vertex 93.7858 84.8 17.6798
      vertex 95.5142 84.8 17.6798
    endloop
  endfacet
  facet normal 0 1 0
    outer loop
      vertex 95.4 84.8 17.1058
      vertex 93.9 84.8 17.1058
      vertex 93.7858 84.8 17.6798
    endloop
  endfacet
  facet normal 0 1 0
    outer loop
      vertex 95.5142 84.8 16.5317
      vertex 93.9 84.8 17.1058
      vertex 95.4 84.8 17.1058
    endloop
  endfacet
  facet normal 0 1 0
    outer loop
      vertex 95.5142 84.8 16.5317
      vertex 93.7858 84.8 16.5317
      vertex 93.9 84.8 17.1058
    endloop
  endfacet
  facet normal 0 1 0
    outer loop
      vertex 95.8393 84.8 16.0451
      vertex 93.7858 84.8 16.5317
      vertex 95.5142 84.8 16.5317
    endloop
  endfacet
  facet normal 0 1 0
    outer loop
      vertex 95.8393 84.8 16.0451
      vertex 93.4607 84.8 16.0451
      vertex 93.7858 84.8 16.5317
    endloop
  endfacet
  facet normal 0 1 0
    outer loop
      vertex 96.326 84.8 15.72
      vertex 93.4607 84.8 16.0451
      vertex 95.8393 84.8 16.0451
    endloop
  endfacet
  facet normal 0 1 0
    outer loop
      vertex 96.326 84.8 15.72
      vertex 92.974 84.8 15.72
      vertex 93.4607 84.8 16.0451
    endloop
  endfacet
  facet normal 0 1 0
    outer loop
      vertex 96.9 84.8 15.6058
      vertex 92.974 84.8 15.72
      vertex 96.326 84.8 15.72
    endloop
  endfacet
  facet normal 0 1 0
    outer loop
      vertex 92.974 84.8 15.72
      vertex 96.9 84.8 15.6058
      vertex 92.4 84.8 15.6058
    endloop
  endfacet
  facet normal 0 1 0
    outer loop
      vertex 98.0893 84.8 19.9422
      vertex 97.474 84.8 18.4916
      vertex 96.9 84.8 18.6058
    endloop
  endfacet
  facet normal 0 1 0
    outer loop
      vertex 95.7107 84.8 19.9422
      vertex 96.326 84.8 18.4916
      vertex 95.224 84.8 19.6171
    endloop
  endfacet
  facet normal 0 1 -0
    outer loop
      vertex 100.014 84.8 17.6798
      vertex 99.15 84.8 19.5029
      vertex 100.339 84.8 18.1664
    endloop
  endfacet
  facet normal 0 1 0
    outer loop
      vertex 98.576 84.8 19.6171
      vertex 97.9607 84.8 18.1664
      vertex 97.474 84.8 18.4916
    endloop
  endfacet
  facet normal 0 1 0
    outer loop
      vertex 98.2858 84.8 17.6798
      vertex 99.15 84.8 19.5029
      vertex 100.014 84.8 17.6798
    endloop
  endfacet
  facet normal 0 1 0
    outer loop
      vertex 99.15 84.8 19.5029
      vertex 98.2858 84.8 17.6798
      vertex 97.9607 84.8 18.1664
    endloop
  endfacet
  facet normal 0 1 -0
    outer loop
      vertex 99.9 84.8 17.1058
      vertex 98.2858 84.8 17.6798
      vertex 100.014 84.8 17.6798
    endloop
  endfacet
  facet normal 0 1 0
    outer loop
      vertex 99.9 84.8 17.1058
      vertex 98.4 84.8 17.1058
      vertex 98.2858 84.8 17.6798
    endloop
  endfacet
  facet normal 0 1 0
    outer loop
      vertex 100.014 84.8 16.5317
      vertex 98.4 84.8 17.1058
      vertex 99.9 84.8 17.1058
    endloop
  endfacet
  facet normal 0 1 0
    outer loop
      vertex 100.014 84.8 16.5317
      vertex 98.2858 84.8 16.5317
      vertex 98.4 84.8 17.1058
    endloop
  endfacet
  facet normal 0 1 0
    outer loop
      vertex 100.339 84.8 16.0451
      vertex 98.2858 84.8 16.5317
      vertex 100.014 84.8 16.5317
    endloop
  endfacet
  facet normal 0 1 0
    outer loop
      vertex 100.339 84.8 16.0451
      vertex 97.9607 84.8 16.0451
      vertex 98.2858 84.8 16.5317
    endloop
  endfacet
  facet normal 0 1 0
    outer loop
      vertex 100.826 84.8 15.72
      vertex 97.9607 84.8 16.0451
      vertex 100.339 84.8 16.0451
    endloop
  endfacet
  facet normal 0 1 0
    outer loop
      vertex 100.826 84.8 15.72
      vertex 97.474 84.8 15.72
      vertex 97.9607 84.8 16.0451
    endloop
  endfacet
  facet normal 0 1 0
    outer loop
      vertex 101.4 84.8 15.6058
      vertex 97.474 84.8 15.72
      vertex 100.826 84.8 15.72
    endloop
  endfacet
  facet normal 0 1 0
    outer loop
      vertex 97.474 84.8 15.72
      vertex 101.4 84.8 15.6058
      vertex 96.9 84.8 15.6058
    endloop
  endfacet
  facet normal 0 1 0
    outer loop
      vertex 102.589 84.8 19.9422
      vertex 101.974 84.8 18.4916
      vertex 101.4 84.8 18.6058
    endloop
  endfacet
  facet normal 0 1 0
    outer loop
      vertex 100.211 84.8 19.9422
      vertex 100.826 84.8 18.4916
      vertex 99.724 84.8 19.6171
    endloop
  endfacet
  facet normal 0 1 -0
    outer loop
      vertex 104.514 84.8 17.6798
      vertex 103.65 84.8 19.5029
      vertex 104.839 84.8 18.1664
    endloop
  endfacet
  facet normal 0 1 0
    outer loop
      vertex 103.076 84.8 19.6171
      vertex 102.461 84.8 18.1664
      vertex 101.974 84.8 18.4916
    endloop
  endfacet
  facet normal 0 1 0
    outer loop
      vertex 102.786 84.8 17.6798
      vertex 103.65 84.8 19.5029
      vertex 104.514 84.8 17.6798
    endloop
  endfacet
  facet normal 0 1 0
    outer loop
      vertex 103.65 84.8 19.5029
      vertex 102.786 84.8 17.6798
      vertex 102.461 84.8 18.1664
    endloop
  endfacet
  facet normal 0 1 -0
    outer loop
      vertex 104.4 84.8 17.1058
      vertex 102.786 84.8 17.6798
      vertex 104.514 84.8 17.6798
    endloop
  endfacet
  facet normal 0 1 0
    outer loop
      vertex 104.4 84.8 17.1058
      vertex 102.9 84.8 17.1058
      vertex 102.786 84.8 17.6798
    endloop
  endfacet
  facet normal 0 1 0
    outer loop
      vertex 104.514 84.8 16.5317
      vertex 102.9 84.8 17.1058
      vertex 104.4 84.8 17.1058
    endloop
  endfacet
  facet normal 0 1 0
    outer loop
      vertex 104.514 84.8 16.5317
      vertex 102.786 84.8 16.5317
      vertex 102.9 84.8 17.1058
    endloop
  endfacet
  facet normal 0 1 0
    outer loop
      vertex 104.839 84.8 16.0451
      vertex 102.786 84.8 16.5317
      vertex 104.514 84.8 16.5317
    endloop
  endfacet
  facet normal 0 1 0
    outer loop
      vertex 104.839 84.8 16.0451
      vertex 102.461 84.8 16.0451
      vertex 102.786 84.8 16.5317
    endloop
  endfacet
  facet normal 0 1 0
    outer loop
      vertex 105.326 84.8 15.72
      vertex 102.461 84.8 16.0451
      vertex 104.839 84.8 16.0451
    endloop
  endfacet
  facet normal 0 1 0
    outer loop
      vertex 105.326 84.8 15.72
      vertex 101.974 84.8 15.72
      vertex 102.461 84.8 16.0451
    endloop
  endfacet
  facet normal 0 1 0
    outer loop
      vertex 105.9 84.8 15.6058
      vertex 101.974 84.8 15.72
      vertex 105.326 84.8 15.72
    endloop
  endfacet
  facet normal 0 1 0
    outer loop
      vertex 101.974 84.8 15.72
      vertex 105.9 84.8 15.6058
      vertex 101.4 84.8 15.6058
    endloop
  endfacet
  facet normal 0 1 0
    outer loop
      vertex 107.089 84.8 19.9422
      vertex 106.474 84.8 18.4916
      vertex 105.9 84.8 18.6058
    endloop
  endfacet
  facet normal 0 1 0
    outer loop
      vertex 104.711 84.8 19.9422
      vertex 105.326 84.8 18.4916
      vertex 104.224 84.8 19.6171
    endloop
  endfacet
  facet normal 0 1 -0
    outer loop
      vertex 109.014 84.8 17.6798
      vertex 108.15 84.8 19.5029
      vertex 109.339 84.8 18.1664
    endloop
  endfacet
  facet normal 0 1 0
    outer loop
      vertex 107.576 84.8 19.6171
      vertex 106.961 84.8 18.1664
      vertex 106.474 84.8 18.4916
    endloop
  endfacet
  facet normal 0 1 0
    outer loop
      vertex 107.286 84.8 17.6798
      vertex 108.15 84.8 19.5029
      vertex 109.014 84.8 17.6798
    endloop
  endfacet
  facet normal 0 1 0
    outer loop
      vertex 108.15 84.8 19.5029
      vertex 107.286 84.8 17.6798
      vertex 106.961 84.8 18.1664
    endloop
  endfacet
  facet normal 0 1 -0
    outer loop
      vertex 108.9 84.8 17.1058
      vertex 107.286 84.8 17.6798
      vertex 109.014 84.8 17.6798
    endloop
  endfacet
  facet normal 0 1 0
    outer loop
      vertex 108.9 84.8 17.1058
      vertex 107.4 84.8 17.1058
      vertex 107.286 84.8 17.6798
    endloop
  endfacet
  facet normal 0 1 0
    outer loop
      vertex 109.014 84.8 16.5317
      vertex 107.4 84.8 17.1058
      vertex 108.9 84.8 17.1058
    endloop
  endfacet
  facet normal 0 1 0
    outer loop
      vertex 109.014 84.8 16.5317
      vertex 107.286 84.8 16.5317
      vertex 107.4 84.8 17.1058
    endloop
  endfacet
  facet normal 0 1 0
    outer loop
      vertex 109.339 84.8 16.0451
      vertex 107.286 84.8 16.5317
      vertex 109.014 84.8 16.5317
    endloop
  endfacet
  facet normal 0 1 0
    outer loop
      vertex 109.339 84.8 16.0451
      vertex 106.961 84.8 16.0451
      vertex 107.286 84.8 16.5317
    endloop
  endfacet
  facet normal 0 1 0
    outer loop
      vertex 109.826 84.8 15.72
      vertex 106.961 84.8 16.0451
      vertex 109.339 84.8 16.0451
    endloop
  endfacet
  facet normal 0 1 0
    outer loop
      vertex 109.826 84.8 15.72
      vertex 106.474 84.8 15.72
      vertex 106.961 84.8 16.0451
    endloop
  endfacet
  facet normal 0 1 0
    outer loop
      vertex 110.4 84.8 15.6058
      vertex 106.474 84.8 15.72
      vertex 109.826 84.8 15.72
    endloop
  endfacet
  facet normal 0 1 0
    outer loop
      vertex 106.474 84.8 15.72
      vertex 110.4 84.8 15.6058
      vertex 105.9 84.8 15.6058
    endloop
  endfacet
  facet normal 0 1 0
    outer loop
      vertex 111.589 84.8 19.9422
      vertex 110.974 84.8 18.4916
      vertex 110.4 84.8 18.6058
    endloop
  endfacet
  facet normal 0 1 0
    outer loop
      vertex 109.211 84.8 19.9422
      vertex 109.826 84.8 18.4916
      vertex 108.724 84.8 19.6171
    endloop
  endfacet
  facet normal 0 1 -0
    outer loop
      vertex 113.514 84.8 17.6798
      vertex 112.65 84.8 19.5029
      vertex 113.839 84.8 18.1664
    endloop
  endfacet
  facet normal 0 1 0
    outer loop
      vertex 112.076 84.8 19.6171
      vertex 111.461 84.8 18.1664
      vertex 110.974 84.8 18.4916
    endloop
  endfacet
  facet normal 0 1 0
    outer loop
      vertex 111.786 84.8 17.6798
      vertex 112.65 84.8 19.5029
      vertex 113.514 84.8 17.6798
    endloop
  endfacet
  facet normal 0 1 0
    outer loop
      vertex 112.65 84.8 19.5029
      vertex 111.786 84.8 17.6798
      vertex 111.461 84.8 18.1664
    endloop
  endfacet
  facet normal 0 1 -0
    outer loop
      vertex 113.4 84.8 17.1058
      vertex 111.786 84.8 17.6798
      vertex 113.514 84.8 17.6798
    endloop
  endfacet
  facet normal 0 1 0
    outer loop
      vertex 113.4 84.8 17.1058
      vertex 111.9 84.8 17.1058
      vertex 111.786 84.8 17.6798
    endloop
  endfacet
  facet normal 0 1 0
    outer loop
      vertex 113.514 84.8 16.5317
      vertex 111.9 84.8 17.1058
      vertex 113.4 84.8 17.1058
    endloop
  endfacet
  facet normal 0 1 0
    outer loop
      vertex 113.514 84.8 16.5317
      vertex 111.786 84.8 16.5317
      vertex 111.9 84.8 17.1058
    endloop
  endfacet
  facet normal 0 1 0
    outer loop
      vertex 113.839 84.8 16.0451
      vertex 111.786 84.8 16.5317
      vertex 113.514 84.8 16.5317
    endloop
  endfacet
  facet normal 0 1 0
    outer loop
      vertex 113.839 84.8 16.0451
      vertex 111.461 84.8 16.0451
      vertex 111.786 84.8 16.5317
    endloop
  endfacet
  facet normal 0 1 0
    outer loop
      vertex 114.326 84.8 15.72
      vertex 111.461 84.8 16.0451
      vertex 113.839 84.8 16.0451
    endloop
  endfacet
  facet normal 0 1 0
    outer loop
      vertex 114.326 84.8 15.72
      vertex 110.974 84.8 15.72
      vertex 111.461 84.8 16.0451
    endloop
  endfacet
  facet normal 0 1 0
    outer loop
      vertex 114.9 84.8 15.6058
      vertex 110.974 84.8 15.72
      vertex 114.326 84.8 15.72
    endloop
  endfacet
  facet normal 0 1 0
    outer loop
      vertex 110.974 84.8 15.72
      vertex 114.9 84.8 15.6058
      vertex 110.4 84.8 15.6058
    endloop
  endfacet
  facet normal 0 1 0
    outer loop
      vertex 117.724 84.8 19.6171
      vertex 118.339 84.8 18.1664
      vertex 117.15 84.8 19.5029
    endloop
  endfacet
  facet normal 0 1 0
    outer loop
      vertex 113.711 84.8 19.9422
      vertex 114.326 84.8 18.4916
      vertex 113.224 84.8 19.6171
    endloop
  endfacet
  facet normal 0 1 -0
    outer loop
      vertex 118.014 84.8 17.6798
      vertex 117.15 84.8 19.5029
      vertex 118.339 84.8 18.1664
    endloop
  endfacet
  facet normal 0 1 0
    outer loop
      vertex 116.576 84.8 19.6171
      vertex 115.961 84.8 18.1664
      vertex 115.474 84.8 18.4916
    endloop
  endfacet
  facet normal 0 1 0
    outer loop
      vertex 116.286 84.8 17.6798
      vertex 117.15 84.8 19.5029
      vertex 118.014 84.8 17.6798
    endloop
  endfacet
  facet normal 0 1 0
    outer loop
      vertex 117.15 84.8 19.5029
      vertex 116.286 84.8 17.6798
      vertex 115.961 84.8 18.1664
    endloop
  endfacet
  facet normal 0 1 -0
    outer loop
      vertex 117.9 84.8 17.1058
      vertex 116.286 84.8 17.6798
      vertex 118.014 84.8 17.6798
    endloop
  endfacet
  facet normal 0 1 0
    outer loop
      vertex 117.9 84.8 17.1058
      vertex 116.4 84.8 17.1058
      vertex 116.286 84.8 17.6798
    endloop
  endfacet
  facet normal 0 1 0
    outer loop
      vertex 118.014 84.8 16.5317
      vertex 116.4 84.8 17.1058
      vertex 117.9 84.8 17.1058
    endloop
  endfacet
  facet normal 0 1 0
    outer loop
      vertex 118.014 84.8 16.5317
      vertex 116.286 84.8 16.5317
      vertex 116.4 84.8 17.1058
    endloop
  endfacet
  facet normal 0 1 0
    outer loop
      vertex 117.15 84.8 14.7087
      vertex 118.014 84.8 16.5317
      vertex 118.339 84.8 16.0451
    endloop
  endfacet
  facet normal 0 1 0
    outer loop
      vertex 118.014 84.8 16.5317
      vertex 117.15 84.8 14.7087
      vertex 116.286 84.8 16.5317
    endloop
  endfacet
  facet normal 0 1 0
    outer loop
      vertex 117.15 84.8 14.7087
      vertex 118.339 84.8 16.0451
      vertex 118.826 84.8 15.72
    endloop
  endfacet
  facet normal 0 1 0
    outer loop
      vertex 116.286 84.8 16.5317
      vertex 117.15 84.8 14.7087
      vertex 115.961 84.8 16.0451
    endloop
  endfacet
  facet normal 0 1 0
    outer loop
      vertex 117.15 84.8 14.7087
      vertex 118.826 84.8 15.72
      vertex 119.4 84.8 15.6058
    endloop
  endfacet
  facet normal 0 1 -0
    outer loop
      vertex 116.576 84.8 14.5945
      vertex 115.961 84.8 16.0451
      vertex 117.15 84.8 14.7087
    endloop
  endfacet
  facet normal 0 -1 0
    outer loop
      vertex 0 0 0
      vertex 163.4 0 62.4
      vertex 0 0 62.4
    endloop
  endfacet
  facet normal 0 -1 -0
    outer loop
      vertex 163.4 0 62.4
      vertex 0 0 0
      vertex 163.4 0 0
    endloop
  endfacet
  facet normal 0 0 1
    outer loop
      vertex 65.5 82.4 2.4
      vertex 2.4 82.4 2.4
      vertex 65.5 77.8 2.4
    endloop
  endfacet
  facet normal 0 0 1
    outer loop
      vertex 83.9 77.8 2.4
      vertex 158.4 82.4 2.4
      vertex 83.9 82.4 2.4
    endloop
  endfacet
  facet normal 0 0 1
    outer loop
      vertex 158.4 82.4 2.4
      vertex 83.9 77.8 2.4
      vertex 158.4 2.4 2.4
    endloop
  endfacet
  facet normal 0 0 1
    outer loop
      vertex 2.4 2.4 2.4
      vertex 83.9 77.8 2.4
      vertex 65.5 77.8 2.4
    endloop
  endfacet
  facet normal 0 0 1
    outer loop
      vertex 2.4 2.4 2.4
      vertex 65.5 77.8 2.4
      vertex 2.4 82.4 2.4
    endloop
  endfacet
  facet normal 0 0 1
    outer loop
      vertex 83.9 77.8 2.4
      vertex 2.4 2.4 2.4
      vertex 158.4 2.4 2.4
    endloop
  endfacet
  facet normal 0 -0 0
    outer loop
      vertex 83.9 82.4 2.4
      vertex 158.4 82.4 2.4
      vertex 2.4 82.4 2.4
    endloop
  endfacet
  facet normal 0 0 0
    outer loop
      vertex 2.4 82.4 2.4
      vertex 65.5 82.4 2.4
      vertex 83.9 82.4 2.4
    endloop
  endfacet
  facet normal 1 -0 0
    outer loop
      vertex 2.4 53.3059 26.3358
      vertex 2.4 82.4 2.4
      vertex 2.4 82.4 62.4
    endloop
  endfacet
  facet normal 1 0 0
    outer loop
      vertex 2.4 82.4 2.4
      vertex 2.4 53.3059 26.3358
      vertex 2.4 53.4 24.9
    endloop
  endfacet
  facet normal 1 0 0
    outer loop
      vertex 2.4 82.4 62.4
      vertex 2.4 53.0252 27.747
      vertex 2.4 53.3059 26.3358
    endloop
  endfacet
  facet normal 1 0 0
    outer loop
      vertex 2.4 82.4 62.4
      vertex 2.4 52.5627 29.1095
      vertex 2.4 53.0252 27.747
    endloop
  endfacet
  facet normal 1 0 0
    outer loop
      vertex 2.4 82.4 62.4
      vertex 2.4 51.9263 30.4
      vertex 2.4 52.5627 29.1095
    endloop
  endfacet
  facet normal 1 0 0
    outer loop
      vertex 2.4 51.3567 61.5178
      vertex 2.4 82.4 62.4
      vertex 2.4 51.4 62.4
    endloop
  endfacet
  facet normal 1 0 0
    outer loop
      vertex 2.4 51.2271 60.6442
      vertex 2.4 82.4 62.4
      vertex 2.4 51.3567 61.5178
    endloop
  endfacet
  facet normal 1 0 0
    outer loop
      vertex 2.4 51.0125 59.7874
      vertex 2.4 82.4 62.4
      vertex 2.4 51.2271 60.6442
    endloop
  endfacet
  facet normal 1 0 0
    outer loop
      vertex 2.4 50.7149 58.9558
      vertex 2.4 82.4 62.4
      vertex 2.4 51.0125 59.7874
    endloop
  endfacet
  facet normal 1 0 0
    outer loop
      vertex 2.4 50.3373 58.1574
      vertex 2.4 82.4 62.4
      vertex 2.4 50.7149 58.9558
    endloop
  endfacet
  facet normal 1 0 0
    outer loop
      vertex 2.4 49.8832 57.3999
      vertex 2.4 82.4 62.4
      vertex 2.4 50.3373 58.1574
    endloop
  endfacet
  facet normal 1 0 0
    outer loop
      vertex 2.4 82.4 62.4
      vertex 2.4 51.1269 31.5964
      vertex 2.4 51.9263 30.4
    endloop
  endfacet
  facet normal 1 0 0
    outer loop
      vertex 2.4 82.4 62.4
      vertex 2.4 49.8832 57.3999
      vertex 2.4 51.1269 31.5964
    endloop
  endfacet
  facet normal 1 0 0
    outer loop
      vertex 2.4 51.1269 31.5964
      vertex 2.4 49.8832 57.3999
      vertex 2.4 50.1782 32.6782
    endloop
  endfacet
  facet normal 1 -0 0
    outer loop
      vertex 2.4 49.3571 56.6905
      vertex 2.4 50.1782 32.6782
      vertex 2.4 49.8832 57.3999
    endloop
  endfacet
  facet normal 1 -0 0
    outer loop
      vertex 2.4 48.764 56.036
      vertex 2.4 50.1782 32.6782
      vertex 2.4 49.3571 56.6905
    endloop
  endfacet
  facet normal 1 0 0
    outer loop
      vertex 2.4 50.1782 32.6782
      vertex 2.4 48.764 56.036
      vertex 2.4 49.0964 33.6269
    endloop
  endfacet
  facet normal 1 -0 0
    outer loop
      vertex 2.4 48.1095 55.4429
      vertex 2.4 49.0964 33.6269
      vertex 2.4 48.764 56.036
    endloop
  endfacet
  facet normal 1 0 0
    outer loop
      vertex 2.4 48.1095 55.4429
      vertex 2.4 47.9 34.4263
      vertex 2.4 49.0964 33.6269
    endloop
  endfacet
  facet normal 1 -0 0
    outer loop
      vertex 2.4 47.4001 54.9168
      vertex 2.4 47.9 34.4263
      vertex 2.4 48.1095 55.4429
    endloop
  endfacet
  facet normal 1 -0 0
    outer loop
      vertex 2.4 46.6426 54.4627
      vertex 2.4 47.9 34.4263
      vertex 2.4 47.4001 54.9168
    endloop
  endfacet
  facet normal 1 0 0
    outer loop
      vertex 2.4 46.6426 54.4627
      vertex 2.4 46.6095 35.0627
      vertex 2.4 47.9 34.4263
    endloop
  endfacet
  facet normal 1 -0 0
    outer loop
      vertex 2.4 45.8442 54.0851
      vertex 2.4 46.6095 35.0627
      vertex 2.4 46.6426 54.4627
    endloop
  endfacet
  facet normal 1 0 0
    outer loop
      vertex 2.4 45.8442 54.0851
      vertex 2.4 45.247 35.5252
      vertex 2.4 46.6095 35.0627
    endloop
  endfacet
  facet normal 1 -0 0
    outer loop
      vertex 2.4 45.0126 53.7875
      vertex 2.4 45.247 35.5252
      vertex 2.4 45.8442 54.0851
    endloop
  endfacet
  facet normal 1 -0 0
    outer loop
      vertex 2.4 44.1558 53.5729
      vertex 2.4 45.247 35.5252
      vertex 2.4 45.0126 53.7875
    endloop
  endfacet
  facet normal 1 0 0
    outer loop
      vertex 2.4 44.1558 53.5729
      vertex 2.4 43.8358 35.8059
      vertex 2.4 45.247 35.5252
    endloop
  endfacet
  facet normal 1 -0 0
    outer loop
      vertex 2.4 43.2822 53.4433
      vertex 2.4 43.8358 35.8059
      vertex 2.4 44.1558 53.5729
    endloop
  endfacet
  facet normal 1 0 0
    outer loop
      vertex 2.4 42.4 35.9
      vertex 2.4 43.2822 53.4433
      vertex 2.4 42.4 53.4
    endloop
  endfacet
  facet normal 1 0 0
    outer loop
      vertex 2.4 43.2822 53.4433
      vertex 2.4 42.4 35.9
      vertex 2.4 43.8358 35.8059
    endloop
  endfacet
  facet normal 1 0 0
    outer loop
      vertex 2.4 41.5178 53.4433
      vertex 2.4 42.4 35.9
      vertex 2.4 42.4 53.4
    endloop
  endfacet
  facet normal 1 0 0
    outer loop
      vertex 2.4 41.5178 53.4433
      vertex 2.4 40.9642 35.8059
      vertex 2.4 42.4 35.9
    endloop
  endfacet
  facet normal 1 0 0
    outer loop
      vertex 2.4 40.6442 53.5729
      vertex 2.4 40.9642 35.8059
      vertex 2.4 41.5178 53.4433
    endloop
  endfacet
  facet normal 1 0 0
    outer loop
      vertex 2.4 39.553 35.5252
      vertex 2.4 40.6442 53.5729
      vertex 2.4 39.7874 53.7875
    endloop
  endfacet
  facet normal 1 0 0
    outer loop
      vertex 2.4 40.6442 53.5729
      vertex 2.4 39.553 35.5252
      vertex 2.4 40.9642 35.8059
    endloop
  endfacet
  facet normal 1 0 0
    outer loop
      vertex 2.4 38.9558 54.0851
      vertex 2.4 39.553 35.5252
      vertex 2.4 39.7874 53.7875
    endloop
  endfacet
  facet normal 1 0 0
    outer loop
      vertex 2.4 38.9558 54.0851
      vertex 2.4 38.1905 35.0627
      vertex 2.4 39.553 35.5252
    endloop
  endfacet
  facet normal 1 0 0
    outer loop
      vertex 2.4 38.1574 54.4627
      vertex 2.4 38.1905 35.0627
      vertex 2.4 38.9558 54.0851
    endloop
  endfacet
  facet normal 1 0 0
    outer loop
      vertex 2.4 36.9 34.4263
      vertex 2.4 38.1574 54.4627
      vertex 2.4 37.3999 54.9168
    endloop
  endfacet
  facet normal 1 0 0
    outer loop
      vertex 2.4 38.1574 54.4627
      vertex 2.4 36.9 34.4263
      vertex 2.4 38.1905 35.0627
    endloop
  endfacet
  facet normal 1 0 0
    outer loop
      vertex 2.4 36.6905 55.4429
      vertex 2.4 36.9 34.4263
      vertex 2.4 37.3999 54.9168
    endloop
  endfacet
  facet normal 1 0 0
    outer loop
      vertex 2.4 35.7036 33.6269
      vertex 2.4 36.6905 55.4429
      vertex 2.4 36.036 56.036
    endloop
  endfacet
  facet normal 1 0 0
    outer loop
      vertex 2.4 36.6905 55.4429
      vertex 2.4 35.7036 33.6269
      vertex 2.4 36.9 34.4263
    endloop
  endfacet
  facet normal 1 0 0
    outer loop
      vertex 2.4 34.6218 32.6782
      vertex 2.4 36.036 56.036
      vertex 2.4 35.4429 56.6905
    endloop
  endfacet
  facet normal 1 0 0
    outer loop
      vertex 2.4 34.6218 32.6782
      vertex 2.4 35.4429 56.6905
      vertex 2.4 34.9168 57.3999
    endloop
  endfacet
  facet normal 1 0 0
    outer loop
      vertex 2.4 36.036 56.036
      vertex 2.4 34.6218 32.6782
      vertex 2.4 35.7036 33.6269
    endloop
  endfacet
  facet normal 1 0 0
    outer loop
      vertex 2.4 2.4 62.4
      vertex 2.4 34.9168 57.3999
      vertex 2.4 34.4627 58.1574
    endloop
  endfacet
  facet normal 1 0 0
    outer loop
      vertex 2.4 2.4 62.4
      vertex 2.4 34.4627 58.1574
      vertex 2.4 34.0851 58.9558
    endloop
  endfacet
  facet normal 1 0 0
    outer loop
      vertex 2.4 2.4 62.4
      vertex 2.4 34.0851 58.9558
      vertex 2.4 33.7875 59.7874
    endloop
  endfacet
  facet normal 1 0 0
    outer loop
      vertex 2.4 34.9168 57.3999
      vertex 2.4 33.6731 31.5964
      vertex 2.4 34.6218 32.6782
    endloop
  endfacet
  facet normal 1 0 0
    outer loop
      vertex 2.4 2.4 62.4
      vertex 2.4 33.7875 59.7874
      vertex 2.4 33.5729 60.6442
    endloop
  endfacet
  facet normal 1 0 0
    outer loop
      vertex 2.4 2.4 62.4
      vertex 2.4 33.5729 60.6442
      vertex 2.4 33.4433 61.5178
    endloop
  endfacet
  facet normal 1 -0 0
    outer loop
      vertex 2.4 2.4 62.4
      vertex 2.4 33.4433 61.5178
      vertex 2.4 33.4 62.4
    endloop
  endfacet
  facet normal 1 0 0
    outer loop
      vertex 2.4 34.9168 57.3999
      vertex 2.4 2.4 62.4
      vertex 2.4 33.6731 31.5964
    endloop
  endfacet
  facet normal 1 0 0
    outer loop
      vertex 2.4 33.6731 31.5964
      vertex 2.4 2.4 62.4
      vertex 2.4 32.8737 30.4
    endloop
  endfacet
  facet normal 1 0 0
    outer loop
      vertex 2.4 32.8737 30.4
      vertex 2.4 2.4 62.4
      vertex 2.4 32.2373 29.1095
    endloop
  endfacet
  facet normal 1 0 0
    outer loop
      vertex 2.4 32.2373 29.1095
      vertex 2.4 2.4 62.4
      vertex 2.4 31.7748 27.747
    endloop
  endfacet
  facet normal 1 0 0
    outer loop
      vertex 2.4 31.7748 27.747
      vertex 2.4 2.4 62.4
      vertex 2.4 31.4941 26.3358
    endloop
  endfacet
  facet normal 1 0 0
    outer loop
      vertex 2.4 2.4 2.4
      vertex 2.4 31.4941 26.3358
      vertex 2.4 2.4 62.4
    endloop
  endfacet
  facet normal 1 -0 0
    outer loop
      vertex 2.4 53.3059 23.4642
      vertex 2.4 82.4 2.4
      vertex 2.4 53.4 24.9
    endloop
  endfacet
  facet normal 1 -0 0
    outer loop
      vertex 2.4 53.0252 22.053
      vertex 2.4 82.4 2.4
      vertex 2.4 53.3059 23.4642
    endloop
  endfacet
  facet normal 1 -0 0
    outer loop
      vertex 2.4 52.5627 20.6905
      vertex 2.4 82.4 2.4
      vertex 2.4 53.0252 22.053
    endloop
  endfacet
  facet normal 1 -0 0
    outer loop
      vertex 2.4 51.9263 19.4
      vertex 2.4 82.4 2.4
      vertex 2.4 52.5627 20.6905
    endloop
  endfacet
  facet normal 1 -0 0
    outer loop
      vertex 2.4 51.1269 18.2036
      vertex 2.4 82.4 2.4
      vertex 2.4 51.9263 19.4
    endloop
  endfacet
  facet normal 1 -0 0
    outer loop
      vertex 2.4 50.1782 17.1218
      vertex 2.4 82.4 2.4
      vertex 2.4 51.1269 18.2036
    endloop
  endfacet
  facet normal 1 -0 0
    outer loop
      vertex 2.4 49.0964 16.1731
      vertex 2.4 82.4 2.4
      vertex 2.4 50.1782 17.1218
    endloop
  endfacet
  facet normal 1 -0 0
    outer loop
      vertex 2.4 47.9 15.3737
      vertex 2.4 82.4 2.4
      vertex 2.4 49.0964 16.1731
    endloop
  endfacet
  facet normal 1 -0 0
    outer loop
      vertex 2.4 46.6095 14.7373
      vertex 2.4 82.4 2.4
      vertex 2.4 47.9 15.3737
    endloop
  endfacet
  facet normal 1 -0 0
    outer loop
      vertex 2.4 45.247 14.2748
      vertex 2.4 82.4 2.4
      vertex 2.4 46.6095 14.7373
    endloop
  endfacet
  facet normal 1 -0 0
    outer loop
      vertex 2.4 43.8358 13.9941
      vertex 2.4 82.4 2.4
      vertex 2.4 45.247 14.2748
    endloop
  endfacet
  facet normal 1 -0 0
    outer loop
      vertex 2.4 42.4 13.9
      vertex 2.4 82.4 2.4
      vertex 2.4 43.8358 13.9941
    endloop
  endfacet
  facet normal 1 0 0
    outer loop
      vertex 2.4 2.4 2.4
      vertex 2.4 42.4 13.9
      vertex 2.4 40.9642 13.9941
    endloop
  endfacet
  facet normal 1 0 0
    outer loop
      vertex 2.4 2.4 2.4
      vertex 2.4 40.9642 13.9941
      vertex 2.4 39.553 14.2748
    endloop
  endfacet
  facet normal 1 0 0
    outer loop
      vertex 2.4 31.4941 26.3358
      vertex 2.4 2.4 2.4
      vertex 2.4 31.4 24.9
    endloop
  endfacet
  facet normal 1 0 0
    outer loop
      vertex 2.4 31.4 24.9
      vertex 2.4 2.4 2.4
      vertex 2.4 31.4941 23.4642
    endloop
  endfacet
  facet normal 1 0 0
    outer loop
      vertex 2.4 31.4941 23.4642
      vertex 2.4 2.4 2.4
      vertex 2.4 31.7748 22.053
    endloop
  endfacet
  facet normal 1 0 0
    outer loop
      vertex 2.4 31.7748 22.053
      vertex 2.4 2.4 2.4
      vertex 2.4 32.2373 20.6905
    endloop
  endfacet
  facet normal 1 0 0
    outer loop
      vertex 2.4 32.2373 20.6905
      vertex 2.4 2.4 2.4
      vertex 2.4 32.8737 19.4
    endloop
  endfacet
  facet normal 1 0 0
    outer loop
      vertex 2.4 42.4 13.9
      vertex 2.4 2.4 2.4
      vertex 2.4 82.4 2.4
    endloop
  endfacet
  facet normal 1 0 0
    outer loop
      vertex 2.4 38.1905 14.7373
      vertex 2.4 2.4 2.4
      vertex 2.4 39.553 14.2748
    endloop
  endfacet
  facet normal 1 0 0
    outer loop
      vertex 2.4 36.9 15.3737
      vertex 2.4 2.4 2.4
      vertex 2.4 38.1905 14.7373
    endloop
  endfacet
  facet normal 1 0 0
    outer loop
      vertex 2.4 35.7036 16.1731
      vertex 2.4 2.4 2.4
      vertex 2.4 36.9 15.3737
    endloop
  endfacet
  facet normal 1 0 0
    outer loop
      vertex 2.4 34.6218 17.1218
      vertex 2.4 2.4 2.4
      vertex 2.4 35.7036 16.1731
    endloop
  endfacet
  facet normal 1 0 0
    outer loop
      vertex 2.4 33.6731 18.2036
      vertex 2.4 2.4 2.4
      vertex 2.4 34.6218 17.1218
    endloop
  endfacet
  facet normal 1 0 0
    outer loop
      vertex 2.4 32.8737 19.4
      vertex 2.4 2.4 2.4
      vertex 2.4 33.6731 18.2036
    endloop
  endfacet
  facet normal 0 -1 -0
    outer loop
      vertex 107.576 82.4 11.8228
      vertex 106.961 82.4 10.3722
      vertex 108.15 82.4 11.7087
    endloop
  endfacet
  facet normal 0 -1 0
    outer loop
      vertex 108.15 82.4 11.7087
      vertex 109.826 82.4 10.6974
      vertex 110.4 82.4 10.8115
    endloop
  endfacet
  facet normal 0 -1 0
    outer loop
      vertex 107.286 82.4 9.88557
      vertex 108.15 82.4 11.7087
      vertex 106.961 82.4 10.3722
    endloop
  endfacet
  facet normal 0 -1 0
    outer loop
      vertex 108.15 82.4 11.7087
      vertex 109.339 82.4 10.3722
      vertex 109.826 82.4 10.6974
    endloop
  endfacet
  facet normal 0 -1 0
    outer loop
      vertex 109.014 82.4 9.88557
      vertex 108.15 82.4 11.7087
      vertex 107.286 82.4 9.88557
    endloop
  endfacet
  facet normal 0 -1 0
    outer loop
      vertex 108.15 82.4 11.7087
      vertex 109.014 82.4 9.88557
      vertex 109.339 82.4 10.3722
    endloop
  endfacet
  facet normal 0 -1 0
    outer loop
      vertex 107.4 82.4 9.31154
      vertex 109.014 82.4 9.88557
      vertex 107.286 82.4 9.88557
    endloop
  endfacet
  facet normal 0 -1 0
    outer loop
      vertex 107.4 82.4 9.31154
      vertex 108.9 82.4 9.31154
      vertex 109.014 82.4 9.88557
    endloop
  endfacet
  facet normal 0 -1 0
    outer loop
      vertex 107.286 82.4 8.73752
      vertex 108.9 82.4 9.31154
      vertex 107.4 82.4 9.31154
    endloop
  endfacet
  facet normal 0 -1 0
    outer loop
      vertex 107.286 82.4 8.73752
      vertex 109.014 82.4 8.73752
      vertex 108.9 82.4 9.31154
    endloop
  endfacet
  facet normal 0 -1 0
    outer loop
      vertex 106.961 82.4 8.25088
      vertex 109.014 82.4 8.73752
      vertex 107.286 82.4 8.73752
    endloop
  endfacet
  facet normal 0 -1 0
    outer loop
      vertex 106.961 82.4 8.25088
      vertex 109.339 82.4 8.25088
      vertex 109.014 82.4 8.73752
    endloop
  endfacet
  facet normal 0 -1 0
    outer loop
      vertex 106.474 82.4 7.92572
      vertex 109.339 82.4 8.25088
      vertex 106.961 82.4 8.25088
    endloop
  endfacet
  facet normal 0 -1 0
    outer loop
      vertex 106.474 82.4 7.92572
      vertex 109.826 82.4 7.92572
      vertex 109.339 82.4 8.25088
    endloop
  endfacet
  facet normal 0 -1 0
    outer loop
      vertex 105.9 82.4 7.81154
      vertex 109.826 82.4 7.92572
      vertex 106.474 82.4 7.92572
    endloop
  endfacet
  facet normal 0 -1 -0
    outer loop
      vertex 109.826 82.4 7.92572
      vertex 105.9 82.4 7.81154
      vertex 110.4 82.4 7.81154
    endloop
  endfacet
  facet normal 0 -1 -0
    outer loop
      vertex 103.076 82.4 11.8228
      vertex 102.461 82.4 10.3722
      vertex 103.65 82.4 11.7087
    endloop
  endfacet
  facet normal 0 -1 0
    outer loop
      vertex 103.65 82.4 11.7087
      vertex 105.326 82.4 10.6974
      vertex 105.9 82.4 10.8115
    endloop
  endfacet
  facet normal 0 -1 0
    outer loop
      vertex 102.786 82.4 9.88557
      vertex 103.65 82.4 11.7087
      vertex 102.461 82.4 10.3722
    endloop
  endfacet
  facet normal 0 -1 0
    outer loop
      vertex 103.65 82.4 11.7087
      vertex 104.839 82.4 10.3722
      vertex 105.326 82.4 10.6974
    endloop
  endfacet
  facet normal 0 -1 0
    outer loop
      vertex 104.514 82.4 9.88557
      vertex 103.65 82.4 11.7087
      vertex 102.786 82.4 9.88557
    endloop
  endfacet
  facet normal 0 -1 0
    outer loop
      vertex 103.65 82.4 11.7087
      vertex 104.514 82.4 9.88557
      vertex 104.839 82.4 10.3722
    endloop
  endfacet
  facet normal 0 -1 0
    outer loop
      vertex 102.9 82.4 9.31154
      vertex 104.514 82.4 9.88557
      vertex 102.786 82.4 9.88557
    endloop
  endfacet
  facet normal 0 -1 0
    outer loop
      vertex 102.9 82.4 9.31154
      vertex 104.4 82.4 9.31154
      vertex 104.514 82.4 9.88557
    endloop
  endfacet
  facet normal 0 -1 0
    outer loop
      vertex 102.786 82.4 8.73752
      vertex 104.4 82.4 9.31154
      vertex 102.9 82.4 9.31154
    endloop
  endfacet
  facet normal 0 -1 0
    outer loop
      vertex 102.786 82.4 8.73752
      vertex 104.514 82.4 8.73752
      vertex 104.4 82.4 9.31154
    endloop
  endfacet
  facet normal 0 -1 0
    outer loop
      vertex 102.461 82.4 8.25088
      vertex 104.514 82.4 8.73752
      vertex 102.786 82.4 8.73752
    endloop
  endfacet
  facet normal 0 -1 0
    outer loop
      vertex 102.461 82.4 8.25088
      vertex 104.839 82.4 8.25088
      vertex 104.514 82.4 8.73752
    endloop
  endfacet
  facet normal 0 -1 0
    outer loop
      vertex 101.974 82.4 7.92572
      vertex 104.839 82.4 8.25088
      vertex 102.461 82.4 8.25088
    endloop
  endfacet
  facet normal 0 -1 0
    outer loop
      vertex 101.974 82.4 7.92572
      vertex 105.326 82.4 7.92572
      vertex 104.839 82.4 8.25088
    endloop
  endfacet
  facet normal 0 -1 0
    outer loop
      vertex 101.4 82.4 7.81154
      vertex 105.326 82.4 7.92572
      vertex 101.974 82.4 7.92572
    endloop
  endfacet
  facet normal 0 -1 -0
    outer loop
      vertex 105.326 82.4 7.92572
      vertex 101.4 82.4 7.81154
      vertex 105.9 82.4 7.81154
    endloop
  endfacet
  facet normal 0 -1 -0
    outer loop
      vertex 114.326 82.4 15.72
      vertex 113.711 82.4 14.2693
      vertex 114.9 82.4 15.6058
    endloop
  endfacet
  facet normal 0 -1 0
    outer loop
      vertex 114.9 82.4 15.6058
      vertex 116.576 82.4 14.5945
      vertex 117.15 82.4 14.7087
    endloop
  endfacet
  facet normal 0 -1 0
    outer loop
      vertex 114.036 82.4 13.7827
      vertex 114.9 82.4 15.6058
      vertex 113.711 82.4 14.2693
    endloop
  endfacet
  facet normal 0 -1 0
    outer loop
      vertex 114.9 82.4 15.6058
      vertex 116.089 82.4 14.2693
      vertex 116.576 82.4 14.5945
    endloop
  endfacet
  facet normal 0 -1 0
    outer loop
      vertex 115.764 82.4 13.7827
      vertex 114.9 82.4 15.6058
      vertex 114.036 82.4 13.7827
    endloop
  endfacet
  facet normal 0 -1 0
    outer loop
      vertex 114.9 82.4 15.6058
      vertex 115.764 82.4 13.7827
      vertex 116.089 82.4 14.2693
    endloop
  endfacet
  facet normal 0 -1 0
    outer loop
      vertex 114.15 82.4 13.2087
      vertex 115.764 82.4 13.7827
      vertex 114.036 82.4 13.7827
    endloop
  endfacet
  facet normal 0 -1 0
    outer loop
      vertex 114.15 82.4 13.2087
      vertex 115.65 82.4 13.2087
      vertex 115.764 82.4 13.7827
    endloop
  endfacet
  facet normal 0 -1 0
    outer loop
      vertex 114.036 82.4 12.6346
      vertex 115.65 82.4 13.2087
      vertex 114.15 82.4 13.2087
    endloop
  endfacet
  facet normal 0 -1 0
    outer loop
      vertex 114.036 82.4 12.6346
      vertex 115.764 82.4 12.6346
      vertex 115.65 82.4 13.2087
    endloop
  endfacet
  facet normal 0 -1 0
    outer loop
      vertex 113.711 82.4 12.148
      vertex 115.764 82.4 12.6346
      vertex 114.036 82.4 12.6346
    endloop
  endfacet
  facet normal 0 -1 0
    outer loop
      vertex 113.711 82.4 12.148
      vertex 116.089 82.4 12.148
      vertex 115.764 82.4 12.6346
    endloop
  endfacet
  facet normal 0 -1 0
    outer loop
      vertex 113.224 82.4 11.8228
      vertex 116.089 82.4 12.148
      vertex 113.711 82.4 12.148
    endloop
  endfacet
  facet normal 0 -1 0
    outer loop
      vertex 113.224 82.4 11.8228
      vertex 116.576 82.4 11.8228
      vertex 116.089 82.4 12.148
    endloop
  endfacet
  facet normal 0 -1 0
    outer loop
      vertex 111.786 82.4 9.88557
      vertex 113.224 82.4 11.8228
      vertex 112.65 82.4 11.7087
    endloop
  endfacet
  facet normal 0 -1 -0
    outer loop
      vertex 113.224 82.4 11.8228
      vertex 111.9 82.4 9.31154
      vertex 116.576 82.4 11.8228
    endloop
  endfacet
  facet normal 0 -1 -0
    outer loop
      vertex 109.826 82.4 15.72
      vertex 109.211 82.4 14.2693
      vertex 110.4 82.4 15.6058
    endloop
  endfacet
  facet normal 0 -1 0
    outer loop
      vertex 110.4 82.4 15.6058
      vertex 112.076 82.4 14.5945
      vertex 112.65 82.4 14.7087
    endloop
  endfacet
  facet normal 0 -1 0
    outer loop
      vertex 109.536 82.4 13.7827
      vertex 110.4 82.4 15.6058
      vertex 109.211 82.4 14.2693
    endloop
  endfacet
  facet normal 0 -1 0
    outer loop
      vertex 110.4 82.4 15.6058
      vertex 111.589 82.4 14.2693
      vertex 112.076 82.4 14.5945
    endloop
  endfacet
  facet normal 0 -1 0
    outer loop
      vertex 111.264 82.4 13.7827
      vertex 110.4 82.4 15.6058
      vertex 109.536 82.4 13.7827
    endloop
  endfacet
  facet normal 0 -1 0
    outer loop
      vertex 110.4 82.4 15.6058
      vertex 111.264 82.4 13.7827
      vertex 111.589 82.4 14.2693
    endloop
  endfacet
  facet normal 0 -1 0
    outer loop
      vertex 109.65 82.4 13.2087
      vertex 111.264 82.4 13.7827
      vertex 109.536 82.4 13.7827
    endloop
  endfacet
  facet normal 0 -1 0
    outer loop
      vertex 109.65 82.4 13.2087
      vertex 111.15 82.4 13.2087
      vertex 111.264 82.4 13.7827
    endloop
  endfacet
  facet normal 0 -1 0
    outer loop
      vertex 109.536 82.4 12.6346
      vertex 111.15 82.4 13.2087
      vertex 109.65 82.4 13.2087
    endloop
  endfacet
  facet normal 0 -1 0
    outer loop
      vertex 109.536 82.4 12.6346
      vertex 111.264 82.4 12.6346
      vertex 111.15 82.4 13.2087
    endloop
  endfacet
  facet normal 0 -1 0
    outer loop
      vertex 110.4 82.4 10.8115
      vertex 109.536 82.4 12.6346
      vertex 109.211 82.4 12.148
    endloop
  endfacet
  facet normal 0 -1 0
    outer loop
      vertex 109.536 82.4 12.6346
      vertex 110.4 82.4 10.8115
      vertex 111.264 82.4 12.6346
    endloop
  endfacet
  facet normal 0 -1 0
    outer loop
      vertex 110.4 82.4 10.8115
      vertex 109.211 82.4 12.148
      vertex 108.724 82.4 11.8228
    endloop
  endfacet
  facet normal 0 -1 -0
    outer loop
      vertex 111.264 82.4 12.6346
      vertex 110.4 82.4 10.8115
      vertex 111.589 82.4 12.148
    endloop
  endfacet
  facet normal 0 -1 0
    outer loop
      vertex 110.4 82.4 10.8115
      vertex 108.724 82.4 11.8228
      vertex 108.15 82.4 11.7087
    endloop
  endfacet
  facet normal 0 -1 0
    outer loop
      vertex 110.974 82.4 10.6974
      vertex 111.589 82.4 12.148
      vertex 110.4 82.4 10.8115
    endloop
  endfacet
  facet normal 0 -1 -0
    outer loop
      vertex 105.326 82.4 15.72
      vertex 104.711 82.4 14.2693
      vertex 105.9 82.4 15.6058
    endloop
  endfacet
  facet normal 0 -1 0
    outer loop
      vertex 105.9 82.4 15.6058
      vertex 107.576 82.4 14.5945
      vertex 108.15 82.4 14.7087
    endloop
  endfacet
  facet normal 0 -1 0
    outer loop
      vertex 105.036 82.4 13.7827
      vertex 105.9 82.4 15.6058
      vertex 104.711 82.4 14.2693
    endloop
  endfacet
  facet normal 0 -1 0
    outer loop
      vertex 105.9 82.4 15.6058
      vertex 107.089 82.4 14.2693
      vertex 107.576 82.4 14.5945
    endloop
  endfacet
  facet normal 0 -1 0
    outer loop
      vertex 106.764 82.4 13.7827
      vertex 105.9 82.4 15.6058
      vertex 105.036 82.4 13.7827
    endloop
  endfacet
  facet normal 0 -1 0
    outer loop
      vertex 105.9 82.4 15.6058
      vertex 106.764 82.4 13.7827
      vertex 107.089 82.4 14.2693
    endloop
  endfacet
  facet normal 0 -1 0
    outer loop
      vertex 105.15 82.4 13.2087
      vertex 106.764 82.4 13.7827
      vertex 105.036 82.4 13.7827
    endloop
  endfacet
  facet normal 0 -1 0
    outer loop
      vertex 105.15 82.4 13.2087
      vertex 106.65 82.4 13.2087
      vertex 106.764 82.4 13.7827
    endloop
  endfacet
  facet normal 0 -1 0
    outer loop
      vertex 105.036 82.4 12.6346
      vertex 106.65 82.4 13.2087
      vertex 105.15 82.4 13.2087
    endloop
  endfacet
  facet normal 0 -1 0
    outer loop
      vertex 105.036 82.4 12.6346
      vertex 106.764 82.4 12.6346
      vertex 106.65 82.4 13.2087
    endloop
  endfacet
  facet normal 0 -1 0
    outer loop
      vertex 105.9 82.4 10.8115
      vertex 105.036 82.4 12.6346
      vertex 104.711 82.4 12.148
    endloop
  endfacet
  facet normal 0 -1 0
    outer loop
      vertex 105.036 82.4 12.6346
      vertex 105.9 82.4 10.8115
      vertex 106.764 82.4 12.6346
    endloop
  endfacet
  facet normal 0 -1 0
    outer loop
      vertex 105.9 82.4 10.8115
      vertex 104.711 82.4 12.148
      vertex 104.224 82.4 11.8228
    endloop
  endfacet
  facet normal 0 -1 -0
    outer loop
      vertex 106.764 82.4 12.6346
      vertex 105.9 82.4 10.8115
      vertex 107.089 82.4 12.148
    endloop
  endfacet
  facet normal 0 -1 0
    outer loop
      vertex 105.9 82.4 10.8115
      vertex 104.224 82.4 11.8228
      vertex 103.65 82.4 11.7087
    endloop
  endfacet
  facet normal 0 -1 0
    outer loop
      vertex 106.474 82.4 10.6974
      vertex 107.089 82.4 12.148
      vertex 105.9 82.4 10.8115
    endloop
  endfacet
  facet normal 0 -1 -0
    outer loop
      vertex 100.826 82.4 15.72
      vertex 100.211 82.4 14.2693
      vertex 101.4 82.4 15.6058
    endloop
  endfacet
  facet normal 0 -1 0
    outer loop
      vertex 101.4 82.4 15.6058
      vertex 103.076 82.4 14.5945
      vertex 103.65 82.4 14.7087
    endloop
  endfacet
  facet normal 0 -1 0
    outer loop
      vertex 100.536 82.4 13.7827
      vertex 101.4 82.4 15.6058
      vertex 100.211 82.4 14.2693
    endloop
  endfacet
  facet normal 0 -1 0
    outer loop
      vertex 101.4 82.4 15.6058
      vertex 102.589 82.4 14.2693
      vertex 103.076 82.4 14.5945
    endloop
  endfacet
  facet normal 0 -1 0
    outer loop
      vertex 102.264 82.4 13.7827
      vertex 101.4 82.4 15.6058
      vertex 100.536 82.4 13.7827
    endloop
  endfacet
  facet normal 0 -1 0
    outer loop
      vertex 101.4 82.4 15.6058
      vertex 102.264 82.4 13.7827
      vertex 102.589 82.4 14.2693
    endloop
  endfacet
  facet normal 0 -1 0
    outer loop
      vertex 100.65 82.4 13.2087
      vertex 102.264 82.4 13.7827
      vertex 100.536 82.4 13.7827
    endloop
  endfacet
  facet normal 0 -1 0
    outer loop
      vertex 100.65 82.4 13.2087
      vertex 102.15 82.4 13.2087
      vertex 102.264 82.4 13.7827
    endloop
  endfacet
  facet normal 0 -1 0
    outer loop
      vertex 100.536 82.4 12.6346
      vertex 102.15 82.4 13.2087
      vertex 100.65 82.4 13.2087
    endloop
  endfacet
  facet normal 0 -1 0
    outer loop
      vertex 100.536 82.4 12.6346
      vertex 102.264 82.4 12.6346
      vertex 102.15 82.4 13.2087
    endloop
  endfacet
  facet normal 0 -1 0
    outer loop
      vertex 101.4 82.4 10.8115
      vertex 100.536 82.4 12.6346
      vertex 100.211 82.4 12.148
    endloop
  endfacet
  facet normal 0 -1 0
    outer loop
      vertex 100.536 82.4 12.6346
      vertex 101.4 82.4 10.8115
      vertex 102.264 82.4 12.6346
    endloop
  endfacet
  facet normal 0 -1 0
    outer loop
      vertex 100.826 82.4 10.6974
      vertex 100.211 82.4 12.148
      vertex 99.724 82.4 11.8228
    endloop
  endfacet
  facet normal 0 -1 -0
    outer loop
      vertex 102.264 82.4 12.6346
      vertex 101.4 82.4 10.8115
      vertex 102.589 82.4 12.148
    endloop
  endfacet
  facet normal 0 -1 0
    outer loop
      vertex 100.339 82.4 10.3722
      vertex 99.724 82.4 11.8228
      vertex 99.15 82.4 11.7087
    endloop
  endfacet
  facet normal 0 -1 0
    outer loop
      vertex 101.974 82.4 10.6974
      vertex 102.589 82.4 12.148
      vertex 101.4 82.4 10.8115
    endloop
  endfacet
  facet normal 0 -1 -0
    outer loop
      vertex 96.326 82.4 15.72
      vertex 95.7107 82.4 14.2693
      vertex 96.9 82.4 15.6058
    endloop
  endfacet
  facet normal 0 -1 0
    outer loop
      vertex 96.9 82.4 15.6058
      vertex 98.576 82.4 14.5945
      vertex 99.15 82.4 14.7087
    endloop
  endfacet
  facet normal 0 -1 0
    outer loop
      vertex 96.0358 82.4 13.7827
      vertex 96.9 82.4 15.6058
      vertex 95.7107 82.4 14.2693
    endloop
  endfacet
  facet normal 0 -1 0
    outer loop
      vertex 96.9 82.4 15.6058
      vertex 98.0893 82.4 14.2693
      vertex 98.576 82.4 14.5945
    endloop
  endfacet
  facet normal 0 -1 0
    outer loop
      vertex 97.7642 82.4 13.7827
      vertex 96.9 82.4 15.6058
      vertex 96.0358 82.4 13.7827
    endloop
  endfacet
  facet normal 0 -1 0
    outer loop
      vertex 96.9 82.4 15.6058
      vertex 97.7642 82.4 13.7827
      vertex 98.0893 82.4 14.2693
    endloop
  endfacet
  facet normal 0 -1 0
    outer loop
      vertex 96.15 82.4 13.2087
      vertex 97.7642 82.4 13.7827
      vertex 96.0358 82.4 13.7827
    endloop
  endfacet
  facet normal 0 -1 0
    outer loop
      vertex 96.15 82.4 13.2087
      vertex 97.65 82.4 13.2087
      vertex 97.7642 82.4 13.7827
    endloop
  endfacet
  facet normal 0 -1 0
    outer loop
      vertex 96.0358 82.4 12.6346
      vertex 97.65 82.4 13.2087
      vertex 96.15 82.4 13.2087
    endloop
  endfacet
  facet normal 0 -1 0
    outer loop
      vertex 96.0358 82.4 12.6346
      vertex 97.7642 82.4 12.6346
      vertex 97.65 82.4 13.2087
    endloop
  endfacet
  facet normal 0 -1 0
    outer loop
      vertex 95.7107 82.4 12.148
      vertex 97.7642 82.4 12.6346
      vertex 96.0358 82.4 12.6346
    endloop
  endfacet
  facet normal 0 -1 0
    outer loop
      vertex 95.7107 82.4 12.148
      vertex 98.0893 82.4 12.148
      vertex 97.7642 82.4 12.6346
    endloop
  endfacet
  facet normal 0 -1 0
    outer loop
      vertex 95.224 82.4 11.8228
      vertex 98.0893 82.4 12.148
      vertex 95.7107 82.4 12.148
    endloop
  endfacet
  facet normal 0 -1 0
    outer loop
      vertex 95.224 82.4 11.8228
      vertex 98.576 82.4 11.8228
      vertex 98.0893 82.4 12.148
    endloop
  endfacet
  facet normal 0 -1 0
    outer loop
      vertex 100.014 82.4 8.73752
      vertex 95.224 82.4 11.8228
      vertex 94.65 82.4 11.7087
    endloop
  endfacet
  facet normal 0 -1 0
    outer loop
      vertex 95.224 82.4 11.8228
      vertex 99.9 82.4 9.31154
      vertex 98.576 82.4 11.8228
    endloop
  endfacet
  facet normal 0 -1 -0
    outer loop
      vertex 116.576 82.4 19.6171
      vertex 115.961 82.4 18.1664
      vertex 117.15 82.4 19.5029
    endloop
  endfacet
  facet normal 0 -1 0
    outer loop
      vertex 117.15 82.4 19.5029
      vertex 118.826 82.4 18.4916
      vertex 119.4 82.4 18.6058
    endloop
  endfacet
  facet normal 0 -1 0
    outer loop
      vertex 116.286 82.4 17.6798
      vertex 117.15 82.4 19.5029
      vertex 115.961 82.4 18.1664
    endloop
  endfacet
  facet normal 0 -1 0
    outer loop
      vertex 117.15 82.4 19.5029
      vertex 118.339 82.4 18.1664
      vertex 118.826 82.4 18.4916
    endloop
  endfacet
  facet normal 0 -1 0
    outer loop
      vertex 118.014 82.4 17.6798
      vertex 117.15 82.4 19.5029
      vertex 116.286 82.4 17.6798
    endloop
  endfacet
  facet normal 0 -1 0
    outer loop
      vertex 117.15 82.4 19.5029
      vertex 118.014 82.4 17.6798
      vertex 118.339 82.4 18.1664
    endloop
  endfacet
  facet normal 0 -1 0
    outer loop
      vertex 116.4 82.4 17.1058
      vertex 118.014 82.4 17.6798
      vertex 116.286 82.4 17.6798
    endloop
  endfacet
  facet normal 0 -1 0
    outer loop
      vertex 116.4 82.4 17.1058
      vertex 117.9 82.4 17.1058
      vertex 118.014 82.4 17.6798
    endloop
  endfacet
  facet normal 0 -1 0
    outer loop
      vertex 116.286 82.4 16.5317
      vertex 117.9 82.4 17.1058
      vertex 116.4 82.4 17.1058
    endloop
  endfacet
  facet normal 0 -1 0
    outer loop
      vertex 116.286 82.4 16.5317
      vertex 118.014 82.4 16.5317
      vertex 117.9 82.4 17.1058
    endloop
  endfacet
  facet normal 0 -1 0
    outer loop
      vertex 117.15 82.4 14.7087
      vertex 116.286 82.4 16.5317
      vertex 115.961 82.4 16.0451
    endloop
  endfacet
  facet normal 0 -1 0
    outer loop
      vertex 116.286 82.4 16.5317
      vertex 117.15 82.4 14.7087
      vertex 118.014 82.4 16.5317
    endloop
  endfacet
  facet normal 0 -1 0
    outer loop
      vertex 117.15 82.4 14.7087
      vertex 115.961 82.4 16.0451
      vertex 115.474 82.4 15.72
    endloop
  endfacet
  facet normal 0 -1 -0
    outer loop
      vertex 118.014 82.4 16.5317
      vertex 117.15 82.4 14.7087
      vertex 118.339 82.4 16.0451
    endloop
  endfacet
  facet normal 0 -1 0
    outer loop
      vertex 117.15 82.4 14.7087
      vertex 115.474 82.4 15.72
      vertex 114.9 82.4 15.6058
    endloop
  endfacet
  facet normal 0 -1 0
    outer loop
      vertex 117.724 82.4 14.5945
      vertex 118.339 82.4 16.0451
      vertex 117.15 82.4 14.7087
    endloop
  endfacet
  facet normal 0 -1 -0
    outer loop
      vertex 112.076 82.4 19.6171
      vertex 111.461 82.4 18.1664
      vertex 112.65 82.4 19.5029
    endloop
  endfacet
  facet normal 0 -1 0
    outer loop
      vertex 112.65 82.4 19.5029
      vertex 114.326 82.4 18.4916
      vertex 114.9 82.4 18.6058
    endloop
  endfacet
  facet normal 0 -1 0
    outer loop
      vertex 111.786 82.4 17.6798
      vertex 112.65 82.4 19.5029
      vertex 111.461 82.4 18.1664
    endloop
  endfacet
  facet normal 0 -1 0
    outer loop
      vertex 112.65 82.4 19.5029
      vertex 113.839 82.4 18.1664
      vertex 114.326 82.4 18.4916
    endloop
  endfacet
  facet normal 0 -1 0
    outer loop
      vertex 113.514 82.4 17.6798
      vertex 112.65 82.4 19.5029
      vertex 111.786 82.4 17.6798
    endloop
  endfacet
  facet normal 0 -1 0
    outer loop
      vertex 112.65 82.4 19.5029
      vertex 113.514 82.4 17.6798
      vertex 113.839 82.4 18.1664
    endloop
  endfacet
  facet normal 0 -1 0
    outer loop
      vertex 111.9 82.4 17.1058
      vertex 113.514 82.4 17.6798
      vertex 111.786 82.4 17.6798
    endloop
  endfacet
  facet normal 0 -1 0
    outer loop
      vertex 111.9 82.4 17.1058
      vertex 113.4 82.4 17.1058
      vertex 113.514 82.4 17.6798
    endloop
  endfacet
  facet normal 0 -1 0
    outer loop
      vertex 111.786 82.4 16.5317
      vertex 113.4 82.4 17.1058
      vertex 111.9 82.4 17.1058
    endloop
  endfacet
  facet normal 0 -1 0
    outer loop
      vertex 111.786 82.4 16.5317
      vertex 113.514 82.4 16.5317
      vertex 113.4 82.4 17.1058
    endloop
  endfacet
  facet normal 0 -1 0
    outer loop
      vertex 112.65 82.4 14.7087
      vertex 111.786 82.4 16.5317
      vertex 111.461 82.4 16.0451
    endloop
  endfacet
  facet normal 0 -1 0
    outer loop
      vertex 111.786 82.4 16.5317
      vertex 112.65 82.4 14.7087
      vertex 113.514 82.4 16.5317
    endloop
  endfacet
  facet normal 0 -1 0
    outer loop
      vertex 112.65 82.4 14.7087
      vertex 111.461 82.4 16.0451
      vertex 110.974 82.4 15.72
    endloop
  endfacet
  facet normal 0 -1 -0
    outer loop
      vertex 113.514 82.4 16.5317
      vertex 112.65 82.4 14.7087
      vertex 113.839 82.4 16.0451
    endloop
  endfacet
  facet normal 0 -1 0
    outer loop
      vertex 112.65 82.4 14.7087
      vertex 110.974 82.4 15.72
      vertex 110.4 82.4 15.6058
    endloop
  endfacet
  facet normal 0 -1 0
    outer loop
      vertex 113.224 82.4 14.5945
      vertex 113.839 82.4 16.0451
      vertex 112.65 82.4 14.7087
    endloop
  endfacet
  facet normal 0 -1 -0
    outer loop
      vertex 107.576 82.4 19.6171
      vertex 106.961 82.4 18.1664
      vertex 108.15 82.4 19.5029
    endloop
  endfacet
  facet normal 0 -1 0
    outer loop
      vertex 108.15 82.4 19.5029
      vertex 109.826 82.4 18.4916
      vertex 110.4 82.4 18.6058
    endloop
  endfacet
  facet normal 0 -1 0
    outer loop
      vertex 107.286 82.4 17.6798
      vertex 108.15 82.4 19.5029
      vertex 106.961 82.4 18.1664
    endloop
  endfacet
  facet normal 0 -1 0
    outer loop
      vertex 108.15 82.4 19.5029
      vertex 109.339 82.4 18.1664
      vertex 109.826 82.4 18.4916
    endloop
  endfacet
  facet normal 0 -1 0
    outer loop
      vertex 109.014 82.4 17.6798
      vertex 108.15 82.4 19.5029
      vertex 107.286 82.4 17.6798
    endloop
  endfacet
  facet normal 0 -1 0
    outer loop
      vertex 108.15 82.4 19.5029
      vertex 109.014 82.4 17.6798
      vertex 109.339 82.4 18.1664
    endloop
  endfacet
  facet normal 0 -1 0
    outer loop
      vertex 107.4 82.4 17.1058
      vertex 109.014 82.4 17.6798
      vertex 107.286 82.4 17.6798
    endloop
  endfacet
  facet normal 0 -1 0
    outer loop
      vertex 107.4 82.4 17.1058
      vertex 108.9 82.4 17.1058
      vertex 109.014 82.4 17.6798
    endloop
  endfacet
  facet normal 0 -1 0
    outer loop
      vertex 107.286 82.4 16.5317
      vertex 108.9 82.4 17.1058
      vertex 107.4 82.4 17.1058
    endloop
  endfacet
  facet normal 0 -1 0
    outer loop
      vertex 107.286 82.4 16.5317
      vertex 109.014 82.4 16.5317
      vertex 108.9 82.4 17.1058
    endloop
  endfacet
  facet normal 0 -1 0
    outer loop
      vertex 108.15 82.4 14.7087
      vertex 107.286 82.4 16.5317
      vertex 106.961 82.4 16.0451
    endloop
  endfacet
  facet normal 0 -1 0
    outer loop
      vertex 107.286 82.4 16.5317
      vertex 108.15 82.4 14.7087
      vertex 109.014 82.4 16.5317
    endloop
  endfacet
  facet normal 0 -1 0
    outer loop
      vertex 108.15 82.4 14.7087
      vertex 106.961 82.4 16.0451
      vertex 106.474 82.4 15.72
    endloop
  endfacet
  facet normal 0 -1 -0
    outer loop
      vertex 109.014 82.4 16.5317
      vertex 108.15 82.4 14.7087
      vertex 109.339 82.4 16.0451
    endloop
  endfacet
  facet normal 0 -1 0
    outer loop
      vertex 108.15 82.4 14.7087
      vertex 106.474 82.4 15.72
      vertex 105.9 82.4 15.6058
    endloop
  endfacet
  facet normal 0 -1 0
    outer loop
      vertex 108.724 82.4 14.5945
      vertex 109.339 82.4 16.0451
      vertex 108.15 82.4 14.7087
    endloop
  endfacet
  facet normal 0 -1 -0
    outer loop
      vertex 103.076 82.4 19.6171
      vertex 102.461 82.4 18.1664
      vertex 103.65 82.4 19.5029
    endloop
  endfacet
  facet normal 0 -1 0
    outer loop
      vertex 103.65 82.4 19.5029
      vertex 105.326 82.4 18.4916
      vertex 105.9 82.4 18.6058
    endloop
  endfacet
  facet normal 0 -1 0
    outer loop
      vertex 102.786 82.4 17.6798
      vertex 103.65 82.4 19.5029
      vertex 102.461 82.4 18.1664
    endloop
  endfacet
  facet normal 0 -1 0
    outer loop
      vertex 103.65 82.4 19.5029
      vertex 104.839 82.4 18.1664
      vertex 105.326 82.4 18.4916
    endloop
  endfacet
  facet normal 0 -1 0
    outer loop
      vertex 104.514 82.4 17.6798
      vertex 103.65 82.4 19.5029
      vertex 102.786 82.4 17.6798
    endloop
  endfacet
  facet normal 0 -1 0
    outer loop
      vertex 103.65 82.4 19.5029
      vertex 104.514 82.4 17.6798
      vertex 104.839 82.4 18.1664
    endloop
  endfacet
  facet normal 0 -1 0
    outer loop
      vertex 102.9 82.4 17.1058
      vertex 104.514 82.4 17.6798
      vertex 102.786 82.4 17.6798
    endloop
  endfacet
  facet normal 0 -1 0
    outer loop
      vertex 102.9 82.4 17.1058
      vertex 104.4 82.4 17.1058
      vertex 104.514 82.4 17.6798
    endloop
  endfacet
  facet normal 0 -1 0
    outer loop
      vertex 102.786 82.4 16.5317
      vertex 104.4 82.4 17.1058
      vertex 102.9 82.4 17.1058
    endloop
  endfacet
  facet normal 0 -1 0
    outer loop
      vertex 102.786 82.4 16.5317
      vertex 104.514 82.4 16.5317
      vertex 104.4 82.4 17.1058
    endloop
  endfacet
  facet normal 0 -1 0
    outer loop
      vertex 103.65 82.4 14.7087
      vertex 102.786 82.4 16.5317
      vertex 102.461 82.4 16.0451
    endloop
  endfacet
  facet normal 0 -1 0
    outer loop
      vertex 102.786 82.4 16.5317
      vertex 103.65 82.4 14.7087
      vertex 104.514 82.4 16.5317
    endloop
  endfacet
  facet normal 0 -1 0
    outer loop
      vertex 103.65 82.4 14.7087
      vertex 102.461 82.4 16.0451
      vertex 101.974 82.4 15.72
    endloop
  endfacet
  facet normal 0 -1 -0
    outer loop
      vertex 104.514 82.4 16.5317
      vertex 103.65 82.4 14.7087
      vertex 104.839 82.4 16.0451
    endloop
  endfacet
  facet normal 0 -1 0
    outer loop
      vertex 103.65 82.4 14.7087
      vertex 101.974 82.4 15.72
      vertex 101.4 82.4 15.6058
    endloop
  endfacet
  facet normal 0 -1 0
    outer loop
      vertex 104.224 82.4 14.5945
      vertex 104.839 82.4 16.0451
      vertex 103.65 82.4 14.7087
    endloop
  endfacet
  facet normal 0 -1 -0
    outer loop
      vertex 98.576 82.4 19.6171
      vertex 97.9607 82.4 18.1664
      vertex 99.15 82.4 19.5029
    endloop
  endfacet
  facet normal 0 -1 0
    outer loop
      vertex 99.15 82.4 19.5029
      vertex 100.826 82.4 18.4916
      vertex 101.4 82.4 18.6058
    endloop
  endfacet
  facet normal 0 -1 0
    outer loop
      vertex 98.2858 82.4 17.6798
      vertex 99.15 82.4 19.5029
      vertex 97.9607 82.4 18.1664
    endloop
  endfacet
  facet normal 0 -1 0
    outer loop
      vertex 99.15 82.4 19.5029
      vertex 100.339 82.4 18.1664
      vertex 100.826 82.4 18.4916
    endloop
  endfacet
  facet normal 0 -1 0
    outer loop
      vertex 100.014 82.4 17.6798
      vertex 99.15 82.4 19.5029
      vertex 98.2858 82.4 17.6798
    endloop
  endfacet
  facet normal 0 -1 0
    outer loop
      vertex 99.15 82.4 19.5029
      vertex 100.014 82.4 17.6798
      vertex 100.339 82.4 18.1664
    endloop
  endfacet
  facet normal 0 -1 0
    outer loop
      vertex 98.4 82.4 17.1058
      vertex 100.014 82.4 17.6798
      vertex 98.2858 82.4 17.6798
    endloop
  endfacet
  facet normal 0 -1 0
    outer loop
      vertex 98.4 82.4 17.1058
      vertex 99.9 82.4 17.1058
      vertex 100.014 82.4 17.6798
    endloop
  endfacet
  facet normal 0 -1 0
    outer loop
      vertex 98.2858 82.4 16.5317
      vertex 99.9 82.4 17.1058
      vertex 98.4 82.4 17.1058
    endloop
  endfacet
  facet normal 0 -1 0
    outer loop
      vertex 98.2858 82.4 16.5317
      vertex 100.014 82.4 16.5317
      vertex 99.9 82.4 17.1058
    endloop
  endfacet
  facet normal 0 -1 0
    outer loop
      vertex 99.15 82.4 14.7087
      vertex 98.2858 82.4 16.5317
      vertex 97.9607 82.4 16.0451
    endloop
  endfacet
  facet normal 0 -1 0
    outer loop
      vertex 98.2858 82.4 16.5317
      vertex 99.15 82.4 14.7087
      vertex 100.014 82.4 16.5317
    endloop
  endfacet
  facet normal 0 -1 0
    outer loop
      vertex 99.15 82.4 14.7087
      vertex 97.9607 82.4 16.0451
      vertex 97.474 82.4 15.72
    endloop
  endfacet
  facet normal 0 -1 -0
    outer loop
      vertex 100.014 82.4 16.5317
      vertex 99.15 82.4 14.7087
      vertex 100.339 82.4 16.0451
    endloop
  endfacet
  facet normal 0 -1 0
    outer loop
      vertex 99.15 82.4 14.7087
      vertex 97.474 82.4 15.72
      vertex 96.9 82.4 15.6058
    endloop
  endfacet
  facet normal 0 -1 0
    outer loop
      vertex 99.724 82.4 14.5945
      vertex 100.339 82.4 16.0451
      vertex 99.15 82.4 14.7087
    endloop
  endfacet
  facet normal 0 -1 -0
    outer loop
      vertex 94.076 82.4 19.6171
      vertex 93.4607 82.4 18.1664
      vertex 94.65 82.4 19.5029
    endloop
  endfacet
  facet normal 0 -1 0
    outer loop
      vertex 94.65 82.4 19.5029
      vertex 96.326 82.4 18.4916
      vertex 96.9 82.4 18.6058
    endloop
  endfacet
  facet normal 0 -1 0
    outer loop
      vertex 93.7858 82.4 17.6798
      vertex 94.65 82.4 19.5029
      vertex 93.4607 82.4 18.1664
    endloop
  endfacet
  facet normal 0 -1 0
    outer loop
      vertex 94.65 82.4 19.5029
      vertex 95.8393 82.4 18.1664
      vertex 96.326 82.4 18.4916
    endloop
  endfacet
  facet normal 0 -1 0
    outer loop
      vertex 95.5142 82.4 17.6798
      vertex 94.65 82.4 19.5029
      vertex 93.7858 82.4 17.6798
    endloop
  endfacet
  facet normal 0 -1 0
    outer loop
      vertex 94.65 82.4 19.5029
      vertex 95.5142 82.4 17.6798
      vertex 95.8393 82.4 18.1664
    endloop
  endfacet
  facet normal 0 -1 0
    outer loop
      vertex 93.9 82.4 17.1058
      vertex 95.5142 82.4 17.6798
      vertex 93.7858 82.4 17.6798
    endloop
  endfacet
  facet normal 0 -1 0
    outer loop
      vertex 93.9 82.4 17.1058
      vertex 95.4 82.4 17.1058
      vertex 95.5142 82.4 17.6798
    endloop
  endfacet
  facet normal 0 -1 0
    outer loop
      vertex 93.7858 82.4 16.5317
      vertex 95.4 82.4 17.1058
      vertex 93.9 82.4 17.1058
    endloop
  endfacet
  facet normal 0 -1 0
    outer loop
      vertex 93.7858 82.4 16.5317
      vertex 95.5142 82.4 16.5317
      vertex 95.4 82.4 17.1058
    endloop
  endfacet
  facet normal 0 -1 0
    outer loop
      vertex 94.65 82.4 14.7087
      vertex 93.7858 82.4 16.5317
      vertex 93.4607 82.4 16.0451
    endloop
  endfacet
  facet normal 0 -1 0
    outer loop
      vertex 93.7858 82.4 16.5317
      vertex 94.65 82.4 14.7087
      vertex 95.5142 82.4 16.5317
    endloop
  endfacet
  facet normal 0 -1 0
    outer loop
      vertex 94.076 82.4 14.5945
      vertex 93.4607 82.4 16.0451
      vertex 92.974 82.4 15.72
    endloop
  endfacet
  facet normal 0 -1 -0
    outer loop
      vertex 95.5142 82.4 16.5317
      vertex 94.65 82.4 14.7087
      vertex 95.8393 82.4 16.0451
    endloop
  endfacet
  facet normal 0 -1 0
    outer loop
      vertex 93.5893 82.4 14.2693
      vertex 92.974 82.4 15.72
      vertex 92.4 82.4 15.6058
    endloop
  endfacet
  facet normal 0 -1 0
    outer loop
      vertex 95.224 82.4 14.5945
      vertex 95.8393 82.4 16.0451
      vertex 94.65 82.4 14.7087
    endloop
  endfacet
  facet normal 0 -1 -0
    outer loop
      vertex 118.826 82.4 23.5142
      vertex 118.211 82.4 22.0635
      vertex 119.4 82.4 23.4
    endloop
  endfacet
  facet normal 0 -1 0
    outer loop
      vertex 119.4 82.4 23.4
      vertex 121.076 82.4 22.3887
      vertex 121.65 82.4 22.5029
    endloop
  endfacet
  facet normal 0 -1 0
    outer loop
      vertex 118.536 82.4 21.5769
      vertex 119.4 82.4 23.4
      vertex 118.211 82.4 22.0635
    endloop
  endfacet
  facet normal 0 -1 0
    outer loop
      vertex 119.4 82.4 23.4
      vertex 120.589 82.4 22.0635
      vertex 121.076 82.4 22.3887
    endloop
  endfacet
  facet normal 0 -1 0
    outer loop
      vertex 120.264 82.4 21.5769
      vertex 119.4 82.4 23.4
      vertex 118.536 82.4 21.5769
    endloop
  endfacet
  facet normal 0 -1 0
    outer loop
      vertex 119.4 82.4 23.4
      vertex 120.264 82.4 21.5769
      vertex 120.589 82.4 22.0635
    endloop
  endfacet
  facet normal 0 -1 0
    outer loop
      vertex 118.65 82.4 21.0029
      vertex 120.264 82.4 21.5769
      vertex 118.536 82.4 21.5769
    endloop
  endfacet
  facet normal 0 -1 0
    outer loop
      vertex 118.65 82.4 21.0029
      vertex 120.15 82.4 21.0029
      vertex 120.264 82.4 21.5769
    endloop
  endfacet
  facet normal 0 -1 0
    outer loop
      vertex 118.536 82.4 20.4289
      vertex 120.15 82.4 21.0029
      vertex 118.65 82.4 21.0029
    endloop
  endfacet
  facet normal 0 -1 0
    outer loop
      vertex 118.536 82.4 20.4289
      vertex 120.264 82.4 20.4289
      vertex 120.15 82.4 21.0029
    endloop
  endfacet
  facet normal 0 -1 0
    outer loop
      vertex 119.4 82.4 18.6058
      vertex 118.536 82.4 20.4289
      vertex 118.211 82.4 19.9422
    endloop
  endfacet
  facet normal 0 -1 0
    outer loop
      vertex 118.536 82.4 20.4289
      vertex 119.4 82.4 18.6058
      vertex 120.264 82.4 20.4289
    endloop
  endfacet
  facet normal 0 -1 0
    outer loop
      vertex 119.4 82.4 18.6058
      vertex 118.211 82.4 19.9422
      vertex 117.724 82.4 19.6171
    endloop
  endfacet
  facet normal 0 -1 -0
    outer loop
      vertex 120.264 82.4 20.4289
      vertex 119.4 82.4 18.6058
      vertex 120.589 82.4 19.9422
    endloop
  endfacet
  facet normal 0 -1 0
    outer loop
      vertex 119.4 82.4 18.6058
      vertex 117.724 82.4 19.6171
      vertex 117.15 82.4 19.5029
    endloop
  endfacet
  facet normal 0 -1 0
    outer loop
      vertex 119.974 82.4 18.4916
      vertex 120.589 82.4 19.9422
      vertex 119.4 82.4 18.6058
    endloop
  endfacet
  facet normal 0 -1 -0
    outer loop
      vertex 114.326 82.4 23.5142
      vertex 113.711 82.4 22.0635
      vertex 114.9 82.4 23.4
    endloop
  endfacet
  facet normal 0 -1 0
    outer loop
      vertex 114.9 82.4 23.4
      vertex 116.576 82.4 22.3887
      vertex 117.15 82.4 22.5029
    endloop
  endfacet
  facet normal 0 -1 0
    outer loop
      vertex 114.036 82.4 21.5769
      vertex 114.9 82.4 23.4
      vertex 113.711 82.4 22.0635
    endloop
  endfacet
  facet normal 0 -1 0
    outer loop
      vertex 114.9 82.4 23.4
      vertex 116.089 82.4 22.0635
      vertex 116.576 82.4 22.3887
    endloop
  endfacet
  facet normal 0 -1 0
    outer loop
      vertex 115.764 82.4 21.5769
      vertex 114.9 82.4 23.4
      vertex 114.036 82.4 21.5769
    endloop
  endfacet
  facet normal 0 -1 0
    outer loop
      vertex 114.9 82.4 23.4
      vertex 115.764 82.4 21.5769
      vertex 116.089 82.4 22.0635
    endloop
  endfacet
  facet normal 0 -1 0
    outer loop
      vertex 114.15 82.4 21.0029
      vertex 115.764 82.4 21.5769
      vertex 114.036 82.4 21.5769
    endloop
  endfacet
  facet normal 0 -1 0
    outer loop
      vertex 114.15 82.4 21.0029
      vertex 115.65 82.4 21.0029
      vertex 115.764 82.4 21.5769
    endloop
  endfacet
  facet normal 0 -1 0
    outer loop
      vertex 114.036 82.4 20.4289
      vertex 115.65 82.4 21.0029
      vertex 114.15 82.4 21.0029
    endloop
  endfacet
  facet normal 0 -1 0
    outer loop
      vertex 114.036 82.4 20.4289
      vertex 115.764 82.4 20.4289
      vertex 115.65 82.4 21.0029
    endloop
  endfacet
  facet normal 0 -1 0
    outer loop
      vertex 114.9 82.4 18.6058
      vertex 114.036 82.4 20.4289
      vertex 113.711 82.4 19.9422
    endloop
  endfacet
  facet normal 0 -1 0
    outer loop
      vertex 114.036 82.4 20.4289
      vertex 114.9 82.4 18.6058
      vertex 115.764 82.4 20.4289
    endloop
  endfacet
  facet normal 0 -1 0
    outer loop
      vertex 114.9 82.4 18.6058
      vertex 113.711 82.4 19.9422
      vertex 113.224 82.4 19.6171
    endloop
  endfacet
  facet normal 0 -1 -0
    outer loop
      vertex 115.764 82.4 20.4289
      vertex 114.9 82.4 18.6058
      vertex 116.089 82.4 19.9422
    endloop
  endfacet
  facet normal 0 -1 0
    outer loop
      vertex 114.9 82.4 18.6058
      vertex 113.224 82.4 19.6171
      vertex 112.65 82.4 19.5029
    endloop
  endfacet
  facet normal 0 -1 0
    outer loop
      vertex 115.474 82.4 18.4916
      vertex 116.089 82.4 19.9422
      vertex 114.9 82.4 18.6058
    endloop
  endfacet
  facet normal 0 -1 -0
    outer loop
      vertex 109.826 82.4 23.5142
      vertex 109.211 82.4 22.0635
      vertex 110.4 82.4 23.4
    endloop
  endfacet
  facet normal 0 -1 0
    outer loop
      vertex 110.4 82.4 23.4
      vertex 112.076 82.4 22.3887
      vertex 112.65 82.4 22.5029
    endloop
  endfacet
  facet normal 0 -1 0
    outer loop
      vertex 109.536 82.4 21.5769
      vertex 110.4 82.4 23.4
      vertex 109.211 82.4 22.0635
    endloop
  endfacet
  facet normal 0 -1 0
    outer loop
      vertex 110.4 82.4 23.4
      vertex 111.589 82.4 22.0635
      vertex 112.076 82.4 22.3887
    endloop
  endfacet
  facet normal 0 -1 0
    outer loop
      vertex 111.264 82.4 21.5769
      vertex 110.4 82.4 23.4
      vertex 109.536 82.4 21.5769
    endloop
  endfacet
  facet normal 0 -1 0
    outer loop
      vertex 110.4 82.4 23.4
      vertex 111.264 82.4 21.5769
      vertex 111.589 82.4 22.0635
    endloop
  endfacet
  facet normal 0 -1 0
    outer loop
      vertex 109.65 82.4 21.0029
      vertex 111.264 82.4 21.5769
      vertex 109.536 82.4 21.5769
    endloop
  endfacet
  facet normal 0 -1 0
    outer loop
      vertex 109.65 82.4 21.0029
      vertex 111.15 82.4 21.0029
      vertex 111.264 82.4 21.5769
    endloop
  endfacet
  facet normal 0 -1 0
    outer loop
      vertex 109.536 82.4 20.4289
      vertex 111.15 82.4 21.0029
      vertex 109.65 82.4 21.0029
    endloop
  endfacet
  facet normal 0 -1 0
    outer loop
      vertex 109.536 82.4 20.4289
      vertex 111.264 82.4 20.4289
      vertex 111.15 82.4 21.0029
    endloop
  endfacet
  facet normal 0 -1 0
    outer loop
      vertex 110.4 82.4 18.6058
      vertex 109.536 82.4 20.4289
      vertex 109.211 82.4 19.9422
    endloop
  endfacet
  facet normal 0 -1 0
    outer loop
      vertex 109.536 82.4 20.4289
      vertex 110.4 82.4 18.6058
      vertex 111.264 82.4 20.4289
    endloop
  endfacet
  facet normal 0 -1 0
    outer loop
      vertex 110.4 82.4 18.6058
      vertex 109.211 82.4 19.9422
      vertex 108.724 82.4 19.6171
    endloop
  endfacet
  facet normal 0 -1 -0
    outer loop
      vertex 111.264 82.4 20.4289
      vertex 110.4 82.4 18.6058
      vertex 111.589 82.4 19.9422
    endloop
  endfacet
  facet normal 0 -1 0
    outer loop
      vertex 110.4 82.4 18.6058
      vertex 108.724 82.4 19.6171
      vertex 108.15 82.4 19.5029
    endloop
  endfacet
  facet normal 0 -1 0
    outer loop
      vertex 110.974 82.4 18.4916
      vertex 111.589 82.4 19.9422
      vertex 110.4 82.4 18.6058
    endloop
  endfacet
  facet normal 0 -1 -0
    outer loop
      vertex 105.326 82.4 23.5142
      vertex 104.711 82.4 22.0635
      vertex 105.9 82.4 23.4
    endloop
  endfacet
  facet normal 0 -1 0
    outer loop
      vertex 105.9 82.4 23.4
      vertex 107.576 82.4 22.3887
      vertex 108.15 82.4 22.5029
    endloop
  endfacet
  facet normal 0 -1 0
    outer loop
      vertex 105.036 82.4 21.5769
      vertex 105.9 82.4 23.4
      vertex 104.711 82.4 22.0635
    endloop
  endfacet
  facet normal 0 -1 0
    outer loop
      vertex 105.9 82.4 23.4
      vertex 107.089 82.4 22.0635
      vertex 107.576 82.4 22.3887
    endloop
  endfacet
  facet normal 0 -1 0
    outer loop
      vertex 106.764 82.4 21.5769
      vertex 105.9 82.4 23.4
      vertex 105.036 82.4 21.5769
    endloop
  endfacet
  facet normal 0 -1 0
    outer loop
      vertex 105.9 82.4 23.4
      vertex 106.764 82.4 21.5769
      vertex 107.089 82.4 22.0635
    endloop
  endfacet
  facet normal 0 -1 0
    outer loop
      vertex 105.15 82.4 21.0029
      vertex 106.764 82.4 21.5769
      vertex 105.036 82.4 21.5769
    endloop
  endfacet
  facet normal 0 -1 0
    outer loop
      vertex 105.15 82.4 21.0029
      vertex 106.65 82.4 21.0029
      vertex 106.764 82.4 21.5769
    endloop
  endfacet
  facet normal 0 -1 0
    outer loop
      vertex 105.036 82.4 20.4289
      vertex 106.65 82.4 21.0029
      vertex 105.15 82.4 21.0029
    endloop
  endfacet
  facet normal 0 -1 0
    outer loop
      vertex 105.036 82.4 20.4289
      vertex 106.764 82.4 20.4289
      vertex 106.65 82.4 21.0029
    endloop
  endfacet
  facet normal 0 -1 0
    outer loop
      vertex 105.9 82.4 18.6058
      vertex 105.036 82.4 20.4289
      vertex 104.711 82.4 19.9422
    endloop
  endfacet
  facet normal 0 -1 0
    outer loop
      vertex 105.036 82.4 20.4289
      vertex 105.9 82.4 18.6058
      vertex 106.764 82.4 20.4289
    endloop
  endfacet
  facet normal 0 -1 0
    outer loop
      vertex 105.9 82.4 18.6058
      vertex 104.711 82.4 19.9422
      vertex 104.224 82.4 19.6171
    endloop
  endfacet
  facet normal 0 -1 -0
    outer loop
      vertex 106.764 82.4 20.4289
      vertex 105.9 82.4 18.6058
      vertex 107.089 82.4 19.9422
    endloop
  endfacet
  facet normal 0 -1 0
    outer loop
      vertex 105.9 82.4 18.6058
      vertex 104.224 82.4 19.6171
      vertex 103.65 82.4 19.5029
    endloop
  endfacet
  facet normal 0 -1 0
    outer loop
      vertex 106.474 82.4 18.4916
      vertex 107.089 82.4 19.9422
      vertex 105.9 82.4 18.6058
    endloop
  endfacet
  facet normal 0 -1 -0
    outer loop
      vertex 100.826 82.4 23.5142
      vertex 100.211 82.4 22.0635
      vertex 101.4 82.4 23.4
    endloop
  endfacet
  facet normal 0 -1 0
    outer loop
      vertex 101.4 82.4 23.4
      vertex 103.076 82.4 22.3887
      vertex 103.65 82.4 22.5029
    endloop
  endfacet
  facet normal 0 -1 0
    outer loop
      vertex 100.536 82.4 21.5769
      vertex 101.4 82.4 23.4
      vertex 100.211 82.4 22.0635
    endloop
  endfacet
  facet normal 0 -1 0
    outer loop
      vertex 101.4 82.4 23.4
      vertex 102.589 82.4 22.0635
      vertex 103.076 82.4 22.3887
    endloop
  endfacet
  facet normal 0 -1 0
    outer loop
      vertex 102.264 82.4 21.5769
      vertex 101.4 82.4 23.4
      vertex 100.536 82.4 21.5769
    endloop
  endfacet
  facet normal 0 -1 0
    outer loop
      vertex 101.4 82.4 23.4
      vertex 102.264 82.4 21.5769
      vertex 102.589 82.4 22.0635
    endloop
  endfacet
  facet normal 0 -1 0
    outer loop
      vertex 100.65 82.4 21.0029
      vertex 102.264 82.4 21.5769
      vertex 100.536 82.4 21.5769
    endloop
  endfacet
  facet normal 0 -1 0
    outer loop
      vertex 100.65 82.4 21.0029
      vertex 102.15 82.4 21.0029
      vertex 102.264 82.4 21.5769
    endloop
  endfacet
  facet normal 0 -1 0
    outer loop
      vertex 100.536 82.4 20.4289
      vertex 102.15 82.4 21.0029
      vertex 100.65 82.4 21.0029
    endloop
  endfacet
  facet normal 0 -1 0
    outer loop
      vertex 100.536 82.4 20.4289
      vertex 102.264 82.4 20.4289
      vertex 102.15 82.4 21.0029
    endloop
  endfacet
  facet normal 0 -1 0
    outer loop
      vertex 101.4 82.4 18.6058
      vertex 100.536 82.4 20.4289
      vertex 100.211 82.4 19.9422
    endloop
  endfacet
  facet normal 0 -1 0
    outer loop
      vertex 100.536 82.4 20.4289
      vertex 101.4 82.4 18.6058
      vertex 102.264 82.4 20.4289
    endloop
  endfacet
  facet normal 0 -1 0
    outer loop
      vertex 101.4 82.4 18.6058
      vertex 100.211 82.4 19.9422
      vertex 99.724 82.4 19.6171
    endloop
  endfacet
  facet normal 0 -1 -0
    outer loop
      vertex 102.264 82.4 20.4289
      vertex 101.4 82.4 18.6058
      vertex 102.589 82.4 19.9422
    endloop
  endfacet
  facet normal 0 -1 0
    outer loop
      vertex 101.4 82.4 18.6058
      vertex 99.724 82.4 19.6171
      vertex 99.15 82.4 19.5029
    endloop
  endfacet
  facet normal 0 -1 0
    outer loop
      vertex 101.974 82.4 18.4916
      vertex 102.589 82.4 19.9422
      vertex 101.4 82.4 18.6058
    endloop
  endfacet
  facet normal 0 -1 -0
    outer loop
      vertex 96.326 82.4 23.5142
      vertex 95.7107 82.4 22.0635
      vertex 96.9 82.4 23.4
    endloop
  endfacet
  facet normal 0 -1 0
    outer loop
      vertex 96.9 82.4 23.4
      vertex 98.576 82.4 22.3887
      vertex 99.15 82.4 22.5029
    endloop
  endfacet
  facet normal 0 -1 0
    outer loop
      vertex 96.0358 82.4 21.5769
      vertex 96.9 82.4 23.4
      vertex 95.7107 82.4 22.0635
    endloop
  endfacet
  facet normal 0 -1 0
    outer loop
      vertex 96.9 82.4 23.4
      vertex 98.0893 82.4 22.0635
      vertex 98.576 82.4 22.3887
    endloop
  endfacet
  facet normal 0 -1 0
    outer loop
      vertex 97.7642 82.4 21.5769
      vertex 96.9 82.4 23.4
      vertex 96.0358 82.4 21.5769
    endloop
  endfacet
  facet normal 0 -1 0
    outer loop
      vertex 96.9 82.4 23.4
      vertex 97.7642 82.4 21.5769
      vertex 98.0893 82.4 22.0635
    endloop
  endfacet
  facet normal 0 -1 0
    outer loop
      vertex 96.15 82.4 21.0029
      vertex 97.7642 82.4 21.5769
      vertex 96.0358 82.4 21.5769
    endloop
  endfacet
  facet normal 0 -1 0
    outer loop
      vertex 96.15 82.4 21.0029
      vertex 97.65 82.4 21.0029
      vertex 97.7642 82.4 21.5769
    endloop
  endfacet
  facet normal 0 -1 0
    outer loop
      vertex 96.0358 82.4 20.4289
      vertex 97.65 82.4 21.0029
      vertex 96.15 82.4 21.0029
    endloop
  endfacet
  facet normal 0 -1 0
    outer loop
      vertex 96.0358 82.4 20.4289
      vertex 97.7642 82.4 20.4289
      vertex 97.65 82.4 21.0029
    endloop
  endfacet
  facet normal 0 -1 0
    outer loop
      vertex 96.9 82.4 18.6058
      vertex 96.0358 82.4 20.4289
      vertex 95.7107 82.4 19.9422
    endloop
  endfacet
  facet normal 0 -1 0
    outer loop
      vertex 96.0358 82.4 20.4289
      vertex 96.9 82.4 18.6058
      vertex 97.7642 82.4 20.4289
    endloop
  endfacet
  facet normal 0 -1 0
    outer loop
      vertex 96.9 82.4 18.6058
      vertex 95.7107 82.4 19.9422
      vertex 95.224 82.4 19.6171
    endloop
  endfacet
  facet normal 0 -1 -0
    outer loop
      vertex 97.7642 82.4 20.4289
      vertex 96.9 82.4 18.6058
      vertex 98.0893 82.4 19.9422
    endloop
  endfacet
  facet normal 0 -1 0
    outer loop
      vertex 96.9 82.4 18.6058
      vertex 95.224 82.4 19.6171
      vertex 94.65 82.4 19.5029
    endloop
  endfacet
  facet normal 0 -1 0
    outer loop
      vertex 97.474 82.4 18.4916
      vertex 98.0893 82.4 19.9422
      vertex 96.9 82.4 18.6058
    endloop
  endfacet
  facet normal 0 -1 -0
    outer loop
      vertex 91.826 82.4 23.5142
      vertex 91.2107 82.4 22.0635
      vertex 92.4 82.4 23.4
    endloop
  endfacet
  facet normal 0 -1 0
    outer loop
      vertex 92.4 82.4 23.4
      vertex 94.076 82.4 22.3887
      vertex 94.65 82.4 22.5029
    endloop
  endfacet
  facet normal 0 -1 0
    outer loop
      vertex 91.5358 82.4 21.5769
      vertex 92.4 82.4 23.4
      vertex 91.2107 82.4 22.0635
    endloop
  endfacet
  facet normal 0 -1 0
    outer loop
      vertex 92.4 82.4 23.4
      vertex 93.5893 82.4 22.0635
      vertex 94.076 82.4 22.3887
    endloop
  endfacet
  facet normal 0 -1 0
    outer loop
      vertex 93.2642 82.4 21.5769
      vertex 92.4 82.4 23.4
      vertex 91.5358 82.4 21.5769
    endloop
  endfacet
  facet normal 0 -1 0
    outer loop
      vertex 92.4 82.4 23.4
      vertex 93.2642 82.4 21.5769
      vertex 93.5893 82.4 22.0635
    endloop
  endfacet
  facet normal 0 -1 0
    outer loop
      vertex 91.65 82.4 21.0029
      vertex 93.2642 82.4 21.5769
      vertex 91.5358 82.4 21.5769
    endloop
  endfacet
  facet normal 0 -1 0
    outer loop
      vertex 91.65 82.4 21.0029
      vertex 93.15 82.4 21.0029
      vertex 93.2642 82.4 21.5769
    endloop
  endfacet
  facet normal 0 -1 0
    outer loop
      vertex 91.5358 82.4 20.4289
      vertex 93.15 82.4 21.0029
      vertex 91.65 82.4 21.0029
    endloop
  endfacet
  facet normal 0 -1 0
    outer loop
      vertex 91.5358 82.4 20.4289
      vertex 93.2642 82.4 20.4289
      vertex 93.15 82.4 21.0029
    endloop
  endfacet
  facet normal 0 -1 0
    outer loop
      vertex 92.4 82.4 18.6058
      vertex 91.5358 82.4 20.4289
      vertex 91.2107 82.4 19.9422
    endloop
  endfacet
  facet normal 0 -1 0
    outer loop
      vertex 91.5358 82.4 20.4289
      vertex 92.4 82.4 18.6058
      vertex 93.2642 82.4 20.4289
    endloop
  endfacet
  facet normal 0 -1 0
    outer loop
      vertex 91.826 82.4 18.4916
      vertex 91.2107 82.4 19.9422
      vertex 90.724 82.4 19.6171
    endloop
  endfacet
  facet normal 0 -1 -0
    outer loop
      vertex 93.2642 82.4 20.4289
      vertex 92.4 82.4 18.6058
      vertex 93.5893 82.4 19.9422
    endloop
  endfacet
  facet normal 0 -1 0
    outer loop
      vertex 91.3393 82.4 18.1664
      vertex 90.724 82.4 19.6171
      vertex 90.15 82.4 19.5029
    endloop
  endfacet
  facet normal 0 -1 0
    outer loop
      vertex 92.974 82.4 18.4916
      vertex 93.5893 82.4 19.9422
      vertex 92.4 82.4 18.6058
    endloop
  endfacet
  facet normal 0 -1 0
    outer loop
      vertex 91.0142 82.4 24.326
      vertex 89.576 82.4 22.3887
      vertex 90.15 82.4 22.5029
    endloop
  endfacet
  facet normal 0 -1 0
    outer loop
      vertex 89.0893 82.4 19.9422
      vertex 76.5263 82.4 22.5199
      vertex 76.2 82.4 22.3019
    endloop
  endfacet
  facet normal 0 -1 0
    outer loop
      vertex 91.0142 82.4 16.5317
      vertex 76.2 82.4 22.3019
      vertex 75.8481 82.4 22.1284
    endloop
  endfacet
  facet normal 0 -1 0
    outer loop
      vertex 76.8213 82.4 22.7787
      vertex 89.0893 82.4 22.0635
      vertex 89.576 82.4 22.3887
    endloop
  endfacet
  facet normal 0 -1 0
    outer loop
      vertex 91.0142 82.4 16.5317
      vertex 75.8481 82.4 22.1284
      vertex 75.4765 82.4 22.0022
    endloop
  endfacet
  facet normal 0 -1 0
    outer loop
      vertex 93.2642 82.4 12.6346
      vertex 75.4765 82.4 22.0022
      vertex 75.0916 82.4 21.9257
    endloop
  endfacet
  facet normal 0 -1 0
    outer loop
      vertex 93.2642 82.4 12.6346
      vertex 75.0916 82.4 21.9257
      vertex 74.7 82.4 21.9
    endloop
  endfacet
  facet normal 0 -1 0
    outer loop
      vertex 76.8213 82.4 22.7787
      vertex 88.7642 82.4 21.5769
      vertex 89.0893 82.4 22.0635
    endloop
  endfacet
  facet normal 0 -1 -0
    outer loop
      vertex 116.576 82.4 27.4113
      vertex 115.961 82.4 25.9607
      vertex 117.15 82.4 27.2971
    endloop
  endfacet
  facet normal 0 -1 0
    outer loop
      vertex 117.15 82.4 27.2971
      vertex 118.826 82.4 26.2858
      vertex 119.4 82.4 26.4
    endloop
  endfacet
  facet normal 0 -1 0
    outer loop
      vertex 116.286 82.4 25.474
      vertex 117.15 82.4 27.2971
      vertex 115.961 82.4 25.9607
    endloop
  endfacet
  facet normal 0 -1 0
    outer loop
      vertex 117.15 82.4 27.2971
      vertex 118.339 82.4 25.9607
      vertex 118.826 82.4 26.2858
    endloop
  endfacet
  facet normal 0 -1 0
    outer loop
      vertex 118.014 82.4 25.474
      vertex 117.15 82.4 27.2971
      vertex 116.286 82.4 25.474
    endloop
  endfacet
  facet normal 0 -1 0
    outer loop
      vertex 117.15 82.4 27.2971
      vertex 118.014 82.4 25.474
      vertex 118.339 82.4 25.9607
    endloop
  endfacet
  facet normal 0 -1 0
    outer loop
      vertex 116.4 82.4 24.9
      vertex 118.014 82.4 25.474
      vertex 116.286 82.4 25.474
    endloop
  endfacet
  facet normal 0 -1 0
    outer loop
      vertex 116.4 82.4 24.9
      vertex 117.9 82.4 24.9
      vertex 118.014 82.4 25.474
    endloop
  endfacet
  facet normal 0 -1 0
    outer loop
      vertex 116.286 82.4 24.326
      vertex 117.9 82.4 24.9
      vertex 116.4 82.4 24.9
    endloop
  endfacet
  facet normal 0 -1 0
    outer loop
      vertex 116.286 82.4 24.326
      vertex 118.014 82.4 24.326
      vertex 117.9 82.4 24.9
    endloop
  endfacet
  facet normal 0 -1 0
    outer loop
      vertex 117.15 82.4 22.5029
      vertex 116.286 82.4 24.326
      vertex 115.961 82.4 23.8393
    endloop
  endfacet
  facet normal 0 -1 0
    outer loop
      vertex 116.286 82.4 24.326
      vertex 117.15 82.4 22.5029
      vertex 118.014 82.4 24.326
    endloop
  endfacet
  facet normal 0 -1 0
    outer loop
      vertex 117.15 82.4 22.5029
      vertex 115.961 82.4 23.8393
      vertex 115.474 82.4 23.5142
    endloop
  endfacet
  facet normal 0 -1 -0
    outer loop
      vertex 118.014 82.4 24.326
      vertex 117.15 82.4 22.5029
      vertex 118.339 82.4 23.8393
    endloop
  endfacet
  facet normal 0 -1 0
    outer loop
      vertex 117.15 82.4 22.5029
      vertex 115.474 82.4 23.5142
      vertex 114.9 82.4 23.4
    endloop
  endfacet
  facet normal 0 -1 0
    outer loop
      vertex 117.724 82.4 22.3887
      vertex 118.339 82.4 23.8393
      vertex 117.15 82.4 22.5029
    endloop
  endfacet
  facet normal 0 -1 -0
    outer loop
      vertex 112.076 82.4 27.4113
      vertex 111.461 82.4 25.9607
      vertex 112.65 82.4 27.2971
    endloop
  endfacet
  facet normal 0 -1 0
    outer loop
      vertex 112.65 82.4 27.2971
      vertex 114.326 82.4 26.2858
      vertex 114.9 82.4 26.4
    endloop
  endfacet
  facet normal 0 -1 0
    outer loop
      vertex 111.786 82.4 25.474
      vertex 112.65 82.4 27.2971
      vertex 111.461 82.4 25.9607
    endloop
  endfacet
  facet normal 0 -1 0
    outer loop
      vertex 112.65 82.4 27.2971
      vertex 113.839 82.4 25.9607
      vertex 114.326 82.4 26.2858
    endloop
  endfacet
  facet normal 0 -1 0
    outer loop
      vertex 113.514 82.4 25.474
      vertex 112.65 82.4 27.2971
      vertex 111.786 82.4 25.474
    endloop
  endfacet
  facet normal 0 -1 0
    outer loop
      vertex 112.65 82.4 27.2971
      vertex 113.514 82.4 25.474
      vertex 113.839 82.4 25.9607
    endloop
  endfacet
  facet normal 0 -1 0
    outer loop
      vertex 111.9 82.4 24.9
      vertex 113.514 82.4 25.474
      vertex 111.786 82.4 25.474
    endloop
  endfacet
  facet normal 0 -1 0
    outer loop
      vertex 111.9 82.4 24.9
      vertex 113.4 82.4 24.9
      vertex 113.514 82.4 25.474
    endloop
  endfacet
  facet normal 0 -1 0
    outer loop
      vertex 111.786 82.4 24.326
      vertex 113.4 82.4 24.9
      vertex 111.9 82.4 24.9
    endloop
  endfacet
  facet normal 0 -1 0
    outer loop
      vertex 111.786 82.4 24.326
      vertex 113.514 82.4 24.326
      vertex 113.4 82.4 24.9
    endloop
  endfacet
  facet normal 0 -1 0
    outer loop
      vertex 112.65 82.4 22.5029
      vertex 111.786 82.4 24.326
      vertex 111.461 82.4 23.8393
    endloop
  endfacet
  facet normal 0 -1 0
    outer loop
      vertex 111.786 82.4 24.326
      vertex 112.65 82.4 22.5029
      vertex 113.514 82.4 24.326
    endloop
  endfacet
  facet normal 0 -1 0
    outer loop
      vertex 112.65 82.4 22.5029
      vertex 111.461 82.4 23.8393
      vertex 110.974 82.4 23.5142
    endloop
  endfacet
  facet normal 0 -1 -0
    outer loop
      vertex 113.514 82.4 24.326
      vertex 112.65 82.4 22.5029
      vertex 113.839 82.4 23.8393
    endloop
  endfacet
  facet normal 0 -1 0
    outer loop
      vertex 112.65 82.4 22.5029
      vertex 110.974 82.4 23.5142
      vertex 110.4 82.4 23.4
    endloop
  endfacet
  facet normal 0 -1 0
    outer loop
      vertex 113.224 82.4 22.3887
      vertex 113.839 82.4 23.8393
      vertex 112.65 82.4 22.5029
    endloop
  endfacet
  facet normal 0 -1 -0
    outer loop
      vertex 107.576 82.4 27.4113
      vertex 106.961 82.4 25.9607
      vertex 108.15 82.4 27.2971
    endloop
  endfacet
  facet normal 0 -1 0
    outer loop
      vertex 108.15 82.4 27.2971
      vertex 109.826 82.4 26.2858
      vertex 110.4 82.4 26.4
    endloop
  endfacet
  facet normal 0 -1 0
    outer loop
      vertex 107.286 82.4 25.474
      vertex 108.15 82.4 27.2971
      vertex 106.961 82.4 25.9607
    endloop
  endfacet
  facet normal 0 -1 0
    outer loop
      vertex 108.15 82.4 27.2971
      vertex 109.339 82.4 25.9607
      vertex 109.826 82.4 26.2858
    endloop
  endfacet
  facet normal 0 -1 0
    outer loop
      vertex 109.014 82.4 25.474
      vertex 108.15 82.4 27.2971
      vertex 107.286 82.4 25.474
    endloop
  endfacet
  facet normal 0 -1 0
    outer loop
      vertex 108.15 82.4 27.2971
      vertex 109.014 82.4 25.474
      vertex 109.339 82.4 25.9607
    endloop
  endfacet
  facet normal 0 -1 0
    outer loop
      vertex 107.4 82.4 24.9
      vertex 109.014 82.4 25.474
      vertex 107.286 82.4 25.474
    endloop
  endfacet
  facet normal 0 -1 0
    outer loop
      vertex 107.4 82.4 24.9
      vertex 108.9 82.4 24.9
      vertex 109.014 82.4 25.474
    endloop
  endfacet
  facet normal 0 -1 0
    outer loop
      vertex 107.286 82.4 24.326
      vertex 108.9 82.4 24.9
      vertex 107.4 82.4 24.9
    endloop
  endfacet
  facet normal 0 -1 0
    outer loop
      vertex 107.286 82.4 24.326
      vertex 109.014 82.4 24.326
      vertex 108.9 82.4 24.9
    endloop
  endfacet
  facet normal 0 -1 0
    outer loop
      vertex 108.15 82.4 22.5029
      vertex 107.286 82.4 24.326
      vertex 106.961 82.4 23.8393
    endloop
  endfacet
  facet normal 0 -1 0
    outer loop
      vertex 107.286 82.4 24.326
      vertex 108.15 82.4 22.5029
      vertex 109.014 82.4 24.326
    endloop
  endfacet
  facet normal 0 -1 0
    outer loop
      vertex 108.15 82.4 22.5029
      vertex 106.961 82.4 23.8393
      vertex 106.474 82.4 23.5142
    endloop
  endfacet
  facet normal 0 -1 -0
    outer loop
      vertex 109.014 82.4 24.326
      vertex 108.15 82.4 22.5029
      vertex 109.339 82.4 23.8393
    endloop
  endfacet
  facet normal 0 -1 0
    outer loop
      vertex 108.15 82.4 22.5029
      vertex 106.474 82.4 23.5142
      vertex 105.9 82.4 23.4
    endloop
  endfacet
  facet normal 0 -1 0
    outer loop
      vertex 108.724 82.4 22.3887
      vertex 109.339 82.4 23.8393
      vertex 108.15 82.4 22.5029
    endloop
  endfacet
  facet normal 0 -1 -0
    outer loop
      vertex 103.076 82.4 27.4113
      vertex 102.461 82.4 25.9607
      vertex 103.65 82.4 27.2971
    endloop
  endfacet
  facet normal 0 -1 0
    outer loop
      vertex 103.65 82.4 27.2971
      vertex 105.326 82.4 26.2858
      vertex 105.9 82.4 26.4
    endloop
  endfacet
  facet normal 0 -1 0
    outer loop
      vertex 102.786 82.4 25.474
      vertex 103.65 82.4 27.2971
      vertex 102.461 82.4 25.9607
    endloop
  endfacet
  facet normal 0 -1 0
    outer loop
      vertex 103.65 82.4 27.2971
      vertex 104.839 82.4 25.9607
      vertex 105.326 82.4 26.2858
    endloop
  endfacet
  facet normal 0 -1 0
    outer loop
      vertex 104.514 82.4 25.474
      vertex 103.65 82.4 27.2971
      vertex 102.786 82.4 25.474
    endloop
  endfacet
  facet normal 0 -1 0
    outer loop
      vertex 103.65 82.4 27.2971
      vertex 104.514 82.4 25.474
      vertex 104.839 82.4 25.9607
    endloop
  endfacet
  facet normal 0 -1 0
    outer loop
      vertex 102.9 82.4 24.9
      vertex 104.514 82.4 25.474
      vertex 102.786 82.4 25.474
    endloop
  endfacet
  facet normal 0 -1 0
    outer loop
      vertex 102.9 82.4 24.9
      vertex 104.4 82.4 24.9
      vertex 104.514 82.4 25.474
    endloop
  endfacet
  facet normal 0 -1 0
    outer loop
      vertex 102.786 82.4 24.326
      vertex 104.4 82.4 24.9
      vertex 102.9 82.4 24.9
    endloop
  endfacet
  facet normal 0 -1 0
    outer loop
      vertex 102.786 82.4 24.326
      vertex 104.514 82.4 24.326
      vertex 104.4 82.4 24.9
    endloop
  endfacet
  facet normal 0 -1 0
    outer loop
      vertex 103.65 82.4 22.5029
      vertex 102.786 82.4 24.326
      vertex 102.461 82.4 23.8393
    endloop
  endfacet
  facet normal 0 -1 0
    outer loop
      vertex 102.786 82.4 24.326
      vertex 103.65 82.4 22.5029
      vertex 104.514 82.4 24.326
    endloop
  endfacet
  facet normal 0 -1 0
    outer loop
      vertex 103.65 82.4 22.5029
      vertex 102.461 82.4 23.8393
      vertex 101.974 82.4 23.5142
    endloop
  endfacet
  facet normal 0 -1 -0
    outer loop
      vertex 104.514 82.4 24.326
      vertex 103.65 82.4 22.5029
      vertex 104.839 82.4 23.8393
    endloop
  endfacet
  facet normal 0 -1 0
    outer loop
      vertex 103.65 82.4 22.5029
      vertex 101.974 82.4 23.5142
      vertex 101.4 82.4 23.4
    endloop
  endfacet
  facet normal 0 -1 0
    outer loop
      vertex 104.224 82.4 22.3887
      vertex 104.839 82.4 23.8393
      vertex 103.65 82.4 22.5029
    endloop
  endfacet
  facet normal 0 -1 -0
    outer loop
      vertex 98.576 82.4 27.4113
      vertex 97.9607 82.4 25.9607
      vertex 99.15 82.4 27.2971
    endloop
  endfacet
  facet normal 0 -1 0
    outer loop
      vertex 99.15 82.4 27.2971
      vertex 100.826 82.4 26.2858
      vertex 101.4 82.4 26.4
    endloop
  endfacet
  facet normal 0 -1 0
    outer loop
      vertex 98.2858 82.4 25.474
      vertex 99.15 82.4 27.2971
      vertex 97.9607 82.4 25.9607
    endloop
  endfacet
  facet normal 0 -1 0
    outer loop
      vertex 99.15 82.4 27.2971
      vertex 100.339 82.4 25.9607
      vertex 100.826 82.4 26.2858
    endloop
  endfacet
  facet normal 0 -1 0
    outer loop
      vertex 100.014 82.4 25.474
      vertex 99.15 82.4 27.2971
      vertex 98.2858 82.4 25.474
    endloop
  endfacet
  facet normal 0 -1 0
    outer loop
      vertex 99.15 82.4 27.2971
      vertex 100.014 82.4 25.474
      vertex 100.339 82.4 25.9607
    endloop
  endfacet
  facet normal 0 -1 0
    outer loop
      vertex 98.4 82.4 24.9
      vertex 100.014 82.4 25.474
      vertex 98.2858 82.4 25.474
    endloop
  endfacet
  facet normal 0 -1 0
    outer loop
      vertex 98.4 82.4 24.9
      vertex 99.9 82.4 24.9
      vertex 100.014 82.4 25.474
    endloop
  endfacet
  facet normal 0 -1 0
    outer loop
      vertex 98.2858 82.4 24.326
      vertex 99.9 82.4 24.9
      vertex 98.4 82.4 24.9
    endloop
  endfacet
  facet normal 0 -1 0
    outer loop
      vertex 98.2858 82.4 24.326
      vertex 100.014 82.4 24.326
      vertex 99.9 82.4 24.9
    endloop
  endfacet
  facet normal 0 -1 0
    outer loop
      vertex 99.15 82.4 22.5029
      vertex 98.2858 82.4 24.326
      vertex 97.9607 82.4 23.8393
    endloop
  endfacet
  facet normal 0 -1 0
    outer loop
      vertex 98.2858 82.4 24.326
      vertex 99.15 82.4 22.5029
      vertex 100.014 82.4 24.326
    endloop
  endfacet
  facet normal 0 -1 0
    outer loop
      vertex 99.15 82.4 22.5029
      vertex 97.9607 82.4 23.8393
      vertex 97.474 82.4 23.5142
    endloop
  endfacet
  facet normal 0 -1 -0
    outer loop
      vertex 100.014 82.4 24.326
      vertex 99.15 82.4 22.5029
      vertex 100.339 82.4 23.8393
    endloop
  endfacet
  facet normal 0 -1 0
    outer loop
      vertex 99.15 82.4 22.5029
      vertex 97.474 82.4 23.5142
      vertex 96.9 82.4 23.4
    endloop
  endfacet
  facet normal 0 -1 0
    outer loop
      vertex 99.724 82.4 22.3887
      vertex 100.339 82.4 23.8393
      vertex 99.15 82.4 22.5029
    endloop
  endfacet
  facet normal 0 -1 -0
    outer loop
      vertex 94.076 82.4 27.4113
      vertex 93.4607 82.4 25.9607
      vertex 94.65 82.4 27.2971
    endloop
  endfacet
  facet normal 0 -1 0
    outer loop
      vertex 94.65 82.4 27.2971
      vertex 96.326 82.4 26.2858
      vertex 96.9 82.4 26.4
    endloop
  endfacet
  facet normal 0 -1 0
    outer loop
      vertex 93.7858 82.4 25.474
      vertex 94.65 82.4 27.2971
      vertex 93.4607 82.4 25.9607
    endloop
  endfacet
  facet normal 0 -1 0
    outer loop
      vertex 94.65 82.4 27.2971
      vertex 95.8393 82.4 25.9607
      vertex 96.326 82.4 26.2858
    endloop
  endfacet
  facet normal 0 -1 0
    outer loop
      vertex 95.5142 82.4 25.474
      vertex 94.65 82.4 27.2971
      vertex 93.7858 82.4 25.474
    endloop
  endfacet
  facet normal 0 -1 0
    outer loop
      vertex 94.65 82.4 27.2971
      vertex 95.5142 82.4 25.474
      vertex 95.8393 82.4 25.9607
    endloop
  endfacet
  facet normal 0 -1 0
    outer loop
      vertex 93.9 82.4 24.9
      vertex 95.5142 82.4 25.474
      vertex 93.7858 82.4 25.474
    endloop
  endfacet
  facet normal 0 -1 0
    outer loop
      vertex 93.9 82.4 24.9
      vertex 95.4 82.4 24.9
      vertex 95.5142 82.4 25.474
    endloop
  endfacet
  facet normal 0 -1 0
    outer loop
      vertex 93.7858 82.4 24.326
      vertex 95.4 82.4 24.9
      vertex 93.9 82.4 24.9
    endloop
  endfacet
  facet normal 0 -1 0
    outer loop
      vertex 93.7858 82.4 24.326
      vertex 95.5142 82.4 24.326
      vertex 95.4 82.4 24.9
    endloop
  endfacet
  facet normal 0 -1 0
    outer loop
      vertex 94.65 82.4 22.5029
      vertex 93.7858 82.4 24.326
      vertex 93.4607 82.4 23.8393
    endloop
  endfacet
  facet normal 0 -1 0
    outer loop
      vertex 93.7858 82.4 24.326
      vertex 94.65 82.4 22.5029
      vertex 95.5142 82.4 24.326
    endloop
  endfacet
  facet normal 0 -1 0
    outer loop
      vertex 94.65 82.4 22.5029
      vertex 93.4607 82.4 23.8393
      vertex 92.974 82.4 23.5142
    endloop
  endfacet
  facet normal 0 -1 -0
    outer loop
      vertex 95.5142 82.4 24.326
      vertex 94.65 82.4 22.5029
      vertex 95.8393 82.4 23.8393
    endloop
  endfacet
  facet normal 0 -1 0
    outer loop
      vertex 94.65 82.4 22.5029
      vertex 92.974 82.4 23.5142
      vertex 92.4 82.4 23.4
    endloop
  endfacet
  facet normal 0 -1 0
    outer loop
      vertex 95.224 82.4 22.3887
      vertex 95.8393 82.4 23.8393
      vertex 94.65 82.4 22.5029
    endloop
  endfacet
  facet normal 0 -1 0
    outer loop
      vertex 91.2107 82.4 27.7365
      vertex 91.826 82.4 26.2858
      vertex 92.4 82.4 26.4
    endloop
  endfacet
  facet normal 0 -1 0
    outer loop
      vertex 91.0142 82.4 25.474
      vertex 77.2981 82.4 26.4
      vertex 77.4716 82.4 26.048
    endloop
  endfacet
  facet normal 0 -1 0
    outer loop
      vertex 77.0801 82.4 26.7263
      vertex 91.3393 82.4 25.9607
      vertex 91.826 82.4 26.2858
    endloop
  endfacet
  facet normal 0 -1 0
    outer loop
      vertex 91.0142 82.4 25.474
      vertex 77.4716 82.4 26.048
      vertex 77.5978 82.4 25.6765
    endloop
  endfacet
  facet normal 0 -1 0
    outer loop
      vertex 77.2981 82.4 26.4
      vertex 91.0142 82.4 25.474
      vertex 91.3393 82.4 25.9607
    endloop
  endfacet
  facet normal 0 -1 0
    outer loop
      vertex 77.6743 82.4 25.2916
      vertex 91.0142 82.4 25.474
      vertex 77.5978 82.4 25.6765
    endloop
  endfacet
  facet normal 0 -1 0
    outer loop
      vertex 89.576 82.4 22.3887
      vertex 77.6743 82.4 25.2916
      vertex 77.7 82.4 24.9
    endloop
  endfacet
  facet normal 0 -1 0
    outer loop
      vertex 89.576 82.4 22.3887
      vertex 91.0142 82.4 25.474
      vertex 77.6743 82.4 25.2916
    endloop
  endfacet
  facet normal 0 -1 0
    outer loop
      vertex 89.576 82.4 22.3887
      vertex 77.7 82.4 24.9
      vertex 77.6743 82.4 24.5084
    endloop
  endfacet
  facet normal 0 -1 0
    outer loop
      vertex 91.0142 82.4 25.474
      vertex 89.576 82.4 22.3887
      vertex 90.9 82.4 24.9
    endloop
  endfacet
  facet normal 0 -1 0
    outer loop
      vertex 89.576 82.4 22.3887
      vertex 77.6743 82.4 24.5084
      vertex 77.5978 82.4 24.1235
    endloop
  endfacet
  facet normal 0 -1 0
    outer loop
      vertex 89.576 82.4 22.3887
      vertex 91.0142 82.4 24.326
      vertex 90.9 82.4 24.9
    endloop
  endfacet
  facet normal 0 -1 0
    outer loop
      vertex 89.576 82.4 22.3887
      vertex 77.5978 82.4 24.1235
      vertex 77.4716 82.4 23.7519
    endloop
  endfacet
  facet normal 0 -1 -0
    outer loop
      vertex 91.0142 82.4 24.326
      vertex 90.15 82.4 22.5029
      vertex 91.3393 82.4 23.8393
    endloop
  endfacet
  facet normal 0 -1 0
    outer loop
      vertex 89.576 82.4 22.3887
      vertex 77.4716 82.4 23.7519
      vertex 77.2981 82.4 23.4
    endloop
  endfacet
  facet normal 0 -1 0
    outer loop
      vertex 90.724 82.4 22.3887
      vertex 91.3393 82.4 23.8393
      vertex 90.15 82.4 22.5029
    endloop
  endfacet
  facet normal 0 -1 -0
    outer loop
      vertex 91.3393 82.4 23.8393
      vertex 90.724 82.4 22.3887
      vertex 91.826 82.4 23.5142
    endloop
  endfacet
  facet normal 0 -1 0
    outer loop
      vertex 91.2107 82.4 22.0635
      vertex 91.826 82.4 23.5142
      vertex 90.724 82.4 22.3887
    endloop
  endfacet
  facet normal 0 -1 -0
    outer loop
      vertex 95.8393 82.4 23.8393
      vertex 95.224 82.4 22.3887
      vertex 96.326 82.4 23.5142
    endloop
  endfacet
  facet normal 0 -1 -0
    outer loop
      vertex 100.339 82.4 23.8393
      vertex 99.724 82.4 22.3887
      vertex 100.826 82.4 23.5142
    endloop
  endfacet
  facet normal 0 -1 0
    outer loop
      vertex 100.211 82.4 22.0635
      vertex 100.826 82.4 23.5142
      vertex 99.724 82.4 22.3887
    endloop
  endfacet
  facet normal 0 -1 -0
    outer loop
      vertex 104.839 82.4 23.8393
      vertex 104.224 82.4 22.3887
      vertex 105.326 82.4 23.5142
    endloop
  endfacet
  facet normal 0 -1 0
    outer loop
      vertex 89.576 82.4 22.3887
      vertex 77.2981 82.4 23.4
      vertex 77.0801 82.4 23.0737
    endloop
  endfacet
  facet normal 0 -1 -0
    outer loop
      vertex 118.826 82.4 31.3084
      vertex 118.211 82.4 29.8578
      vertex 119.4 82.4 31.1942
    endloop
  endfacet
  facet normal 0 -1 0
    outer loop
      vertex 119.4 82.4 31.1942
      vertex 121.076 82.4 30.1829
      vertex 121.65 82.4 30.2971
    endloop
  endfacet
  facet normal 0 -1 0
    outer loop
      vertex 118.536 82.4 29.3711
      vertex 119.4 82.4 31.1942
      vertex 118.211 82.4 29.8578
    endloop
  endfacet
  facet normal 0 -1 0
    outer loop
      vertex 119.4 82.4 31.1942
      vertex 120.589 82.4 29.8578
      vertex 121.076 82.4 30.1829
    endloop
  endfacet
  facet normal 0 -1 0
    outer loop
      vertex 120.264 82.4 29.3711
      vertex 119.4 82.4 31.1942
      vertex 118.536 82.4 29.3711
    endloop
  endfacet
  facet normal 0 -1 0
    outer loop
      vertex 119.4 82.4 31.1942
      vertex 120.264 82.4 29.3711
      vertex 120.589 82.4 29.8578
    endloop
  endfacet
  facet normal 0 -1 0
    outer loop
      vertex 118.65 82.4 28.7971
      vertex 120.264 82.4 29.3711
      vertex 118.536 82.4 29.3711
    endloop
  endfacet
  facet normal 0 -1 0
    outer loop
      vertex 118.65 82.4 28.7971
      vertex 120.15 82.4 28.7971
      vertex 120.264 82.4 29.3711
    endloop
  endfacet
  facet normal 0 -1 0
    outer loop
      vertex 118.536 82.4 28.2231
      vertex 120.15 82.4 28.7971
      vertex 118.65 82.4 28.7971
    endloop
  endfacet
  facet normal 0 -1 0
    outer loop
      vertex 118.536 82.4 28.2231
      vertex 120.264 82.4 28.2231
      vertex 120.15 82.4 28.7971
    endloop
  endfacet
  facet normal 0 -1 0
    outer loop
      vertex 119.4 82.4 26.4
      vertex 118.536 82.4 28.2231
      vertex 118.211 82.4 27.7365
    endloop
  endfacet
  facet normal 0 -1 0
    outer loop
      vertex 118.536 82.4 28.2231
      vertex 119.4 82.4 26.4
      vertex 120.264 82.4 28.2231
    endloop
  endfacet
  facet normal 0 -1 0
    outer loop
      vertex 119.4 82.4 26.4
      vertex 118.211 82.4 27.7365
      vertex 117.724 82.4 27.4113
    endloop
  endfacet
  facet normal 0 -1 -0
    outer loop
      vertex 120.264 82.4 28.2231
      vertex 119.4 82.4 26.4
      vertex 120.589 82.4 27.7365
    endloop
  endfacet
  facet normal 0 -1 0
    outer loop
      vertex 119.4 82.4 26.4
      vertex 117.724 82.4 27.4113
      vertex 117.15 82.4 27.2971
    endloop
  endfacet
  facet normal 0 -1 0
    outer loop
      vertex 119.974 82.4 26.2858
      vertex 120.589 82.4 27.7365
      vertex 119.4 82.4 26.4
    endloop
  endfacet
  facet normal 0 -1 -0
    outer loop
      vertex 114.326 82.4 31.3084
      vertex 113.711 82.4 29.8578
      vertex 114.9 82.4 31.1942
    endloop
  endfacet
  facet normal 0 -1 0
    outer loop
      vertex 114.9 82.4 31.1942
      vertex 116.576 82.4 30.1829
      vertex 117.15 82.4 30.2971
    endloop
  endfacet
  facet normal 0 -1 0
    outer loop
      vertex 114.036 82.4 29.3711
      vertex 114.9 82.4 31.1942
      vertex 113.711 82.4 29.8578
    endloop
  endfacet
  facet normal 0 -1 0
    outer loop
      vertex 114.9 82.4 31.1942
      vertex 116.089 82.4 29.8578
      vertex 116.576 82.4 30.1829
    endloop
  endfacet
  facet normal 0 -1 0
    outer loop
      vertex 115.764 82.4 29.3711
      vertex 114.9 82.4 31.1942
      vertex 114.036 82.4 29.3711
    endloop
  endfacet
  facet normal 0 -1 0
    outer loop
      vertex 114.9 82.4 31.1942
      vertex 115.764 82.4 29.3711
      vertex 116.089 82.4 29.8578
    endloop
  endfacet
  facet normal 0 -1 0
    outer loop
      vertex 114.15 82.4 28.7971
      vertex 115.764 82.4 29.3711
      vertex 114.036 82.4 29.3711
    endloop
  endfacet
  facet normal 0 -1 0
    outer loop
      vertex 114.15 82.4 28.7971
      vertex 115.65 82.4 28.7971
      vertex 115.764 82.4 29.3711
    endloop
  endfacet
  facet normal 0 -1 0
    outer loop
      vertex 114.036 82.4 28.2231
      vertex 115.65 82.4 28.7971
      vertex 114.15 82.4 28.7971
    endloop
  endfacet
  facet normal 0 -1 0
    outer loop
      vertex 114.036 82.4 28.2231
      vertex 115.764 82.4 28.2231
      vertex 115.65 82.4 28.7971
    endloop
  endfacet
  facet normal 0 -1 0
    outer loop
      vertex 114.9 82.4 26.4
      vertex 114.036 82.4 28.2231
      vertex 113.711 82.4 27.7365
    endloop
  endfacet
  facet normal 0 -1 0
    outer loop
      vertex 114.036 82.4 28.2231
      vertex 114.9 82.4 26.4
      vertex 115.764 82.4 28.2231
    endloop
  endfacet
  facet normal 0 -1 0
    outer loop
      vertex 114.9 82.4 26.4
      vertex 113.711 82.4 27.7365
      vertex 113.224 82.4 27.4113
    endloop
  endfacet
  facet normal 0 -1 -0
    outer loop
      vertex 115.764 82.4 28.2231
      vertex 114.9 82.4 26.4
      vertex 116.089 82.4 27.7365
    endloop
  endfacet
  facet normal 0 -1 0
    outer loop
      vertex 114.9 82.4 26.4
      vertex 113.224 82.4 27.4113
      vertex 112.65 82.4 27.2971
    endloop
  endfacet
  facet normal 0 -1 0
    outer loop
      vertex 115.474 82.4 26.2858
      vertex 116.089 82.4 27.7365
      vertex 114.9 82.4 26.4
    endloop
  endfacet
  facet normal 0 -1 -0
    outer loop
      vertex 109.826 82.4 31.3084
      vertex 109.211 82.4 29.8578
      vertex 110.4 82.4 31.1942
    endloop
  endfacet
  facet normal 0 -1 0
    outer loop
      vertex 110.4 82.4 31.1942
      vertex 112.076 82.4 30.1829
      vertex 112.65 82.4 30.2971
    endloop
  endfacet
  facet normal 0 -1 0
    outer loop
      vertex 109.536 82.4 29.3711
      vertex 110.4 82.4 31.1942
      vertex 109.211 82.4 29.8578
    endloop
  endfacet
  facet normal 0 -1 0
    outer loop
      vertex 110.4 82.4 31.1942
      vertex 111.589 82.4 29.8578
      vertex 112.076 82.4 30.1829
    endloop
  endfacet
  facet normal 0 -1 0
    outer loop
      vertex 111.264 82.4 29.3711
      vertex 110.4 82.4 31.1942
      vertex 109.536 82.4 29.3711
    endloop
  endfacet
  facet normal 0 -1 0
    outer loop
      vertex 110.4 82.4 31.1942
      vertex 111.264 82.4 29.3711
      vertex 111.589 82.4 29.8578
    endloop
  endfacet
  facet normal 0 -1 0
    outer loop
      vertex 109.65 82.4 28.7971
      vertex 111.264 82.4 29.3711
      vertex 109.536 82.4 29.3711
    endloop
  endfacet
  facet normal 0 -1 0
    outer loop
      vertex 109.65 82.4 28.7971
      vertex 111.15 82.4 28.7971
      vertex 111.264 82.4 29.3711
    endloop
  endfacet
  facet normal 0 -1 0
    outer loop
      vertex 109.536 82.4 28.2231
      vertex 111.15 82.4 28.7971
      vertex 109.65 82.4 28.7971
    endloop
  endfacet
  facet normal 0 -1 0
    outer loop
      vertex 109.536 82.4 28.2231
      vertex 111.264 82.4 28.2231
      vertex 111.15 82.4 28.7971
    endloop
  endfacet
  facet normal 0 -1 0
    outer loop
      vertex 110.4 82.4 26.4
      vertex 109.536 82.4 28.2231
      vertex 109.211 82.4 27.7365
    endloop
  endfacet
  facet normal 0 -1 0
    outer loop
      vertex 109.536 82.4 28.2231
      vertex 110.4 82.4 26.4
      vertex 111.264 82.4 28.2231
    endloop
  endfacet
  facet normal 0 -1 0
    outer loop
      vertex 110.4 82.4 26.4
      vertex 109.211 82.4 27.7365
      vertex 108.724 82.4 27.4113
    endloop
  endfacet
  facet normal 0 -1 -0
    outer loop
      vertex 111.264 82.4 28.2231
      vertex 110.4 82.4 26.4
      vertex 111.589 82.4 27.7365
    endloop
  endfacet
  facet normal 0 -1 0
    outer loop
      vertex 110.4 82.4 26.4
      vertex 108.724 82.4 27.4113
      vertex 108.15 82.4 27.2971
    endloop
  endfacet
  facet normal 0 -1 0
    outer loop
      vertex 110.974 82.4 26.2858
      vertex 111.589 82.4 27.7365
      vertex 110.4 82.4 26.4
    endloop
  endfacet
  facet normal 0 -1 -0
    outer loop
      vertex 105.326 82.4 31.3084
      vertex 104.711 82.4 29.8578
      vertex 105.9 82.4 31.1942
    endloop
  endfacet
  facet normal 0 -1 0
    outer loop
      vertex 105.9 82.4 31.1942
      vertex 107.576 82.4 30.1829
      vertex 108.15 82.4 30.2971
    endloop
  endfacet
  facet normal 0 -1 0
    outer loop
      vertex 105.036 82.4 29.3711
      vertex 105.9 82.4 31.1942
      vertex 104.711 82.4 29.8578
    endloop
  endfacet
  facet normal 0 -1 0
    outer loop
      vertex 105.9 82.4 31.1942
      vertex 107.089 82.4 29.8578
      vertex 107.576 82.4 30.1829
    endloop
  endfacet
  facet normal 0 -1 0
    outer loop
      vertex 106.764 82.4 29.3711
      vertex 105.9 82.4 31.1942
      vertex 105.036 82.4 29.3711
    endloop
  endfacet
  facet normal 0 -1 0
    outer loop
      vertex 105.9 82.4 31.1942
      vertex 106.764 82.4 29.3711
      vertex 107.089 82.4 29.8578
    endloop
  endfacet
  facet normal 0 -1 0
    outer loop
      vertex 105.15 82.4 28.7971
      vertex 106.764 82.4 29.3711
      vertex 105.036 82.4 29.3711
    endloop
  endfacet
  facet normal 0 -1 0
    outer loop
      vertex 105.15 82.4 28.7971
      vertex 106.65 82.4 28.7971
      vertex 106.764 82.4 29.3711
    endloop
  endfacet
  facet normal 0 -1 0
    outer loop
      vertex 105.036 82.4 28.2231
      vertex 106.65 82.4 28.7971
      vertex 105.15 82.4 28.7971
    endloop
  endfacet
  facet normal 0 -1 0
    outer loop
      vertex 105.036 82.4 28.2231
      vertex 106.764 82.4 28.2231
      vertex 106.65 82.4 28.7971
    endloop
  endfacet
  facet normal 0 -1 0
    outer loop
      vertex 105.9 82.4 26.4
      vertex 105.036 82.4 28.2231
      vertex 104.711 82.4 27.7365
    endloop
  endfacet
  facet normal 0 -1 0
    outer loop
      vertex 105.036 82.4 28.2231
      vertex 105.9 82.4 26.4
      vertex 106.764 82.4 28.2231
    endloop
  endfacet
  facet normal 0 -1 0
    outer loop
      vertex 105.9 82.4 26.4
      vertex 104.711 82.4 27.7365
      vertex 104.224 82.4 27.4113
    endloop
  endfacet
  facet normal 0 -1 -0
    outer loop
      vertex 106.764 82.4 28.2231
      vertex 105.9 82.4 26.4
      vertex 107.089 82.4 27.7365
    endloop
  endfacet
  facet normal 0 -1 0
    outer loop
      vertex 105.9 82.4 26.4
      vertex 104.224 82.4 27.4113
      vertex 103.65 82.4 27.2971
    endloop
  endfacet
  facet normal 0 -1 0
    outer loop
      vertex 106.474 82.4 26.2858
      vertex 107.089 82.4 27.7365
      vertex 105.9 82.4 26.4
    endloop
  endfacet
  facet normal 0 -1 -0
    outer loop
      vertex 100.826 82.4 31.3084
      vertex 100.211 82.4 29.8578
      vertex 101.4 82.4 31.1942
    endloop
  endfacet
  facet normal 0 -1 0
    outer loop
      vertex 101.4 82.4 31.1942
      vertex 103.076 82.4 30.1829
      vertex 103.65 82.4 30.2971
    endloop
  endfacet
  facet normal 0 -1 0
    outer loop
      vertex 100.536 82.4 29.3711
      vertex 101.4 82.4 31.1942
      vertex 100.211 82.4 29.8578
    endloop
  endfacet
  facet normal 0 -1 0
    outer loop
      vertex 101.4 82.4 31.1942
      vertex 102.589 82.4 29.8578
      vertex 103.076 82.4 30.1829
    endloop
  endfacet
  facet normal 0 -1 0
    outer loop
      vertex 102.264 82.4 29.3711
      vertex 101.4 82.4 31.1942
      vertex 100.536 82.4 29.3711
    endloop
  endfacet
  facet normal 0 -1 0
    outer loop
      vertex 101.4 82.4 31.1942
      vertex 102.264 82.4 29.3711
      vertex 102.589 82.4 29.8578
    endloop
  endfacet
  facet normal 0 -1 0
    outer loop
      vertex 100.65 82.4 28.7971
      vertex 102.264 82.4 29.3711
      vertex 100.536 82.4 29.3711
    endloop
  endfacet
  facet normal 0 -1 0
    outer loop
      vertex 100.65 82.4 28.7971
      vertex 102.15 82.4 28.7971
      vertex 102.264 82.4 29.3711
    endloop
  endfacet
  facet normal 0 -1 0
    outer loop
      vertex 100.536 82.4 28.2231
      vertex 102.15 82.4 28.7971
      vertex 100.65 82.4 28.7971
    endloop
  endfacet
  facet normal 0 -1 0
    outer loop
      vertex 100.536 82.4 28.2231
      vertex 102.264 82.4 28.2231
      vertex 102.15 82.4 28.7971
    endloop
  endfacet
  facet normal 0 -1 0
    outer loop
      vertex 101.4 82.4 26.4
      vertex 100.536 82.4 28.2231
      vertex 100.211 82.4 27.7365
    endloop
  endfacet
  facet normal 0 -1 0
    outer loop
      vertex 100.536 82.4 28.2231
      vertex 101.4 82.4 26.4
      vertex 102.264 82.4 28.2231
    endloop
  endfacet
  facet normal 0 -1 0
    outer loop
      vertex 101.4 82.4 26.4
      vertex 100.211 82.4 27.7365
      vertex 99.724 82.4 27.4113
    endloop
  endfacet
  facet normal 0 -1 -0
    outer loop
      vertex 102.264 82.4 28.2231
      vertex 101.4 82.4 26.4
      vertex 102.589 82.4 27.7365
    endloop
  endfacet
  facet normal 0 -1 0
    outer loop
      vertex 101.4 82.4 26.4
      vertex 99.724 82.4 27.4113
      vertex 99.15 82.4 27.2971
    endloop
  endfacet
  facet normal 0 -1 0
    outer loop
      vertex 101.974 82.4 26.2858
      vertex 102.589 82.4 27.7365
      vertex 101.4 82.4 26.4
    endloop
  endfacet
  facet normal 0 -1 -0
    outer loop
      vertex 96.326 82.4 31.3084
      vertex 95.7107 82.4 29.8578
      vertex 96.9 82.4 31.1942
    endloop
  endfacet
  facet normal 0 -1 0
    outer loop
      vertex 96.9 82.4 31.1942
      vertex 98.576 82.4 30.1829
      vertex 99.15 82.4 30.2971
    endloop
  endfacet
  facet normal 0 -1 0
    outer loop
      vertex 96.0358 82.4 29.3711
      vertex 96.9 82.4 31.1942
      vertex 95.7107 82.4 29.8578
    endloop
  endfacet
  facet normal 0 -1 0
    outer loop
      vertex 96.9 82.4 31.1942
      vertex 98.0893 82.4 29.8578
      vertex 98.576 82.4 30.1829
    endloop
  endfacet
  facet normal 0 -1 0
    outer loop
      vertex 97.7642 82.4 29.3711
      vertex 96.9 82.4 31.1942
      vertex 96.0358 82.4 29.3711
    endloop
  endfacet
  facet normal 0 -1 0
    outer loop
      vertex 96.9 82.4 31.1942
      vertex 97.7642 82.4 29.3711
      vertex 98.0893 82.4 29.8578
    endloop
  endfacet
  facet normal 0 -1 0
    outer loop
      vertex 96.15 82.4 28.7971
      vertex 97.7642 82.4 29.3711
      vertex 96.0358 82.4 29.3711
    endloop
  endfacet
  facet normal 0 -1 0
    outer loop
      vertex 96.15 82.4 28.7971
      vertex 97.65 82.4 28.7971
      vertex 97.7642 82.4 29.3711
    endloop
  endfacet
  facet normal 0 -1 0
    outer loop
      vertex 96.0358 82.4 28.2231
      vertex 97.65 82.4 28.7971
      vertex 96.15 82.4 28.7971
    endloop
  endfacet
  facet normal 0 -1 0
    outer loop
      vertex 96.0358 82.4 28.2231
      vertex 97.7642 82.4 28.2231
      vertex 97.65 82.4 28.7971
    endloop
  endfacet
  facet normal 0 -1 0
    outer loop
      vertex 96.9 82.4 26.4
      vertex 96.0358 82.4 28.2231
      vertex 95.7107 82.4 27.7365
    endloop
  endfacet
  facet normal 0 -1 0
    outer loop
      vertex 96.0358 82.4 28.2231
      vertex 96.9 82.4 26.4
      vertex 97.7642 82.4 28.2231
    endloop
  endfacet
  facet normal 0 -1 0
    outer loop
      vertex 96.9 82.4 26.4
      vertex 95.7107 82.4 27.7365
      vertex 95.224 82.4 27.4113
    endloop
  endfacet
  facet normal 0 -1 -0
    outer loop
      vertex 97.7642 82.4 28.2231
      vertex 96.9 82.4 26.4
      vertex 98.0893 82.4 27.7365
    endloop
  endfacet
  facet normal 0 -1 0
    outer loop
      vertex 96.9 82.4 26.4
      vertex 95.224 82.4 27.4113
      vertex 94.65 82.4 27.2971
    endloop
  endfacet
  facet normal 0 -1 0
    outer loop
      vertex 97.474 82.4 26.2858
      vertex 98.0893 82.4 27.7365
      vertex 96.9 82.4 26.4
    endloop
  endfacet
  facet normal 0 -1 -0
    outer loop
      vertex 91.826 82.4 31.3084
      vertex 91.2107 82.4 29.8578
      vertex 92.4 82.4 31.1942
    endloop
  endfacet
  facet normal 0 -1 0
    outer loop
      vertex 92.4 82.4 31.1942
      vertex 94.076 82.4 30.1829
      vertex 94.65 82.4 30.2971
    endloop
  endfacet
  facet normal 0 -1 0
    outer loop
      vertex 91.5358 82.4 29.3711
      vertex 92.4 82.4 31.1942
      vertex 91.2107 82.4 29.8578
    endloop
  endfacet
  facet normal 0 -1 0
    outer loop
      vertex 92.4 82.4 31.1942
      vertex 93.5893 82.4 29.8578
      vertex 94.076 82.4 30.1829
    endloop
  endfacet
  facet normal 0 -1 0
    outer loop
      vertex 93.2642 82.4 29.3711
      vertex 92.4 82.4 31.1942
      vertex 91.5358 82.4 29.3711
    endloop
  endfacet
  facet normal 0 -1 0
    outer loop
      vertex 92.4 82.4 31.1942
      vertex 93.2642 82.4 29.3711
      vertex 93.5893 82.4 29.8578
    endloop
  endfacet
  facet normal 0 -1 0
    outer loop
      vertex 91.65 82.4 28.7971
      vertex 93.2642 82.4 29.3711
      vertex 91.5358 82.4 29.3711
    endloop
  endfacet
  facet normal 0 -1 0
    outer loop
      vertex 91.65 82.4 28.7971
      vertex 93.15 82.4 28.7971
      vertex 93.2642 82.4 29.3711
    endloop
  endfacet
  facet normal 0 -1 0
    outer loop
      vertex 91.5358 82.4 28.2231
      vertex 93.15 82.4 28.7971
      vertex 91.65 82.4 28.7971
    endloop
  endfacet
  facet normal 0 -1 0
    outer loop
      vertex 91.5358 82.4 28.2231
      vertex 93.2642 82.4 28.2231
      vertex 93.15 82.4 28.7971
    endloop
  endfacet
  facet normal 0 -1 0
    outer loop
      vertex 92.4 82.4 26.4
      vertex 91.5358 82.4 28.2231
      vertex 91.2107 82.4 27.7365
    endloop
  endfacet
  facet normal 0 -1 0
    outer loop
      vertex 91.5358 82.4 28.2231
      vertex 92.4 82.4 26.4
      vertex 93.2642 82.4 28.2231
    endloop
  endfacet
  facet normal 0 -1 0
    outer loop
      vertex 91.826 82.4 26.2858
      vertex 91.2107 82.4 27.7365
      vertex 90.724 82.4 27.4113
    endloop
  endfacet
  facet normal 0 -1 -0
    outer loop
      vertex 93.2642 82.4 28.2231
      vertex 92.4 82.4 26.4
      vertex 93.5893 82.4 27.7365
    endloop
  endfacet
  facet normal 0 -1 0
    outer loop
      vertex 91.826 82.4 26.2858
      vertex 90.724 82.4 27.4113
      vertex 90.15 82.4 27.2971
    endloop
  endfacet
  facet normal 0 -1 0
    outer loop
      vertex 92.974 82.4 26.2858
      vertex 93.5893 82.4 27.7365
      vertex 92.4 82.4 26.4
    endloop
  endfacet
  facet normal 0 -1 -0
    outer loop
      vertex 116.576 82.4 35.2055
      vertex 115.961 82.4 33.7549
      vertex 117.15 82.4 35.0913
    endloop
  endfacet
  facet normal 0 -1 0
    outer loop
      vertex 117.15 82.4 35.0913
      vertex 118.826 82.4 34.08
      vertex 119.4 82.4 34.1942
    endloop
  endfacet
  facet normal 0 -1 0
    outer loop
      vertex 116.286 82.4 33.2683
      vertex 117.15 82.4 35.0913
      vertex 115.961 82.4 33.7549
    endloop
  endfacet
  facet normal 0 -1 0
    outer loop
      vertex 117.15 82.4 35.0913
      vertex 118.339 82.4 33.7549
      vertex 118.826 82.4 34.08
    endloop
  endfacet
  facet normal 0 -1 0
    outer loop
      vertex 118.014 82.4 33.2683
      vertex 117.15 82.4 35.0913
      vertex 116.286 82.4 33.2683
    endloop
  endfacet
  facet normal 0 -1 0
    outer loop
      vertex 117.15 82.4 35.0913
      vertex 118.014 82.4 33.2683
      vertex 118.339 82.4 33.7549
    endloop
  endfacet
  facet normal 0 -1 0
    outer loop
      vertex 116.4 82.4 32.6942
      vertex 118.014 82.4 33.2683
      vertex 116.286 82.4 33.2683
    endloop
  endfacet
  facet normal 0 -1 0
    outer loop
      vertex 116.4 82.4 32.6942
      vertex 117.9 82.4 32.6942
      vertex 118.014 82.4 33.2683
    endloop
  endfacet
  facet normal 0 -1 0
    outer loop
      vertex 116.286 82.4 32.1202
      vertex 117.9 82.4 32.6942
      vertex 116.4 82.4 32.6942
    endloop
  endfacet
  facet normal 0 -1 0
    outer loop
      vertex 116.286 82.4 32.1202
      vertex 118.014 82.4 32.1202
      vertex 117.9 82.4 32.6942
    endloop
  endfacet
  facet normal 0 -1 0
    outer loop
      vertex 117.15 82.4 30.2971
      vertex 116.286 82.4 32.1202
      vertex 115.961 82.4 31.6336
    endloop
  endfacet
  facet normal 0 -1 0
    outer loop
      vertex 116.286 82.4 32.1202
      vertex 117.15 82.4 30.2971
      vertex 118.014 82.4 32.1202
    endloop
  endfacet
  facet normal 0 -1 0
    outer loop
      vertex 117.15 82.4 30.2971
      vertex 115.961 82.4 31.6336
      vertex 115.474 82.4 31.3084
    endloop
  endfacet
  facet normal 0 -1 -0
    outer loop
      vertex 118.014 82.4 32.1202
      vertex 117.15 82.4 30.2971
      vertex 118.339 82.4 31.6336
    endloop
  endfacet
  facet normal 0 -1 0
    outer loop
      vertex 117.15 82.4 30.2971
      vertex 115.474 82.4 31.3084
      vertex 114.9 82.4 31.1942
    endloop
  endfacet
  facet normal 0 -1 0
    outer loop
      vertex 117.724 82.4 30.1829
      vertex 118.339 82.4 31.6336
      vertex 117.15 82.4 30.2971
    endloop
  endfacet
  facet normal 0 -1 -0
    outer loop
      vertex 112.076 82.4 35.2055
      vertex 111.461 82.4 33.7549
      vertex 112.65 82.4 35.0913
    endloop
  endfacet
  facet normal 0 -1 0
    outer loop
      vertex 112.65 82.4 35.0913
      vertex 114.326 82.4 34.08
      vertex 114.9 82.4 34.1942
    endloop
  endfacet
  facet normal 0 -1 0
    outer loop
      vertex 111.786 82.4 33.2683
      vertex 112.65 82.4 35.0913
      vertex 111.461 82.4 33.7549
    endloop
  endfacet
  facet normal 0 -1 0
    outer loop
      vertex 112.65 82.4 35.0913
      vertex 113.839 82.4 33.7549
      vertex 114.326 82.4 34.08
    endloop
  endfacet
  facet normal 0 -1 0
    outer loop
      vertex 113.514 82.4 33.2683
      vertex 112.65 82.4 35.0913
      vertex 111.786 82.4 33.2683
    endloop
  endfacet
  facet normal 0 -1 0
    outer loop
      vertex 112.65 82.4 35.0913
      vertex 113.514 82.4 33.2683
      vertex 113.839 82.4 33.7549
    endloop
  endfacet
  facet normal 0 -1 0
    outer loop
      vertex 111.9 82.4 32.6942
      vertex 113.514 82.4 33.2683
      vertex 111.786 82.4 33.2683
    endloop
  endfacet
  facet normal 0 -1 0
    outer loop
      vertex 111.9 82.4 32.6942
      vertex 113.4 82.4 32.6942
      vertex 113.514 82.4 33.2683
    endloop
  endfacet
  facet normal 0 -1 0
    outer loop
      vertex 111.786 82.4 32.1202
      vertex 113.4 82.4 32.6942
      vertex 111.9 82.4 32.6942
    endloop
  endfacet
  facet normal 0 -1 0
    outer loop
      vertex 111.786 82.4 32.1202
      vertex 113.514 82.4 32.1202
      vertex 113.4 82.4 32.6942
    endloop
  endfacet
  facet normal 0 -1 0
    outer loop
      vertex 112.65 82.4 30.2971
      vertex 111.786 82.4 32.1202
      vertex 111.461 82.4 31.6336
    endloop
  endfacet
  facet normal 0 -1 0
    outer loop
      vertex 111.786 82.4 32.1202
      vertex 112.65 82.4 30.2971
      vertex 113.514 82.4 32.1202
    endloop
  endfacet
  facet normal 0 -1 0
    outer loop
      vertex 112.65 82.4 30.2971
      vertex 111.461 82.4 31.6336
      vertex 110.974 82.4 31.3084
    endloop
  endfacet
  facet normal 0 -1 -0
    outer loop
      vertex 113.514 82.4 32.1202
      vertex 112.65 82.4 30.2971
      vertex 113.839 82.4 31.6336
    endloop
  endfacet
  facet normal 0 -1 0
    outer loop
      vertex 112.65 82.4 30.2971
      vertex 110.974 82.4 31.3084
      vertex 110.4 82.4 31.1942
    endloop
  endfacet
  facet normal 0 -1 0
    outer loop
      vertex 113.224 82.4 30.1829
      vertex 113.839 82.4 31.6336
      vertex 112.65 82.4 30.2971
    endloop
  endfacet
  facet normal 0 -1 -0
    outer loop
      vertex 107.576 82.4 35.2055
      vertex 106.961 82.4 33.7549
      vertex 108.15 82.4 35.0913
    endloop
  endfacet
  facet normal 0 -1 0
    outer loop
      vertex 108.15 82.4 35.0913
      vertex 109.826 82.4 34.08
      vertex 110.4 82.4 34.1942
    endloop
  endfacet
  facet normal 0 -1 0
    outer loop
      vertex 107.286 82.4 33.2683
      vertex 108.15 82.4 35.0913
      vertex 106.961 82.4 33.7549
    endloop
  endfacet
  facet normal 0 -1 0
    outer loop
      vertex 108.15 82.4 35.0913
      vertex 109.339 82.4 33.7549
      vertex 109.826 82.4 34.08
    endloop
  endfacet
  facet normal 0 -1 0
    outer loop
      vertex 109.014 82.4 33.2683
      vertex 108.15 82.4 35.0913
      vertex 107.286 82.4 33.2683
    endloop
  endfacet
  facet normal 0 -1 0
    outer loop
      vertex 108.15 82.4 35.0913
      vertex 109.014 82.4 33.2683
      vertex 109.339 82.4 33.7549
    endloop
  endfacet
  facet normal 0 -1 0
    outer loop
      vertex 107.4 82.4 32.6942
      vertex 109.014 82.4 33.2683
      vertex 107.286 82.4 33.2683
    endloop
  endfacet
  facet normal 0 -1 0
    outer loop
      vertex 107.4 82.4 32.6942
      vertex 108.9 82.4 32.6942
      vertex 109.014 82.4 33.2683
    endloop
  endfacet
  facet normal 0 -1 0
    outer loop
      vertex 107.286 82.4 32.1202
      vertex 108.9 82.4 32.6942
      vertex 107.4 82.4 32.6942
    endloop
  endfacet
  facet normal 0 -1 0
    outer loop
      vertex 107.286 82.4 32.1202
      vertex 109.014 82.4 32.1202
      vertex 108.9 82.4 32.6942
    endloop
  endfacet
  facet normal 0 -1 0
    outer loop
      vertex 108.15 82.4 30.2971
      vertex 107.286 82.4 32.1202
      vertex 106.961 82.4 31.6336
    endloop
  endfacet
  facet normal 0 -1 0
    outer loop
      vertex 107.286 82.4 32.1202
      vertex 108.15 82.4 30.2971
      vertex 109.014 82.4 32.1202
    endloop
  endfacet
  facet normal 0 -1 0
    outer loop
      vertex 108.15 82.4 30.2971
      vertex 106.961 82.4 31.6336
      vertex 106.474 82.4 31.3084
    endloop
  endfacet
  facet normal 0 -1 -0
    outer loop
      vertex 109.014 82.4 32.1202
      vertex 108.15 82.4 30.2971
      vertex 109.339 82.4 31.6336
    endloop
  endfacet
  facet normal 0 -1 0
    outer loop
      vertex 108.15 82.4 30.2971
      vertex 106.474 82.4 31.3084
      vertex 105.9 82.4 31.1942
    endloop
  endfacet
  facet normal 0 -1 0
    outer loop
      vertex 108.724 82.4 30.1829
      vertex 109.339 82.4 31.6336
      vertex 108.15 82.4 30.2971
    endloop
  endfacet
  facet normal 0 -1 -0
    outer loop
      vertex 103.076 82.4 35.2055
      vertex 102.461 82.4 33.7549
      vertex 103.65 82.4 35.0913
    endloop
  endfacet
  facet normal 0 -1 0
    outer loop
      vertex 103.65 82.4 35.0913
      vertex 105.326 82.4 34.08
      vertex 105.9 82.4 34.1942
    endloop
  endfacet
  facet normal 0 -1 0
    outer loop
      vertex 102.786 82.4 33.2683
      vertex 103.65 82.4 35.0913
      vertex 102.461 82.4 33.7549
    endloop
  endfacet
  facet normal 0 -1 0
    outer loop
      vertex 103.65 82.4 35.0913
      vertex 104.839 82.4 33.7549
      vertex 105.326 82.4 34.08
    endloop
  endfacet
  facet normal 0 -1 0
    outer loop
      vertex 104.514 82.4 33.2683
      vertex 103.65 82.4 35.0913
      vertex 102.786 82.4 33.2683
    endloop
  endfacet
  facet normal 0 -1 0
    outer loop
      vertex 103.65 82.4 35.0913
      vertex 104.514 82.4 33.2683
      vertex 104.839 82.4 33.7549
    endloop
  endfacet
  facet normal 0 -1 0
    outer loop
      vertex 102.9 82.4 32.6942
      vertex 104.514 82.4 33.2683
      vertex 102.786 82.4 33.2683
    endloop
  endfacet
  facet normal 0 -1 0
    outer loop
      vertex 102.9 82.4 32.6942
      vertex 104.4 82.4 32.6942
      vertex 104.514 82.4 33.2683
    endloop
  endfacet
  facet normal 0 -1 0
    outer loop
      vertex 102.786 82.4 32.1202
      vertex 104.4 82.4 32.6942
      vertex 102.9 82.4 32.6942
    endloop
  endfacet
  facet normal 0 -1 0
    outer loop
      vertex 102.786 82.4 32.1202
      vertex 104.514 82.4 32.1202
      vertex 104.4 82.4 32.6942
    endloop
  endfacet
  facet normal 0 -1 0
    outer loop
      vertex 103.65 82.4 30.2971
      vertex 102.786 82.4 32.1202
      vertex 102.461 82.4 31.6336
    endloop
  endfacet
  facet normal 0 -1 0
    outer loop
      vertex 102.786 82.4 32.1202
      vertex 103.65 82.4 30.2971
      vertex 104.514 82.4 32.1202
    endloop
  endfacet
  facet normal 0 -1 0
    outer loop
      vertex 103.65 82.4 30.2971
      vertex 102.461 82.4 31.6336
      vertex 101.974 82.4 31.3084
    endloop
  endfacet
  facet normal 0 -1 -0
    outer loop
      vertex 104.514 82.4 32.1202
      vertex 103.65 82.4 30.2971
      vertex 104.839 82.4 31.6336
    endloop
  endfacet
  facet normal 0 -1 0
    outer loop
      vertex 103.65 82.4 30.2971
      vertex 101.974 82.4 31.3084
      vertex 101.4 82.4 31.1942
    endloop
  endfacet
  facet normal 0 -1 0
    outer loop
      vertex 104.224 82.4 30.1829
      vertex 104.839 82.4 31.6336
      vertex 103.65 82.4 30.2971
    endloop
  endfacet
  facet normal 0 -1 -0
    outer loop
      vertex 98.576 82.4 35.2055
      vertex 97.9607 82.4 33.7549
      vertex 99.15 82.4 35.0913
    endloop
  endfacet
  facet normal 0 -1 0
    outer loop
      vertex 99.15 82.4 35.0913
      vertex 100.826 82.4 34.08
      vertex 101.4 82.4 34.1942
    endloop
  endfacet
  facet normal 0 -1 0
    outer loop
      vertex 98.2858 82.4 33.2683
      vertex 99.15 82.4 35.0913
      vertex 97.9607 82.4 33.7549
    endloop
  endfacet
  facet normal 0 -1 0
    outer loop
      vertex 99.15 82.4 35.0913
      vertex 100.339 82.4 33.7549
      vertex 100.826 82.4 34.08
    endloop
  endfacet
  facet normal 0 -1 0
    outer loop
      vertex 100.014 82.4 33.2683
      vertex 99.15 82.4 35.0913
      vertex 98.2858 82.4 33.2683
    endloop
  endfacet
  facet normal 0 -1 0
    outer loop
      vertex 99.15 82.4 35.0913
      vertex 100.014 82.4 33.2683
      vertex 100.339 82.4 33.7549
    endloop
  endfacet
  facet normal 0 -1 0
    outer loop
      vertex 98.4 82.4 32.6942
      vertex 100.014 82.4 33.2683
      vertex 98.2858 82.4 33.2683
    endloop
  endfacet
  facet normal 0 -1 0
    outer loop
      vertex 98.4 82.4 32.6942
      vertex 99.9 82.4 32.6942
      vertex 100.014 82.4 33.2683
    endloop
  endfacet
  facet normal 0 -1 0
    outer loop
      vertex 98.2858 82.4 32.1202
      vertex 99.9 82.4 32.6942
      vertex 98.4 82.4 32.6942
    endloop
  endfacet
  facet normal 0 -1 0
    outer loop
      vertex 98.2858 82.4 32.1202
      vertex 100.014 82.4 32.1202
      vertex 99.9 82.4 32.6942
    endloop
  endfacet
  facet normal 0 -1 0
    outer loop
      vertex 99.15 82.4 30.2971
      vertex 98.2858 82.4 32.1202
      vertex 97.9607 82.4 31.6336
    endloop
  endfacet
  facet normal 0 -1 0
    outer loop
      vertex 98.2858 82.4 32.1202
      vertex 99.15 82.4 30.2971
      vertex 100.014 82.4 32.1202
    endloop
  endfacet
  facet normal 0 -1 0
    outer loop
      vertex 99.15 82.4 30.2971
      vertex 97.9607 82.4 31.6336
      vertex 97.474 82.4 31.3084
    endloop
  endfacet
  facet normal 0 -1 -0
    outer loop
      vertex 100.014 82.4 32.1202
      vertex 99.15 82.4 30.2971
      vertex 100.339 82.4 31.6336
    endloop
  endfacet
  facet normal 0 -1 0
    outer loop
      vertex 99.15 82.4 30.2971
      vertex 97.474 82.4 31.3084
      vertex 96.9 82.4 31.1942
    endloop
  endfacet
  facet normal 0 -1 0
    outer loop
      vertex 99.724 82.4 30.1829
      vertex 100.339 82.4 31.6336
      vertex 99.15 82.4 30.2971
    endloop
  endfacet
  facet normal 0 -1 -0
    outer loop
      vertex 94.076 82.4 35.2055
      vertex 93.4607 82.4 33.7549
      vertex 94.65 82.4 35.0913
    endloop
  endfacet
  facet normal 0 -1 0
    outer loop
      vertex 94.65 82.4 35.0913
      vertex 96.326 82.4 34.08
      vertex 96.9 82.4 34.1942
    endloop
  endfacet
  facet normal 0 -1 0
    outer loop
      vertex 93.7858 82.4 33.2683
      vertex 94.65 82.4 35.0913
      vertex 93.4607 82.4 33.7549
    endloop
  endfacet
  facet normal 0 -1 0
    outer loop
      vertex 94.65 82.4 35.0913
      vertex 95.8393 82.4 33.7549
      vertex 96.326 82.4 34.08
    endloop
  endfacet
  facet normal 0 -1 0
    outer loop
      vertex 95.5142 82.4 33.2683
      vertex 94.65 82.4 35.0913
      vertex 93.7858 82.4 33.2683
    endloop
  endfacet
  facet normal 0 -1 0
    outer loop
      vertex 94.65 82.4 35.0913
      vertex 95.5142 82.4 33.2683
      vertex 95.8393 82.4 33.7549
    endloop
  endfacet
  facet normal 0 -1 0
    outer loop
      vertex 93.9 82.4 32.6942
      vertex 95.5142 82.4 33.2683
      vertex 93.7858 82.4 33.2683
    endloop
  endfacet
  facet normal 0 -1 0
    outer loop
      vertex 93.9 82.4 32.6942
      vertex 95.4 82.4 32.6942
      vertex 95.5142 82.4 33.2683
    endloop
  endfacet
  facet normal 0 -1 0
    outer loop
      vertex 93.7858 82.4 32.1202
      vertex 95.4 82.4 32.6942
      vertex 93.9 82.4 32.6942
    endloop
  endfacet
  facet normal 0 -1 0
    outer loop
      vertex 93.7858 82.4 32.1202
      vertex 95.5142 82.4 32.1202
      vertex 95.4 82.4 32.6942
    endloop
  endfacet
  facet normal 0 -1 0
    outer loop
      vertex 94.65 82.4 30.2971
      vertex 93.7858 82.4 32.1202
      vertex 93.4607 82.4 31.6336
    endloop
  endfacet
  facet normal 0 -1 0
    outer loop
      vertex 93.7858 82.4 32.1202
      vertex 94.65 82.4 30.2971
      vertex 95.5142 82.4 32.1202
    endloop
  endfacet
  facet normal 0 -1 0
    outer loop
      vertex 94.65 82.4 30.2971
      vertex 93.4607 82.4 31.6336
      vertex 92.974 82.4 31.3084
    endloop
  endfacet
  facet normal 0 -1 -0
    outer loop
      vertex 95.5142 82.4 32.1202
      vertex 94.65 82.4 30.2971
      vertex 95.8393 82.4 31.6336
    endloop
  endfacet
  facet normal 0 -1 0
    outer loop
      vertex 94.65 82.4 30.2971
      vertex 92.974 82.4 31.3084
      vertex 92.4 82.4 31.1942
    endloop
  endfacet
  facet normal 0 -1 0
    outer loop
      vertex 95.224 82.4 30.1829
      vertex 95.8393 82.4 31.6336
      vertex 94.65 82.4 30.2971
    endloop
  endfacet
  facet normal 0 -1 0
    outer loop
      vertex 116.576 82.4 37.9772
      vertex 111.9 82.4 40.4885
      vertex 113.224 82.4 37.9772
    endloop
  endfacet
  facet normal 0 -1 0
    outer loop
      vertex 111.9 82.4 40.4885
      vertex 116.576 82.4 37.9772
      vertex 117.15 82.4 38.0913
    endloop
  endfacet
  facet normal 0 -1 0
    outer loop
      vertex 113.711 82.4 37.652
      vertex 116.576 82.4 37.9772
      vertex 113.224 82.4 37.9772
    endloop
  endfacet
  facet normal 0 -1 0
    outer loop
      vertex 113.711 82.4 37.652
      vertex 116.089 82.4 37.652
      vertex 116.576 82.4 37.9772
    endloop
  endfacet
  facet normal 0 -1 0
    outer loop
      vertex 114.036 82.4 37.1654
      vertex 116.089 82.4 37.652
      vertex 113.711 82.4 37.652
    endloop
  endfacet
  facet normal 0 -1 0
    outer loop
      vertex 114.036 82.4 37.1654
      vertex 115.764 82.4 37.1654
      vertex 116.089 82.4 37.652
    endloop
  endfacet
  facet normal 0 -1 0
    outer loop
      vertex 114.15 82.4 36.5913
      vertex 115.764 82.4 37.1654
      vertex 114.036 82.4 37.1654
    endloop
  endfacet
  facet normal 0 -1 0
    outer loop
      vertex 114.15 82.4 36.5913
      vertex 115.65 82.4 36.5913
      vertex 115.764 82.4 37.1654
    endloop
  endfacet
  facet normal 0 -1 0
    outer loop
      vertex 114.036 82.4 36.0173
      vertex 115.65 82.4 36.5913
      vertex 114.15 82.4 36.5913
    endloop
  endfacet
  facet normal 0 -1 0
    outer loop
      vertex 114.036 82.4 36.0173
      vertex 115.764 82.4 36.0173
      vertex 115.65 82.4 36.5913
    endloop
  endfacet
  facet normal 0 -1 0
    outer loop
      vertex 114.9 82.4 34.1942
      vertex 114.036 82.4 36.0173
      vertex 113.711 82.4 35.5307
    endloop
  endfacet
  facet normal 0 -1 0
    outer loop
      vertex 114.036 82.4 36.0173
      vertex 114.9 82.4 34.1942
      vertex 115.764 82.4 36.0173
    endloop
  endfacet
  facet normal 0 -1 0
    outer loop
      vertex 114.9 82.4 34.1942
      vertex 113.711 82.4 35.5307
      vertex 113.224 82.4 35.2055
    endloop
  endfacet
  facet normal 0 -1 -0
    outer loop
      vertex 115.764 82.4 36.0173
      vertex 114.9 82.4 34.1942
      vertex 116.089 82.4 35.5307
    endloop
  endfacet
  facet normal 0 -1 0
    outer loop
      vertex 114.9 82.4 34.1942
      vertex 113.224 82.4 35.2055
      vertex 112.65 82.4 35.0913
    endloop
  endfacet
  facet normal 0 -1 0
    outer loop
      vertex 115.474 82.4 34.08
      vertex 116.089 82.4 35.5307
      vertex 114.9 82.4 34.1942
    endloop
  endfacet
  facet normal 0 -1 -0
    outer loop
      vertex 109.826 82.4 39.1026
      vertex 109.211 82.4 37.652
      vertex 110.4 82.4 38.9885
    endloop
  endfacet
  facet normal 0 -1 0
    outer loop
      vertex 110.4 82.4 38.9885
      vertex 112.076 82.4 37.9772
      vertex 112.65 82.4 38.0913
    endloop
  endfacet
  facet normal 0 -1 0
    outer loop
      vertex 109.536 82.4 37.1654
      vertex 110.4 82.4 38.9885
      vertex 109.211 82.4 37.652
    endloop
  endfacet
  facet normal 0 -1 0
    outer loop
      vertex 110.4 82.4 38.9885
      vertex 111.589 82.4 37.652
      vertex 112.076 82.4 37.9772
    endloop
  endfacet
  facet normal 0 -1 0
    outer loop
      vertex 111.264 82.4 37.1654
      vertex 110.4 82.4 38.9885
      vertex 109.536 82.4 37.1654
    endloop
  endfacet
  facet normal 0 -1 0
    outer loop
      vertex 110.4 82.4 38.9885
      vertex 111.264 82.4 37.1654
      vertex 111.589 82.4 37.652
    endloop
  endfacet
  facet normal 0 -1 0
    outer loop
      vertex 109.65 82.4 36.5913
      vertex 111.264 82.4 37.1654
      vertex 109.536 82.4 37.1654
    endloop
  endfacet
  facet normal 0 -1 0
    outer loop
      vertex 109.65 82.4 36.5913
      vertex 111.15 82.4 36.5913
      vertex 111.264 82.4 37.1654
    endloop
  endfacet
  facet normal 0 -1 0
    outer loop
      vertex 109.536 82.4 36.0173
      vertex 111.15 82.4 36.5913
      vertex 109.65 82.4 36.5913
    endloop
  endfacet
  facet normal 0 -1 0
    outer loop
      vertex 109.536 82.4 36.0173
      vertex 111.264 82.4 36.0173
      vertex 111.15 82.4 36.5913
    endloop
  endfacet
  facet normal 0 -1 0
    outer loop
      vertex 110.4 82.4 34.1942
      vertex 109.536 82.4 36.0173
      vertex 109.211 82.4 35.5307
    endloop
  endfacet
  facet normal 0 -1 0
    outer loop
      vertex 109.536 82.4 36.0173
      vertex 110.4 82.4 34.1942
      vertex 111.264 82.4 36.0173
    endloop
  endfacet
  facet normal 0 -1 0
    outer loop
      vertex 110.4 82.4 34.1942
      vertex 109.211 82.4 35.5307
      vertex 108.724 82.4 35.2055
    endloop
  endfacet
  facet normal 0 -1 -0
    outer loop
      vertex 111.264 82.4 36.0173
      vertex 110.4 82.4 34.1942
      vertex 111.589 82.4 35.5307
    endloop
  endfacet
  facet normal 0 -1 0
    outer loop
      vertex 110.4 82.4 34.1942
      vertex 108.724 82.4 35.2055
      vertex 108.15 82.4 35.0913
    endloop
  endfacet
  facet normal 0 -1 0
    outer loop
      vertex 110.974 82.4 34.08
      vertex 111.589 82.4 35.5307
      vertex 110.4 82.4 34.1942
    endloop
  endfacet
  facet normal 0 -1 -0
    outer loop
      vertex 105.326 82.4 39.1026
      vertex 104.711 82.4 37.652
      vertex 105.9 82.4 38.9885
    endloop
  endfacet
  facet normal 0 -1 0
    outer loop
      vertex 105.9 82.4 38.9885
      vertex 107.576 82.4 37.9772
      vertex 108.15 82.4 38.0913
    endloop
  endfacet
  facet normal 0 -1 0
    outer loop
      vertex 105.036 82.4 37.1654
      vertex 105.9 82.4 38.9885
      vertex 104.711 82.4 37.652
    endloop
  endfacet
  facet normal 0 -1 0
    outer loop
      vertex 105.9 82.4 38.9885
      vertex 107.089 82.4 37.652
      vertex 107.576 82.4 37.9772
    endloop
  endfacet
  facet normal 0 -1 0
    outer loop
      vertex 106.764 82.4 37.1654
      vertex 105.9 82.4 38.9885
      vertex 105.036 82.4 37.1654
    endloop
  endfacet
  facet normal 0 -1 0
    outer loop
      vertex 105.9 82.4 38.9885
      vertex 106.764 82.4 37.1654
      vertex 107.089 82.4 37.652
    endloop
  endfacet
  facet normal 0 -1 0
    outer loop
      vertex 105.15 82.4 36.5913
      vertex 106.764 82.4 37.1654
      vertex 105.036 82.4 37.1654
    endloop
  endfacet
  facet normal 0 -1 0
    outer loop
      vertex 105.15 82.4 36.5913
      vertex 106.65 82.4 36.5913
      vertex 106.764 82.4 37.1654
    endloop
  endfacet
  facet normal 0 -1 0
    outer loop
      vertex 105.036 82.4 36.0173
      vertex 106.65 82.4 36.5913
      vertex 105.15 82.4 36.5913
    endloop
  endfacet
  facet normal 0 -1 0
    outer loop
      vertex 105.036 82.4 36.0173
      vertex 106.764 82.4 36.0173
      vertex 106.65 82.4 36.5913
    endloop
  endfacet
  facet normal 0 -1 0
    outer loop
      vertex 105.9 82.4 34.1942
      vertex 105.036 82.4 36.0173
      vertex 104.711 82.4 35.5307
    endloop
  endfacet
  facet normal 0 -1 0
    outer loop
      vertex 105.036 82.4 36.0173
      vertex 105.9 82.4 34.1942
      vertex 106.764 82.4 36.0173
    endloop
  endfacet
  facet normal 0 -1 0
    outer loop
      vertex 105.9 82.4 34.1942
      vertex 104.711 82.4 35.5307
      vertex 104.224 82.4 35.2055
    endloop
  endfacet
  facet normal 0 -1 -0
    outer loop
      vertex 106.764 82.4 36.0173
      vertex 105.9 82.4 34.1942
      vertex 107.089 82.4 35.5307
    endloop
  endfacet
  facet normal 0 -1 0
    outer loop
      vertex 105.9 82.4 34.1942
      vertex 104.224 82.4 35.2055
      vertex 103.65 82.4 35.0913
    endloop
  endfacet
  facet normal 0 -1 0
    outer loop
      vertex 106.474 82.4 34.08
      vertex 107.089 82.4 35.5307
      vertex 105.9 82.4 34.1942
    endloop
  endfacet
  facet normal 0 -1 -0
    outer loop
      vertex 100.826 82.4 39.1026
      vertex 100.211 82.4 37.652
      vertex 101.4 82.4 38.9885
    endloop
  endfacet
  facet normal 0 -1 0
    outer loop
      vertex 101.4 82.4 38.9885
      vertex 103.076 82.4 37.9772
      vertex 103.65 82.4 38.0913
    endloop
  endfacet
  facet normal 0 -1 0
    outer loop
      vertex 100.536 82.4 37.1654
      vertex 101.4 82.4 38.9885
      vertex 100.211 82.4 37.652
    endloop
  endfacet
  facet normal 0 -1 0
    outer loop
      vertex 101.4 82.4 38.9885
      vertex 102.589 82.4 37.652
      vertex 103.076 82.4 37.9772
    endloop
  endfacet
  facet normal 0 -1 0
    outer loop
      vertex 102.264 82.4 37.1654
      vertex 101.4 82.4 38.9885
      vertex 100.536 82.4 37.1654
    endloop
  endfacet
  facet normal 0 -1 0
    outer loop
      vertex 101.4 82.4 38.9885
      vertex 102.264 82.4 37.1654
      vertex 102.589 82.4 37.652
    endloop
  endfacet
  facet normal 0 -1 0
    outer loop
      vertex 100.65 82.4 36.5913
      vertex 102.264 82.4 37.1654
      vertex 100.536 82.4 37.1654
    endloop
  endfacet
  facet normal 0 -1 0
    outer loop
      vertex 100.65 82.4 36.5913
      vertex 102.15 82.4 36.5913
      vertex 102.264 82.4 37.1654
    endloop
  endfacet
  facet normal 0 -1 0
    outer loop
      vertex 100.536 82.4 36.0173
      vertex 102.15 82.4 36.5913
      vertex 100.65 82.4 36.5913
    endloop
  endfacet
  facet normal 0 -1 0
    outer loop
      vertex 100.536 82.4 36.0173
      vertex 102.264 82.4 36.0173
      vertex 102.15 82.4 36.5913
    endloop
  endfacet
  facet normal 0 -1 0
    outer loop
      vertex 101.4 82.4 34.1942
      vertex 100.536 82.4 36.0173
      vertex 100.211 82.4 35.5307
    endloop
  endfacet
  facet normal 0 -1 0
    outer loop
      vertex 100.536 82.4 36.0173
      vertex 101.4 82.4 34.1942
      vertex 102.264 82.4 36.0173
    endloop
  endfacet
  facet normal 0 -1 0
    outer loop
      vertex 101.4 82.4 34.1942
      vertex 100.211 82.4 35.5307
      vertex 99.724 82.4 35.2055
    endloop
  endfacet
  facet normal 0 -1 -0
    outer loop
      vertex 102.264 82.4 36.0173
      vertex 101.4 82.4 34.1942
      vertex 102.589 82.4 35.5307
    endloop
  endfacet
  facet normal 0 -1 0
    outer loop
      vertex 101.4 82.4 34.1942
      vertex 99.724 82.4 35.2055
      vertex 99.15 82.4 35.0913
    endloop
  endfacet
  facet normal 0 -1 0
    outer loop
      vertex 101.974 82.4 34.08
      vertex 102.589 82.4 35.5307
      vertex 101.4 82.4 34.1942
    endloop
  endfacet
  facet normal 0 -1 0
    outer loop
      vertex 98.576 82.4 37.9772
      vertex 99.9 82.4 40.4885
      vertex 95.224 82.4 37.9772
    endloop
  endfacet
  facet normal 0 -1 0
    outer loop
      vertex 99.9 82.4 40.4885
      vertex 98.576 82.4 37.9772
      vertex 99.15 82.4 38.0913
    endloop
  endfacet
  facet normal 0 -1 0
    outer loop
      vertex 95.7107 82.4 37.652
      vertex 98.576 82.4 37.9772
      vertex 95.224 82.4 37.9772
    endloop
  endfacet
  facet normal 0 -1 0
    outer loop
      vertex 95.7107 82.4 37.652
      vertex 98.0893 82.4 37.652
      vertex 98.576 82.4 37.9772
    endloop
  endfacet
  facet normal 0 -1 0
    outer loop
      vertex 96.0358 82.4 37.1654
      vertex 98.0893 82.4 37.652
      vertex 95.7107 82.4 37.652
    endloop
  endfacet
  facet normal 0 -1 0
    outer loop
      vertex 96.0358 82.4 37.1654
      vertex 97.7642 82.4 37.1654
      vertex 98.0893 82.4 37.652
    endloop
  endfacet
  facet normal 0 -1 0
    outer loop
      vertex 96.15 82.4 36.5913
      vertex 97.7642 82.4 37.1654
      vertex 96.0358 82.4 37.1654
    endloop
  endfacet
  facet normal 0 -1 0
    outer loop
      vertex 96.15 82.4 36.5913
      vertex 97.65 82.4 36.5913
      vertex 97.7642 82.4 37.1654
    endloop
  endfacet
  facet normal 0 -1 0
    outer loop
      vertex 96.0358 82.4 36.0173
      vertex 97.65 82.4 36.5913
      vertex 96.15 82.4 36.5913
    endloop
  endfacet
  facet normal 0 -1 0
    outer loop
      vertex 96.0358 82.4 36.0173
      vertex 97.7642 82.4 36.0173
      vertex 97.65 82.4 36.5913
    endloop
  endfacet
  facet normal 0 -1 0
    outer loop
      vertex 96.9 82.4 34.1942
      vertex 96.0358 82.4 36.0173
      vertex 95.7107 82.4 35.5307
    endloop
  endfacet
  facet normal 0 -1 0
    outer loop
      vertex 96.0358 82.4 36.0173
      vertex 96.9 82.4 34.1942
      vertex 97.7642 82.4 36.0173
    endloop
  endfacet
  facet normal 0 -1 0
    outer loop
      vertex 96.9 82.4 34.1942
      vertex 95.7107 82.4 35.5307
      vertex 95.224 82.4 35.2055
    endloop
  endfacet
  facet normal 0 -1 -0
    outer loop
      vertex 97.7642 82.4 36.0173
      vertex 96.9 82.4 34.1942
      vertex 98.0893 82.4 35.5307
    endloop
  endfacet
  facet normal 0 -1 0
    outer loop
      vertex 96.9 82.4 34.1942
      vertex 95.224 82.4 35.2055
      vertex 94.65 82.4 35.0913
    endloop
  endfacet
  facet normal 0 -1 0
    outer loop
      vertex 97.474 82.4 34.08
      vertex 98.0893 82.4 35.5307
      vertex 96.9 82.4 34.1942
    endloop
  endfacet
  facet normal 0 -1 0
    outer loop
      vertex 106.474 82.4 41.8743
      vertex 110.4 82.4 41.9885
      vertex 105.9 82.4 41.9885
    endloop
  endfacet
  facet normal 0 -1 0
    outer loop
      vertex 106.474 82.4 41.8743
      vertex 109.826 82.4 41.8743
      vertex 110.4 82.4 41.9885
    endloop
  endfacet
  facet normal 0 -1 0
    outer loop
      vertex 106.961 82.4 41.5491
      vertex 109.826 82.4 41.8743
      vertex 106.474 82.4 41.8743
    endloop
  endfacet
  facet normal 0 -1 0
    outer loop
      vertex 106.961 82.4 41.5491
      vertex 109.339 82.4 41.5491
      vertex 109.826 82.4 41.8743
    endloop
  endfacet
  facet normal 0 -1 0
    outer loop
      vertex 107.286 82.4 41.0625
      vertex 109.339 82.4 41.5491
      vertex 106.961 82.4 41.5491
    endloop
  endfacet
  facet normal 0 -1 0
    outer loop
      vertex 107.286 82.4 41.0625
      vertex 109.014 82.4 41.0625
      vertex 109.339 82.4 41.5491
    endloop
  endfacet
  facet normal 0 -1 0
    outer loop
      vertex 107.4 82.4 40.4885
      vertex 109.014 82.4 41.0625
      vertex 107.286 82.4 41.0625
    endloop
  endfacet
  facet normal 0 -1 0
    outer loop
      vertex 107.4 82.4 40.4885
      vertex 108.9 82.4 40.4885
      vertex 109.014 82.4 41.0625
    endloop
  endfacet
  facet normal 0 -1 0
    outer loop
      vertex 107.286 82.4 39.9144
      vertex 108.9 82.4 40.4885
      vertex 107.4 82.4 40.4885
    endloop
  endfacet
  facet normal 0 -1 0
    outer loop
      vertex 107.286 82.4 39.9144
      vertex 109.014 82.4 39.9144
      vertex 108.9 82.4 40.4885
    endloop
  endfacet
  facet normal 0 -1 0
    outer loop
      vertex 108.15 82.4 38.0913
      vertex 107.286 82.4 39.9144
      vertex 106.961 82.4 39.4278
    endloop
  endfacet
  facet normal 0 -1 0
    outer loop
      vertex 107.286 82.4 39.9144
      vertex 108.15 82.4 38.0913
      vertex 109.014 82.4 39.9144
    endloop
  endfacet
  facet normal 0 -1 0
    outer loop
      vertex 108.15 82.4 38.0913
      vertex 106.961 82.4 39.4278
      vertex 106.474 82.4 39.1026
    endloop
  endfacet
  facet normal 0 -1 -0
    outer loop
      vertex 109.014 82.4 39.9144
      vertex 108.15 82.4 38.0913
      vertex 109.339 82.4 39.4278
    endloop
  endfacet
  facet normal 0 -1 0
    outer loop
      vertex 108.15 82.4 38.0913
      vertex 106.474 82.4 39.1026
      vertex 105.9 82.4 38.9885
    endloop
  endfacet
  facet normal 0 -1 0
    outer loop
      vertex 108.724 82.4 37.9772
      vertex 109.339 82.4 39.4278
      vertex 108.15 82.4 38.0913
    endloop
  endfacet
  facet normal 0 -1 0
    outer loop
      vertex 101.974 82.4 41.8743
      vertex 105.9 82.4 41.9885
      vertex 101.4 82.4 41.9885
    endloop
  endfacet
  facet normal 0 -1 0
    outer loop
      vertex 101.974 82.4 41.8743
      vertex 105.326 82.4 41.8743
      vertex 105.9 82.4 41.9885
    endloop
  endfacet
  facet normal 0 -1 0
    outer loop
      vertex 102.461 82.4 41.5491
      vertex 105.326 82.4 41.8743
      vertex 101.974 82.4 41.8743
    endloop
  endfacet
  facet normal 0 -1 0
    outer loop
      vertex 102.461 82.4 41.5491
      vertex 104.839 82.4 41.5491
      vertex 105.326 82.4 41.8743
    endloop
  endfacet
  facet normal 0 -1 0
    outer loop
      vertex 102.786 82.4 41.0625
      vertex 104.839 82.4 41.5491
      vertex 102.461 82.4 41.5491
    endloop
  endfacet
  facet normal 0 -1 0
    outer loop
      vertex 102.786 82.4 41.0625
      vertex 104.514 82.4 41.0625
      vertex 104.839 82.4 41.5491
    endloop
  endfacet
  facet normal 0 -1 0
    outer loop
      vertex 102.9 82.4 40.4885
      vertex 104.514 82.4 41.0625
      vertex 102.786 82.4 41.0625
    endloop
  endfacet
  facet normal 0 -1 0
    outer loop
      vertex 102.9 82.4 40.4885
      vertex 104.4 82.4 40.4885
      vertex 104.514 82.4 41.0625
    endloop
  endfacet
  facet normal 0 -1 0
    outer loop
      vertex 102.786 82.4 39.9144
      vertex 104.4 82.4 40.4885
      vertex 102.9 82.4 40.4885
    endloop
  endfacet
  facet normal 0 -1 0
    outer loop
      vertex 102.786 82.4 39.9144
      vertex 104.514 82.4 39.9144
      vertex 104.4 82.4 40.4885
    endloop
  endfacet
  facet normal 0 -1 0
    outer loop
      vertex 103.65 82.4 38.0913
      vertex 102.786 82.4 39.9144
      vertex 102.461 82.4 39.4278
    endloop
  endfacet
  facet normal 0 -1 0
    outer loop
      vertex 102.786 82.4 39.9144
      vertex 103.65 82.4 38.0913
      vertex 104.514 82.4 39.9144
    endloop
  endfacet
  facet normal 0 -1 0
    outer loop
      vertex 103.65 82.4 38.0913
      vertex 102.461 82.4 39.4278
      vertex 101.974 82.4 39.1026
    endloop
  endfacet
  facet normal 0 -1 -0
    outer loop
      vertex 104.514 82.4 39.9144
      vertex 103.65 82.4 38.0913
      vertex 104.839 82.4 39.4278
    endloop
  endfacet
  facet normal 0 -1 0
    outer loop
      vertex 103.65 82.4 38.0913
      vertex 101.974 82.4 39.1026
      vertex 101.4 82.4 38.9885
    endloop
  endfacet
  facet normal 0 -1 0
    outer loop
      vertex 104.224 82.4 37.9772
      vertex 104.839 82.4 39.4278
      vertex 103.65 82.4 38.0913
    endloop
  endfacet
  facet normal 0 -1 0
    outer loop
      vertex 101.4 82.4 41.9885
      vertex 163.4 82.4 62.4
      vertex 2.4 82.4 62.4
    endloop
  endfacet
  facet normal 0 -1 0
    outer loop
      vertex 163.4 82.4 62.4
      vertex 101.4 82.4 41.9885
      vertex 105.9 82.4 41.9885
    endloop
  endfacet
  facet normal 0 -1 0
    outer loop
      vertex 2.4 82.4 62.4
      vertex 100.826 82.4 41.8743
      vertex 101.4 82.4 41.9885
    endloop
  endfacet
  facet normal 0 -1 0
    outer loop
      vertex 94.076 82.4 37.9772
      vertex 100.826 82.4 41.8743
      vertex 2.4 82.4 62.4
    endloop
  endfacet
  facet normal 0 -1 0
    outer loop
      vertex 100.826 82.4 41.8743
      vertex 94.076 82.4 37.9772
      vertex 100.339 82.4 41.5491
    endloop
  endfacet
  facet normal -0 -1 0
    outer loop
      vertex 94.65 82.4 38.0913
      vertex 100.339 82.4 41.5491
      vertex 94.076 82.4 37.9772
    endloop
  endfacet
  facet normal 0 -1 0
    outer loop
      vertex 100.339 82.4 41.5491
      vertex 94.65 82.4 38.0913
      vertex 100.014 82.4 41.0625
    endloop
  endfacet
  facet normal 0 -1 0
    outer loop
      vertex 95.224 82.4 37.9772
      vertex 100.014 82.4 41.0625
      vertex 94.65 82.4 38.0913
    endloop
  endfacet
  facet normal 0 -1 -0
    outer loop
      vertex 99.9 82.4 40.4885
      vertex 99.15 82.4 38.0913
      vertex 100.014 82.4 39.9144
    endloop
  endfacet
  facet normal 0 -1 -0
    outer loop
      vertex 104.839 82.4 39.4278
      vertex 104.224 82.4 37.9772
      vertex 105.326 82.4 39.1026
    endloop
  endfacet
  facet normal 0 -1 -0
    outer loop
      vertex 100.339 82.4 39.4278
      vertex 99.724 82.4 37.9772
      vertex 100.826 82.4 39.1026
    endloop
  endfacet
  facet normal 0 -1 0
    outer loop
      vertex 99.724 82.4 37.9772
      vertex 100.339 82.4 39.4278
      vertex 99.15 82.4 38.0913
    endloop
  endfacet
  facet normal 0 -1 -0
    outer loop
      vertex 100.014 82.4 39.9144
      vertex 99.15 82.4 38.0913
      vertex 100.339 82.4 39.4278
    endloop
  endfacet
  facet normal 0 -1 0
    outer loop
      vertex 100.014 82.4 41.0625
      vertex 95.224 82.4 37.9772
      vertex 99.9 82.4 40.4885
    endloop
  endfacet
  facet normal 0 -1 0
    outer loop
      vertex 2.4 82.4 62.4
      vertex 93.5893 82.4 37.652
      vertex 94.076 82.4 37.9772
    endloop
  endfacet
  facet normal 0 -1 0
    outer loop
      vertex 73.9235 82.4 27.7978
      vertex 93.5893 82.4 37.652
      vertex 2.4 82.4 62.4
    endloop
  endfacet
  facet normal -0 -1 0
    outer loop
      vertex 74.3084 82.4 27.8743
      vertex 93.5893 82.4 37.652
      vertex 73.9235 82.4 27.7978
    endloop
  endfacet
  facet normal -0 -1 0
    outer loop
      vertex 74.7 82.4 27.9
      vertex 93.5893 82.4 37.652
      vertex 74.3084 82.4 27.8743
    endloop
  endfacet
  facet normal 0 -1 0
    outer loop
      vertex 93.5893 82.4 37.652
      vertex 74.7 82.4 27.9
      vertex 93.2642 82.4 37.1654
    endloop
  endfacet
  facet normal 0 -1 0
    outer loop
      vertex 75.0916 82.4 27.8743
      vertex 93.2642 82.4 37.1654
      vertex 74.7 82.4 27.9
    endloop
  endfacet
  facet normal 0 -1 -0
    outer loop
      vertex 98.0893 82.4 35.5307
      vertex 97.474 82.4 34.08
      vertex 98.576 82.4 35.2055
    endloop
  endfacet
  facet normal 0 -1 -0
    outer loop
      vertex 102.589 82.4 35.5307
      vertex 101.974 82.4 34.08
      vertex 103.076 82.4 35.2055
    endloop
  endfacet
  facet normal 0 -1 0
    outer loop
      vertex 102.461 82.4 33.7549
      vertex 103.076 82.4 35.2055
      vertex 101.974 82.4 34.08
    endloop
  endfacet
  facet normal 0 -1 0
    outer loop
      vertex 106.961 82.4 33.7549
      vertex 107.576 82.4 35.2055
      vertex 106.474 82.4 34.08
    endloop
  endfacet
  facet normal 0 -1 0
    outer loop
      vertex 93.4607 82.4 33.7549
      vertex 94.076 82.4 35.2055
      vertex 92.974 82.4 34.08
    endloop
  endfacet
  facet normal 0 -1 -0
    outer loop
      vertex 93.5893 82.4 35.5307
      vertex 92.974 82.4 34.08
      vertex 94.076 82.4 35.2055
    endloop
  endfacet
  facet normal 0 -1 -0
    outer loop
      vertex 93.2642 82.4 36.0173
      vertex 92.4 82.4 34.1942
      vertex 93.5893 82.4 35.5307
    endloop
  endfacet
  facet normal 0 -1 0
    outer loop
      vertex 92.974 82.4 34.08
      vertex 93.5893 82.4 35.5307
      vertex 92.4 82.4 34.1942
    endloop
  endfacet
  facet normal 0 -1 0
    outer loop
      vertex 93.2642 82.4 37.1654
      vertex 91.3393 82.4 33.7549
      vertex 93.15 82.4 36.5913
    endloop
  endfacet
  facet normal -0 -1 0
    outer loop
      vertex 92.4 82.4 34.1942
      vertex 93.2642 82.4 36.0173
      vertex 91.826 82.4 34.08
    endloop
  endfacet
  facet normal 0 -1 -0
    outer loop
      vertex 93.15 82.4 36.5913
      vertex 91.826 82.4 34.08
      vertex 93.2642 82.4 36.0173
    endloop
  endfacet
  facet normal -0 -1 0
    outer loop
      vertex 91.826 82.4 34.08
      vertex 93.15 82.4 36.5913
      vertex 91.3393 82.4 33.7549
    endloop
  endfacet
  facet normal 0 -1 0
    outer loop
      vertex 93.2642 82.4 37.1654
      vertex 75.4765 82.4 27.7978
      vertex 91.3393 82.4 33.7549
    endloop
  endfacet
  facet normal 0 -1 0
    outer loop
      vertex 91.3393 82.4 33.7549
      vertex 75.4765 82.4 27.7978
      vertex 91.0142 82.4 33.2683
    endloop
  endfacet
  facet normal 0 -1 -0
    outer loop
      vertex 95.8393 82.4 31.6336
      vertex 95.224 82.4 30.1829
      vertex 96.326 82.4 31.3084
    endloop
  endfacet
  facet normal 0 -1 -0
    outer loop
      vertex 100.339 82.4 31.6336
      vertex 99.724 82.4 30.1829
      vertex 100.826 82.4 31.3084
    endloop
  endfacet
  facet normal 0 -1 0
    outer loop
      vertex 100.211 82.4 29.8578
      vertex 100.826 82.4 31.3084
      vertex 99.724 82.4 30.1829
    endloop
  endfacet
  facet normal 0 -1 0
    outer loop
      vertex 104.711 82.4 29.8578
      vertex 105.326 82.4 31.3084
      vertex 104.224 82.4 30.1829
    endloop
  endfacet
  facet normal 0 -1 -0
    outer loop
      vertex 109.339 82.4 31.6336
      vertex 108.724 82.4 30.1829
      vertex 109.826 82.4 31.3084
    endloop
  endfacet
  facet normal 0 -1 0
    outer loop
      vertex 91.2107 82.4 29.8578
      vertex 91.826 82.4 31.3084
      vertex 90.724 82.4 30.1829
    endloop
  endfacet
  facet normal 0 -1 -0
    outer loop
      vertex 91.3393 82.4 31.6336
      vertex 90.724 82.4 30.1829
      vertex 91.826 82.4 31.3084
    endloop
  endfacet
  facet normal 0 -1 0
    outer loop
      vertex 75.8481 82.4 27.6716
      vertex 91.0142 82.4 33.2683
      vertex 75.4765 82.4 27.7978
    endloop
  endfacet
  facet normal 0 -1 0
    outer loop
      vertex 90.724 82.4 30.1829
      vertex 91.3393 82.4 31.6336
      vertex 90.15 82.4 30.2971
    endloop
  endfacet
  facet normal -0 -1 0
    outer loop
      vertex 89.0893 82.4 29.8578
      vertex 91.0142 82.4 33.2683
      vertex 76.2 82.4 27.4981
    endloop
  endfacet
  facet normal 0 -1 -0
    outer loop
      vertex 91.0142 82.4 32.1202
      vertex 90.15 82.4 30.2971
      vertex 91.3393 82.4 31.6336
    endloop
  endfacet
  facet normal 0 -1 -0
    outer loop
      vertex 90.9 82.4 32.6942
      vertex 89.576 82.4 30.1829
      vertex 91.0142 82.4 32.1202
    endloop
  endfacet
  facet normal -0 -1 0
    outer loop
      vertex 90.15 82.4 30.2971
      vertex 91.0142 82.4 32.1202
      vertex 89.576 82.4 30.1829
    endloop
  endfacet
  facet normal -0 -1 0
    outer loop
      vertex 89.576 82.4 30.1829
      vertex 90.9 82.4 32.6942
      vertex 89.0893 82.4 29.8578
    endloop
  endfacet
  facet normal 0 -1 0
    outer loop
      vertex 76.2 82.4 27.4981
      vertex 91.0142 82.4 33.2683
      vertex 75.8481 82.4 27.6716
    endloop
  endfacet
  facet normal 0 -1 0
    outer loop
      vertex 75.4765 82.4 27.7978
      vertex 93.2642 82.4 37.1654
      vertex 75.0916 82.4 27.8743
    endloop
  endfacet
  facet normal 0 -1 0
    outer loop
      vertex 2.4 82.4 62.4
      vertex 73.5519 82.4 27.6716
      vertex 73.9235 82.4 27.7978
    endloop
  endfacet
  facet normal 0 -1 0
    outer loop
      vertex 2.4 82.4 62.4
      vertex 73.2 82.4 27.4981
      vertex 73.5519 82.4 27.6716
    endloop
  endfacet
  facet normal 0 -1 0
    outer loop
      vertex 2.4 82.4 62.4
      vertex 72.8737 82.4 27.2801
      vertex 73.2 82.4 27.4981
    endloop
  endfacet
  facet normal 0 -1 0
    outer loop
      vertex 2.4 82.4 62.4
      vertex 72.5787 82.4 27.0213
      vertex 72.8737 82.4 27.2801
    endloop
  endfacet
  facet normal 0 -1 0
    outer loop
      vertex 2.4 82.4 62.4
      vertex 72.3199 82.4 26.7263
      vertex 72.5787 82.4 27.0213
    endloop
  endfacet
  facet normal 0 -1 0
    outer loop
      vertex 2.4 82.4 62.4
      vertex 72.1019 82.4 26.4
      vertex 72.3199 82.4 26.7263
    endloop
  endfacet
  facet normal 0 -1 0
    outer loop
      vertex 2.4 82.4 62.4
      vertex 71.9284 82.4 26.048
      vertex 72.1019 82.4 26.4
    endloop
  endfacet
  facet normal 0 -1 0
    outer loop
      vertex 2.4 82.4 62.4
      vertex 71.8022 82.4 25.6765
      vertex 71.9284 82.4 26.048
    endloop
  endfacet
  facet normal 0 -1 0
    outer loop
      vertex 2.4 82.4 62.4
      vertex 71.7257 82.4 25.2916
      vertex 71.8022 82.4 25.6765
    endloop
  endfacet
  facet normal 0 -1 0
    outer loop
      vertex 2.4 82.4 2.4
      vertex 71.7257 82.4 25.2916
      vertex 2.4 82.4 62.4
    endloop
  endfacet
  facet normal 0 -1 0
    outer loop
      vertex 71.7257 82.4 25.2916
      vertex 2.4 82.4 2.4
      vertex 71.7 82.4 24.9
    endloop
  endfacet
  facet normal 0 -1 -0
    outer loop
      vertex 71.7 82.4 24.9
      vertex 2.4 82.4 2.4
      vertex 71.7257 82.4 24.5084
    endloop
  endfacet
  facet normal 0 -1 -0
    outer loop
      vertex 71.7257 82.4 24.5084
      vertex 2.4 82.4 2.4
      vertex 71.8022 82.4 24.1235
    endloop
  endfacet
  facet normal 0 -1 -0
    outer loop
      vertex 71.8022 82.4 24.1235
      vertex 2.4 82.4 2.4
      vertex 71.9284 82.4 23.7519
    endloop
  endfacet
  facet normal 0 -1 -0
    outer loop
      vertex 71.9284 82.4 23.7519
      vertex 2.4 82.4 2.4
      vertex 72.1019 82.4 23.4
    endloop
  endfacet
  facet normal 0 -1 -0
    outer loop
      vertex 72.1019 82.4 23.4
      vertex 2.4 82.4 2.4
      vertex 72.3199 82.4 23.0737
    endloop
  endfacet
  facet normal 0 -1 -0
    outer loop
      vertex 72.3199 82.4 23.0737
      vertex 2.4 82.4 2.4
      vertex 72.5787 82.4 22.7787
    endloop
  endfacet
  facet normal 0 -1 -0
    outer loop
      vertex 72.5787 82.4 22.7787
      vertex 2.4 82.4 2.4
      vertex 72.8737 82.4 22.5199
    endloop
  endfacet
  facet normal 0 -1 0
    outer loop
      vertex 76.8213 82.4 22.7787
      vertex 88.65 82.4 21.0029
      vertex 88.7642 82.4 21.5769
    endloop
  endfacet
  facet normal 0 -1 0
    outer loop
      vertex 76.8213 82.4 22.7787
      vertex 88.7642 82.4 20.4289
      vertex 88.65 82.4 21.0029
    endloop
  endfacet
  facet normal 0 -1 0
    outer loop
      vertex 93.5893 82.4 12.148
      vertex 74.7 82.4 21.9
      vertex 74.3084 82.4 21.9257
    endloop
  endfacet
  facet normal 0 -1 0
    outer loop
      vertex 76.5263 82.4 22.5199
      vertex 89.0893 82.4 19.9422
      vertex 88.7642 82.4 20.4289
    endloop
  endfacet
  facet normal 0 -1 0
    outer loop
      vertex 76.2 82.4 22.3019
      vertex 91.0142 82.4 16.5317
      vertex 89.0893 82.4 19.9422
    endloop
  endfacet
  facet normal -0 -1 -0
    outer loop
      vertex 90.9 82.4 17.1058
      vertex 89.0893 82.4 19.9422
      vertex 91.0142 82.4 16.5317
    endloop
  endfacet
  facet normal 0 -1 -0
    outer loop
      vertex 93.5893 82.4 19.9422
      vertex 92.974 82.4 18.4916
      vertex 94.076 82.4 19.6171
    endloop
  endfacet
  facet normal 0 -1 -0
    outer loop
      vertex 98.0893 82.4 19.9422
      vertex 97.474 82.4 18.4916
      vertex 98.576 82.4 19.6171
    endloop
  endfacet
  facet normal 0 -1 0
    outer loop
      vertex 97.9607 82.4 18.1664
      vertex 98.576 82.4 19.6171
      vertex 97.474 82.4 18.4916
    endloop
  endfacet
  facet normal 0 -1 0
    outer loop
      vertex 102.461 82.4 18.1664
      vertex 103.076 82.4 19.6171
      vertex 101.974 82.4 18.4916
    endloop
  endfacet
  facet normal 0 -1 -0
    outer loop
      vertex 107.089 82.4 19.9422
      vertex 106.474 82.4 18.4916
      vertex 107.576 82.4 19.6171
    endloop
  endfacet
  facet normal 0 -1 -0
    outer loop
      vertex 111.589 82.4 19.9422
      vertex 110.974 82.4 18.4916
      vertex 112.076 82.4 19.6171
    endloop
  endfacet
  facet normal 0 -1 0
    outer loop
      vertex 93.4607 82.4 18.1664
      vertex 94.076 82.4 19.6171
      vertex 92.974 82.4 18.4916
    endloop
  endfacet
  facet normal -0 -1 0
    outer loop
      vertex 91.0142 82.4 17.6798
      vertex 89.576 82.4 19.6171
      vertex 90.9 82.4 17.1058
    endloop
  endfacet
  facet normal 0 -1 0
    outer loop
      vertex 91.2107 82.4 19.9422
      vertex 91.826 82.4 18.4916
      vertex 92.4 82.4 18.6058
    endloop
  endfacet
  facet normal 0 -1 0
    outer loop
      vertex 90.724 82.4 19.6171
      vertex 91.3393 82.4 18.1664
      vertex 91.826 82.4 18.4916
    endloop
  endfacet
  facet normal 0 -1 0
    outer loop
      vertex 93.5893 82.4 12.148
      vertex 74.3084 82.4 21.9257
      vertex 73.9235 82.4 22.0022
    endloop
  endfacet
  facet normal 0 -1 0
    outer loop
      vertex 90.15 82.4 19.5029
      vertex 91.0142 82.4 17.6798
      vertex 91.3393 82.4 18.1664
    endloop
  endfacet
  facet normal 0 -1 0
    outer loop
      vertex 89.576 82.4 19.6171
      vertex 91.0142 82.4 17.6798
      vertex 90.15 82.4 19.5029
    endloop
  endfacet
  facet normal 0 -1 0
    outer loop
      vertex 89.0893 82.4 19.9422
      vertex 90.9 82.4 17.1058
      vertex 89.576 82.4 19.6171
    endloop
  endfacet
  facet normal 0 -1 0
    outer loop
      vertex 75.4765 82.4 22.0022
      vertex 91.3393 82.4 16.0451
      vertex 91.0142 82.4 16.5317
    endloop
  endfacet
  facet normal 0 -1 0
    outer loop
      vertex 2.4 82.4 2.4
      vertex 73.9235 82.4 22.0022
      vertex 73.5519 82.4 22.1284
    endloop
  endfacet
  facet normal 0 -1 0
    outer loop
      vertex 75.4765 82.4 22.0022
      vertex 93.2642 82.4 12.6346
      vertex 91.3393 82.4 16.0451
    endloop
  endfacet
  facet normal 0 -1 -0
    outer loop
      vertex 95.8393 82.4 16.0451
      vertex 95.224 82.4 14.5945
      vertex 96.326 82.4 15.72
    endloop
  endfacet
  facet normal 0 -1 -0
    outer loop
      vertex 100.339 82.4 16.0451
      vertex 99.724 82.4 14.5945
      vertex 100.826 82.4 15.72
    endloop
  endfacet
  facet normal 0 -1 0
    outer loop
      vertex 100.211 82.4 14.2693
      vertex 100.826 82.4 15.72
      vertex 99.724 82.4 14.5945
    endloop
  endfacet
  facet normal 0 -1 0
    outer loop
      vertex 104.711 82.4 14.2693
      vertex 105.326 82.4 15.72
      vertex 104.224 82.4 14.5945
    endloop
  endfacet
  facet normal 0 -1 -0
    outer loop
      vertex 109.339 82.4 16.0451
      vertex 108.724 82.4 14.5945
      vertex 109.826 82.4 15.72
    endloop
  endfacet
  facet normal 0 -1 0
    outer loop
      vertex 95.7107 82.4 14.2693
      vertex 96.326 82.4 15.72
      vertex 95.224 82.4 14.5945
    endloop
  endfacet
  facet normal 0 -1 0
    outer loop
      vertex 93.2642 82.4 13.7827
      vertex 92.4 82.4 15.6058
      vertex 91.826 82.4 15.72
    endloop
  endfacet
  facet normal -0 -1 -0
    outer loop
      vertex 93.15 82.4 13.2087
      vertex 91.3393 82.4 16.0451
      vertex 93.2642 82.4 12.6346
    endloop
  endfacet
  facet normal 0 -1 0
    outer loop
      vertex 93.4607 82.4 16.0451
      vertex 94.076 82.4 14.5945
      vertex 94.65 82.4 14.7087
    endloop
  endfacet
  facet normal 0 -1 0
    outer loop
      vertex 92.974 82.4 15.72
      vertex 93.5893 82.4 14.2693
      vertex 94.076 82.4 14.5945
    endloop
  endfacet
  facet normal 0 -1 0
    outer loop
      vertex 92.4 82.4 15.6058
      vertex 93.2642 82.4 13.7827
      vertex 93.5893 82.4 14.2693
    endloop
  endfacet
  facet normal 0 -1 0
    outer loop
      vertex 91.826 82.4 15.72
      vertex 93.15 82.4 13.2087
      vertex 93.2642 82.4 13.7827
    endloop
  endfacet
  facet normal 0 -1 0
    outer loop
      vertex 91.3393 82.4 16.0451
      vertex 93.15 82.4 13.2087
      vertex 91.826 82.4 15.72
    endloop
  endfacet
  facet normal 0 -1 0
    outer loop
      vertex 74.7 82.4 21.9
      vertex 93.5893 82.4 12.148
      vertex 93.2642 82.4 12.6346
    endloop
  endfacet
  facet normal 0 -1 0
    outer loop
      vertex 2.4 82.4 2.4
      vertex 73.5519 82.4 22.1284
      vertex 73.2 82.4 22.3019
    endloop
  endfacet
  facet normal 0 -1 -0
    outer loop
      vertex 73.9235 82.4 22.0022
      vertex 2.4 82.4 2.4
      vertex 93.5893 82.4 12.148
    endloop
  endfacet
  facet normal -0 -1 0
    outer loop
      vertex 100.014 82.4 9.88557
      vertex 98.576 82.4 11.8228
      vertex 99.9 82.4 9.31154
    endloop
  endfacet
  facet normal 0 -1 0
    outer loop
      vertex 100.211 82.4 12.148
      vertex 100.826 82.4 10.6974
      vertex 101.4 82.4 10.8115
    endloop
  endfacet
  facet normal 0 -1 0
    outer loop
      vertex 102.461 82.4 10.3722
      vertex 103.076 82.4 11.8228
      vertex 101.974 82.4 10.6974
    endloop
  endfacet
  facet normal 0 -1 0
    outer loop
      vertex 106.961 82.4 10.3722
      vertex 107.576 82.4 11.8228
      vertex 106.474 82.4 10.6974
    endloop
  endfacet
  facet normal 0 -1 -0
    outer loop
      vertex 107.089 82.4 12.148
      vertex 106.474 82.4 10.6974
      vertex 107.576 82.4 11.8228
    endloop
  endfacet
  facet normal 0 -1 -0
    outer loop
      vertex 102.589 82.4 12.148
      vertex 101.974 82.4 10.6974
      vertex 103.076 82.4 11.8228
    endloop
  endfacet
  facet normal 0 -1 0
    outer loop
      vertex 99.724 82.4 11.8228
      vertex 100.339 82.4 10.3722
      vertex 100.826 82.4 10.6974
    endloop
  endfacet
  facet normal 0 -1 0
    outer loop
      vertex 100.339 82.4 8.25088
      vertex 94.65 82.4 11.7087
      vertex 94.076 82.4 11.8228
    endloop
  endfacet
  facet normal 0 -1 0
    outer loop
      vertex 99.15 82.4 11.7087
      vertex 100.014 82.4 9.88557
      vertex 100.339 82.4 10.3722
    endloop
  endfacet
  facet normal 0 -1 0
    outer loop
      vertex 98.576 82.4 11.8228
      vertex 100.014 82.4 9.88557
      vertex 99.15 82.4 11.7087
    endloop
  endfacet
  facet normal 0 -1 0
    outer loop
      vertex 95.224 82.4 11.8228
      vertex 100.014 82.4 8.73752
      vertex 99.9 82.4 9.31154
    endloop
  endfacet
  facet normal 0 -1 -0
    outer loop
      vertex 93.5893 82.4 12.148
      vertex 2.4 82.4 2.4
      vertex 94.076 82.4 11.8228
    endloop
  endfacet
  facet normal 0 -1 0
    outer loop
      vertex 94.65 82.4 11.7087
      vertex 100.339 82.4 8.25088
      vertex 100.014 82.4 8.73752
    endloop
  endfacet
  facet normal -0 -1 0
    outer loop
      vertex 100.826 82.4 7.92572
      vertex 94.076 82.4 11.8228
      vertex 2.4 82.4 2.4
    endloop
  endfacet
  facet normal 0 -1 0
    outer loop
      vertex 158.4 82.4 2.4
      vertex 105.9 82.4 7.81154
      vertex 101.4 82.4 7.81154
    endloop
  endfacet
  facet normal 0 -1 0
    outer loop
      vertex 158.4 82.4 2.4
      vertex 101.4 82.4 7.81154
      vertex 2.4 82.4 2.4
    endloop
  endfacet
  facet normal 0 -1 -0
    outer loop
      vertex 100.826 82.4 7.92572
      vertex 2.4 82.4 2.4
      vertex 101.4 82.4 7.81154
    endloop
  endfacet
  facet normal 0 -1 0
    outer loop
      vertex 94.076 82.4 11.8228
      vertex 100.826 82.4 7.92572
      vertex 100.339 82.4 8.25088
    endloop
  endfacet
  facet normal 0 -1 -0
    outer loop
      vertex 72.8737 82.4 22.5199
      vertex 2.4 82.4 2.4
      vertex 73.2 82.4 22.3019
    endloop
  endfacet
  facet normal 0 -1 -0
    outer loop
      vertex 163.4 82.4 62.4
      vertex 158.4 82.4 46.4
      vertex 163.4 82.4 46.4
    endloop
  endfacet
  facet normal 0 -1 0
    outer loop
      vertex 110.4 82.4 41.9885
      vertex 163.4 82.4 62.4
      vertex 105.9 82.4 41.9885
    endloop
  endfacet
  facet normal 0 -1 0
    outer loop
      vertex 110.974 82.4 41.8743
      vertex 163.4 82.4 62.4
      vertex 110.4 82.4 41.9885
    endloop
  endfacet
  facet normal 0 -1 0
    outer loop
      vertex 111.461 82.4 41.5491
      vertex 163.4 82.4 62.4
      vertex 110.974 82.4 41.8743
    endloop
  endfacet
  facet normal 0 -1 0
    outer loop
      vertex 117.724 82.4 37.9772
      vertex 163.4 82.4 62.4
      vertex 111.461 82.4 41.5491
    endloop
  endfacet
  facet normal 0 -1 0
    outer loop
      vertex 117.15 82.4 38.0913
      vertex 111.461 82.4 41.5491
      vertex 111.786 82.4 41.0625
    endloop
  endfacet
  facet normal 0 -1 0
    outer loop
      vertex 117.15 82.4 38.0913
      vertex 111.786 82.4 41.0625
      vertex 111.9 82.4 40.4885
    endloop
  endfacet
  facet normal 0 -1 0
    outer loop
      vertex 113.224 82.4 37.9772
      vertex 111.786 82.4 39.9144
      vertex 112.65 82.4 38.0913
    endloop
  endfacet
  facet normal 0 -1 0
    outer loop
      vertex 112.65 82.4 38.0913
      vertex 111.786 82.4 39.9144
      vertex 111.461 82.4 39.4278
    endloop
  endfacet
  facet normal 0 -1 0
    outer loop
      vertex 112.65 82.4 38.0913
      vertex 111.461 82.4 39.4278
      vertex 110.974 82.4 39.1026
    endloop
  endfacet
  facet normal 0 -1 0
    outer loop
      vertex 112.65 82.4 38.0913
      vertex 110.974 82.4 39.1026
      vertex 110.4 82.4 38.9885
    endloop
  endfacet
  facet normal 0 -1 0
    outer loop
      vertex 100.211 82.4 37.652
      vertex 100.826 82.4 39.1026
      vertex 99.724 82.4 37.9772
    endloop
  endfacet
  facet normal 0 -1 0
    outer loop
      vertex 104.711 82.4 37.652
      vertex 105.326 82.4 39.1026
      vertex 104.224 82.4 37.9772
    endloop
  endfacet
  facet normal 0 -1 -0
    outer loop
      vertex 109.339 82.4 39.4278
      vertex 108.724 82.4 37.9772
      vertex 109.826 82.4 39.1026
    endloop
  endfacet
  facet normal 0 -1 0
    outer loop
      vertex 109.211 82.4 37.652
      vertex 109.826 82.4 39.1026
      vertex 108.724 82.4 37.9772
    endloop
  endfacet
  facet normal 0 -1 0
    outer loop
      vertex 111.786 82.4 39.9144
      vertex 113.224 82.4 37.9772
      vertex 111.9 82.4 40.4885
    endloop
  endfacet
  facet normal 0 -1 0
    outer loop
      vertex 111.461 82.4 41.5491
      vertex 117.15 82.4 38.0913
      vertex 117.724 82.4 37.9772
    endloop
  endfacet
  facet normal 0 -1 0
    outer loop
      vertex 163.4 82.4 62.4
      vertex 117.724 82.4 37.9772
      vertex 158.4 82.4 46.4
    endloop
  endfacet
  facet normal 0 -1 0
    outer loop
      vertex 118.211 82.4 37.652
      vertex 158.4 82.4 46.4
      vertex 117.724 82.4 37.9772
    endloop
  endfacet
  facet normal 0 -1 0
    outer loop
      vertex 118.536 82.4 37.1654
      vertex 158.4 82.4 46.4
      vertex 118.211 82.4 37.652
    endloop
  endfacet
  facet normal 0 -1 0
    outer loop
      vertex 120.461 82.4 33.7549
      vertex 118.536 82.4 37.1654
      vertex 118.65 82.4 36.5913
    endloop
  endfacet
  facet normal 0 -1 0
    outer loop
      vertex 119.974 82.4 34.08
      vertex 118.65 82.4 36.5913
      vertex 118.536 82.4 36.0173
    endloop
  endfacet
  facet normal 0 -1 0
    outer loop
      vertex 119.4 82.4 34.1942
      vertex 118.536 82.4 36.0173
      vertex 118.211 82.4 35.5307
    endloop
  endfacet
  facet normal 0 -1 0
    outer loop
      vertex 119.4 82.4 34.1942
      vertex 118.211 82.4 35.5307
      vertex 117.724 82.4 35.2055
    endloop
  endfacet
  facet normal 0 -1 0
    outer loop
      vertex 97.9607 82.4 33.7549
      vertex 98.576 82.4 35.2055
      vertex 97.474 82.4 34.08
    endloop
  endfacet
  facet normal 0 -1 -0
    outer loop
      vertex 107.089 82.4 35.5307
      vertex 106.474 82.4 34.08
      vertex 107.576 82.4 35.2055
    endloop
  endfacet
  facet normal 0 -1 -0
    outer loop
      vertex 111.589 82.4 35.5307
      vertex 110.974 82.4 34.08
      vertex 112.076 82.4 35.2055
    endloop
  endfacet
  facet normal 0 -1 0
    outer loop
      vertex 111.461 82.4 33.7549
      vertex 112.076 82.4 35.2055
      vertex 110.974 82.4 34.08
    endloop
  endfacet
  facet normal 0 -1 -0
    outer loop
      vertex 116.089 82.4 35.5307
      vertex 115.474 82.4 34.08
      vertex 116.576 82.4 35.2055
    endloop
  endfacet
  facet normal 0 -1 0
    outer loop
      vertex 115.961 82.4 33.7549
      vertex 116.576 82.4 35.2055
      vertex 115.474 82.4 34.08
    endloop
  endfacet
  facet normal 0 -1 0
    outer loop
      vertex 117.15 82.4 35.0913
      vertex 119.4 82.4 34.1942
      vertex 117.724 82.4 35.2055
    endloop
  endfacet
  facet normal 0 -1 0
    outer loop
      vertex 118.536 82.4 36.0173
      vertex 119.4 82.4 34.1942
      vertex 119.974 82.4 34.08
    endloop
  endfacet
  facet normal 0 -1 0
    outer loop
      vertex 118.65 82.4 36.5913
      vertex 119.974 82.4 34.08
      vertex 120.461 82.4 33.7549
    endloop
  endfacet
  facet normal 0 -1 0
    outer loop
      vertex 118.536 82.4 37.1654
      vertex 120.461 82.4 33.7549
      vertex 158.4 82.4 46.4
    endloop
  endfacet
  facet normal 0 -1 0
    outer loop
      vertex 120.786 82.4 33.2683
      vertex 158.4 82.4 46.4
      vertex 120.461 82.4 33.7549
    endloop
  endfacet
  facet normal 0 -1 0
    outer loop
      vertex 122.711 82.4 29.8578
      vertex 120.786 82.4 33.2683
      vertex 120.9 82.4 32.6942
    endloop
  endfacet
  facet normal 0 -1 0
    outer loop
      vertex 122.224 82.4 30.1829
      vertex 120.9 82.4 32.6942
      vertex 120.786 82.4 32.1202
    endloop
  endfacet
  facet normal 0 -1 0
    outer loop
      vertex 121.65 82.4 30.2971
      vertex 120.786 82.4 32.1202
      vertex 120.461 82.4 31.6336
    endloop
  endfacet
  facet normal 0 -1 0
    outer loop
      vertex 121.65 82.4 30.2971
      vertex 120.461 82.4 31.6336
      vertex 119.974 82.4 31.3084
    endloop
  endfacet
  facet normal 0 -1 0
    outer loop
      vertex 95.7107 82.4 29.8578
      vertex 96.326 82.4 31.3084
      vertex 95.224 82.4 30.1829
    endloop
  endfacet
  facet normal 0 -1 -0
    outer loop
      vertex 104.839 82.4 31.6336
      vertex 104.224 82.4 30.1829
      vertex 105.326 82.4 31.3084
    endloop
  endfacet
  facet normal 0 -1 0
    outer loop
      vertex 109.211 82.4 29.8578
      vertex 109.826 82.4 31.3084
      vertex 108.724 82.4 30.1829
    endloop
  endfacet
  facet normal 0 -1 -0
    outer loop
      vertex 113.839 82.4 31.6336
      vertex 113.224 82.4 30.1829
      vertex 114.326 82.4 31.3084
    endloop
  endfacet
  facet normal 0 -1 0
    outer loop
      vertex 113.711 82.4 29.8578
      vertex 114.326 82.4 31.3084
      vertex 113.224 82.4 30.1829
    endloop
  endfacet
  facet normal 0 -1 -0
    outer loop
      vertex 118.339 82.4 31.6336
      vertex 117.724 82.4 30.1829
      vertex 118.826 82.4 31.3084
    endloop
  endfacet
  facet normal 0 -1 0
    outer loop
      vertex 118.211 82.4 29.8578
      vertex 118.826 82.4 31.3084
      vertex 117.724 82.4 30.1829
    endloop
  endfacet
  facet normal 0 -1 0
    outer loop
      vertex 119.4 82.4 31.1942
      vertex 121.65 82.4 30.2971
      vertex 119.974 82.4 31.3084
    endloop
  endfacet
  facet normal 0 -1 0
    outer loop
      vertex 120.786 82.4 32.1202
      vertex 121.65 82.4 30.2971
      vertex 122.224 82.4 30.1829
    endloop
  endfacet
  facet normal 0 -1 0
    outer loop
      vertex 120.9 82.4 32.6942
      vertex 122.224 82.4 30.1829
      vertex 122.711 82.4 29.8578
    endloop
  endfacet
  facet normal 0 -1 0
    outer loop
      vertex 120.786 82.4 33.2683
      vertex 122.711 82.4 29.8578
      vertex 158.4 82.4 46.4
    endloop
  endfacet
  facet normal 0 -1 0
    outer loop
      vertex 123.036 82.4 29.3711
      vertex 158.4 82.4 46.4
      vertex 122.711 82.4 29.8578
    endloop
  endfacet
  facet normal 0 -1 0
    outer loop
      vertex 123.15 82.4 28.7971
      vertex 158.4 82.4 46.4
      vertex 123.036 82.4 29.3711
    endloop
  endfacet
  facet normal 0 -1 0
    outer loop
      vertex 123.15 82.4 21.0029
      vertex 123.15 82.4 28.7971
      vertex 123.036 82.4 28.2231
    endloop
  endfacet
  facet normal 0 -1 0
    outer loop
      vertex 123.036 82.4 21.5769
      vertex 123.036 82.4 28.2231
      vertex 122.711 82.4 27.7365
    endloop
  endfacet
  facet normal 0 -1 0
    outer loop
      vertex 122.711 82.4 22.0635
      vertex 122.711 82.4 27.7365
      vertex 122.224 82.4 27.4113
    endloop
  endfacet
  facet normal 0 -1 0
    outer loop
      vertex 102.461 82.4 25.9607
      vertex 103.076 82.4 27.4113
      vertex 101.974 82.4 26.2858
    endloop
  endfacet
  facet normal 0 -1 0
    outer loop
      vertex 91.826 82.4 26.2858
      vertex 76.8213 82.4 27.0213
      vertex 77.0801 82.4 26.7263
    endloop
  endfacet
  facet normal 0 -1 0
    outer loop
      vertex 91.3393 82.4 25.9607
      vertex 77.0801 82.4 26.7263
      vertex 77.2981 82.4 26.4
    endloop
  endfacet
  facet normal 0 -1 -0
    outer loop
      vertex 107.089 82.4 27.7365
      vertex 106.474 82.4 26.2858
      vertex 107.576 82.4 27.4113
    endloop
  endfacet
  facet normal 0 -1 0
    outer loop
      vertex 106.961 82.4 25.9607
      vertex 107.576 82.4 27.4113
      vertex 106.474 82.4 26.2858
    endloop
  endfacet
  facet normal 0 -1 -0
    outer loop
      vertex 111.589 82.4 27.7365
      vertex 110.974 82.4 26.2858
      vertex 112.076 82.4 27.4113
    endloop
  endfacet
  facet normal 0 -1 0
    outer loop
      vertex 111.461 82.4 25.9607
      vertex 112.076 82.4 27.4113
      vertex 110.974 82.4 26.2858
    endloop
  endfacet
  facet normal 0 -1 -0
    outer loop
      vertex 116.089 82.4 27.7365
      vertex 115.474 82.4 26.2858
      vertex 116.576 82.4 27.4113
    endloop
  endfacet
  facet normal 0 -1 0
    outer loop
      vertex 115.961 82.4 25.9607
      vertex 116.576 82.4 27.4113
      vertex 115.474 82.4 26.2858
    endloop
  endfacet
  facet normal 0 -1 -0
    outer loop
      vertex 120.589 82.4 27.7365
      vertex 119.974 82.4 26.2858
      vertex 121.076 82.4 27.4113
    endloop
  endfacet
  facet normal 0 -1 0
    outer loop
      vertex 120.461 82.4 25.9607
      vertex 121.076 82.4 27.4113
      vertex 119.974 82.4 26.2858
    endloop
  endfacet
  facet normal 0 -1 -0
    outer loop
      vertex 121.076 82.4 27.4113
      vertex 120.461 82.4 25.9607
      vertex 121.65 82.4 27.2971
    endloop
  endfacet
  facet normal 0 -1 0
    outer loop
      vertex 120.786 82.4 25.474
      vertex 121.65 82.4 27.2971
      vertex 120.461 82.4 25.9607
    endloop
  endfacet
  facet normal 0 -1 -0
    outer loop
      vertex 121.65 82.4 27.2971
      vertex 120.786 82.4 25.474
      vertex 122.224 82.4 27.4113
    endloop
  endfacet
  facet normal 0 -1 0
    outer loop
      vertex 120.9 82.4 24.9
      vertex 122.224 82.4 27.4113
      vertex 120.786 82.4 25.474
    endloop
  endfacet
  facet normal 0 -1 0
    outer loop
      vertex 122.224 82.4 22.3887
      vertex 122.224 82.4 27.4113
      vertex 120.9 82.4 24.9
    endloop
  endfacet
  facet normal 0 -1 0
    outer loop
      vertex 122.224 82.4 22.3887
      vertex 120.9 82.4 24.9
      vertex 120.786 82.4 24.326
    endloop
  endfacet
  facet normal 0 -1 0
    outer loop
      vertex 121.65 82.4 22.5029
      vertex 120.786 82.4 24.326
      vertex 120.461 82.4 23.8393
    endloop
  endfacet
  facet normal 0 -1 0
    outer loop
      vertex 121.65 82.4 22.5029
      vertex 120.461 82.4 23.8393
      vertex 119.974 82.4 23.5142
    endloop
  endfacet
  facet normal 0 -1 0
    outer loop
      vertex 89.576 82.4 22.3887
      vertex 77.0801 82.4 23.0737
      vertex 76.8213 82.4 22.7787
    endloop
  endfacet
  facet normal 0 -1 0
    outer loop
      vertex 88.7642 82.4 20.4289
      vertex 76.8213 82.4 22.7787
      vertex 76.5263 82.4 22.5199
    endloop
  endfacet
  facet normal 0 -1 0
    outer loop
      vertex 95.7107 82.4 22.0635
      vertex 96.326 82.4 23.5142
      vertex 95.224 82.4 22.3887
    endloop
  endfacet
  facet normal 0 -1 0
    outer loop
      vertex 104.711 82.4 22.0635
      vertex 105.326 82.4 23.5142
      vertex 104.224 82.4 22.3887
    endloop
  endfacet
  facet normal 0 -1 -0
    outer loop
      vertex 109.339 82.4 23.8393
      vertex 108.724 82.4 22.3887
      vertex 109.826 82.4 23.5142
    endloop
  endfacet
  facet normal 0 -1 0
    outer loop
      vertex 109.211 82.4 22.0635
      vertex 109.826 82.4 23.5142
      vertex 108.724 82.4 22.3887
    endloop
  endfacet
  facet normal 0 -1 -0
    outer loop
      vertex 113.839 82.4 23.8393
      vertex 113.224 82.4 22.3887
      vertex 114.326 82.4 23.5142
    endloop
  endfacet
  facet normal 0 -1 0
    outer loop
      vertex 113.711 82.4 22.0635
      vertex 114.326 82.4 23.5142
      vertex 113.224 82.4 22.3887
    endloop
  endfacet
  facet normal 0 -1 -0
    outer loop
      vertex 118.339 82.4 23.8393
      vertex 117.724 82.4 22.3887
      vertex 118.826 82.4 23.5142
    endloop
  endfacet
  facet normal 0 -1 0
    outer loop
      vertex 118.211 82.4 22.0635
      vertex 118.826 82.4 23.5142
      vertex 117.724 82.4 22.3887
    endloop
  endfacet
  facet normal 0 -1 0
    outer loop
      vertex 119.4 82.4 23.4
      vertex 121.65 82.4 22.5029
      vertex 119.974 82.4 23.5142
    endloop
  endfacet
  facet normal 0 -1 0
    outer loop
      vertex 120.786 82.4 24.326
      vertex 121.65 82.4 22.5029
      vertex 122.224 82.4 22.3887
    endloop
  endfacet
  facet normal 0 -1 0
    outer loop
      vertex 122.224 82.4 27.4113
      vertex 122.224 82.4 22.3887
      vertex 122.711 82.4 22.0635
    endloop
  endfacet
  facet normal 0 -1 0
    outer loop
      vertex 122.711 82.4 27.7365
      vertex 122.711 82.4 22.0635
      vertex 123.036 82.4 21.5769
    endloop
  endfacet
  facet normal 0 -1 0
    outer loop
      vertex 123.15 82.4 21.0029
      vertex 123.036 82.4 28.2231
      vertex 123.036 82.4 21.5769
    endloop
  endfacet
  facet normal 0 -1 0
    outer loop
      vertex 123.15 82.4 28.7971
      vertex 123.15 82.4 21.0029
      vertex 158.4 82.4 46.4
    endloop
  endfacet
  facet normal 0 -1 0
    outer loop
      vertex 158.4 82.4 2.4
      vertex 123.15 82.4 21.0029
      vertex 123.036 82.4 20.4289
    endloop
  endfacet
  facet normal 0 -1 0
    outer loop
      vertex 158.4 82.4 2.4
      vertex 123.036 82.4 20.4289
      vertex 122.711 82.4 19.9422
    endloop
  endfacet
  facet normal 0 -1 -0
    outer loop
      vertex 102.589 82.4 19.9422
      vertex 101.974 82.4 18.4916
      vertex 103.076 82.4 19.6171
    endloop
  endfacet
  facet normal 0 -1 0
    outer loop
      vertex 106.961 82.4 18.1664
      vertex 107.576 82.4 19.6171
      vertex 106.474 82.4 18.4916
    endloop
  endfacet
  facet normal 0 -1 0
    outer loop
      vertex 111.461 82.4 18.1664
      vertex 112.076 82.4 19.6171
      vertex 110.974 82.4 18.4916
    endloop
  endfacet
  facet normal 0 -1 -0
    outer loop
      vertex 116.089 82.4 19.9422
      vertex 115.474 82.4 18.4916
      vertex 116.576 82.4 19.6171
    endloop
  endfacet
  facet normal 0 -1 0
    outer loop
      vertex 115.961 82.4 18.1664
      vertex 116.576 82.4 19.6171
      vertex 115.474 82.4 18.4916
    endloop
  endfacet
  facet normal 0 -1 -0
    outer loop
      vertex 120.589 82.4 19.9422
      vertex 119.974 82.4 18.4916
      vertex 121.076 82.4 19.6171
    endloop
  endfacet
  facet normal 0 -1 0
    outer loop
      vertex 120.461 82.4 18.1664
      vertex 121.076 82.4 19.6171
      vertex 119.974 82.4 18.4916
    endloop
  endfacet
  facet normal 0 -1 -0
    outer loop
      vertex 121.076 82.4 19.6171
      vertex 120.461 82.4 18.1664
      vertex 121.65 82.4 19.5029
    endloop
  endfacet
  facet normal 0 -1 0
    outer loop
      vertex 120.786 82.4 17.6798
      vertex 121.65 82.4 19.5029
      vertex 120.461 82.4 18.1664
    endloop
  endfacet
  facet normal 0 -1 -0
    outer loop
      vertex 121.65 82.4 19.5029
      vertex 120.786 82.4 17.6798
      vertex 122.224 82.4 19.6171
    endloop
  endfacet
  facet normal 0 -1 0
    outer loop
      vertex 120.9 82.4 17.1058
      vertex 122.224 82.4 19.6171
      vertex 120.786 82.4 17.6798
    endloop
  endfacet
  facet normal 0 -1 -0
    outer loop
      vertex 122.224 82.4 19.6171
      vertex 120.9 82.4 17.1058
      vertex 122.711 82.4 19.9422
    endloop
  endfacet
  facet normal 0 -1 0
    outer loop
      vertex 120.786 82.4 16.5317
      vertex 122.711 82.4 19.9422
      vertex 120.9 82.4 17.1058
    endloop
  endfacet
  facet normal 0 -1 -0
    outer loop
      vertex 122.711 82.4 19.9422
      vertex 120.786 82.4 16.5317
      vertex 158.4 82.4 2.4
    endloop
  endfacet
  facet normal 0 -1 0
    outer loop
      vertex 158.4 82.4 2.4
      vertex 120.786 82.4 16.5317
      vertex 120.461 82.4 16.0451
    endloop
  endfacet
  facet normal 0 -1 -0
    outer loop
      vertex 104.839 82.4 16.0451
      vertex 104.224 82.4 14.5945
      vertex 105.326 82.4 15.72
    endloop
  endfacet
  facet normal 0 -1 0
    outer loop
      vertex 109.211 82.4 14.2693
      vertex 109.826 82.4 15.72
      vertex 108.724 82.4 14.5945
    endloop
  endfacet
  facet normal 0 -1 -0
    outer loop
      vertex 113.839 82.4 16.0451
      vertex 113.224 82.4 14.5945
      vertex 114.326 82.4 15.72
    endloop
  endfacet
  facet normal 0 -1 0
    outer loop
      vertex 113.711 82.4 14.2693
      vertex 114.326 82.4 15.72
      vertex 113.224 82.4 14.5945
    endloop
  endfacet
  facet normal 0 -1 -0
    outer loop
      vertex 118.339 82.4 16.0451
      vertex 117.724 82.4 14.5945
      vertex 118.826 82.4 15.72
    endloop
  endfacet
  facet normal 0 -1 0
    outer loop
      vertex 118.211 82.4 14.2693
      vertex 118.826 82.4 15.72
      vertex 117.724 82.4 14.5945
    endloop
  endfacet
  facet normal 0 -1 -0
    outer loop
      vertex 118.826 82.4 15.72
      vertex 118.211 82.4 14.2693
      vertex 119.4 82.4 15.6058
    endloop
  endfacet
  facet normal 0 -1 0
    outer loop
      vertex 118.536 82.4 13.7827
      vertex 119.4 82.4 15.6058
      vertex 118.211 82.4 14.2693
    endloop
  endfacet
  facet normal 0 -1 -0
    outer loop
      vertex 119.4 82.4 15.6058
      vertex 118.536 82.4 13.7827
      vertex 119.974 82.4 15.72
    endloop
  endfacet
  facet normal 0 -1 0
    outer loop
      vertex 118.65 82.4 13.2087
      vertex 119.974 82.4 15.72
      vertex 118.536 82.4 13.7827
    endloop
  endfacet
  facet normal 0 -1 -0
    outer loop
      vertex 119.974 82.4 15.72
      vertex 118.65 82.4 13.2087
      vertex 120.461 82.4 16.0451
    endloop
  endfacet
  facet normal 0 -1 0
    outer loop
      vertex 118.536 82.4 12.6346
      vertex 120.461 82.4 16.0451
      vertex 118.65 82.4 13.2087
    endloop
  endfacet
  facet normal 0 -1 -0
    outer loop
      vertex 120.461 82.4 16.0451
      vertex 118.536 82.4 12.6346
      vertex 158.4 82.4 2.4
    endloop
  endfacet
  facet normal 0 -1 0
    outer loop
      vertex 158.4 82.4 2.4
      vertex 118.536 82.4 12.6346
      vertex 118.211 82.4 12.148
    endloop
  endfacet
  facet normal 0 -1 -0
    outer loop
      vertex 111.589 82.4 12.148
      vertex 110.974 82.4 10.6974
      vertex 112.076 82.4 11.8228
    endloop
  endfacet
  facet normal 0 -1 0
    outer loop
      vertex 111.461 82.4 10.3722
      vertex 112.076 82.4 11.8228
      vertex 110.974 82.4 10.6974
    endloop
  endfacet
  facet normal 0 -1 -0
    outer loop
      vertex 112.076 82.4 11.8228
      vertex 111.461 82.4 10.3722
      vertex 112.65 82.4 11.7087
    endloop
  endfacet
  facet normal 0 -1 0
    outer loop
      vertex 111.786 82.4 9.88557
      vertex 112.65 82.4 11.7087
      vertex 111.461 82.4 10.3722
    endloop
  endfacet
  facet normal 0 -1 0
    outer loop
      vertex 113.224 82.4 11.8228
      vertex 111.786 82.4 9.88557
      vertex 111.9 82.4 9.31154
    endloop
  endfacet
  facet normal 0 -1 0
    outer loop
      vertex 111.786 82.4 8.73752
      vertex 116.576 82.4 11.8228
      vertex 111.9 82.4 9.31154
    endloop
  endfacet
  facet normal 0 -1 -0
    outer loop
      vertex 116.576 82.4 11.8228
      vertex 111.786 82.4 8.73752
      vertex 117.15 82.4 11.7087
    endloop
  endfacet
  facet normal 0 -1 0
    outer loop
      vertex 111.461 82.4 8.25088
      vertex 117.15 82.4 11.7087
      vertex 111.786 82.4 8.73752
    endloop
  endfacet
  facet normal 0 -1 -0
    outer loop
      vertex 117.15 82.4 11.7087
      vertex 111.461 82.4 8.25088
      vertex 117.724 82.4 11.8228
    endloop
  endfacet
  facet normal 0 -1 0
    outer loop
      vertex 158.4 82.4 2.4
      vertex 111.461 82.4 8.25088
      vertex 110.974 82.4 7.92572
    endloop
  endfacet
  facet normal 0 -1 0
    outer loop
      vertex 123.15 82.4 21.0029
      vertex 158.4 82.4 2.4
      vertex 158.4 82.4 46.4
    endloop
  endfacet
  facet normal 0 -1 0
    outer loop
      vertex 117.724 82.4 11.8228
      vertex 158.4 82.4 2.4
      vertex 118.211 82.4 12.148
    endloop
  endfacet
  facet normal 0 -1 0
    outer loop
      vertex 111.461 82.4 8.25088
      vertex 158.4 82.4 2.4
      vertex 117.724 82.4 11.8228
    endloop
  endfacet
  facet normal 0 -1 0
    outer loop
      vertex 110.4 82.4 7.81154
      vertex 158.4 82.4 2.4
      vertex 110.974 82.4 7.92572
    endloop
  endfacet
  facet normal 0 -1 0
    outer loop
      vertex 105.9 82.4 7.81154
      vertex 158.4 82.4 2.4
      vertex 110.4 82.4 7.81154
    endloop
  endfacet
  facet normal 0 -1 0
    outer loop
      vertex 91.0142 82.4 33.2683
      vertex 89.0893 82.4 29.8578
      vertex 90.9 82.4 32.6942
    endloop
  endfacet
  facet normal 0 -1 0
    outer loop
      vertex 76.5263 82.4 27.2801
      vertex 89.0893 82.4 29.8578
      vertex 76.2 82.4 27.4981
    endloop
  endfacet
  facet normal 0 -1 0
    outer loop
      vertex 89.0893 82.4 29.8578
      vertex 76.5263 82.4 27.2801
      vertex 88.7642 82.4 29.3711
    endloop
  endfacet
  facet normal 0 -1 0
    outer loop
      vertex 76.8213 82.4 27.0213
      vertex 88.7642 82.4 29.3711
      vertex 76.5263 82.4 27.2801
    endloop
  endfacet
  facet normal 0 -1 0
    outer loop
      vertex 88.7642 82.4 29.3711
      vertex 76.8213 82.4 27.0213
      vertex 88.65 82.4 28.7971
    endloop
  endfacet
  facet normal 0 -1 -0
    outer loop
      vertex 88.65 82.4 28.7971
      vertex 76.8213 82.4 27.0213
      vertex 88.7642 82.4 28.2231
    endloop
  endfacet
  facet normal 0 -1 -0
    outer loop
      vertex 88.7642 82.4 28.2231
      vertex 76.8213 82.4 27.0213
      vertex 89.0893 82.4 27.7365
    endloop
  endfacet
  facet normal 0 -1 -0
    outer loop
      vertex 93.5893 82.4 27.7365
      vertex 92.974 82.4 26.2858
      vertex 94.076 82.4 27.4113
    endloop
  endfacet
  facet normal 0 -1 0
    outer loop
      vertex 91.826 82.4 26.2858
      vertex 90.15 82.4 27.2971
      vertex 89.576 82.4 27.4113
    endloop
  endfacet
  facet normal 0 -1 0
    outer loop
      vertex 93.4607 82.4 25.9607
      vertex 94.076 82.4 27.4113
      vertex 92.974 82.4 26.2858
    endloop
  endfacet
  facet normal 0 -1 -0
    outer loop
      vertex 98.0893 82.4 27.7365
      vertex 97.474 82.4 26.2858
      vertex 98.576 82.4 27.4113
    endloop
  endfacet
  facet normal 0 -1 0
    outer loop
      vertex 97.9607 82.4 25.9607
      vertex 98.576 82.4 27.4113
      vertex 97.474 82.4 26.2858
    endloop
  endfacet
  facet normal 0 -1 -0
    outer loop
      vertex 102.589 82.4 27.7365
      vertex 101.974 82.4 26.2858
      vertex 103.076 82.4 27.4113
    endloop
  endfacet
  facet normal 0 -1 0
    outer loop
      vertex 91.826 82.4 26.2858
      vertex 89.576 82.4 27.4113
      vertex 76.8213 82.4 27.0213
    endloop
  endfacet
  facet normal 0 -1 -0
    outer loop
      vertex 89.0893 82.4 27.7365
      vertex 76.8213 82.4 27.0213
      vertex 89.576 82.4 27.4113
    endloop
  endfacet
  facet normal 0 1 -0
    outer loop
      vertex 86.4 2.4 12.9
      vertex 28.4 2.4 35.4
      vertex 86.4 2.4 35.4
    endloop
  endfacet
  facet normal 0 1 0
    outer loop
      vertex 28.4 2.4 35.4
      vertex 86.4 2.4 12.9
      vertex 28.4 2.4 12.9
    endloop
  endfacet
  facet normal 0 1 -0
    outer loop
      vertex 136.4 2.4 12.9
      vertex 106.4 2.4 35.4
      vertex 136.4 2.4 35.4
    endloop
  endfacet
  facet normal 0 1 0
    outer loop
      vertex 106.4 2.4 35.4
      vertex 136.4 2.4 12.9
      vertex 106.4 2.4 12.9
    endloop
  endfacet
  facet normal 0 1 0
    outer loop
      vertex 158.4 2.4 46.4
      vertex 156.4 2.4 12.9
      vertex 156.4 2.4 35.4
    endloop
  endfacet
  facet normal 0 1 0
    outer loop
      vertex 158.4 2.4 2.4
      vertex 136.4 2.4 12.9
      vertex 156.4 2.4 12.9
    endloop
  endfacet
  facet normal 0 1 0
    outer loop
      vertex 136.4 2.4 12.9
      vertex 158.4 2.4 2.4
      vertex 106.4 2.4 12.9
    endloop
  endfacet
  facet normal 0 1 0
    outer loop
      vertex 106.4 2.4 12.9
      vertex 158.4 2.4 2.4
      vertex 86.4 2.4 12.9
    endloop
  endfacet
  facet normal 0 1 0
    outer loop
      vertex 2.4 2.4 2.4
      vertex 86.4 2.4 12.9
      vertex 158.4 2.4 2.4
    endloop
  endfacet
  facet normal 0 1 0
    outer loop
      vertex 86.4 2.4 12.9
      vertex 2.4 2.4 2.4
      vertex 28.4 2.4 12.9
    endloop
  endfacet
  facet normal 0 1 -0
    outer loop
      vertex 158.4 2.4 2.4
      vertex 156.4 2.4 12.9
      vertex 158.4 2.4 46.4
    endloop
  endfacet
  facet normal 0 1 0
    outer loop
      vertex 158.4 2.4 46.4
      vertex 163.4 2.4 62.4
      vertex 163.4 2.4 46.4
    endloop
  endfacet
  facet normal 0 1 0
    outer loop
      vertex 136.4 2.4 35.4
      vertex 163.4 2.4 62.4
      vertex 158.4 2.4 46.4
    endloop
  endfacet
  facet normal 0 1 0
    outer loop
      vertex 136.4 2.4 35.4
      vertex 158.4 2.4 46.4
      vertex 156.4 2.4 35.4
    endloop
  endfacet
  facet normal 0 1 0
    outer loop
      vertex 163.4 2.4 62.4
      vertex 136.4 2.4 35.4
      vertex 106.4 2.4 35.4
    endloop
  endfacet
  facet normal 0 1 0
    outer loop
      vertex 86.4 2.4 35.4
      vertex 163.4 2.4 62.4
      vertex 106.4 2.4 35.4
    endloop
  endfacet
  facet normal 0 1 0
    outer loop
      vertex 163.4 2.4 62.4
      vertex 86.4 2.4 35.4
      vertex 2.4 2.4 62.4
    endloop
  endfacet
  facet normal 0 1 -0
    outer loop
      vertex 28.4 2.4 35.4
      vertex 2.4 2.4 62.4
      vertex 86.4 2.4 35.4
    endloop
  endfacet
  facet normal 0 1 -0
    outer loop
      vertex 8.4 2.4 35.4
      vertex 2.4 2.4 62.4
      vertex 28.4 2.4 35.4
    endloop
  endfacet
  facet normal 0 1 0
    outer loop
      vertex 2.4 2.4 2.4
      vertex 8.4 2.4 35.4
      vertex 8.4 2.4 12.9
    endloop
  endfacet
  facet normal 0 1 0
    outer loop
      vertex 8.4 2.4 35.4
      vertex 2.4 2.4 2.4
      vertex 2.4 2.4 62.4
    endloop
  endfacet
  facet normal 0 1 0
    outer loop
      vertex 28.4 2.4 12.9
      vertex 2.4 2.4 2.4
      vertex 8.4 2.4 12.9
    endloop
  endfacet
  facet normal -0 0 1
    outer loop
      vertex 158.4 72.4 12.4
      vertex 163.4 12.4 12.4
      vertex 163.4 72.4 12.4
    endloop
  endfacet
  facet normal 0 0 1
    outer loop
      vertex 163.4 12.4 12.4
      vertex 158.4 72.4 12.4
      vertex 158.4 12.4 12.4
    endloop
  endfacet
  facet normal -1 0 0
    outer loop
      vertex 158.4 79.0421 39.56
      vertex 158.4 82.4 46.4
      vertex 158.4 82.4 2.4
    endloop
  endfacet
  facet normal -1 0 0
    outer loop
      vertex 158.4 82.4 46.4
      vertex 158.4 79.0421 39.56
      vertex 158.4 79.1 40
    endloop
  endfacet
  facet normal -1 0 0
    outer loop
      vertex 158.4 82.4 2.4
      vertex 158.4 78.8722 39.15
      vertex 158.4 79.0421 39.56
    endloop
  endfacet
  facet normal -1 0 0
    outer loop
      vertex 158.4 82.4 2.4
      vertex 158.4 78.6021 38.7979
      vertex 158.4 78.8722 39.15
    endloop
  endfacet
  facet normal -1 0 0
    outer loop
      vertex 158.4 72.4 12.4
      vertex 158.4 78.6021 38.7979
      vertex 158.4 82.4 2.4
    endloop
  endfacet
  facet normal -1 0 0
    outer loop
      vertex 158.4 78.6021 38.7979
      vertex 158.4 72.4 12.4
      vertex 158.4 78.25 38.5278
    endloop
  endfacet
  facet normal -1 0 0
    outer loop
      vertex 158.4 78.25 38.5278
      vertex 158.4 72.4 12.4
      vertex 158.4 77.84 38.3579
    endloop
  endfacet
  facet normal -1 0 0
    outer loop
      vertex 158.4 77.84 38.3579
      vertex 158.4 72.4 12.4
      vertex 158.4 77.4 38.3
    endloop
  endfacet
  facet normal -1 -0 0
    outer loop
      vertex 158.4 77.4 38.3
      vertex 158.4 72.4 12.4
      vertex 158.4 76.96 38.3579
    endloop
  endfacet
  facet normal -1 -0 0
    outer loop
      vertex 158.4 76.96 38.3579
      vertex 158.4 72.4 12.4
      vertex 158.4 76.55 38.5278
    endloop
  endfacet
  facet normal -1 -0 0
    outer loop
      vertex 158.4 76.55 38.5278
      vertex 158.4 72.4 12.4
      vertex 158.4 76.1979 38.7979
    endloop
  endfacet
  facet normal -1 -0 0
    outer loop
      vertex 158.4 76.1979 38.7979
      vertex 158.4 72.4 12.4
      vertex 158.4 75.9278 39.15
    endloop
  endfacet
  facet normal -1 0 0
    outer loop
      vertex 158.4 72.4 46.4
      vertex 158.4 75.7579 39.56
      vertex 158.4 72.4 12.4
    endloop
  endfacet
  facet normal -1 -0 0
    outer loop
      vertex 158.4 75.9278 39.15
      vertex 158.4 72.4 12.4
      vertex 158.4 75.7579 39.56
    endloop
  endfacet
  facet normal -1 0 0
    outer loop
      vertex 158.4 64.6421 6.96001
      vertex 158.4 72.4 12.4
      vertex 158.4 82.4 2.4
    endloop
  endfacet
  facet normal -1 0 0
    outer loop
      vertex 158.4 72.4 12.4
      vertex 158.4 64.6421 6.96001
      vertex 158.4 64.7 7.4
    endloop
  endfacet
  facet normal -1 0 0
    outer loop
      vertex 158.4 82.4 2.4
      vertex 158.4 64.4722 6.55
      vertex 158.4 64.6421 6.96001
    endloop
  endfacet
  facet normal -1 0 0
    outer loop
      vertex 158.4 82.4 2.4
      vertex 158.4 64.2021 6.19792
      vertex 158.4 64.4722 6.55
    endloop
  endfacet
  facet normal -1 0 0
    outer loop
      vertex 158.4 82.4 2.4
      vertex 158.4 63.85 5.92776
      vertex 158.4 64.2021 6.19792
    endloop
  endfacet
  facet normal -1 0 0
    outer loop
      vertex 158.4 82.4 2.4
      vertex 158.4 63.44 5.75793
      vertex 158.4 63.85 5.92776
    endloop
  endfacet
  facet normal -1 0 0
    outer loop
      vertex 158.4 82.4 2.4
      vertex 158.4 63 5.7
      vertex 158.4 63.44 5.75793
    endloop
  endfacet
  facet normal -1 0 0
    outer loop
      vertex 158.4 42.4 5.7
      vertex 158.4 63 5.7
      vertex 158.4 82.4 2.4
    endloop
  endfacet
  facet normal -1 0 0
    outer loop
      vertex 158.4 61.3579 6.96001
      vertex 158.4 44.1 7.4
      vertex 158.4 61.3 7.4
    endloop
  endfacet
  facet normal -1 0 0
    outer loop
      vertex 158.4 44.0421 6.96001
      vertex 158.4 61.3579 6.96001
      vertex 158.4 61.5278 6.55
    endloop
  endfacet
  facet normal -1 0 0
    outer loop
      vertex 158.4 43.8722 6.55
      vertex 158.4 61.5278 6.55
      vertex 158.4 61.7979 6.19792
    endloop
  endfacet
  facet normal -1 0 0
    outer loop
      vertex 158.4 43.6021 6.19792
      vertex 158.4 61.7979 6.19792
      vertex 158.4 62.15 5.92776
    endloop
  endfacet
  facet normal -1 0 0
    outer loop
      vertex 158.4 43.25 5.92776
      vertex 158.4 62.15 5.92776
      vertex 158.4 62.56 5.75793
    endloop
  endfacet
  facet normal -1 0 0
    outer loop
      vertex 158.4 63 5.7
      vertex 158.4 42.4 5.7
      vertex 158.4 62.56 5.75793
    endloop
  endfacet
  facet normal -1 0 0
    outer loop
      vertex 158.4 61.3579 6.96001
      vertex 158.4 44.0421 6.96001
      vertex 158.4 44.1 7.4
    endloop
  endfacet
  facet normal -1 0 0
    outer loop
      vertex 158.4 61.5278 6.55
      vertex 158.4 43.8722 6.55
      vertex 158.4 44.0421 6.96001
    endloop
  endfacet
  facet normal -1 0 0
    outer loop
      vertex 158.4 61.7979 6.19792
      vertex 158.4 43.6021 6.19792
      vertex 158.4 43.8722 6.55
    endloop
  endfacet
  facet normal -1 0 0
    outer loop
      vertex 158.4 62.15 5.92776
      vertex 158.4 43.25 5.92776
      vertex 158.4 43.6021 6.19792
    endloop
  endfacet
  facet normal -1 0 0
    outer loop
      vertex 158.4 62.56 5.75793
      vertex 158.4 42.84 5.75793
      vertex 158.4 43.25 5.92776
    endloop
  endfacet
  facet normal -1 -0 0
    outer loop
      vertex 158.4 62.56 5.75793
      vertex 158.4 42.4 5.7
      vertex 158.4 42.84 5.75793
    endloop
  endfacet
  facet normal -1 0 0
    outer loop
      vertex 158.4 40.7579 6.96001
      vertex 158.4 23.7 7.4
      vertex 158.4 40.7 7.4
    endloop
  endfacet
  facet normal -1 0 0
    outer loop
      vertex 158.4 23.6421 6.96001
      vertex 158.4 40.7579 6.96001
      vertex 158.4 40.9278 6.55
    endloop
  endfacet
  facet normal -1 0 0
    outer loop
      vertex 158.4 23.4722 6.55
      vertex 158.4 40.9278 6.55
      vertex 158.4 41.1979 6.19792
    endloop
  endfacet
  facet normal -1 0 0
    outer loop
      vertex 158.4 23.2021 6.19792
      vertex 158.4 41.1979 6.19792
      vertex 158.4 41.55 5.92776
    endloop
  endfacet
  facet normal -1 0 0
    outer loop
      vertex 158.4 22.85 5.92776
      vertex 158.4 41.55 5.92776
      vertex 158.4 41.96 5.75793
    endloop
  endfacet
  facet normal -1 0 0
    outer loop
      vertex 158.4 22.44 5.75793
      vertex 158.4 41.96 5.75793
      vertex 158.4 42.4 5.7
    endloop
  endfacet
  facet normal -1 0 0
    outer loop
      vertex 158.4 40.7579 6.96001
      vertex 158.4 23.6421 6.96001
      vertex 158.4 23.7 7.4
    endloop
  endfacet
  facet normal -1 0 0
    outer loop
      vertex 158.4 2.4 2.4
      vertex 158.4 42.4 5.7
      vertex 158.4 82.4 2.4
    endloop
  endfacet
  facet normal -1 0 0
    outer loop
      vertex 158.4 40.9278 6.55
      vertex 158.4 23.4722 6.55
      vertex 158.4 23.6421 6.96001
    endloop
  endfacet
  facet normal -1 0 0
    outer loop
      vertex 158.4 41.1979 6.19792
      vertex 158.4 23.2021 6.19792
      vertex 158.4 23.4722 6.55
    endloop
  endfacet
  facet normal -1 0 0
    outer loop
      vertex 158.4 41.55 5.92776
      vertex 158.4 22.85 5.92776
      vertex 158.4 23.2021 6.19792
    endloop
  endfacet
  facet normal -1 0 0
    outer loop
      vertex 158.4 41.96 5.75793
      vertex 158.4 22.44 5.75793
      vertex 158.4 22.85 5.92776
    endloop
  endfacet
  facet normal -1 0 0
    outer loop
      vertex 158.4 42.4 5.7
      vertex 158.4 22 5.7
      vertex 158.4 22.44 5.75793
    endloop
  endfacet
  facet normal -1 0 0
    outer loop
      vertex 158.4 20.3579 6.96001
      vertex 158.4 12.4 12.4
      vertex 158.4 20.3 7.4
    endloop
  endfacet
  facet normal -1 0 0
    outer loop
      vertex 158.4 20.5278 6.55
      vertex 158.4 12.4 12.4
      vertex 158.4 20.3579 6.96001
    endloop
  endfacet
  facet normal -1 0 0
    outer loop
      vertex 158.4 2.4 2.4
      vertex 158.4 20.5278 6.55
      vertex 158.4 20.7979 6.19792
    endloop
  endfacet
  facet normal -1 0 0
    outer loop
      vertex 158.4 2.4 2.4
      vertex 158.4 20.7979 6.19792
      vertex 158.4 21.15 5.92776
    endloop
  endfacet
  facet normal -1 0 0
    outer loop
      vertex 158.4 9.04207 39.56
      vertex 158.4 12.4 46.4
      vertex 158.4 12.4 12.4
    endloop
  endfacet
  facet normal -1 0 0
    outer loop
      vertex 158.4 12.4 46.4
      vertex 158.4 9.04207 39.56
      vertex 158.4 9.1 40
    endloop
  endfacet
  facet normal -1 0 0
    outer loop
      vertex 158.4 12.4 12.4
      vertex 158.4 8.87224 39.15
      vertex 158.4 9.04207 39.56
    endloop
  endfacet
  facet normal -1 0 0
    outer loop
      vertex 158.4 12.4 12.4
      vertex 158.4 8.60208 38.7979
      vertex 158.4 8.87224 39.15
    endloop
  endfacet
  facet normal -1 0 0
    outer loop
      vertex 158.4 12.4 12.4
      vertex 158.4 8.25 38.5278
      vertex 158.4 8.60208 38.7979
    endloop
  endfacet
  facet normal -1 0 0
    outer loop
      vertex 158.4 12.4 12.4
      vertex 158.4 7.83999 38.3579
      vertex 158.4 8.25 38.5278
    endloop
  endfacet
  facet normal -1 0 0
    outer loop
      vertex 158.4 12.4 12.4
      vertex 158.4 7.4 38.3
      vertex 158.4 7.83999 38.3579
    endloop
  endfacet
  facet normal -1 0 0
    outer loop
      vertex 158.4 12.4 12.4
      vertex 158.4 6.96001 38.3579
      vertex 158.4 7.4 38.3
    endloop
  endfacet
  facet normal -1 0 0
    outer loop
      vertex 158.4 12.4 12.4
      vertex 158.4 6.55 38.5278
      vertex 158.4 6.96001 38.3579
    endloop
  endfacet
  facet normal -1 0 0
    outer loop
      vertex 158.4 12.4 12.4
      vertex 158.4 6.19792 38.7979
      vertex 158.4 6.55 38.5278
    endloop
  endfacet
  facet normal -1 0 0
    outer loop
      vertex 158.4 2.4 2.4
      vertex 158.4 6.19792 38.7979
      vertex 158.4 12.4 12.4
    endloop
  endfacet
  facet normal -1 -0 0
    outer loop
      vertex 158.4 6.19792 38.7979
      vertex 158.4 2.4 2.4
      vertex 158.4 5.92776 39.15
    endloop
  endfacet
  facet normal -1 0 0
    outer loop
      vertex 158.4 2.4 46.4
      vertex 158.4 5.75793 39.56
      vertex 158.4 2.4 2.4
    endloop
  endfacet
  facet normal -1 -0 0
    outer loop
      vertex 158.4 5.92776 39.15
      vertex 158.4 2.4 2.4
      vertex 158.4 5.75793 39.56
    endloop
  endfacet
  facet normal -1 -0 0
    outer loop
      vertex 158.4 20.5278 6.55
      vertex 158.4 2.4 2.4
      vertex 158.4 12.4 12.4
    endloop
  endfacet
  facet normal -1 -0 0
    outer loop
      vertex 158.4 21.56 5.75793
      vertex 158.4 2.4 2.4
      vertex 158.4 21.15 5.92776
    endloop
  endfacet
  facet normal -1 -0 0
    outer loop
      vertex 158.4 22 5.7
      vertex 158.4 2.4 2.4
      vertex 158.4 21.56 5.75793
    endloop
  endfacet
  facet normal -1 -0 0
    outer loop
      vertex 158.4 42.4 5.7
      vertex 158.4 2.4 2.4
      vertex 158.4 22 5.7
    endloop
  endfacet
  facet normal -1 0 0
    outer loop
      vertex 158.4 79.0421 40.44
      vertex 158.4 82.4 46.4
      vertex 158.4 79.1 40
    endloop
  endfacet
  facet normal -1 0 0
    outer loop
      vertex 158.4 78.8722 40.85
      vertex 158.4 82.4 46.4
      vertex 158.4 79.0421 40.44
    endloop
  endfacet
  facet normal -1 0 0
    outer loop
      vertex 158.4 78.6021 41.2021
      vertex 158.4 82.4 46.4
      vertex 158.4 78.8722 40.85
    endloop
  endfacet
  facet normal -1 0 0
    outer loop
      vertex 158.4 78.25 41.4722
      vertex 158.4 82.4 46.4
      vertex 158.4 78.6021 41.2021
    endloop
  endfacet
  facet normal -1 0 0
    outer loop
      vertex 158.4 77.84 41.6421
      vertex 158.4 82.4 46.4
      vertex 158.4 78.25 41.4722
    endloop
  endfacet
  facet normal -1 0 0
    outer loop
      vertex 158.4 77.4 41.7
      vertex 158.4 82.4 46.4
      vertex 158.4 77.84 41.6421
    endloop
  endfacet
  facet normal -1 0 0
    outer loop
      vertex 158.4 72.4 46.4
      vertex 158.4 77.4 41.7
      vertex 158.4 76.96 41.6421
    endloop
  endfacet
  facet normal -1 0 0
    outer loop
      vertex 158.4 72.4 46.4
      vertex 158.4 76.96 41.6421
      vertex 158.4 76.55 41.4722
    endloop
  endfacet
  facet normal -1 0 0
    outer loop
      vertex 158.4 72.4 46.4
      vertex 158.4 76.55 41.4722
      vertex 158.4 76.1979 41.2021
    endloop
  endfacet
  facet normal -1 0 0
    outer loop
      vertex 158.4 77.4 41.7
      vertex 158.4 72.4 46.4
      vertex 158.4 82.4 46.4
    endloop
  endfacet
  facet normal -1 0 0
    outer loop
      vertex 158.4 75.9278 40.85
      vertex 158.4 72.4 46.4
      vertex 158.4 76.1979 41.2021
    endloop
  endfacet
  facet normal -1 0 0
    outer loop
      vertex 158.4 75.7579 40.44
      vertex 158.4 72.4 46.4
      vertex 158.4 75.9278 40.85
    endloop
  endfacet
  facet normal -1 0 0
    outer loop
      vertex 158.4 75.7 40
      vertex 158.4 72.4 46.4
      vertex 158.4 75.7579 40.44
    endloop
  endfacet
  facet normal -1 0 0
    outer loop
      vertex 158.4 75.7579 39.56
      vertex 158.4 72.4 46.4
      vertex 158.4 75.7 40
    endloop
  endfacet
  facet normal -1 0 0
    outer loop
      vertex 158.4 64.6421 7.83999
      vertex 158.4 72.4 12.4
      vertex 158.4 64.7 7.4
    endloop
  endfacet
  facet normal -1 0 0
    outer loop
      vertex 158.4 64.4722 8.25
      vertex 158.4 72.4 12.4
      vertex 158.4 64.6421 7.83999
    endloop
  endfacet
  facet normal -1 0 0
    outer loop
      vertex 158.4 64.2021 8.60208
      vertex 158.4 72.4 12.4
      vertex 158.4 64.4722 8.25
    endloop
  endfacet
  facet normal -1 0 0
    outer loop
      vertex 158.4 63.85 8.87224
      vertex 158.4 72.4 12.4
      vertex 158.4 64.2021 8.60208
    endloop
  endfacet
  facet normal -1 0 0
    outer loop
      vertex 158.4 63.44 9.04207
      vertex 158.4 72.4 12.4
      vertex 158.4 63.85 8.87224
    endloop
  endfacet
  facet normal -1 0 0
    outer loop
      vertex 158.4 63 9.1
      vertex 158.4 72.4 12.4
      vertex 158.4 63.44 9.04207
    endloop
  endfacet
  facet normal -1 0 0
    outer loop
      vertex 158.4 62.56 9.04207
      vertex 158.4 72.4 12.4
      vertex 158.4 63 9.1
    endloop
  endfacet
  facet normal -1 0 0
    outer loop
      vertex 158.4 44.1 7.4
      vertex 158.4 61.3579 7.83999
      vertex 158.4 61.3 7.4
    endloop
  endfacet
  facet normal -1 0 0
    outer loop
      vertex 158.4 44.0421 7.83999
      vertex 158.4 61.3579 7.83999
      vertex 158.4 44.1 7.4
    endloop
  endfacet
  facet normal -1 0 0
    outer loop
      vertex 158.4 61.3579 7.83999
      vertex 158.4 44.0421 7.83999
      vertex 158.4 61.5278 8.25
    endloop
  endfacet
  facet normal -1 0 0
    outer loop
      vertex 158.4 43.8722 8.25
      vertex 158.4 61.5278 8.25
      vertex 158.4 44.0421 7.83999
    endloop
  endfacet
  facet normal -1 0 0
    outer loop
      vertex 158.4 61.5278 8.25
      vertex 158.4 43.8722 8.25
      vertex 158.4 61.7979 8.60208
    endloop
  endfacet
  facet normal -1 0 0
    outer loop
      vertex 158.4 43.6021 8.60208
      vertex 158.4 61.7979 8.60208
      vertex 158.4 43.8722 8.25
    endloop
  endfacet
  facet normal -1 0 0
    outer loop
      vertex 158.4 61.7979 8.60208
      vertex 158.4 43.6021 8.60208
      vertex 158.4 62.15 8.87224
    endloop
  endfacet
  facet normal -1 0 0
    outer loop
      vertex 158.4 43.25 8.87224
      vertex 158.4 62.15 8.87224
      vertex 158.4 43.6021 8.60208
    endloop
  endfacet
  facet normal -1 0 0
    outer loop
      vertex 158.4 62.15 8.87224
      vertex 158.4 43.25 8.87224
      vertex 158.4 62.56 9.04207
    endloop
  endfacet
  facet normal -1 0 0
    outer loop
      vertex 158.4 42.84 9.04207
      vertex 158.4 62.56 9.04207
      vertex 158.4 43.25 8.87224
    endloop
  endfacet
  facet normal -1 0 0
    outer loop
      vertex 158.4 62.56 9.04207
      vertex 158.4 42.84 9.04207
      vertex 158.4 72.4 12.4
    endloop
  endfacet
  facet normal -1 0 0
    outer loop
      vertex 158.4 42.4 9.1
      vertex 158.4 72.4 12.4
      vertex 158.4 42.84 9.04207
    endloop
  endfacet
  facet normal -1 0 0
    outer loop
      vertex 158.4 23.7 7.4
      vertex 158.4 40.7579 7.83999
      vertex 158.4 40.7 7.4
    endloop
  endfacet
  facet normal -1 0 0
    outer loop
      vertex 158.4 23.6421 7.83999
      vertex 158.4 40.7579 7.83999
      vertex 158.4 23.7 7.4
    endloop
  endfacet
  facet normal -1 0 0
    outer loop
      vertex 158.4 40.7579 7.83999
      vertex 158.4 23.6421 7.83999
      vertex 158.4 40.9278 8.25
    endloop
  endfacet
  facet normal -1 0 0
    outer loop
      vertex 158.4 23.4722 8.25
      vertex 158.4 40.9278 8.25
      vertex 158.4 23.6421 7.83999
    endloop
  endfacet
  facet normal -1 0 0
    outer loop
      vertex 158.4 40.9278 8.25
      vertex 158.4 23.4722 8.25
      vertex 158.4 41.1979 8.60208
    endloop
  endfacet
  facet normal -1 0 0
    outer loop
      vertex 158.4 23.2021 8.60208
      vertex 158.4 41.1979 8.60208
      vertex 158.4 23.4722 8.25
    endloop
  endfacet
  facet normal -1 0 0
    outer loop
      vertex 158.4 41.1979 8.60208
      vertex 158.4 23.2021 8.60208
      vertex 158.4 41.55 8.87224
    endloop
  endfacet
  facet normal -1 0 0
    outer loop
      vertex 158.4 22.85 8.87224
      vertex 158.4 41.55 8.87224
      vertex 158.4 23.2021 8.60208
    endloop
  endfacet
  facet normal -1 0 0
    outer loop
      vertex 158.4 41.55 8.87224
      vertex 158.4 22.85 8.87224
      vertex 158.4 41.96 9.04207
    endloop
  endfacet
  facet normal -1 0 0
    outer loop
      vertex 158.4 22.44 9.04207
      vertex 158.4 41.96 9.04207
      vertex 158.4 22.85 8.87224
    endloop
  endfacet
  facet normal -1 0 0
    outer loop
      vertex 158.4 12.4 12.4
      vertex 158.4 41.96 9.04207
      vertex 158.4 22.44 9.04207
    endloop
  endfacet
  facet normal -1 0 0
    outer loop
      vertex 158.4 41.96 9.04207
      vertex 158.4 12.4 12.4
      vertex 158.4 42.4 9.1
    endloop
  endfacet
  facet normal -1 0 0
    outer loop
      vertex 158.4 12.4 12.4
      vertex 158.4 22.44 9.04207
      vertex 158.4 22 9.1
    endloop
  endfacet
  facet normal -1 0 0
    outer loop
      vertex 158.4 42.4 9.1
      vertex 158.4 12.4 12.4
      vertex 158.4 72.4 12.4
    endloop
  endfacet
  facet normal -1 0 0
    outer loop
      vertex 158.4 21.56 9.04207
      vertex 158.4 12.4 12.4
      vertex 158.4 22 9.1
    endloop
  endfacet
  facet normal -1 0 0
    outer loop
      vertex 158.4 21.15 8.87224
      vertex 158.4 12.4 12.4
      vertex 158.4 21.56 9.04207
    endloop
  endfacet
  facet normal -1 0 0
    outer loop
      vertex 158.4 20.7979 8.60208
      vertex 158.4 12.4 12.4
      vertex 158.4 21.15 8.87224
    endloop
  endfacet
  facet normal -1 0 0
    outer loop
      vertex 158.4 20.5278 8.25
      vertex 158.4 12.4 12.4
      vertex 158.4 20.7979 8.60208
    endloop
  endfacet
  facet normal -1 0 0
    outer loop
      vertex 158.4 20.3579 7.83999
      vertex 158.4 12.4 12.4
      vertex 158.4 20.5278 8.25
    endloop
  endfacet
  facet normal -1 0 0
    outer loop
      vertex 158.4 12.4 12.4
      vertex 158.4 20.3579 7.83999
      vertex 158.4 20.3 7.4
    endloop
  endfacet
  facet normal -1 0 0
    outer loop
      vertex 158.4 9.04207 40.44
      vertex 158.4 12.4 46.4
      vertex 158.4 9.1 40
    endloop
  endfacet
  facet normal -1 0 0
    outer loop
      vertex 158.4 8.87224 40.85
      vertex 158.4 12.4 46.4
      vertex 158.4 9.04207 40.44
    endloop
  endfacet
  facet normal -1 0 0
    outer loop
      vertex 158.4 8.60208 41.2021
      vertex 158.4 12.4 46.4
      vertex 158.4 8.87224 40.85
    endloop
  endfacet
  facet normal -1 0 0
    outer loop
      vertex 158.4 8.25 41.4722
      vertex 158.4 12.4 46.4
      vertex 158.4 8.60208 41.2021
    endloop
  endfacet
  facet normal -1 0 0
    outer loop
      vertex 158.4 7.83999 41.6421
      vertex 158.4 12.4 46.4
      vertex 158.4 8.25 41.4722
    endloop
  endfacet
  facet normal -1 0 0
    outer loop
      vertex 158.4 7.4 41.7
      vertex 158.4 12.4 46.4
      vertex 158.4 7.83999 41.6421
    endloop
  endfacet
  facet normal -1 0 0
    outer loop
      vertex 158.4 2.4 46.4
      vertex 158.4 7.4 41.7
      vertex 158.4 6.96001 41.6421
    endloop
  endfacet
  facet normal -1 0 0
    outer loop
      vertex 158.4 2.4 46.4
      vertex 158.4 6.96001 41.6421
      vertex 158.4 6.55 41.4722
    endloop
  endfacet
  facet normal -1 0 0
    outer loop
      vertex 158.4 2.4 46.4
      vertex 158.4 6.55 41.4722
      vertex 158.4 6.19792 41.2021
    endloop
  endfacet
  facet normal -1 0 0
    outer loop
      vertex 158.4 7.4 41.7
      vertex 158.4 2.4 46.4
      vertex 158.4 12.4 46.4
    endloop
  endfacet
  facet normal -1 0 0
    outer loop
      vertex 158.4 5.92776 40.85
      vertex 158.4 2.4 46.4
      vertex 158.4 6.19792 41.2021
    endloop
  endfacet
  facet normal -1 0 0
    outer loop
      vertex 158.4 5.75793 40.44
      vertex 158.4 2.4 46.4
      vertex 158.4 5.92776 40.85
    endloop
  endfacet
  facet normal -1 0 0
    outer loop
      vertex 158.4 5.7 40
      vertex 158.4 2.4 46.4
      vertex 158.4 5.75793 40.44
    endloop
  endfacet
  facet normal -1 0 0
    outer loop
      vertex 158.4 5.75793 39.56
      vertex 158.4 2.4 46.4
      vertex 158.4 5.7 40
    endloop
  endfacet
  facet normal -0 0 1
    outer loop
      vertex 158.4 12.4 46.4
      vertex 163.4 2.4 46.4
      vertex 163.4 12.4 46.4
    endloop
  endfacet
  facet normal 0 0 1
    outer loop
      vertex 163.4 2.4 46.4
      vertex 158.4 12.4 46.4
      vertex 158.4 2.4 46.4
    endloop
  endfacet
  facet normal 0 1 -0
    outer loop
      vertex 163.4 12.4 12.4
      vertex 158.4 12.4 46.4
      vertex 163.4 12.4 46.4
    endloop
  endfacet
  facet normal 0 1 0
    outer loop
      vertex 158.4 12.4 46.4
      vertex 163.4 12.4 12.4
      vertex 158.4 12.4 12.4
    endloop
  endfacet
  facet normal -0 0 1
    outer loop
      vertex 158.4 82.4 46.4
      vertex 163.4 72.4 46.4
      vertex 163.4 82.4 46.4
    endloop
  endfacet
  facet normal 0 0 1
    outer loop
      vertex 163.4 72.4 46.4
      vertex 158.4 82.4 46.4
      vertex 158.4 72.4 46.4
    endloop
  endfacet
  facet normal 0 -1 0
    outer loop
      vertex 158.4 72.4 12.4
      vertex 163.4 72.4 46.4
      vertex 158.4 72.4 46.4
    endloop
  endfacet
  facet normal 0 -1 -0
    outer loop
      vertex 163.4 72.4 46.4
      vertex 158.4 72.4 12.4
      vertex 163.4 72.4 12.4
    endloop
  endfacet
  facet normal 0 -1 0
    outer loop
      vertex 8.4 63.9 31.4
      vertex 28.4 63.9 35.4
      vertex 8.4 63.9 35.4
    endloop
  endfacet
  facet normal 0 -1 -0
    outer loop
      vertex 28.4 63.9 35.4
      vertex 8.4 63.9 31.4
      vertex 28.4 63.9 31.4
    endloop
  endfacet
  facet normal 1 0 0
    outer loop
      vertex 28.4 63.9 31.4
      vertex 28.4 82.4 35.4
      vertex 28.4 63.9 35.4
    endloop
  endfacet
  facet normal 1 0 0
    outer loop
      vertex 28.4 82.4 35.4
      vertex 28.4 63.9 31.4
      vertex 28.4 82.4 12.9
    endloop
  endfacet
  facet normal 0 0 1
    outer loop
      vertex 28.4 82.4 35.4
      vertex 26.6 73.9 35.4
      vertex 28.4 63.9 35.4
    endloop
  endfacet
  facet normal 0 0 1
    outer loop
      vertex 28.4 82.4 35.4
      vertex 26.5298 74.9703 35.4
      vertex 26.6 73.9 35.4
    endloop
  endfacet
  facet normal 0 0 1
    outer loop
      vertex 28.4 82.4 35.4
      vertex 26.3206 76.0223 35.4
      vertex 26.5298 74.9703 35.4
    endloop
  endfacet
  facet normal 0 0 1
    outer loop
      vertex 28.4 82.4 35.4
      vertex 25.9758 77.038 35.4
      vertex 26.3206 76.0223 35.4
    endloop
  endfacet
  facet normal 0 0 1
    outer loop
      vertex 28.4 82.4 35.4
      vertex 25.5014 78 35.4
      vertex 25.9758 77.038 35.4
    endloop
  endfacet
  facet normal 0 0 1
    outer loop
      vertex 28.4 82.4 35.4
      vertex 24.9055 78.8918 35.4
      vertex 25.5014 78 35.4
    endloop
  endfacet
  facet normal 0 0 1
    outer loop
      vertex 28.4 82.4 35.4
      vertex 24.1983 79.6983 35.4
      vertex 24.9055 78.8918 35.4
    endloop
  endfacet
  facet normal 0 0 1
    outer loop
      vertex 28.4 82.4 35.4
      vertex 23.3918 80.4055 35.4
      vertex 24.1983 79.6983 35.4
    endloop
  endfacet
  facet normal 0 0 1
    outer loop
      vertex 28.4 82.4 35.4
      vertex 22.5 81.0014 35.4
      vertex 23.3918 80.4055 35.4
    endloop
  endfacet
  facet normal 0 0 1
    outer loop
      vertex 28.4 82.4 35.4
      vertex 21.538 81.4758 35.4
      vertex 22.5 81.0014 35.4
    endloop
  endfacet
  facet normal 0 0 1
    outer loop
      vertex 28.4 82.4 35.4
      vertex 20.5223 81.8206 35.4
      vertex 21.538 81.4758 35.4
    endloop
  endfacet
  facet normal 0 0 1
    outer loop
      vertex 28.4 82.4 35.4
      vertex 19.4703 82.0298 35.4
      vertex 20.5223 81.8206 35.4
    endloop
  endfacet
  facet normal 0 0 1
    outer loop
      vertex 28.4 82.4 35.4
      vertex 18.4 82.1 35.4
      vertex 19.4703 82.0298 35.4
    endloop
  endfacet
  facet normal 0 0 1
    outer loop
      vertex 10.2702 74.9703 35.4
      vertex 8.4 82.4 35.4
      vertex 10.2 73.9 35.4
    endloop
  endfacet
  facet normal 0 0 1
    outer loop
      vertex 10.4794 76.0223 35.4
      vertex 8.4 82.4 35.4
      vertex 10.2702 74.9703 35.4
    endloop
  endfacet
  facet normal 0 0 1
    outer loop
      vertex 10.8242 77.038 35.4
      vertex 8.4 82.4 35.4
      vertex 10.4794 76.0223 35.4
    endloop
  endfacet
  facet normal 0 0 1
    outer loop
      vertex 11.2986 78 35.4
      vertex 8.4 82.4 35.4
      vertex 10.8242 77.038 35.4
    endloop
  endfacet
  facet normal 0 0 1
    outer loop
      vertex 11.8945 78.8918 35.4
      vertex 8.4 82.4 35.4
      vertex 11.2986 78 35.4
    endloop
  endfacet
  facet normal 0 0 1
    outer loop
      vertex 12.6017 79.6983 35.4
      vertex 8.4 82.4 35.4
      vertex 11.8945 78.8918 35.4
    endloop
  endfacet
  facet normal 0 0 1
    outer loop
      vertex 13.4082 80.4055 35.4
      vertex 8.4 82.4 35.4
      vertex 12.6017 79.6983 35.4
    endloop
  endfacet
  facet normal 0 0 1
    outer loop
      vertex 14.3 81.0014 35.4
      vertex 8.4 82.4 35.4
      vertex 13.4082 80.4055 35.4
    endloop
  endfacet
  facet normal 0 0 1
    outer loop
      vertex 15.262 81.4758 35.4
      vertex 8.4 82.4 35.4
      vertex 14.3 81.0014 35.4
    endloop
  endfacet
  facet normal 0 0 1
    outer loop
      vertex 16.2777 81.8206 35.4
      vertex 8.4 82.4 35.4
      vertex 15.262 81.4758 35.4
    endloop
  endfacet
  facet normal 0 0 1
    outer loop
      vertex 17.3297 82.0298 35.4
      vertex 8.4 82.4 35.4
      vertex 16.2777 81.8206 35.4
    endloop
  endfacet
  facet normal 0 0 1
    outer loop
      vertex 18.4 82.1 35.4
      vertex 8.4 82.4 35.4
      vertex 17.3297 82.0298 35.4
    endloop
  endfacet
  facet normal -0 0 1
    outer loop
      vertex 8.4 82.4 35.4
      vertex 18.4 82.1 35.4
      vertex 28.4 82.4 35.4
    endloop
  endfacet
  facet normal -0 0 1
    outer loop
      vertex 26.5298 72.8297 35.4
      vertex 28.4 63.9 35.4
      vertex 26.6 73.9 35.4
    endloop
  endfacet
  facet normal -0 0 1
    outer loop
      vertex 26.3206 71.7777 35.4
      vertex 28.4 63.9 35.4
      vertex 26.5298 72.8297 35.4
    endloop
  endfacet
  facet normal -0 0 1
    outer loop
      vertex 25.9758 70.762 35.4
      vertex 28.4 63.9 35.4
      vertex 26.3206 71.7777 35.4
    endloop
  endfacet
  facet normal -0 0 1
    outer loop
      vertex 25.5014 69.8 35.4
      vertex 28.4 63.9 35.4
      vertex 25.9758 70.762 35.4
    endloop
  endfacet
  facet normal -0 0 1
    outer loop
      vertex 24.9055 68.9082 35.4
      vertex 28.4 63.9 35.4
      vertex 25.5014 69.8 35.4
    endloop
  endfacet
  facet normal -0 0 1
    outer loop
      vertex 24.1983 68.1017 35.4
      vertex 28.4 63.9 35.4
      vertex 24.9055 68.9082 35.4
    endloop
  endfacet
  facet normal -0 0 1
    outer loop
      vertex 23.3918 67.3945 35.4
      vertex 28.4 63.9 35.4
      vertex 24.1983 68.1017 35.4
    endloop
  endfacet
  facet normal -0 0 1
    outer loop
      vertex 22.5 66.7986 35.4
      vertex 28.4 63.9 35.4
      vertex 23.3918 67.3945 35.4
    endloop
  endfacet
  facet normal -0 0 1
    outer loop
      vertex 21.538 66.3242 35.4
      vertex 28.4 63.9 35.4
      vertex 22.5 66.7986 35.4
    endloop
  endfacet
  facet normal -0 0 1
    outer loop
      vertex 20.5223 65.9794 35.4
      vertex 28.4 63.9 35.4
      vertex 21.538 66.3242 35.4
    endloop
  endfacet
  facet normal -0 0 1
    outer loop
      vertex 19.4703 65.7701 35.4
      vertex 28.4 63.9 35.4
      vertex 20.5223 65.9794 35.4
    endloop
  endfacet
  facet normal -0 0 1
    outer loop
      vertex 18.4 65.7 35.4
      vertex 28.4 63.9 35.4
      vertex 19.4703 65.7701 35.4
    endloop
  endfacet
  facet normal 0 0 1
    outer loop
      vertex 8.4 63.9 35.4
      vertex 18.4 65.7 35.4
      vertex 17.3297 65.7701 35.4
    endloop
  endfacet
  facet normal 0 0 1
    outer loop
      vertex 8.4 63.9 35.4
      vertex 10.2 73.9 35.4
      vertex 8.4 82.4 35.4
    endloop
  endfacet
  facet normal 0 0 1
    outer loop
      vertex 18.4 65.7 35.4
      vertex 8.4 63.9 35.4
      vertex 28.4 63.9 35.4
    endloop
  endfacet
  facet normal 0 0 1
    outer loop
      vertex 16.2777 65.9794 35.4
      vertex 8.4 63.9 35.4
      vertex 17.3297 65.7701 35.4
    endloop
  endfacet
  facet normal 0 0 1
    outer loop
      vertex 15.262 66.3242 35.4
      vertex 8.4 63.9 35.4
      vertex 16.2777 65.9794 35.4
    endloop
  endfacet
  facet normal 0 0 1
    outer loop
      vertex 14.3 66.7986 35.4
      vertex 8.4 63.9 35.4
      vertex 15.262 66.3242 35.4
    endloop
  endfacet
  facet normal 0 0 1
    outer loop
      vertex 13.4082 67.3945 35.4
      vertex 8.4 63.9 35.4
      vertex 14.3 66.7986 35.4
    endloop
  endfacet
  facet normal 0 0 1
    outer loop
      vertex 12.6017 68.1017 35.4
      vertex 8.4 63.9 35.4
      vertex 13.4082 67.3945 35.4
    endloop
  endfacet
  facet normal 0 0 1
    outer loop
      vertex 11.8945 68.9082 35.4
      vertex 8.4 63.9 35.4
      vertex 12.6017 68.1017 35.4
    endloop
  endfacet
  facet normal 0 0 1
    outer loop
      vertex 11.2986 69.8 35.4
      vertex 8.4 63.9 35.4
      vertex 11.8945 68.9082 35.4
    endloop
  endfacet
  facet normal 0 0 1
    outer loop
      vertex 10.8242 70.762 35.4
      vertex 8.4 63.9 35.4
      vertex 11.2986 69.8 35.4
    endloop
  endfacet
  facet normal 0 0 1
    outer loop
      vertex 10.4794 71.7777 35.4
      vertex 8.4 63.9 35.4
      vertex 10.8242 70.762 35.4
    endloop
  endfacet
  facet normal 0 0 1
    outer loop
      vertex 10.2702 72.8297 35.4
      vertex 8.4 63.9 35.4
      vertex 10.4794 71.7777 35.4
    endloop
  endfacet
  facet normal 0 0 1
    outer loop
      vertex 10.2 73.9 35.4
      vertex 8.4 63.9 35.4
      vertex 10.2702 72.8297 35.4
    endloop
  endfacet
  facet normal -1 0 0
    outer loop
      vertex 8.4 63.9 31.4
      vertex 8.4 82.4 35.4
      vertex 8.4 82.4 12.9
    endloop
  endfacet
  facet normal -1 -0 0
    outer loop
      vertex 8.4 82.4 35.4
      vertex 8.4 63.9 31.4
      vertex 8.4 63.9 35.4
    endloop
  endfacet
  facet normal 0 -0.707107 -0.707107
    outer loop
      vertex 8.4 82.4 12.9
      vertex 28.4 63.9 31.4
      vertex 8.4 63.9 31.4
    endloop
  endfacet
  facet normal 0 -0.707107 -0.707107
    outer loop
      vertex 28.4 63.9 31.4
      vertex 8.4 82.4 12.9
      vertex 28.4 82.4 12.9
    endloop
  endfacet
  facet normal 0 1 -0
    outer loop
      vertex 28.4 82.4 12.9
      vertex 8.4 82.4 35.4
      vertex 28.4 82.4 35.4
    endloop
  endfacet
  facet normal 0 1 0
    outer loop
      vertex 8.4 82.4 35.4
      vertex 28.4 82.4 12.9
      vertex 8.4 82.4 12.9
    endloop
  endfacet
  facet normal -0.980795 -0.19504 0
    outer loop
      vertex 26.5298 74.9703 34.2
      vertex 26.3206 76.0223 35.4
      vertex 26.3206 76.0223 34.2
    endloop
  endfacet
  facet normal -0.980795 -0.19504 0
    outer loop
      vertex 26.3206 76.0223 35.4
      vertex 26.5298 74.9703 34.2
      vertex 26.5298 74.9703 35.4
    endloop
  endfacet
  facet normal -0.997856 -0.0654485 0
    outer loop
      vertex 26.6 73.9 34.2
      vertex 26.5298 74.9703 35.4
      vertex 26.5298 74.9703 34.2
    endloop
  endfacet
  facet normal -0.997856 -0.0654485 0
    outer loop
      vertex 26.5298 74.9703 35.4
      vertex 26.6 73.9 34.2
      vertex 26.6 73.9 35.4
    endloop
  endfacet
  facet normal -0.946926 -0.321453 0
    outer loop
      vertex 26.3206 76.0223 34.2
      vertex 25.9758 77.038 35.4
      vertex 25.9758 77.038 34.2
    endloop
  endfacet
  facet normal -0.946926 -0.321453 0
    outer loop
      vertex 25.9758 77.038 35.4
      vertex 26.3206 76.0223 34.2
      vertex 26.3206 76.0223 35.4
    endloop
  endfacet
  facet normal -0.442284 0.896875 0
    outer loop
      vertex 22.5 66.7986 34.2
      vertex 21.538 66.3242 35.4
      vertex 22.5 66.7986 35.4
    endloop
  endfacet
  facet normal -0.442284 0.896875 0
    outer loop
      vertex 21.538 66.3242 35.4
      vertex 22.5 66.7986 34.2
      vertex 21.538 66.3242 34.2
    endloop
  endfacet
  facet normal -0.751877 0.659303 0
    outer loop
      vertex 24.1983 68.1017 34.2
      vertex 24.9055 68.9082 35.4
      vertex 24.9055 68.9082 34.2
    endloop
  endfacet
  facet normal -0.751877 0.659303 0
    outer loop
      vertex 24.9055 68.9082 35.4
      vertex 24.1983 68.1017 34.2
      vertex 24.1983 68.1017 35.4
    endloop
  endfacet
  facet normal 0.997856 0.0654485 0
    outer loop
      vertex 10.2702 72.8297 35.4
      vertex 10.2 73.9 34.2
      vertex 10.2 73.9 35.4
    endloop
  endfacet
  facet normal 0.997856 0.0654485 0
    outer loop
      vertex 10.2 73.9 34.2
      vertex 10.2702 72.8297 35.4
      vertex 10.2702 72.8297 34.2
    endloop
  endfacet
  facet normal -0.555582 0.831462 0
    outer loop
      vertex 23.3918 67.3945 34.2
      vertex 22.5 66.7986 35.4
      vertex 23.3918 67.3945 35.4
    endloop
  endfacet
  facet normal -0.555582 0.831462 0
    outer loop
      vertex 22.5 66.7986 35.4
      vertex 23.3918 67.3945 34.2
      vertex 22.5 66.7986 34.2
    endloop
  endfacet
  facet normal 0.0654485 -0.997856 0
    outer loop
      vertex 17.3297 82.0298 34.2
      vertex 18.4 82.1 35.4
      vertex 17.3297 82.0298 35.4
    endloop
  endfacet
  facet normal 0.0654485 -0.997856 0
    outer loop
      vertex 18.4 82.1 35.4
      vertex 17.3297 82.0298 34.2
      vertex 18.4 82.1 34.2
    endloop
  endfacet
  facet normal -0.896875 0.442284 0
    outer loop
      vertex 25.5014 69.8 34.2
      vertex 25.9758 70.762 35.4
      vertex 25.9758 70.762 34.2
    endloop
  endfacet
  facet normal -0.896875 0.442284 0
    outer loop
      vertex 25.9758 70.762 35.4
      vertex 25.5014 69.8 34.2
      vertex 25.5014 69.8 35.4
    endloop
  endfacet
  facet normal -0.0654485 -0.997856 0
    outer loop
      vertex 18.4 82.1 34.2
      vertex 19.4703 82.0298 35.4
      vertex 18.4 82.1 35.4
    endloop
  endfacet
  facet normal -0.0654485 -0.997856 -0
    outer loop
      vertex 19.4703 82.0298 35.4
      vertex 18.4 82.1 34.2
      vertex 19.4703 82.0298 34.2
    endloop
  endfacet
  facet normal -0.321453 0.946926 0
    outer loop
      vertex 21.538 66.3242 34.2
      vertex 20.5223 65.9794 35.4
      vertex 21.538 66.3242 35.4
    endloop
  endfacet
  facet normal -0.321453 0.946926 0
    outer loop
      vertex 20.5223 65.9794 35.4
      vertex 21.538 66.3242 34.2
      vertex 20.5223 65.9794 34.2
    endloop
  endfacet
  facet normal 0.946926 0.321453 0
    outer loop
      vertex 10.8242 70.762 35.4
      vertex 10.4794 71.7777 34.2
      vertex 10.4794 71.7777 35.4
    endloop
  endfacet
  facet normal 0.946926 0.321453 0
    outer loop
      vertex 10.4794 71.7777 34.2
      vertex 10.8242 70.762 35.4
      vertex 10.8242 70.762 34.2
    endloop
  endfacet
  facet normal -0.442284 -0.896875 0
    outer loop
      vertex 21.538 81.4758 34.2
      vertex 22.5 81.0014 35.4
      vertex 21.538 81.4758 35.4
    endloop
  endfacet
  facet normal -0.442284 -0.896875 -0
    outer loop
      vertex 22.5 81.0014 35.4
      vertex 21.538 81.4758 34.2
      vertex 22.5 81.0014 34.2
    endloop
  endfacet
  facet normal -0.0653556 0.997862 0
    outer loop
      vertex 19.4703 65.7701 34.2
      vertex 18.4 65.7 35.4
      vertex 19.4703 65.7701 35.4
    endloop
  endfacet
  facet normal -0.0653556 0.997862 0
    outer loop
      vertex 18.4 65.7 35.4
      vertex 19.4703 65.7701 34.2
      vertex 18.4 65.7 34.2
    endloop
  endfacet
  facet normal -0.659303 -0.751877 0
    outer loop
      vertex 23.3918 80.4055 34.2
      vertex 24.1983 79.6983 35.4
      vertex 23.3918 80.4055 35.4
    endloop
  endfacet
  facet normal -0.659303 -0.751877 -0
    outer loop
      vertex 24.1983 79.6983 35.4
      vertex 23.3918 80.4055 34.2
      vertex 24.1983 79.6983 34.2
    endloop
  endfacet
  facet normal -0.896875 -0.442284 0
    outer loop
      vertex 25.9758 77.038 34.2
      vertex 25.5014 78 35.4
      vertex 25.5014 78 34.2
    endloop
  endfacet
  facet normal -0.896875 -0.442284 0
    outer loop
      vertex 25.5014 78 35.4
      vertex 25.9758 77.038 34.2
      vertex 25.9758 77.038 35.4
    endloop
  endfacet
  facet normal -0.831462 0.555582 0
    outer loop
      vertex 24.9055 68.9082 34.2
      vertex 25.5014 69.8 35.4
      vertex 25.5014 69.8 34.2
    endloop
  endfacet
  facet normal -0.831462 0.555582 0
    outer loop
      vertex 25.5014 69.8 35.4
      vertex 24.9055 68.9082 34.2
      vertex 24.9055 68.9082 35.4
    endloop
  endfacet
  facet normal -0.831462 -0.555582 0
    outer loop
      vertex 25.5014 78 34.2
      vertex 24.9055 78.8918 35.4
      vertex 24.9055 78.8918 34.2
    endloop
  endfacet
  facet normal -0.831462 -0.555582 0
    outer loop
      vertex 24.9055 78.8918 35.4
      vertex 25.5014 78 34.2
      vertex 25.5014 78 35.4
    endloop
  endfacet
  facet normal 0.659303 -0.751877 0
    outer loop
      vertex 12.6017 79.6983 34.2
      vertex 13.4082 80.4055 35.4
      vertex 12.6017 79.6983 35.4
    endloop
  endfacet
  facet normal 0.659303 -0.751877 0
    outer loop
      vertex 13.4082 80.4055 35.4
      vertex 12.6017 79.6983 34.2
      vertex 13.4082 80.4055 34.2
    endloop
  endfacet
  facet normal 0.997856 -0.0654485 0
    outer loop
      vertex 10.2 73.9 35.4
      vertex 10.2702 74.9703 34.2
      vertex 10.2702 74.9703 35.4
    endloop
  endfacet
  facet normal 0.997856 -0.0654485 0
    outer loop
      vertex 10.2702 74.9703 34.2
      vertex 10.2 73.9 35.4
      vertex 10.2 73.9 34.2
    endloop
  endfacet
  facet normal 0.555582 0.831462 -0
    outer loop
      vertex 14.3 66.7986 34.2
      vertex 13.4082 67.3945 35.4
      vertex 14.3 66.7986 35.4
    endloop
  endfacet
  facet normal 0.555582 0.831462 0
    outer loop
      vertex 13.4082 67.3945 35.4
      vertex 14.3 66.7986 34.2
      vertex 13.4082 67.3945 34.2
    endloop
  endfacet
  facet normal 0.321453 0.946926 -0
    outer loop
      vertex 16.2777 65.9794 34.2
      vertex 15.262 66.3242 35.4
      vertex 16.2777 65.9794 35.4
    endloop
  endfacet
  facet normal 0.321453 0.946926 0
    outer loop
      vertex 15.262 66.3242 35.4
      vertex 16.2777 65.9794 34.2
      vertex 15.262 66.3242 34.2
    endloop
  endfacet
  facet normal -0.997856 0.0654485 0
    outer loop
      vertex 26.5298 72.8297 34.2
      vertex 26.6 73.9 35.4
      vertex 26.6 73.9 34.2
    endloop
  endfacet
  facet normal -0.997856 0.0654485 0
    outer loop
      vertex 26.6 73.9 35.4
      vertex 26.5298 72.8297 34.2
      vertex 26.5298 72.8297 35.4
    endloop
  endfacet
  facet normal 0.442284 -0.896875 0
    outer loop
      vertex 14.3 81.0014 34.2
      vertex 15.262 81.4758 35.4
      vertex 14.3 81.0014 35.4
    endloop
  endfacet
  facet normal 0.442284 -0.896875 0
    outer loop
      vertex 15.262 81.4758 35.4
      vertex 14.3 81.0014 34.2
      vertex 15.262 81.4758 34.2
    endloop
  endfacet
  facet normal 0.19504 -0.980795 0
    outer loop
      vertex 16.2777 81.8206 34.2
      vertex 17.3297 82.0298 35.4
      vertex 16.2777 81.8206 35.4
    endloop
  endfacet
  facet normal 0.19504 -0.980795 0
    outer loop
      vertex 17.3297 82.0298 35.4
      vertex 16.2777 81.8206 34.2
      vertex 17.3297 82.0298 34.2
    endloop
  endfacet
  facet normal -0.980795 0.19504 0
    outer loop
      vertex 26.3206 71.7777 34.2
      vertex 26.5298 72.8297 35.4
      vertex 26.5298 72.8297 34.2
    endloop
  endfacet
  facet normal -0.980795 0.19504 0
    outer loop
      vertex 26.5298 72.8297 35.4
      vertex 26.3206 71.7777 34.2
      vertex 26.3206 71.7777 35.4
    endloop
  endfacet
  facet normal 0.19513 0.980777 -0
    outer loop
      vertex 17.3297 65.7701 34.2
      vertex 16.2777 65.9794 35.4
      vertex 17.3297 65.7701 35.4
    endloop
  endfacet
  facet normal 0.19513 0.980777 0
    outer loop
      vertex 16.2777 65.9794 35.4
      vertex 17.3297 65.7701 34.2
      vertex 16.2777 65.9794 34.2
    endloop
  endfacet
  facet normal 0.751877 -0.659303 0
    outer loop
      vertex 11.8945 78.8918 35.4
      vertex 12.6017 79.6983 34.2
      vertex 12.6017 79.6983 35.4
    endloop
  endfacet
  facet normal 0.751877 -0.659303 0
    outer loop
      vertex 12.6017 79.6983 34.2
      vertex 11.8945 78.8918 35.4
      vertex 11.8945 78.8918 34.2
    endloop
  endfacet
  facet normal -0.321453 -0.946926 0
    outer loop
      vertex 20.5223 81.8206 34.2
      vertex 21.538 81.4758 35.4
      vertex 20.5223 81.8206 35.4
    endloop
  endfacet
  facet normal -0.321453 -0.946926 -0
    outer loop
      vertex 21.538 81.4758 35.4
      vertex 20.5223 81.8206 34.2
      vertex 21.538 81.4758 34.2
    endloop
  endfacet
  facet normal 0.442284 0.896875 -0
    outer loop
      vertex 15.262 66.3242 34.2
      vertex 14.3 66.7986 35.4
      vertex 15.262 66.3242 35.4
    endloop
  endfacet
  facet normal 0.442284 0.896875 0
    outer loop
      vertex 14.3 66.7986 35.4
      vertex 15.262 66.3242 34.2
      vertex 14.3 66.7986 34.2
    endloop
  endfacet
  facet normal 0.980795 -0.19504 0
    outer loop
      vertex 10.2702 74.9703 35.4
      vertex 10.4794 76.0223 34.2
      vertex 10.4794 76.0223 35.4
    endloop
  endfacet
  facet normal 0.980795 -0.19504 0
    outer loop
      vertex 10.4794 76.0223 34.2
      vertex 10.2702 74.9703 35.4
      vertex 10.2702 74.9703 34.2
    endloop
  endfacet
  facet normal 0.0653556 0.997862 -0
    outer loop
      vertex 18.4 65.7 34.2
      vertex 17.3297 65.7701 35.4
      vertex 18.4 65.7 35.4
    endloop
  endfacet
  facet normal 0.0653556 0.997862 0
    outer loop
      vertex 17.3297 65.7701 35.4
      vertex 18.4 65.7 34.2
      vertex 17.3297 65.7701 34.2
    endloop
  endfacet
  facet normal -0.751877 -0.659303 0
    outer loop
      vertex 24.9055 78.8918 34.2
      vertex 24.1983 79.6983 35.4
      vertex 24.1983 79.6983 34.2
    endloop
  endfacet
  facet normal -0.751877 -0.659303 0
    outer loop
      vertex 24.1983 79.6983 35.4
      vertex 24.9055 78.8918 34.2
      vertex 24.9055 78.8918 35.4
    endloop
  endfacet
  facet normal 0.751877 0.659303 0
    outer loop
      vertex 12.6017 68.1017 35.4
      vertex 11.8945 68.9082 34.2
      vertex 11.8945 68.9082 35.4
    endloop
  endfacet
  facet normal 0.751877 0.659303 0
    outer loop
      vertex 11.8945 68.9082 34.2
      vertex 12.6017 68.1017 35.4
      vertex 12.6017 68.1017 34.2
    endloop
  endfacet
  facet normal 0.946926 -0.321453 0
    outer loop
      vertex 10.4794 76.0223 35.4
      vertex 10.8242 77.038 34.2
      vertex 10.8242 77.038 35.4
    endloop
  endfacet
  facet normal 0.946926 -0.321453 0
    outer loop
      vertex 10.8242 77.038 34.2
      vertex 10.4794 76.0223 35.4
      vertex 10.4794 76.0223 34.2
    endloop
  endfacet
  facet normal -0.946926 0.321453 0
    outer loop
      vertex 25.9758 70.762 34.2
      vertex 26.3206 71.7777 35.4
      vertex 26.3206 71.7777 34.2
    endloop
  endfacet
  facet normal -0.946926 0.321453 0
    outer loop
      vertex 26.3206 71.7777 35.4
      vertex 25.9758 70.762 34.2
      vertex 25.9758 70.762 35.4
    endloop
  endfacet
  facet normal 0.980795 0.19504 0
    outer loop
      vertex 10.4794 71.7777 35.4
      vertex 10.2702 72.8297 34.2
      vertex 10.2702 72.8297 35.4
    endloop
  endfacet
  facet normal 0.980795 0.19504 0
    outer loop
      vertex 10.2702 72.8297 34.2
      vertex 10.4794 71.7777 35.4
      vertex 10.4794 71.7777 34.2
    endloop
  endfacet
  facet normal -0.555582 -0.831462 0
    outer loop
      vertex 22.5 81.0014 34.2
      vertex 23.3918 80.4055 35.4
      vertex 22.5 81.0014 35.4
    endloop
  endfacet
  facet normal -0.555582 -0.831462 -0
    outer loop
      vertex 23.3918 80.4055 35.4
      vertex 22.5 81.0014 34.2
      vertex 23.3918 80.4055 34.2
    endloop
  endfacet
  facet normal -0.19513 0.980777 0
    outer loop
      vertex 20.5223 65.9794 34.2
      vertex 19.4703 65.7701 35.4
      vertex 20.5223 65.9794 35.4
    endloop
  endfacet
  facet normal -0.19513 0.980777 0
    outer loop
      vertex 19.4703 65.7701 35.4
      vertex 20.5223 65.9794 34.2
      vertex 19.4703 65.7701 34.2
    endloop
  endfacet
  facet normal -0.659303 0.751877 0
    outer loop
      vertex 24.1983 68.1017 34.2
      vertex 23.3918 67.3945 35.4
      vertex 24.1983 68.1017 35.4
    endloop
  endfacet
  facet normal -0.659303 0.751877 0
    outer loop
      vertex 23.3918 67.3945 35.4
      vertex 24.1983 68.1017 34.2
      vertex 23.3918 67.3945 34.2
    endloop
  endfacet
  facet normal 0.555582 -0.831462 0
    outer loop
      vertex 13.4082 80.4055 34.2
      vertex 14.3 81.0014 35.4
      vertex 13.4082 80.4055 35.4
    endloop
  endfacet
  facet normal 0.555582 -0.831462 0
    outer loop
      vertex 14.3 81.0014 35.4
      vertex 13.4082 80.4055 34.2
      vertex 14.3 81.0014 34.2
    endloop
  endfacet
  facet normal 0.659303 0.751877 -0
    outer loop
      vertex 13.4082 67.3945 34.2
      vertex 12.6017 68.1017 35.4
      vertex 13.4082 67.3945 35.4
    endloop
  endfacet
  facet normal 0.659303 0.751877 0
    outer loop
      vertex 12.6017 68.1017 35.4
      vertex 13.4082 67.3945 34.2
      vertex 12.6017 68.1017 34.2
    endloop
  endfacet
  facet normal 0.321453 -0.946926 0
    outer loop
      vertex 15.262 81.4758 34.2
      vertex 16.2777 81.8206 35.4
      vertex 15.262 81.4758 35.4
    endloop
  endfacet
  facet normal 0.321453 -0.946926 0
    outer loop
      vertex 16.2777 81.8206 35.4
      vertex 15.262 81.4758 34.2
      vertex 16.2777 81.8206 34.2
    endloop
  endfacet
  facet normal 0.831462 0.555582 0
    outer loop
      vertex 11.8945 68.9082 35.4
      vertex 11.2986 69.8 34.2
      vertex 11.2986 69.8 35.4
    endloop
  endfacet
  facet normal 0.831462 0.555582 0
    outer loop
      vertex 11.2986 69.8 34.2
      vertex 11.8945 68.9082 35.4
      vertex 11.8945 68.9082 34.2
    endloop
  endfacet
  facet normal 0 0 1
    outer loop
      vertex 26.5298 74.9703 34.2
      vertex 26.5298 72.8297 34.2
      vertex 26.6 73.9 34.2
    endloop
  endfacet
  facet normal 0 0 1
    outer loop
      vertex 26.3206 76.0223 34.2
      vertex 26.5298 72.8297 34.2
      vertex 26.5298 74.9703 34.2
    endloop
  endfacet
  facet normal 0 0 1
    outer loop
      vertex 26.3206 76.0223 34.2
      vertex 26.3206 71.7777 34.2
      vertex 26.5298 72.8297 34.2
    endloop
  endfacet
  facet normal 0 0 1
    outer loop
      vertex 25.9758 77.038 34.2
      vertex 26.3206 71.7777 34.2
      vertex 26.3206 76.0223 34.2
    endloop
  endfacet
  facet normal 0 0 1
    outer loop
      vertex 25.9758 77.038 34.2
      vertex 25.9758 70.762 34.2
      vertex 26.3206 71.7777 34.2
    endloop
  endfacet
  facet normal 0 0 1
    outer loop
      vertex 25.5014 78 34.2
      vertex 25.9758 70.762 34.2
      vertex 25.9758 77.038 34.2
    endloop
  endfacet
  facet normal 0 0 1
    outer loop
      vertex 25.5014 78 34.2
      vertex 25.5014 69.8 34.2
      vertex 25.9758 70.762 34.2
    endloop
  endfacet
  facet normal 0 0 1
    outer loop
      vertex 24.9055 78.8918 34.2
      vertex 25.5014 69.8 34.2
      vertex 25.5014 78 34.2
    endloop
  endfacet
  facet normal 0 0 1
    outer loop
      vertex 24.9055 78.8918 34.2
      vertex 24.9055 68.9082 34.2
      vertex 25.5014 69.8 34.2
    endloop
  endfacet
  facet normal 0 0 1
    outer loop
      vertex 24.1983 79.6983 34.2
      vertex 24.9055 68.9082 34.2
      vertex 24.9055 78.8918 34.2
    endloop
  endfacet
  facet normal 0 0 1
    outer loop
      vertex 24.1983 79.6983 34.2
      vertex 24.1983 68.1017 34.2
      vertex 24.9055 68.9082 34.2
    endloop
  endfacet
  facet normal 0 0 1
    outer loop
      vertex 23.3918 80.4055 34.2
      vertex 24.1983 68.1017 34.2
      vertex 24.1983 79.6983 34.2
    endloop
  endfacet
  facet normal 0 0 1
    outer loop
      vertex 23.3918 80.4055 34.2
      vertex 23.3918 67.3945 34.2
      vertex 24.1983 68.1017 34.2
    endloop
  endfacet
  facet normal 0 0 1
    outer loop
      vertex 22.5 81.0014 34.2
      vertex 23.3918 67.3945 34.2
      vertex 23.3918 80.4055 34.2
    endloop
  endfacet
  facet normal 0 0 1
    outer loop
      vertex 22.5 81.0014 34.2
      vertex 22.5 66.7986 34.2
      vertex 23.3918 67.3945 34.2
    endloop
  endfacet
  facet normal 0 0 1
    outer loop
      vertex 21.538 81.4758 34.2
      vertex 22.5 66.7986 34.2
      vertex 22.5 81.0014 34.2
    endloop
  endfacet
  facet normal 0 0 1
    outer loop
      vertex 21.538 81.4758 34.2
      vertex 21.538 66.3242 34.2
      vertex 22.5 66.7986 34.2
    endloop
  endfacet
  facet normal 0 0 1
    outer loop
      vertex 20.5223 81.8206 34.2
      vertex 21.538 66.3242 34.2
      vertex 21.538 81.4758 34.2
    endloop
  endfacet
  facet normal 0 0 1
    outer loop
      vertex 20.5223 81.8206 34.2
      vertex 20.5223 65.9794 34.2
      vertex 21.538 66.3242 34.2
    endloop
  endfacet
  facet normal 0 0 1
    outer loop
      vertex 19.4703 82.0298 34.2
      vertex 20.5223 65.9794 34.2
      vertex 20.5223 81.8206 34.2
    endloop
  endfacet
  facet normal 0 0 1
    outer loop
      vertex 19.4703 82.0298 34.2
      vertex 19.4703 65.7701 34.2
      vertex 20.5223 65.9794 34.2
    endloop
  endfacet
  facet normal 0 0 1
    outer loop
      vertex 18.4 82.1 34.2
      vertex 19.4703 65.7701 34.2
      vertex 19.4703 82.0298 34.2
    endloop
  endfacet
  facet normal 0 0 1
    outer loop
      vertex 18.4 82.1 34.2
      vertex 18.4 65.7 34.2
      vertex 19.4703 65.7701 34.2
    endloop
  endfacet
  facet normal -0 0 1
    outer loop
      vertex 17.3297 82.0298 34.2
      vertex 18.4 65.7 34.2
      vertex 18.4 82.1 34.2
    endloop
  endfacet
  facet normal 0 0 1
    outer loop
      vertex 17.3297 82.0298 34.2
      vertex 17.3297 65.7701 34.2
      vertex 18.4 65.7 34.2
    endloop
  endfacet
  facet normal -0 0 1
    outer loop
      vertex 16.2777 81.8206 34.2
      vertex 17.3297 65.7701 34.2
      vertex 17.3297 82.0298 34.2
    endloop
  endfacet
  facet normal 0 0 1
    outer loop
      vertex 16.2777 81.8206 34.2
      vertex 16.2777 65.9794 34.2
      vertex 17.3297 65.7701 34.2
    endloop
  endfacet
  facet normal -0 0 1
    outer loop
      vertex 15.262 81.4758 34.2
      vertex 16.2777 65.9794 34.2
      vertex 16.2777 81.8206 34.2
    endloop
  endfacet
  facet normal 0 0 1
    outer loop
      vertex 15.262 81.4758 34.2
      vertex 15.262 66.3242 34.2
      vertex 16.2777 65.9794 34.2
    endloop
  endfacet
  facet normal -0 0 1
    outer loop
      vertex 14.3 81.0014 34.2
      vertex 15.262 66.3242 34.2
      vertex 15.262 81.4758 34.2
    endloop
  endfacet
  facet normal 0 0 1
    outer loop
      vertex 14.3 81.0014 34.2
      vertex 14.3 66.7986 34.2
      vertex 15.262 66.3242 34.2
    endloop
  endfacet
  facet normal -0 0 1
    outer loop
      vertex 13.4082 80.4055 34.2
      vertex 14.3 66.7986 34.2
      vertex 14.3 81.0014 34.2
    endloop
  endfacet
  facet normal 0 0 1
    outer loop
      vertex 13.4082 80.4055 34.2
      vertex 13.4082 67.3945 34.2
      vertex 14.3 66.7986 34.2
    endloop
  endfacet
  facet normal -0 0 1
    outer loop
      vertex 12.6017 79.6983 34.2
      vertex 13.4082 67.3945 34.2
      vertex 13.4082 80.4055 34.2
    endloop
  endfacet
  facet normal 0 0 1
    outer loop
      vertex 12.6017 79.6983 34.2
      vertex 12.6017 68.1017 34.2
      vertex 13.4082 67.3945 34.2
    endloop
  endfacet
  facet normal -0 0 1
    outer loop
      vertex 11.8945 78.8918 34.2
      vertex 12.6017 68.1017 34.2
      vertex 12.6017 79.6983 34.2
    endloop
  endfacet
  facet normal 0 0 1
    outer loop
      vertex 11.8945 78.8918 34.2
      vertex 11.8945 68.9082 34.2
      vertex 12.6017 68.1017 34.2
    endloop
  endfacet
  facet normal -0 0 1
    outer loop
      vertex 11.2986 78 34.2
      vertex 11.8945 68.9082 34.2
      vertex 11.8945 78.8918 34.2
    endloop
  endfacet
  facet normal 0 0 1
    outer loop
      vertex 11.2986 78 34.2
      vertex 11.2986 69.8 34.2
      vertex 11.8945 68.9082 34.2
    endloop
  endfacet
  facet normal -0 0 1
    outer loop
      vertex 10.8242 77.038 34.2
      vertex 11.2986 69.8 34.2
      vertex 11.2986 78 34.2
    endloop
  endfacet
  facet normal 0 0 1
    outer loop
      vertex 10.8242 77.038 34.2
      vertex 10.8242 70.762 34.2
      vertex 11.2986 69.8 34.2
    endloop
  endfacet
  facet normal -0 0 1
    outer loop
      vertex 10.4794 76.0223 34.2
      vertex 10.8242 70.762 34.2
      vertex 10.8242 77.038 34.2
    endloop
  endfacet
  facet normal 0 0 1
    outer loop
      vertex 10.4794 76.0223 34.2
      vertex 10.4794 71.7777 34.2
      vertex 10.8242 70.762 34.2
    endloop
  endfacet
  facet normal -0 0 1
    outer loop
      vertex 10.2702 74.9703 34.2
      vertex 10.4794 71.7777 34.2
      vertex 10.4794 76.0223 34.2
    endloop
  endfacet
  facet normal 0 0 1
    outer loop
      vertex 10.2702 74.9703 34.2
      vertex 10.2702 72.8297 34.2
      vertex 10.4794 71.7777 34.2
    endloop
  endfacet
  facet normal 0 -0 1
    outer loop
      vertex 10.2702 72.8297 34.2
      vertex 10.2702 74.9703 34.2
      vertex 10.2 73.9 34.2
    endloop
  endfacet
  facet normal 0.896875 0.442284 0
    outer loop
      vertex 11.2986 69.8 35.4
      vertex 10.8242 70.762 34.2
      vertex 10.8242 70.762 35.4
    endloop
  endfacet
  facet normal 0.896875 0.442284 0
    outer loop
      vertex 10.8242 70.762 34.2
      vertex 11.2986 69.8 35.4
      vertex 11.2986 69.8 34.2
    endloop
  endfacet
  facet normal -0.19504 -0.980795 0
    outer loop
      vertex 19.4703 82.0298 34.2
      vertex 20.5223 81.8206 35.4
      vertex 19.4703 82.0298 35.4
    endloop
  endfacet
  facet normal -0.19504 -0.980795 -0
    outer loop
      vertex 20.5223 81.8206 35.4
      vertex 19.4703 82.0298 34.2
      vertex 20.5223 81.8206 34.2
    endloop
  endfacet
  facet normal 0.896875 -0.442284 0
    outer loop
      vertex 10.8242 77.038 35.4
      vertex 11.2986 78 34.2
      vertex 11.2986 78 35.4
    endloop
  endfacet
  facet normal 0.896875 -0.442284 0
    outer loop
      vertex 11.2986 78 34.2
      vertex 10.8242 77.038 35.4
      vertex 10.8242 77.038 34.2
    endloop
  endfacet
  facet normal 0.831462 -0.555582 0
    outer loop
      vertex 11.2986 78 35.4
      vertex 11.8945 78.8918 34.2
      vertex 11.8945 78.8918 35.4
    endloop
  endfacet
  facet normal 0.831462 -0.555582 0
    outer loop
      vertex 11.8945 78.8918 34.2
      vertex 11.2986 78 35.4
      vertex 11.2986 78 34.2
    endloop
  endfacet
  facet normal 0 -1 0
    outer loop
      vertex 133.4 63.9 31.4
      vertex 153.4 63.9 35.4
      vertex 133.4 63.9 35.4
    endloop
  endfacet
  facet normal 0 -1 -0
    outer loop
      vertex 153.4 63.9 35.4
      vertex 133.4 63.9 31.4
      vertex 153.4 63.9 31.4
    endloop
  endfacet
  facet normal 0 -0.707107 -0.707107
    outer loop
      vertex 133.4 82.4 12.9
      vertex 153.4 63.9 31.4
      vertex 133.4 63.9 31.4
    endloop
  endfacet
  facet normal 0 -0.707107 -0.707107
    outer loop
      vertex 153.4 63.9 31.4
      vertex 133.4 82.4 12.9
      vertex 153.4 82.4 12.9
    endloop
  endfacet
  facet normal 1 0 0
    outer loop
      vertex 153.4 63.9 31.4
      vertex 153.4 82.4 35.4
      vertex 153.4 63.9 35.4
    endloop
  endfacet
  facet normal 1 0 0
    outer loop
      vertex 153.4 82.4 35.4
      vertex 153.4 63.9 31.4
      vertex 153.4 82.4 12.9
    endloop
  endfacet
  facet normal 0 0 1
    outer loop
      vertex 153.4 82.4 35.4
      vertex 151.6 73.9 35.4
      vertex 153.4 63.9 35.4
    endloop
  endfacet
  facet normal 0 0 1
    outer loop
      vertex 153.4 82.4 35.4
      vertex 151.53 74.9703 35.4
      vertex 151.6 73.9 35.4
    endloop
  endfacet
  facet normal 0 0 1
    outer loop
      vertex 153.4 82.4 35.4
      vertex 151.321 76.0223 35.4
      vertex 151.53 74.9703 35.4
    endloop
  endfacet
  facet normal 0 0 1
    outer loop
      vertex 153.4 82.4 35.4
      vertex 150.976 77.038 35.4
      vertex 151.321 76.0223 35.4
    endloop
  endfacet
  facet normal 0 0 1
    outer loop
      vertex 153.4 82.4 35.4
      vertex 150.501 78 35.4
      vertex 150.976 77.038 35.4
    endloop
  endfacet
  facet normal 0 0 1
    outer loop
      vertex 153.4 82.4 35.4
      vertex 149.906 78.8918 35.4
      vertex 150.501 78 35.4
    endloop
  endfacet
  facet normal 0 0 1
    outer loop
      vertex 153.4 82.4 35.4
      vertex 149.198 79.6983 35.4
      vertex 149.906 78.8918 35.4
    endloop
  endfacet
  facet normal 0 0 1
    outer loop
      vertex 153.4 82.4 35.4
      vertex 148.392 80.4055 35.4
      vertex 149.198 79.6983 35.4
    endloop
  endfacet
  facet normal 0 0 1
    outer loop
      vertex 153.4 82.4 35.4
      vertex 147.5 81.0014 35.4
      vertex 148.392 80.4055 35.4
    endloop
  endfacet
  facet normal 0 0 1
    outer loop
      vertex 153.4 82.4 35.4
      vertex 146.538 81.4758 35.4
      vertex 147.5 81.0014 35.4
    endloop
  endfacet
  facet normal 0 0 1
    outer loop
      vertex 153.4 82.4 35.4
      vertex 145.522 81.8206 35.4
      vertex 146.538 81.4758 35.4
    endloop
  endfacet
  facet normal 0 0 1
    outer loop
      vertex 153.4 82.4 35.4
      vertex 144.47 82.0298 35.4
      vertex 145.522 81.8206 35.4
    endloop
  endfacet
  facet normal 0 0 1
    outer loop
      vertex 153.4 82.4 35.4
      vertex 143.4 82.1 35.4
      vertex 144.47 82.0298 35.4
    endloop
  endfacet
  facet normal 0 0 1
    outer loop
      vertex 135.27 74.9703 35.4
      vertex 133.4 82.4 35.4
      vertex 135.2 73.9 35.4
    endloop
  endfacet
  facet normal 0 0 1
    outer loop
      vertex 135.479 76.0223 35.4
      vertex 133.4 82.4 35.4
      vertex 135.27 74.9703 35.4
    endloop
  endfacet
  facet normal 0 0 1
    outer loop
      vertex 135.824 77.038 35.4
      vertex 133.4 82.4 35.4
      vertex 135.479 76.0223 35.4
    endloop
  endfacet
  facet normal 0 0 1
    outer loop
      vertex 136.299 78 35.4
      vertex 133.4 82.4 35.4
      vertex 135.824 77.038 35.4
    endloop
  endfacet
  facet normal 0 0 1
    outer loop
      vertex 136.895 78.8918 35.4
      vertex 133.4 82.4 35.4
      vertex 136.299 78 35.4
    endloop
  endfacet
  facet normal 0 0 1
    outer loop
      vertex 137.602 79.6983 35.4
      vertex 133.4 82.4 35.4
      vertex 136.895 78.8918 35.4
    endloop
  endfacet
  facet normal 0 0 1
    outer loop
      vertex 138.408 80.4055 35.4
      vertex 133.4 82.4 35.4
      vertex 137.602 79.6983 35.4
    endloop
  endfacet
  facet normal 0 0 1
    outer loop
      vertex 139.3 81.0014 35.4
      vertex 133.4 82.4 35.4
      vertex 138.408 80.4055 35.4
    endloop
  endfacet
  facet normal 0 0 1
    outer loop
      vertex 140.262 81.4758 35.4
      vertex 133.4 82.4 35.4
      vertex 139.3 81.0014 35.4
    endloop
  endfacet
  facet normal 0 0 1
    outer loop
      vertex 141.278 81.8206 35.4
      vertex 133.4 82.4 35.4
      vertex 140.262 81.4758 35.4
    endloop
  endfacet
  facet normal 0 0 1
    outer loop
      vertex 142.33 82.0298 35.4
      vertex 133.4 82.4 35.4
      vertex 141.278 81.8206 35.4
    endloop
  endfacet
  facet normal 0 0 1
    outer loop
      vertex 143.4 82.1 35.4
      vertex 133.4 82.4 35.4
      vertex 142.33 82.0298 35.4
    endloop
  endfacet
  facet normal -0 0 1
    outer loop
      vertex 133.4 82.4 35.4
      vertex 143.4 82.1 35.4
      vertex 153.4 82.4 35.4
    endloop
  endfacet
  facet normal -0 0 1
    outer loop
      vertex 151.53 72.8297 35.4
      vertex 153.4 63.9 35.4
      vertex 151.6 73.9 35.4
    endloop
  endfacet
  facet normal -0 0 1
    outer loop
      vertex 151.321 71.7777 35.4
      vertex 153.4 63.9 35.4
      vertex 151.53 72.8297 35.4
    endloop
  endfacet
  facet normal -0 0 1
    outer loop
      vertex 150.976 70.762 35.4
      vertex 153.4 63.9 35.4
      vertex 151.321 71.7777 35.4
    endloop
  endfacet
  facet normal -0 0 1
    outer loop
      vertex 150.501 69.8 35.4
      vertex 153.4 63.9 35.4
      vertex 150.976 70.762 35.4
    endloop
  endfacet
  facet normal -0 0 1
    outer loop
      vertex 149.906 68.9082 35.4
      vertex 153.4 63.9 35.4
      vertex 150.501 69.8 35.4
    endloop
  endfacet
  facet normal -0 0 1
    outer loop
      vertex 149.198 68.1017 35.4
      vertex 153.4 63.9 35.4
      vertex 149.906 68.9082 35.4
    endloop
  endfacet
  facet normal -0 0 1
    outer loop
      vertex 148.392 67.3945 35.4
      vertex 153.4 63.9 35.4
      vertex 149.198 68.1017 35.4
    endloop
  endfacet
  facet normal -0 0 1
    outer loop
      vertex 147.5 66.7986 35.4
      vertex 153.4 63.9 35.4
      vertex 148.392 67.3945 35.4
    endloop
  endfacet
  facet normal -0 0 1
    outer loop
      vertex 146.538 66.3242 35.4
      vertex 153.4 63.9 35.4
      vertex 147.5 66.7986 35.4
    endloop
  endfacet
  facet normal -0 0 1
    outer loop
      vertex 145.522 65.9794 35.4
      vertex 153.4 63.9 35.4
      vertex 146.538 66.3242 35.4
    endloop
  endfacet
  facet normal -0 0 1
    outer loop
      vertex 144.47 65.7701 35.4
      vertex 153.4 63.9 35.4
      vertex 145.522 65.9794 35.4
    endloop
  endfacet
  facet normal -0 0 1
    outer loop
      vertex 143.4 65.7 35.4
      vertex 153.4 63.9 35.4
      vertex 144.47 65.7701 35.4
    endloop
  endfacet
  facet normal 0 0 1
    outer loop
      vertex 133.4 63.9 35.4
      vertex 143.4 65.7 35.4
      vertex 142.33 65.7701 35.4
    endloop
  endfacet
  facet normal 0 0 1
    outer loop
      vertex 133.4 63.9 35.4
      vertex 135.2 73.9 35.4
      vertex 133.4 82.4 35.4
    endloop
  endfacet
  facet normal 0 0 1
    outer loop
      vertex 143.4 65.7 35.4
      vertex 133.4 63.9 35.4
      vertex 153.4 63.9 35.4
    endloop
  endfacet
  facet normal 0 0 1
    outer loop
      vertex 141.278 65.9794 35.4
      vertex 133.4 63.9 35.4
      vertex 142.33 65.7701 35.4
    endloop
  endfacet
  facet normal 0 0 1
    outer loop
      vertex 140.262 66.3242 35.4
      vertex 133.4 63.9 35.4
      vertex 141.278 65.9794 35.4
    endloop
  endfacet
  facet normal 0 0 1
    outer loop
      vertex 139.3 66.7986 35.4
      vertex 133.4 63.9 35.4
      vertex 140.262 66.3242 35.4
    endloop
  endfacet
  facet normal 0 0 1
    outer loop
      vertex 138.408 67.3945 35.4
      vertex 133.4 63.9 35.4
      vertex 139.3 66.7986 35.4
    endloop
  endfacet
  facet normal 0 0 1
    outer loop
      vertex 137.602 68.1017 35.4
      vertex 133.4 63.9 35.4
      vertex 138.408 67.3945 35.4
    endloop
  endfacet
  facet normal 0 0 1
    outer loop
      vertex 136.895 68.9082 35.4
      vertex 133.4 63.9 35.4
      vertex 137.602 68.1017 35.4
    endloop
  endfacet
  facet normal 0 0 1
    outer loop
      vertex 136.299 69.8 35.4
      vertex 133.4 63.9 35.4
      vertex 136.895 68.9082 35.4
    endloop
  endfacet
  facet normal 0 0 1
    outer loop
      vertex 135.824 70.762 35.4
      vertex 133.4 63.9 35.4
      vertex 136.299 69.8 35.4
    endloop
  endfacet
  facet normal 0 0 1
    outer loop
      vertex 135.479 71.7777 35.4
      vertex 133.4 63.9 35.4
      vertex 135.824 70.762 35.4
    endloop
  endfacet
  facet normal 0 0 1
    outer loop
      vertex 135.27 72.8297 35.4
      vertex 133.4 63.9 35.4
      vertex 135.479 71.7777 35.4
    endloop
  endfacet
  facet normal 0 0 1
    outer loop
      vertex 135.2 73.9 35.4
      vertex 133.4 63.9 35.4
      vertex 135.27 72.8297 35.4
    endloop
  endfacet
  facet normal -1 0 0
    outer loop
      vertex 133.4 63.9 31.4
      vertex 133.4 82.4 35.4
      vertex 133.4 82.4 12.9
    endloop
  endfacet
  facet normal -1 -0 0
    outer loop
      vertex 133.4 82.4 35.4
      vertex 133.4 63.9 31.4
      vertex 133.4 63.9 35.4
    endloop
  endfacet
  facet normal 0 1 -0
    outer loop
      vertex 153.4 82.4 12.9
      vertex 133.4 82.4 35.4
      vertex 153.4 82.4 35.4
    endloop
  endfacet
  facet normal 0 1 0
    outer loop
      vertex 133.4 82.4 35.4
      vertex 153.4 82.4 12.9
      vertex 133.4 82.4 12.9
    endloop
  endfacet
  facet normal -0.980831 -0.194861 0
    outer loop
      vertex 151.53 74.9703 34.2
      vertex 151.321 76.0223 35.4
      vertex 151.321 76.0223 34.2
    endloop
  endfacet
  facet normal -0.980831 -0.194861 0
    outer loop
      vertex 151.321 76.0223 35.4
      vertex 151.53 74.9703 34.2
      vertex 151.53 74.9703 35.4
    endloop
  endfacet
  facet normal -0.997868 -0.0652628 0
    outer loop
      vertex 151.6 73.9 34.2
      vertex 151.53 74.9703 35.4
      vertex 151.53 74.9703 34.2
    endloop
  endfacet
  facet normal -0.997868 -0.0652628 0
    outer loop
      vertex 151.53 74.9703 35.4
      vertex 151.6 73.9 34.2
      vertex 151.6 73.9 35.4
    endloop
  endfacet
  facet normal -0.946869 -0.32162 0
    outer loop
      vertex 151.321 76.0223 34.2
      vertex 150.976 77.038 35.4
      vertex 150.976 77.038 34.2
    endloop
  endfacet
  facet normal -0.946869 -0.32162 0
    outer loop
      vertex 150.976 77.038 35.4
      vertex 151.321 76.0223 34.2
      vertex 151.321 76.0223 35.4
    endloop
  endfacet
  facet normal -0.442284 0.896875 0
    outer loop
      vertex 147.5 66.7986 34.2
      vertex 146.538 66.3242 35.4
      vertex 147.5 66.7986 35.4
    endloop
  endfacet
  facet normal -0.442284 0.896875 0
    outer loop
      vertex 146.538 66.3242 35.4
      vertex 147.5 66.7986 34.2
      vertex 146.538 66.3242 34.2
    endloop
  endfacet
  facet normal -0.751508 0.659724 0
    outer loop
      vertex 149.198 68.1017 34.2
      vertex 149.906 68.9082 35.4
      vertex 149.906 68.9082 34.2
    endloop
  endfacet
  facet normal -0.751508 0.659724 0
    outer loop
      vertex 149.906 68.9082 35.4
      vertex 149.198 68.1017 34.2
      vertex 149.198 68.1017 35.4
    endloop
  endfacet
  facet normal 0.997868 0.0652628 0
    outer loop
      vertex 135.27 72.8297 35.4
      vertex 135.2 73.9 34.2
      vertex 135.2 73.9 35.4
    endloop
  endfacet
  facet normal 0.997868 0.0652628 0
    outer loop
      vertex 135.2 73.9 34.2
      vertex 135.27 72.8297 35.4
      vertex 135.27 72.8297 34.2
    endloop
  endfacet
  facet normal -0.555496 0.831519 0
    outer loop
      vertex 148.392 67.3945 34.2
      vertex 147.5 66.7986 35.4
      vertex 148.392 67.3945 35.4
    endloop
  endfacet
  facet normal -0.555496 0.831519 0
    outer loop
      vertex 147.5 66.7986 35.4
      vertex 148.392 67.3945 34.2
      vertex 147.5 66.7986 34.2
    endloop
  endfacet
  facet normal 0.0654667 -0.997855 0
    outer loop
      vertex 142.33 82.0298 34.2
      vertex 143.4 82.1 35.4
      vertex 142.33 82.0298 35.4
    endloop
  endfacet
  facet normal 0.0654667 -0.997855 0
    outer loop
      vertex 143.4 82.1 35.4
      vertex 142.33 82.0298 34.2
      vertex 143.4 82.1 34.2
    endloop
  endfacet
  facet normal -0.896653 0.442734 0
    outer loop
      vertex 150.501 69.8 34.2
      vertex 150.976 70.762 35.4
      vertex 150.976 70.762 34.2
    endloop
  endfacet
  facet normal -0.896653 0.442734 0
    outer loop
      vertex 150.976 70.762 35.4
      vertex 150.501 69.8 34.2
      vertex 150.501 69.8 35.4
    endloop
  endfacet
  facet normal -0.0654667 -0.997855 0
    outer loop
      vertex 143.4 82.1 34.2
      vertex 144.47 82.0298 35.4
      vertex 143.4 82.1 35.4
    endloop
  endfacet
  facet normal -0.0654667 -0.997855 -0
    outer loop
      vertex 144.47 82.0298 35.4
      vertex 143.4 82.1 34.2
      vertex 144.47 82.0298 34.2
    endloop
  endfacet
  facet normal -0.321368 0.946954 0
    outer loop
      vertex 146.538 66.3242 34.2
      vertex 145.522 65.9794 35.4
      vertex 146.538 66.3242 35.4
    endloop
  endfacet
  facet normal -0.321368 0.946954 0
    outer loop
      vertex 145.522 65.9794 35.4
      vertex 146.538 66.3242 34.2
      vertex 145.522 65.9794 34.2
    endloop
  endfacet
  facet normal -0.442284 -0.896875 0
    outer loop
      vertex 146.538 81.4758 34.2
      vertex 147.5 81.0014 35.4
      vertex 146.538 81.4758 35.4
    endloop
  endfacet
  facet normal -0.442284 -0.896875 -0
    outer loop
      vertex 147.5 81.0014 35.4
      vertex 146.538 81.4758 34.2
      vertex 147.5 81.0014 34.2
    endloop
  endfacet
  facet normal -0.0653739 0.997861 0
    outer loop
      vertex 144.47 65.7701 34.2
      vertex 143.4 65.7 35.4
      vertex 144.47 65.7701 35.4
    endloop
  endfacet
  facet normal -0.0653739 0.997861 0
    outer loop
      vertex 143.4 65.7 35.4
      vertex 144.47 65.7701 34.2
      vertex 143.4 65.7 34.2
    endloop
  endfacet
  facet normal -0.659534 -0.751675 0
    outer loop
      vertex 148.392 80.4055 34.2
      vertex 149.198 79.6983 35.4
      vertex 148.392 80.4055 35.4
    endloop
  endfacet
  facet normal -0.659534 -0.751675 -0
    outer loop
      vertex 149.198 79.6983 35.4
      vertex 148.392 80.4055 34.2
      vertex 149.198 79.6983 34.2
    endloop
  endfacet
  facet normal -0.896653 -0.442734 0
    outer loop
      vertex 150.976 77.038 34.2
      vertex 150.501 78 35.4
      vertex 150.501 78 34.2
    endloop
  endfacet
  facet normal -0.896653 -0.442734 0
    outer loop
      vertex 150.501 78 35.4
      vertex 150.976 77.038 34.2
      vertex 150.976 77.038 35.4
    endloop
  endfacet
  facet normal -0.831849 0.555002 0
    outer loop
      vertex 149.906 68.9082 34.2
      vertex 150.501 69.8 35.4
      vertex 150.501 69.8 34.2
    endloop
  endfacet
  facet normal -0.831849 0.555002 0
    outer loop
      vertex 150.501 69.8 35.4
      vertex 149.906 68.9082 34.2
      vertex 149.906 68.9082 35.4
    endloop
  endfacet
  facet normal -0.831849 -0.555002 0
    outer loop
      vertex 150.501 78 34.2
      vertex 149.906 78.8918 35.4
      vertex 149.906 78.8918 34.2
    endloop
  endfacet
  facet normal -0.831849 -0.555002 0
    outer loop
      vertex 149.906 78.8918 35.4
      vertex 150.501 78 34.2
      vertex 150.501 78 35.4
    endloop
  endfacet
  facet normal 0.659534 -0.751675 0
    outer loop
      vertex 137.602 79.6983 34.2
      vertex 138.408 80.4055 35.4
      vertex 137.602 79.6983 35.4
    endloop
  endfacet
  facet normal 0.659534 -0.751675 0
    outer loop
      vertex 138.408 80.4055 35.4
      vertex 137.602 79.6983 34.2
      vertex 138.408 80.4055 34.2
    endloop
  endfacet
  facet normal 0.997868 -0.0652628 0
    outer loop
      vertex 135.2 73.9 35.4
      vertex 135.27 74.9703 34.2
      vertex 135.27 74.9703 35.4
    endloop
  endfacet
  facet normal 0.997868 -0.0652628 0
    outer loop
      vertex 135.27 74.9703 34.2
      vertex 135.2 73.9 35.4
      vertex 135.2 73.9 34.2
    endloop
  endfacet
  facet normal 0.555496 0.831519 -0
    outer loop
      vertex 139.3 66.7986 34.2
      vertex 138.408 67.3945 35.4
      vertex 139.3 66.7986 35.4
    endloop
  endfacet
  facet normal 0.555496 0.831519 0
    outer loop
      vertex 138.408 67.3945 35.4
      vertex 139.3 66.7986 34.2
      vertex 138.408 67.3945 34.2
    endloop
  endfacet
  facet normal 0.321368 0.946954 -0
    outer loop
      vertex 141.278 65.9794 34.2
      vertex 140.262 66.3242 35.4
      vertex 141.278 65.9794 35.4
    endloop
  endfacet
  facet normal 0.321368 0.946954 0
    outer loop
      vertex 140.262 66.3242 35.4
      vertex 141.278 65.9794 34.2
      vertex 140.262 66.3242 34.2
    endloop
  endfacet
  facet normal -0.997868 0.0652628 0
    outer loop
      vertex 151.53 72.8297 34.2
      vertex 151.6 73.9 35.4
      vertex 151.6 73.9 34.2
    endloop
  endfacet
  facet normal -0.997868 0.0652628 0
    outer loop
      vertex 151.6 73.9 35.4
      vertex 151.53 72.8297 34.2
      vertex 151.53 72.8297 35.4
    endloop
  endfacet
  facet normal 0.442284 -0.896875 0
    outer loop
      vertex 139.3 81.0014 34.2
      vertex 140.262 81.4758 35.4
      vertex 139.3 81.0014 35.4
    endloop
  endfacet
  facet normal 0.442284 -0.896875 0
    outer loop
      vertex 140.262 81.4758 35.4
      vertex 139.3 81.0014 34.2
      vertex 140.262 81.4758 34.2
    endloop
  endfacet
  facet normal 0.19504 -0.980795 0
    outer loop
      vertex 141.278 81.8206 34.2
      vertex 142.33 82.0298 35.4
      vertex 141.278 81.8206 35.4
    endloop
  endfacet
  facet normal 0.19504 -0.980795 0
    outer loop
      vertex 142.33 82.0298 35.4
      vertex 141.278 81.8206 34.2
      vertex 142.33 82.0298 34.2
    endloop
  endfacet
  facet normal -0.980831 0.194861 0
    outer loop
      vertex 151.321 71.7777 34.2
      vertex 151.53 72.8297 35.4
      vertex 151.53 72.8297 34.2
    endloop
  endfacet
  facet normal -0.980831 0.194861 0
    outer loop
      vertex 151.53 72.8297 35.4
      vertex 151.321 71.7777 34.2
      vertex 151.321 71.7777 35.4
    endloop
  endfacet
  facet normal 0.946869 0.32162 0
    outer loop
      vertex 135.824 70.762 35.4
      vertex 135.479 71.7777 34.2
      vertex 135.479 71.7777 35.4
    endloop
  endfacet
  facet normal 0.946869 0.32162 0
    outer loop
      vertex 135.479 71.7777 34.2
      vertex 135.824 70.762 35.4
      vertex 135.824 70.762 34.2
    endloop
  endfacet
  facet normal -0.321368 -0.946954 0
    outer loop
      vertex 145.522 81.8206 34.2
      vertex 146.538 81.4758 35.4
      vertex 145.522 81.8206 35.4
    endloop
  endfacet
  facet normal -0.321368 -0.946954 -0
    outer loop
      vertex 146.538 81.4758 35.4
      vertex 145.522 81.8206 34.2
      vertex 146.538 81.4758 34.2
    endloop
  endfacet
  facet normal 0.442284 0.896875 -0
    outer loop
      vertex 140.262 66.3242 34.2
      vertex 139.3 66.7986 35.4
      vertex 140.262 66.3242 35.4
    endloop
  endfacet
  facet normal 0.442284 0.896875 0
    outer loop
      vertex 139.3 66.7986 35.4
      vertex 140.262 66.3242 34.2
      vertex 139.3 66.7986 34.2
    endloop
  endfacet
  facet normal 0.980831 -0.194861 0
    outer loop
      vertex 135.27 74.9703 35.4
      vertex 135.479 76.0223 34.2
      vertex 135.479 76.0223 35.4
    endloop
  endfacet
  facet normal 0.980831 -0.194861 0
    outer loop
      vertex 135.479 76.0223 34.2
      vertex 135.27 74.9703 35.4
      vertex 135.27 74.9703 34.2
    endloop
  endfacet
  facet normal 0.0653739 0.997861 -0
    outer loop
      vertex 143.4 65.7 34.2
      vertex 142.33 65.7701 35.4
      vertex 143.4 65.7 35.4
    endloop
  endfacet
  facet normal 0.0653739 0.997861 0
    outer loop
      vertex 142.33 65.7701 35.4
      vertex 143.4 65.7 34.2
      vertex 142.33 65.7701 34.2
    endloop
  endfacet
  facet normal -0.751508 -0.659724 0
    outer loop
      vertex 149.906 78.8918 34.2
      vertex 149.198 79.6983 35.4
      vertex 149.198 79.6983 34.2
    endloop
  endfacet
  facet normal -0.751508 -0.659724 0
    outer loop
      vertex 149.198 79.6983 35.4
      vertex 149.906 78.8918 34.2
      vertex 149.906 78.8918 35.4
    endloop
  endfacet
  facet normal 0.75197 0.659197 0
    outer loop
      vertex 137.602 68.1017 35.4
      vertex 136.895 68.9082 34.2
      vertex 136.895 68.9082 35.4
    endloop
  endfacet
  facet normal 0.75197 0.659197 0
    outer loop
      vertex 136.895 68.9082 34.2
      vertex 137.602 68.1017 35.4
      vertex 137.602 68.1017 34.2
    endloop
  endfacet
  facet normal 0.946869 -0.32162 0
    outer loop
      vertex 135.479 76.0223 35.4
      vertex 135.824 77.038 34.2
      vertex 135.824 77.038 35.4
    endloop
  endfacet
  facet normal 0.946869 -0.32162 0
    outer loop
      vertex 135.824 77.038 34.2
      vertex 135.479 76.0223 35.4
      vertex 135.479 76.0223 34.2
    endloop
  endfacet
  facet normal -0.946869 0.32162 0
    outer loop
      vertex 150.976 70.762 34.2
      vertex 151.321 71.7777 35.4
      vertex 151.321 71.7777 34.2
    endloop
  endfacet
  facet normal -0.946869 0.32162 0
    outer loop
      vertex 151.321 71.7777 35.4
      vertex 150.976 70.762 34.2
      vertex 150.976 70.762 35.4
    endloop
  endfacet
  facet normal 0.980831 0.194861 0
    outer loop
      vertex 135.479 71.7777 35.4
      vertex 135.27 72.8297 34.2
      vertex 135.27 72.8297 35.4
    endloop
  endfacet
  facet normal 0.980831 0.194861 0
    outer loop
      vertex 135.27 72.8297 34.2
      vertex 135.479 71.7777 35.4
      vertex 135.479 71.7777 34.2
    endloop
  endfacet
  facet normal -0.555496 -0.831519 0
    outer loop
      vertex 147.5 81.0014 34.2
      vertex 148.392 80.4055 35.4
      vertex 147.5 81.0014 35.4
    endloop
  endfacet
  facet normal -0.555496 -0.831519 -0
    outer loop
      vertex 148.392 80.4055 35.4
      vertex 147.5 81.0014 34.2
      vertex 148.392 80.4055 34.2
    endloop
  endfacet
  facet normal -0.19513 0.980777 0
    outer loop
      vertex 145.522 65.9794 34.2
      vertex 144.47 65.7701 35.4
      vertex 145.522 65.9794 35.4
    endloop
  endfacet
  facet normal -0.19513 0.980777 0
    outer loop
      vertex 144.47 65.7701 35.4
      vertex 145.522 65.9794 34.2
      vertex 144.47 65.7701 34.2
    endloop
  endfacet
  facet normal -0.659534 0.751675 0
    outer loop
      vertex 149.198 68.1017 34.2
      vertex 148.392 67.3945 35.4
      vertex 149.198 68.1017 35.4
    endloop
  endfacet
  facet normal -0.659534 0.751675 0
    outer loop
      vertex 148.392 67.3945 35.4
      vertex 149.198 68.1017 34.2
      vertex 148.392 67.3945 34.2
    endloop
  endfacet
  facet normal 0.555496 -0.831519 0
    outer loop
      vertex 138.408 80.4055 34.2
      vertex 139.3 81.0014 35.4
      vertex 138.408 80.4055 35.4
    endloop
  endfacet
  facet normal 0.555496 -0.831519 0
    outer loop
      vertex 139.3 81.0014 35.4
      vertex 138.408 80.4055 34.2
      vertex 139.3 81.0014 34.2
    endloop
  endfacet
  facet normal 0.659534 0.751675 -0
    outer loop
      vertex 138.408 67.3945 34.2
      vertex 137.602 68.1017 35.4
      vertex 138.408 67.3945 35.4
    endloop
  endfacet
  facet normal 0.659534 0.751675 0
    outer loop
      vertex 137.602 68.1017 35.4
      vertex 138.408 67.3945 34.2
      vertex 137.602 68.1017 34.2
    endloop
  endfacet
  facet normal 0.321368 -0.946954 0
    outer loop
      vertex 140.262 81.4758 34.2
      vertex 141.278 81.8206 35.4
      vertex 140.262 81.4758 35.4
    endloop
  endfacet
  facet normal 0.321368 -0.946954 0
    outer loop
      vertex 141.278 81.8206 35.4
      vertex 140.262 81.4758 34.2
      vertex 141.278 81.8206 34.2
    endloop
  endfacet
  facet normal 0.19513 0.980777 -0
    outer loop
      vertex 142.33 65.7701 34.2
      vertex 141.278 65.9794 35.4
      vertex 142.33 65.7701 35.4
    endloop
  endfacet
  facet normal 0.19513 0.980777 0
    outer loop
      vertex 141.278 65.9794 35.4
      vertex 142.33 65.7701 34.2
      vertex 141.278 65.9794 34.2
    endloop
  endfacet
  facet normal 0.831419 0.555646 0
    outer loop
      vertex 136.895 68.9082 35.4
      vertex 136.299 69.8 34.2
      vertex 136.299 69.8 35.4
    endloop
  endfacet
  facet normal 0.831419 0.555646 0
    outer loop
      vertex 136.299 69.8 34.2
      vertex 136.895 68.9082 35.4
      vertex 136.895 68.9082 34.2
    endloop
  endfacet
  facet normal 0 0 1
    outer loop
      vertex 151.53 74.9703 34.2
      vertex 151.53 72.8297 34.2
      vertex 151.6 73.9 34.2
    endloop
  endfacet
  facet normal 0 0 1
    outer loop
      vertex 151.321 76.0223 34.2
      vertex 151.53 72.8297 34.2
      vertex 151.53 74.9703 34.2
    endloop
  endfacet
  facet normal 0 0 1
    outer loop
      vertex 151.321 76.0223 34.2
      vertex 151.321 71.7777 34.2
      vertex 151.53 72.8297 34.2
    endloop
  endfacet
  facet normal 0 0 1
    outer loop
      vertex 150.976 77.038 34.2
      vertex 151.321 71.7777 34.2
      vertex 151.321 76.0223 34.2
    endloop
  endfacet
  facet normal 0 0 1
    outer loop
      vertex 150.976 77.038 34.2
      vertex 150.976 70.762 34.2
      vertex 151.321 71.7777 34.2
    endloop
  endfacet
  facet normal 0 0 1
    outer loop
      vertex 150.501 78 34.2
      vertex 150.976 70.762 34.2
      vertex 150.976 77.038 34.2
    endloop
  endfacet
  facet normal 0 0 1
    outer loop
      vertex 150.501 78 34.2
      vertex 150.501 69.8 34.2
      vertex 150.976 70.762 34.2
    endloop
  endfacet
  facet normal 0 0 1
    outer loop
      vertex 149.906 78.8918 34.2
      vertex 150.501 69.8 34.2
      vertex 150.501 78 34.2
    endloop
  endfacet
  facet normal 0 0 1
    outer loop
      vertex 149.906 78.8918 34.2
      vertex 149.906 68.9082 34.2
      vertex 150.501 69.8 34.2
    endloop
  endfacet
  facet normal 0 0 1
    outer loop
      vertex 149.198 79.6983 34.2
      vertex 149.906 68.9082 34.2
      vertex 149.906 78.8918 34.2
    endloop
  endfacet
  facet normal 0 0 1
    outer loop
      vertex 149.198 79.6983 34.2
      vertex 149.198 68.1017 34.2
      vertex 149.906 68.9082 34.2
    endloop
  endfacet
  facet normal 0 0 1
    outer loop
      vertex 148.392 80.4055 34.2
      vertex 149.198 68.1017 34.2
      vertex 149.198 79.6983 34.2
    endloop
  endfacet
  facet normal 0 0 1
    outer loop
      vertex 148.392 80.4055 34.2
      vertex 148.392 67.3945 34.2
      vertex 149.198 68.1017 34.2
    endloop
  endfacet
  facet normal 0 0 1
    outer loop
      vertex 147.5 81.0014 34.2
      vertex 148.392 67.3945 34.2
      vertex 148.392 80.4055 34.2
    endloop
  endfacet
  facet normal 0 0 1
    outer loop
      vertex 147.5 81.0014 34.2
      vertex 147.5 66.7986 34.2
      vertex 148.392 67.3945 34.2
    endloop
  endfacet
  facet normal 0 0 1
    outer loop
      vertex 146.538 81.4758 34.2
      vertex 147.5 66.7986 34.2
      vertex 147.5 81.0014 34.2
    endloop
  endfacet
  facet normal 0 0 1
    outer loop
      vertex 146.538 81.4758 34.2
      vertex 146.538 66.3242 34.2
      vertex 147.5 66.7986 34.2
    endloop
  endfacet
  facet normal 0 0 1
    outer loop
      vertex 145.522 81.8206 34.2
      vertex 146.538 66.3242 34.2
      vertex 146.538 81.4758 34.2
    endloop
  endfacet
  facet normal 0 0 1
    outer loop
      vertex 145.522 81.8206 34.2
      vertex 145.522 65.9794 34.2
      vertex 146.538 66.3242 34.2
    endloop
  endfacet
  facet normal 0 0 1
    outer loop
      vertex 144.47 82.0298 34.2
      vertex 145.522 65.9794 34.2
      vertex 145.522 81.8206 34.2
    endloop
  endfacet
  facet normal 0 0 1
    outer loop
      vertex 144.47 82.0298 34.2
      vertex 144.47 65.7701 34.2
      vertex 145.522 65.9794 34.2
    endloop
  endfacet
  facet normal 0 0 1
    outer loop
      vertex 143.4 82.1 34.2
      vertex 144.47 65.7701 34.2
      vertex 144.47 82.0298 34.2
    endloop
  endfacet
  facet normal 0 0 1
    outer loop
      vertex 143.4 82.1 34.2
      vertex 143.4 65.7 34.2
      vertex 144.47 65.7701 34.2
    endloop
  endfacet
  facet normal -0 0 1
    outer loop
      vertex 142.33 82.0298 34.2
      vertex 143.4 65.7 34.2
      vertex 143.4 82.1 34.2
    endloop
  endfacet
  facet normal 0 0 1
    outer loop
      vertex 142.33 82.0298 34.2
      vertex 142.33 65.7701 34.2
      vertex 143.4 65.7 34.2
    endloop
  endfacet
  facet normal -0 0 1
    outer loop
      vertex 141.278 81.8206 34.2
      vertex 142.33 65.7701 34.2
      vertex 142.33 82.0298 34.2
    endloop
  endfacet
  facet normal 0 0 1
    outer loop
      vertex 141.278 81.8206 34.2
      vertex 141.278 65.9794 34.2
      vertex 142.33 65.7701 34.2
    endloop
  endfacet
  facet normal -0 0 1
    outer loop
      vertex 140.262 81.4758 34.2
      vertex 141.278 65.9794 34.2
      vertex 141.278 81.8206 34.2
    endloop
  endfacet
  facet normal 0 0 1
    outer loop
      vertex 140.262 81.4758 34.2
      vertex 140.262 66.3242 34.2
      vertex 141.278 65.9794 34.2
    endloop
  endfacet
  facet normal -0 0 1
    outer loop
      vertex 139.3 81.0014 34.2
      vertex 140.262 66.3242 34.2
      vertex 140.262 81.4758 34.2
    endloop
  endfacet
  facet normal 0 0 1
    outer loop
      vertex 139.3 81.0014 34.2
      vertex 139.3 66.7986 34.2
      vertex 140.262 66.3242 34.2
    endloop
  endfacet
  facet normal -0 0 1
    outer loop
      vertex 138.408 80.4055 34.2
      vertex 139.3 66.7986 34.2
      vertex 139.3 81.0014 34.2
    endloop
  endfacet
  facet normal 0 0 1
    outer loop
      vertex 138.408 80.4055 34.2
      vertex 138.408 67.3945 34.2
      vertex 139.3 66.7986 34.2
    endloop
  endfacet
  facet normal -0 0 1
    outer loop
      vertex 137.602 79.6983 34.2
      vertex 138.408 67.3945 34.2
      vertex 138.408 80.4055 34.2
    endloop
  endfacet
  facet normal 0 0 1
    outer loop
      vertex 137.602 79.6983 34.2
      vertex 137.602 68.1017 34.2
      vertex 138.408 67.3945 34.2
    endloop
  endfacet
  facet normal -0 0 1
    outer loop
      vertex 136.895 78.8918 34.2
      vertex 137.602 68.1017 34.2
      vertex 137.602 79.6983 34.2
    endloop
  endfacet
  facet normal 0 0 1
    outer loop
      vertex 136.895 78.8918 34.2
      vertex 136.895 68.9082 34.2
      vertex 137.602 68.1017 34.2
    endloop
  endfacet
  facet normal -0 0 1
    outer loop
      vertex 136.299 78 34.2
      vertex 136.895 68.9082 34.2
      vertex 136.895 78.8918 34.2
    endloop
  endfacet
  facet normal 0 0 1
    outer loop
      vertex 136.299 78 34.2
      vertex 136.299 69.8 34.2
      vertex 136.895 68.9082 34.2
    endloop
  endfacet
  facet normal -0 0 1
    outer loop
      vertex 135.824 77.038 34.2
      vertex 136.299 69.8 34.2
      vertex 136.299 78 34.2
    endloop
  endfacet
  facet normal 0 0 1
    outer loop
      vertex 135.824 77.038 34.2
      vertex 135.824 70.762 34.2
      vertex 136.299 69.8 34.2
    endloop
  endfacet
  facet normal -0 0 1
    outer loop
      vertex 135.479 76.0223 34.2
      vertex 135.824 70.762 34.2
      vertex 135.824 77.038 34.2
    endloop
  endfacet
  facet normal 0 0 1
    outer loop
      vertex 135.479 76.0223 34.2
      vertex 135.479 71.7777 34.2
      vertex 135.824 70.762 34.2
    endloop
  endfacet
  facet normal -0 0 1
    outer loop
      vertex 135.27 74.9703 34.2
      vertex 135.479 71.7777 34.2
      vertex 135.479 76.0223 34.2
    endloop
  endfacet
  facet normal 0 0 1
    outer loop
      vertex 135.27 74.9703 34.2
      vertex 135.27 72.8297 34.2
      vertex 135.479 71.7777 34.2
    endloop
  endfacet
  facet normal 0 -0 1
    outer loop
      vertex 135.27 72.8297 34.2
      vertex 135.27 74.9703 34.2
      vertex 135.2 73.9 34.2
    endloop
  endfacet
  facet normal 0.75197 -0.659197 0
    outer loop
      vertex 136.895 78.8918 35.4
      vertex 137.602 79.6983 34.2
      vertex 137.602 79.6983 35.4
    endloop
  endfacet
  facet normal 0.75197 -0.659197 0
    outer loop
      vertex 137.602 79.6983 34.2
      vertex 136.895 78.8918 35.4
      vertex 136.895 78.8918 34.2
    endloop
  endfacet
  facet normal 0.896653 0.442734 0
    outer loop
      vertex 136.299 69.8 35.4
      vertex 135.824 70.762 34.2
      vertex 135.824 70.762 35.4
    endloop
  endfacet
  facet normal 0.896653 0.442734 0
    outer loop
      vertex 135.824 70.762 34.2
      vertex 136.299 69.8 35.4
      vertex 136.299 69.8 34.2
    endloop
  endfacet
  facet normal -0.19504 -0.980795 0
    outer loop
      vertex 144.47 82.0298 34.2
      vertex 145.522 81.8206 35.4
      vertex 144.47 82.0298 35.4
    endloop
  endfacet
  facet normal -0.19504 -0.980795 -0
    outer loop
      vertex 145.522 81.8206 35.4
      vertex 144.47 82.0298 34.2
      vertex 145.522 81.8206 34.2
    endloop
  endfacet
  facet normal 0.896653 -0.442734 0
    outer loop
      vertex 135.824 77.038 35.4
      vertex 136.299 78 34.2
      vertex 136.299 78 35.4
    endloop
  endfacet
  facet normal 0.896653 -0.442734 0
    outer loop
      vertex 136.299 78 34.2
      vertex 135.824 77.038 35.4
      vertex 135.824 77.038 34.2
    endloop
  endfacet
  facet normal 0.831419 -0.555646 0
    outer loop
      vertex 136.299 78 35.4
      vertex 136.895 78.8918 34.2
      vertex 136.895 78.8918 35.4
    endloop
  endfacet
  facet normal 0.831419 -0.555646 0
    outer loop
      vertex 136.895 78.8918 34.2
      vertex 136.299 78 35.4
      vertex 136.299 78 34.2
    endloop
  endfacet
  facet normal 0 0 1
    outer loop
      vertex 28.4 20.9 35.4
      vertex 26.6 10.9 35.4
      vertex 28.4 2.4 35.4
    endloop
  endfacet
  facet normal 0 0 1
    outer loop
      vertex 28.4 20.9 35.4
      vertex 26.5298 11.9703 35.4
      vertex 26.6 10.9 35.4
    endloop
  endfacet
  facet normal 0 0 1
    outer loop
      vertex 28.4 20.9 35.4
      vertex 26.3206 13.0223 35.4
      vertex 26.5298 11.9703 35.4
    endloop
  endfacet
  facet normal 0 0 1
    outer loop
      vertex 28.4 20.9 35.4
      vertex 25.9758 14.038 35.4
      vertex 26.3206 13.0223 35.4
    endloop
  endfacet
  facet normal 0 0 1
    outer loop
      vertex 28.4 20.9 35.4
      vertex 25.5014 15 35.4
      vertex 25.9758 14.038 35.4
    endloop
  endfacet
  facet normal 0 0 1
    outer loop
      vertex 28.4 20.9 35.4
      vertex 24.9055 15.8918 35.4
      vertex 25.5014 15 35.4
    endloop
  endfacet
  facet normal 0 0 1
    outer loop
      vertex 28.4 20.9 35.4
      vertex 24.1983 16.6983 35.4
      vertex 24.9055 15.8918 35.4
    endloop
  endfacet
  facet normal 0 0 1
    outer loop
      vertex 28.4 20.9 35.4
      vertex 23.3918 17.4055 35.4
      vertex 24.1983 16.6983 35.4
    endloop
  endfacet
  facet normal 0 0 1
    outer loop
      vertex 28.4 20.9 35.4
      vertex 22.5 18.0014 35.4
      vertex 23.3918 17.4055 35.4
    endloop
  endfacet
  facet normal 0 0 1
    outer loop
      vertex 28.4 20.9 35.4
      vertex 21.538 18.4758 35.4
      vertex 22.5 18.0014 35.4
    endloop
  endfacet
  facet normal 0 0 1
    outer loop
      vertex 28.4 20.9 35.4
      vertex 20.5223 18.8206 35.4
      vertex 21.538 18.4758 35.4
    endloop
  endfacet
  facet normal 0 0 1
    outer loop
      vertex 28.4 20.9 35.4
      vertex 19.4703 19.0298 35.4
      vertex 20.5223 18.8206 35.4
    endloop
  endfacet
  facet normal 0 0 1
    outer loop
      vertex 28.4 20.9 35.4
      vertex 18.4 19.1 35.4
      vertex 19.4703 19.0298 35.4
    endloop
  endfacet
  facet normal -0 0 1
    outer loop
      vertex 8.4 20.9 35.4
      vertex 18.4 19.1 35.4
      vertex 28.4 20.9 35.4
    endloop
  endfacet
  facet normal 0 0 1
    outer loop
      vertex 10.2702 11.9703 35.4
      vertex 8.4 20.9 35.4
      vertex 10.2 10.9 35.4
    endloop
  endfacet
  facet normal 0 0 1
    outer loop
      vertex 10.4794 13.0223 35.4
      vertex 8.4 20.9 35.4
      vertex 10.2702 11.9703 35.4
    endloop
  endfacet
  facet normal 0 0 1
    outer loop
      vertex 10.8242 14.038 35.4
      vertex 8.4 20.9 35.4
      vertex 10.4794 13.0223 35.4
    endloop
  endfacet
  facet normal 0 0 1
    outer loop
      vertex 11.2986 15 35.4
      vertex 8.4 20.9 35.4
      vertex 10.8242 14.038 35.4
    endloop
  endfacet
  facet normal 0 0 1
    outer loop
      vertex 11.8945 15.8918 35.4
      vertex 8.4 20.9 35.4
      vertex 11.2986 15 35.4
    endloop
  endfacet
  facet normal 0 0 1
    outer loop
      vertex 12.6017 16.6983 35.4
      vertex 8.4 20.9 35.4
      vertex 11.8945 15.8918 35.4
    endloop
  endfacet
  facet normal 0 0 1
    outer loop
      vertex 13.4082 17.4055 35.4
      vertex 8.4 20.9 35.4
      vertex 12.6017 16.6983 35.4
    endloop
  endfacet
  facet normal 0 0 1
    outer loop
      vertex 14.3 18.0014 35.4
      vertex 8.4 20.9 35.4
      vertex 13.4082 17.4055 35.4
    endloop
  endfacet
  facet normal 0 0 1
    outer loop
      vertex 15.262 18.4758 35.4
      vertex 8.4 20.9 35.4
      vertex 14.3 18.0014 35.4
    endloop
  endfacet
  facet normal 0 0 1
    outer loop
      vertex 16.2777 18.8206 35.4
      vertex 8.4 20.9 35.4
      vertex 15.262 18.4758 35.4
    endloop
  endfacet
  facet normal 0 0 1
    outer loop
      vertex 17.3297 19.0298 35.4
      vertex 8.4 20.9 35.4
      vertex 16.2777 18.8206 35.4
    endloop
  endfacet
  facet normal 0 0 1
    outer loop
      vertex 18.4 19.1 35.4
      vertex 8.4 20.9 35.4
      vertex 17.3297 19.0298 35.4
    endloop
  endfacet
  facet normal -0 0 1
    outer loop
      vertex 26.5298 9.82969 35.4
      vertex 28.4 2.4 35.4
      vertex 26.6 10.9 35.4
    endloop
  endfacet
  facet normal -0 0 1
    outer loop
      vertex 26.3206 8.77768 35.4
      vertex 28.4 2.4 35.4
      vertex 26.5298 9.82969 35.4
    endloop
  endfacet
  facet normal -0 0 1
    outer loop
      vertex 25.9758 7.762 35.4
      vertex 28.4 2.4 35.4
      vertex 26.3206 8.77768 35.4
    endloop
  endfacet
  facet normal -0 0 1
    outer loop
      vertex 25.5014 6.8 35.4
      vertex 28.4 2.4 35.4
      vertex 25.9758 7.762 35.4
    endloop
  endfacet
  facet normal -0 0 1
    outer loop
      vertex 24.9055 5.90816 35.4
      vertex 28.4 2.4 35.4
      vertex 25.5014 6.8 35.4
    endloop
  endfacet
  facet normal -0 0 1
    outer loop
      vertex 24.1983 5.10172 35.4
      vertex 28.4 2.4 35.4
      vertex 24.9055 5.90816 35.4
    endloop
  endfacet
  facet normal -0 0 1
    outer loop
      vertex 23.3918 4.3945 35.4
      vertex 28.4 2.4 35.4
      vertex 24.1983 5.10172 35.4
    endloop
  endfacet
  facet normal -0 0 1
    outer loop
      vertex 22.5 3.79859 35.4
      vertex 28.4 2.4 35.4
      vertex 23.3918 4.3945 35.4
    endloop
  endfacet
  facet normal -0 0 1
    outer loop
      vertex 21.538 3.32419 35.4
      vertex 28.4 2.4 35.4
      vertex 22.5 3.79859 35.4
    endloop
  endfacet
  facet normal -0 0 1
    outer loop
      vertex 20.5223 2.97941 35.4
      vertex 28.4 2.4 35.4
      vertex 21.538 3.32419 35.4
    endloop
  endfacet
  facet normal -0 0 1
    outer loop
      vertex 19.4703 2.77015 35.4
      vertex 28.4 2.4 35.4
      vertex 20.5223 2.97941 35.4
    endloop
  endfacet
  facet normal -0 0 1
    outer loop
      vertex 18.4 2.7 35.4
      vertex 28.4 2.4 35.4
      vertex 19.4703 2.77015 35.4
    endloop
  endfacet
  facet normal 0 0 1
    outer loop
      vertex 8.4 2.4 35.4
      vertex 10.2 10.9 35.4
      vertex 8.4 20.9 35.4
    endloop
  endfacet
  facet normal 0 0 1
    outer loop
      vertex 18.4 2.7 35.4
      vertex 8.4 2.4 35.4
      vertex 28.4 2.4 35.4
    endloop
  endfacet
  facet normal 0 0 1
    outer loop
      vertex 17.3297 2.77015 35.4
      vertex 8.4 2.4 35.4
      vertex 18.4 2.7 35.4
    endloop
  endfacet
  facet normal 0 0 1
    outer loop
      vertex 16.2777 2.97941 35.4
      vertex 8.4 2.4 35.4
      vertex 17.3297 2.77015 35.4
    endloop
  endfacet
  facet normal 0 0 1
    outer loop
      vertex 15.262 3.32419 35.4
      vertex 8.4 2.4 35.4
      vertex 16.2777 2.97941 35.4
    endloop
  endfacet
  facet normal 0 0 1
    outer loop
      vertex 14.3 3.79859 35.4
      vertex 8.4 2.4 35.4
      vertex 15.262 3.32419 35.4
    endloop
  endfacet
  facet normal 0 0 1
    outer loop
      vertex 13.4082 4.3945 35.4
      vertex 8.4 2.4 35.4
      vertex 14.3 3.79859 35.4
    endloop
  endfacet
  facet normal 0 0 1
    outer loop
      vertex 12.6017 5.10172 35.4
      vertex 8.4 2.4 35.4
      vertex 13.4082 4.3945 35.4
    endloop
  endfacet
  facet normal 0 0 1
    outer loop
      vertex 11.8945 5.90816 35.4
      vertex 8.4 2.4 35.4
      vertex 12.6017 5.10172 35.4
    endloop
  endfacet
  facet normal 0 0 1
    outer loop
      vertex 11.2986 6.8 35.4
      vertex 8.4 2.4 35.4
      vertex 11.8945 5.90816 35.4
    endloop
  endfacet
  facet normal 0 0 1
    outer loop
      vertex 10.8242 7.762 35.4
      vertex 8.4 2.4 35.4
      vertex 11.2986 6.8 35.4
    endloop
  endfacet
  facet normal 0 0 1
    outer loop
      vertex 10.4794 8.77768 35.4
      vertex 8.4 2.4 35.4
      vertex 10.8242 7.762 35.4
    endloop
  endfacet
  facet normal 0 0 1
    outer loop
      vertex 10.2702 9.82969 35.4
      vertex 8.4 2.4 35.4
      vertex 10.4794 8.77768 35.4
    endloop
  endfacet
  facet normal 0 0 1
    outer loop
      vertex 10.2 10.9 35.4
      vertex 8.4 2.4 35.4
      vertex 10.2702 9.82969 35.4
    endloop
  endfacet
  facet normal -1 0 0
    outer loop
      vertex 8.4 2.4 35.4
      vertex 8.4 20.9 31.4
      vertex 8.4 2.4 12.9
    endloop
  endfacet
  facet normal -1 0 0
    outer loop
      vertex 8.4 20.9 31.4
      vertex 8.4 2.4 35.4
      vertex 8.4 20.9 35.4
    endloop
  endfacet
  facet normal 1 -0 0
    outer loop
      vertex 28.4 2.4 35.4
      vertex 28.4 20.9 31.4
      vertex 28.4 20.9 35.4
    endloop
  endfacet
  facet normal 1 0 0
    outer loop
      vertex 28.4 20.9 31.4
      vertex 28.4 2.4 35.4
      vertex 28.4 2.4 12.9
    endloop
  endfacet
  facet normal 0 1 -0
    outer loop
      vertex 28.4 20.9 31.4
      vertex 8.4 20.9 35.4
      vertex 28.4 20.9 35.4
    endloop
  endfacet
  facet normal 0 1 0
    outer loop
      vertex 8.4 20.9 35.4
      vertex 28.4 20.9 31.4
      vertex 8.4 20.9 31.4
    endloop
  endfacet
  facet normal 0 0.707107 -0.707107
    outer loop
      vertex 28.4 2.4 12.9
      vertex 8.4 20.9 31.4
      vertex 28.4 20.9 31.4
    endloop
  endfacet
  facet normal 0 0.707107 -0.707107
    outer loop
      vertex 8.4 20.9 31.4
      vertex 28.4 2.4 12.9
      vertex 8.4 2.4 12.9
    endloop
  endfacet
  facet normal -0.980795 -0.19504 0
    outer loop
      vertex 26.5298 11.9703 34.2
      vertex 26.3206 13.0223 35.4
      vertex 26.3206 13.0223 34.2
    endloop
  endfacet
  facet normal -0.980795 -0.19504 0
    outer loop
      vertex 26.3206 13.0223 35.4
      vertex 26.5298 11.9703 34.2
      vertex 26.5298 11.9703 35.4
    endloop
  endfacet
  facet normal -0.751877 -0.659303 0
    outer loop
      vertex 24.9055 15.8918 34.2
      vertex 24.1983 16.6983 35.4
      vertex 24.1983 16.6983 34.2
    endloop
  endfacet
  facet normal -0.751877 -0.659303 0
    outer loop
      vertex 24.1983 16.6983 35.4
      vertex 24.9055 15.8918 34.2
      vertex 24.9055 15.8918 35.4
    endloop
  endfacet
  facet normal -0.19504 -0.980795 0
    outer loop
      vertex 19.4703 19.0298 34.2
      vertex 20.5223 18.8206 35.4
      vertex 19.4703 19.0298 35.4
    endloop
  endfacet
  facet normal -0.19504 -0.980795 -0
    outer loop
      vertex 20.5223 18.8206 35.4
      vertex 19.4703 19.0298 34.2
      vertex 20.5223 18.8206 34.2
    endloop
  endfacet
  facet normal -0.751853 0.659331 0
    outer loop
      vertex 24.1983 5.10172 34.2
      vertex 24.9055 5.90816 35.4
      vertex 24.9055 5.90816 34.2
    endloop
  endfacet
  facet normal -0.751853 0.659331 0
    outer loop
      vertex 24.9055 5.90816 35.4
      vertex 24.1983 5.10172 34.2
      vertex 24.1983 5.10172 35.4
    endloop
  endfacet
  facet normal 0.0654485 -0.997856 0
    outer loop
      vertex 17.3297 19.0298 34.2
      vertex 18.4 19.1 35.4
      vertex 17.3297 19.0298 35.4
    endloop
  endfacet
  facet normal 0.0654485 -0.997856 0
    outer loop
      vertex 18.4 19.1 35.4
      vertex 17.3297 19.0298 34.2
      vertex 18.4 19.1 34.2
    endloop
  endfacet
  facet normal -0.659303 -0.751877 0
    outer loop
      vertex 23.3918 17.4055 34.2
      vertex 24.1983 16.6983 35.4
      vertex 23.3918 17.4055 35.4
    endloop
  endfacet
  facet normal -0.659303 -0.751877 -0
    outer loop
      vertex 24.1983 16.6983 35.4
      vertex 23.3918 17.4055 34.2
      vertex 24.1983 16.6983 34.2
    endloop
  endfacet
  facet normal 0 0 1
    outer loop
      vertex 26.5298 11.9703 34.2
      vertex 26.5298 9.82969 34.2
      vertex 26.6 10.9 34.2
    endloop
  endfacet
  facet normal 0 0 1
    outer loop
      vertex 26.3206 13.0223 34.2
      vertex 26.5298 9.82969 34.2
      vertex 26.5298 11.9703 34.2
    endloop
  endfacet
  facet normal 0 0 1
    outer loop
      vertex 26.3206 13.0223 34.2
      vertex 26.3206 8.77768 34.2
      vertex 26.5298 9.82969 34.2
    endloop
  endfacet
  facet normal 0 0 1
    outer loop
      vertex 25.9758 14.038 34.2
      vertex 26.3206 8.77768 34.2
      vertex 26.3206 13.0223 34.2
    endloop
  endfacet
  facet normal 0 0 1
    outer loop
      vertex 25.9758 14.038 34.2
      vertex 25.9758 7.762 34.2
      vertex 26.3206 8.77768 34.2
    endloop
  endfacet
  facet normal 0 0 1
    outer loop
      vertex 25.5014 15 34.2
      vertex 25.9758 7.762 34.2
      vertex 25.9758 14.038 34.2
    endloop
  endfacet
  facet normal 0 0 1
    outer loop
      vertex 25.5014 15 34.2
      vertex 25.5014 6.8 34.2
      vertex 25.9758 7.762 34.2
    endloop
  endfacet
  facet normal 0 0 1
    outer loop
      vertex 24.9055 15.8918 34.2
      vertex 25.5014 6.8 34.2
      vertex 25.5014 15 34.2
    endloop
  endfacet
  facet normal 0 0 1
    outer loop
      vertex 24.9055 15.8918 34.2
      vertex 24.9055 5.90816 34.2
      vertex 25.5014 6.8 34.2
    endloop
  endfacet
  facet normal 0 0 1
    outer loop
      vertex 24.1983 16.6983 34.2
      vertex 24.9055 5.90816 34.2
      vertex 24.9055 15.8918 34.2
    endloop
  endfacet
  facet normal 0 0 1
    outer loop
      vertex 24.1983 16.6983 34.2
      vertex 24.1983 5.10172 34.2
      vertex 24.9055 5.90816 34.2
    endloop
  endfacet
  facet normal 0 0 1
    outer loop
      vertex 23.3918 17.4055 34.2
      vertex 24.1983 5.10172 34.2
      vertex 24.1983 16.6983 34.2
    endloop
  endfacet
  facet normal 0 0 1
    outer loop
      vertex 23.3918 17.4055 34.2
      vertex 23.3918 4.3945 34.2
      vertex 24.1983 5.10172 34.2
    endloop
  endfacet
  facet normal 0 0 1
    outer loop
      vertex 22.5 18.0014 34.2
      vertex 23.3918 4.3945 34.2
      vertex 23.3918 17.4055 34.2
    endloop
  endfacet
  facet normal 0 0 1
    outer loop
      vertex 22.5 18.0014 34.2
      vertex 22.5 3.79859 34.2
      vertex 23.3918 4.3945 34.2
    endloop
  endfacet
  facet normal 0 0 1
    outer loop
      vertex 21.538 18.4758 34.2
      vertex 22.5 3.79859 34.2
      vertex 22.5 18.0014 34.2
    endloop
  endfacet
  facet normal 0 0 1
    outer loop
      vertex 21.538 18.4758 34.2
      vertex 21.538 3.32419 34.2
      vertex 22.5 3.79859 34.2
    endloop
  endfacet
  facet normal 0 0 1
    outer loop
      vertex 20.5223 18.8206 34.2
      vertex 21.538 3.32419 34.2
      vertex 21.538 18.4758 34.2
    endloop
  endfacet
  facet normal 0 0 1
    outer loop
      vertex 20.5223 18.8206 34.2
      vertex 20.5223 2.97941 34.2
      vertex 21.538 3.32419 34.2
    endloop
  endfacet
  facet normal 0 0 1
    outer loop
      vertex 19.4703 19.0298 34.2
      vertex 20.5223 2.97941 34.2
      vertex 20.5223 18.8206 34.2
    endloop
  endfacet
  facet normal 0 0 1
    outer loop
      vertex 19.4703 19.0298 34.2
      vertex 19.4703 2.77015 34.2
      vertex 20.5223 2.97941 34.2
    endloop
  endfacet
  facet normal 0 0 1
    outer loop
      vertex 18.4 19.1 34.2
      vertex 19.4703 2.77015 34.2
      vertex 19.4703 19.0298 34.2
    endloop
  endfacet
  facet normal 0 0 1
    outer loop
      vertex 18.4 19.1 34.2
      vertex 18.4 2.7 34.2
      vertex 19.4703 2.77015 34.2
    endloop
  endfacet
  facet normal -0 0 1
    outer loop
      vertex 17.3297 19.0298 34.2
      vertex 18.4 2.7 34.2
      vertex 18.4 19.1 34.2
    endloop
  endfacet
  facet normal 0 0 1
    outer loop
      vertex 17.3297 19.0298 34.2
      vertex 17.3297 2.77015 34.2
      vertex 18.4 2.7 34.2
    endloop
  endfacet
  facet normal -0 0 1
    outer loop
      vertex 16.2777 18.8206 34.2
      vertex 17.3297 2.77015 34.2
      vertex 17.3297 19.0298 34.2
    endloop
  endfacet
  facet normal 0 0 1
    outer loop
      vertex 16.2777 18.8206 34.2
      vertex 16.2777 2.97941 34.2
      vertex 17.3297 2.77015 34.2
    endloop
  endfacet
  facet normal -0 0 1
    outer loop
      vertex 15.262 18.4758 34.2
      vertex 16.2777 2.97941 34.2
      vertex 16.2777 18.8206 34.2
    endloop
  endfacet
  facet normal 0 0 1
    outer loop
      vertex 15.262 18.4758 34.2
      vertex 15.262 3.32419 34.2
      vertex 16.2777 2.97941 34.2
    endloop
  endfacet
  facet normal -0 0 1
    outer loop
      vertex 14.3 18.0014 34.2
      vertex 15.262 3.32419 34.2
      vertex 15.262 18.4758 34.2
    endloop
  endfacet
  facet normal 0 0 1
    outer loop
      vertex 14.3 18.0014 34.2
      vertex 14.3 3.79859 34.2
      vertex 15.262 3.32419 34.2
    endloop
  endfacet
  facet normal -0 0 1
    outer loop
      vertex 13.4082 17.4055 34.2
      vertex 14.3 3.79859 34.2
      vertex 14.3 18.0014 34.2
    endloop
  endfacet
  facet normal 0 0 1
    outer loop
      vertex 13.4082 17.4055 34.2
      vertex 13.4082 4.3945 34.2
      vertex 14.3 3.79859 34.2
    endloop
  endfacet
  facet normal -0 0 1
    outer loop
      vertex 12.6017 16.6983 34.2
      vertex 13.4082 4.3945 34.2
      vertex 13.4082 17.4055 34.2
    endloop
  endfacet
  facet normal 0 0 1
    outer loop
      vertex 12.6017 16.6983 34.2
      vertex 12.6017 5.10172 34.2
      vertex 13.4082 4.3945 34.2
    endloop
  endfacet
  facet normal -0 0 1
    outer loop
      vertex 11.8945 15.8918 34.2
      vertex 12.6017 5.10172 34.2
      vertex 12.6017 16.6983 34.2
    endloop
  endfacet
  facet normal 0 0 1
    outer loop
      vertex 11.8945 15.8918 34.2
      vertex 11.8945 5.90816 34.2
      vertex 12.6017 5.10172 34.2
    endloop
  endfacet
  facet normal -0 0 1
    outer loop
      vertex 11.2986 15 34.2
      vertex 11.8945 5.90816 34.2
      vertex 11.8945 15.8918 34.2
    endloop
  endfacet
  facet normal 0 0 1
    outer loop
      vertex 11.2986 15 34.2
      vertex 11.2986 6.8 34.2
      vertex 11.8945 5.90816 34.2
    endloop
  endfacet
  facet normal -0 0 1
    outer loop
      vertex 10.8242 14.038 34.2
      vertex 11.2986 6.8 34.2
      vertex 11.2986 15 34.2
    endloop
  endfacet
  facet normal 0 0 1
    outer loop
      vertex 10.8242 14.038 34.2
      vertex 10.8242 7.762 34.2
      vertex 11.2986 6.8 34.2
    endloop
  endfacet
  facet normal -0 0 1
    outer loop
      vertex 10.4794 13.0223 34.2
      vertex 10.8242 7.762 34.2
      vertex 10.8242 14.038 34.2
    endloop
  endfacet
  facet normal 0 0 1
    outer loop
      vertex 10.4794 13.0223 34.2
      vertex 10.4794 8.77768 34.2
      vertex 10.8242 7.762 34.2
    endloop
  endfacet
  facet normal -0 0 1
    outer loop
      vertex 10.2702 11.9703 34.2
      vertex 10.4794 8.77768 34.2
      vertex 10.4794 13.0223 34.2
    endloop
  endfacet
  facet normal 0 0 1
    outer loop
      vertex 10.2702 11.9703 34.2
      vertex 10.2702 9.82969 34.2
      vertex 10.4794 8.77768 34.2
    endloop
  endfacet
  facet normal 0 -0 1
    outer loop
      vertex 10.2702 9.82969 34.2
      vertex 10.2702 11.9703 34.2
      vertex 10.2 10.9 34.2
    endloop
  endfacet
  facet normal -0.0654485 -0.997856 0
    outer loop
      vertex 18.4 19.1 34.2
      vertex 19.4703 19.0298 35.4
      vertex 18.4 19.1 35.4
    endloop
  endfacet
  facet normal -0.0654485 -0.997856 -0
    outer loop
      vertex 19.4703 19.0298 35.4
      vertex 18.4 19.1 34.2
      vertex 19.4703 19.0298 34.2
    endloop
  endfacet
  facet normal 0.946926 -0.321453 0
    outer loop
      vertex 10.4794 13.0223 35.4
      vertex 10.8242 14.038 34.2
      vertex 10.8242 14.038 35.4
    endloop
  endfacet
  facet normal 0.946926 -0.321453 0
    outer loop
      vertex 10.8242 14.038 34.2
      vertex 10.4794 13.0223 35.4
      vertex 10.4794 13.0223 34.2
    endloop
  endfacet
  facet normal -0.946926 -0.321453 0
    outer loop
      vertex 26.3206 13.0223 34.2
      vertex 25.9758 14.038 35.4
      vertex 25.9758 14.038 34.2
    endloop
  endfacet
  facet normal -0.946926 -0.321453 0
    outer loop
      vertex 25.9758 14.038 35.4
      vertex 26.3206 13.0223 34.2
      vertex 26.3206 13.0223 35.4
    endloop
  endfacet
  facet normal 0.321436 0.946931 -0
    outer loop
      vertex 16.2777 2.97941 34.2
      vertex 15.262 3.32419 35.4
      vertex 16.2777 2.97941 35.4
    endloop
  endfacet
  facet normal 0.321436 0.946931 0
    outer loop
      vertex 15.262 3.32419 35.4
      vertex 16.2777 2.97941 34.2
      vertex 15.262 3.32419 34.2
    endloop
  endfacet
  facet normal -0.997856 -0.0654485 0
    outer loop
      vertex 26.6 10.9 34.2
      vertex 26.5298 11.9703 35.4
      vertex 26.5298 11.9703 34.2
    endloop
  endfacet
  facet normal -0.997856 -0.0654485 0
    outer loop
      vertex 26.5298 11.9703 35.4
      vertex 26.6 10.9 34.2
      vertex 26.6 10.9 35.4
    endloop
  endfacet
  facet normal 0.946924 0.321459 0
    outer loop
      vertex 10.8242 7.762 35.4
      vertex 10.4794 8.77768 34.2
      vertex 10.4794 8.77768 35.4
    endloop
  endfacet
  facet normal 0.946924 0.321459 0
    outer loop
      vertex 10.4794 8.77768 34.2
      vertex 10.8242 7.762 35.4
      vertex 10.8242 7.762 34.2
    endloop
  endfacet
  facet normal -0.896875 0.442284 0
    outer loop
      vertex 25.5014 6.8 34.2
      vertex 25.9758 7.762 35.4
      vertex 25.9758 7.762 34.2
    endloop
  endfacet
  facet normal -0.896875 0.442284 0
    outer loop
      vertex 25.9758 7.762 35.4
      vertex 25.5014 6.8 34.2
      vertex 25.5014 6.8 35.4
    endloop
  endfacet
  facet normal -0.065402 0.997859 0
    outer loop
      vertex 19.4703 2.77015 34.2
      vertex 18.4 2.7 35.4
      vertex 19.4703 2.77015 35.4
    endloop
  endfacet
  facet normal -0.065402 0.997859 0
    outer loop
      vertex 18.4 2.7 35.4
      vertex 19.4703 2.77015 34.2
      vertex 18.4 2.7 34.2
    endloop
  endfacet
  facet normal 0.980796 0.195038 0
    outer loop
      vertex 10.4794 8.77768 35.4
      vertex 10.2702 9.82969 34.2
      vertex 10.2702 9.82969 35.4
    endloop
  endfacet
  facet normal 0.980796 0.195038 0
    outer loop
      vertex 10.2702 9.82969 34.2
      vertex 10.4794 8.77768 35.4
      vertex 10.4794 8.77768 34.2
    endloop
  endfacet
  facet normal -0.980796 0.195038 0
    outer loop
      vertex 26.3206 8.77768 34.2
      vertex 26.5298 9.82969 35.4
      vertex 26.5298 9.82969 34.2
    endloop
  endfacet
  facet normal -0.980796 0.195038 0
    outer loop
      vertex 26.5298 9.82969 35.4
      vertex 26.3206 8.77768 34.2
      vertex 26.3206 8.77768 35.4
    endloop
  endfacet
  facet normal -0.831462 -0.555582 0
    outer loop
      vertex 25.5014 15 34.2
      vertex 24.9055 15.8918 35.4
      vertex 24.9055 15.8918 34.2
    endloop
  endfacet
  facet normal -0.831462 -0.555582 0
    outer loop
      vertex 24.9055 15.8918 35.4
      vertex 25.5014 15 34.2
      vertex 25.5014 15 35.4
    endloop
  endfacet
  facet normal -0.896875 -0.442284 0
    outer loop
      vertex 25.9758 14.038 34.2
      vertex 25.5014 15 35.4
      vertex 25.5014 15 34.2
    endloop
  endfacet
  facet normal -0.896875 -0.442284 0
    outer loop
      vertex 25.5014 15 35.4
      vertex 25.9758 14.038 34.2
      vertex 25.9758 14.038 35.4
    endloop
  endfacet
  facet normal 0.442284 0.896875 -0
    outer loop
      vertex 15.262 3.32419 34.2
      vertex 14.3 3.79859 35.4
      vertex 15.262 3.32419 35.4
    endloop
  endfacet
  facet normal 0.442284 0.896875 0
    outer loop
      vertex 14.3 3.79859 35.4
      vertex 15.262 3.32419 34.2
      vertex 14.3 3.79859 34.2
    endloop
  endfacet
  facet normal 0.321453 -0.946926 0
    outer loop
      vertex 15.262 18.4758 34.2
      vertex 16.2777 18.8206 35.4
      vertex 15.262 18.4758 35.4
    endloop
  endfacet
  facet normal 0.321453 -0.946926 0
    outer loop
      vertex 16.2777 18.8206 35.4
      vertex 15.262 18.4758 34.2
      vertex 16.2777 18.8206 34.2
    endloop
  endfacet
  facet normal -0.321436 0.946931 0
    outer loop
      vertex 21.538 3.32419 34.2
      vertex 20.5223 2.97941 35.4
      vertex 21.538 3.32419 35.4
    endloop
  endfacet
  facet normal -0.321436 0.946931 0
    outer loop
      vertex 20.5223 2.97941 35.4
      vertex 21.538 3.32419 34.2
      vertex 20.5223 2.97941 34.2
    endloop
  endfacet
  facet normal 0.19504 -0.980795 0
    outer loop
      vertex 16.2777 18.8206 34.2
      vertex 17.3297 19.0298 35.4
      vertex 16.2777 18.8206 35.4
    endloop
  endfacet
  facet normal 0.19504 -0.980795 0
    outer loop
      vertex 17.3297 19.0298 35.4
      vertex 16.2777 18.8206 34.2
      vertex 17.3297 19.0298 34.2
    endloop
  endfacet
  facet normal -0.442284 -0.896875 0
    outer loop
      vertex 21.538 18.4758 34.2
      vertex 22.5 18.0014 35.4
      vertex 21.538 18.4758 35.4
    endloop
  endfacet
  facet normal -0.442284 -0.896875 -0
    outer loop
      vertex 22.5 18.0014 35.4
      vertex 21.538 18.4758 34.2
      vertex 22.5 18.0014 34.2
    endloop
  endfacet
  facet normal 0.896875 -0.442284 0
    outer loop
      vertex 10.8242 14.038 35.4
      vertex 11.2986 15 34.2
      vertex 11.2986 15 35.4
    endloop
  endfacet
  facet normal 0.896875 -0.442284 0
    outer loop
      vertex 11.2986 15 34.2
      vertex 10.8242 14.038 35.4
      vertex 10.8242 14.038 34.2
    endloop
  endfacet
  facet normal -0.659313 0.751868 0
    outer loop
      vertex 24.1983 5.10172 34.2
      vertex 23.3918 4.3945 35.4
      vertex 24.1983 5.10172 35.4
    endloop
  endfacet
  facet normal -0.659313 0.751868 0
    outer loop
      vertex 23.3918 4.3945 35.4
      vertex 24.1983 5.10172 34.2
      vertex 23.3918 4.3945 34.2
    endloop
  endfacet
  facet normal 0.659313 0.751868 -0
    outer loop
      vertex 13.4082 4.3945 34.2
      vertex 12.6017 5.10172 35.4
      vertex 13.4082 4.3945 35.4
    endloop
  endfacet
  facet normal 0.659313 0.751868 0
    outer loop
      vertex 12.6017 5.10172 35.4
      vertex 13.4082 4.3945 34.2
      vertex 12.6017 5.10172 34.2
    endloop
  endfacet
  facet normal -0.555582 -0.831462 0
    outer loop
      vertex 22.5 18.0014 34.2
      vertex 23.3918 17.4055 35.4
      vertex 22.5 18.0014 35.4
    endloop
  endfacet
  facet normal -0.555582 -0.831462 -0
    outer loop
      vertex 23.3918 17.4055 35.4
      vertex 22.5 18.0014 34.2
      vertex 23.3918 17.4055 34.2
    endloop
  endfacet
  facet normal 0.751877 -0.659303 0
    outer loop
      vertex 11.8945 15.8918 35.4
      vertex 12.6017 16.6983 34.2
      vertex 12.6017 16.6983 35.4
    endloop
  endfacet
  facet normal 0.751877 -0.659303 0
    outer loop
      vertex 12.6017 16.6983 34.2
      vertex 11.8945 15.8918 35.4
      vertex 11.8945 15.8918 34.2
    endloop
  endfacet
  facet normal 0.442284 -0.896875 0
    outer loop
      vertex 14.3 18.0014 34.2
      vertex 15.262 18.4758 35.4
      vertex 14.3 18.0014 35.4
    endloop
  endfacet
  facet normal 0.442284 -0.896875 0
    outer loop
      vertex 15.262 18.4758 35.4
      vertex 14.3 18.0014 34.2
      vertex 15.262 18.4758 34.2
    endloop
  endfacet
  facet normal -0.195094 0.980785 0
    outer loop
      vertex 20.5223 2.97941 34.2
      vertex 19.4703 2.77015 35.4
      vertex 20.5223 2.97941 35.4
    endloop
  endfacet
  facet normal -0.195094 0.980785 0
    outer loop
      vertex 19.4703 2.77015 35.4
      vertex 20.5223 2.97941 34.2
      vertex 19.4703 2.77015 34.2
    endloop
  endfacet
  facet normal 0.751853 0.659331 0
    outer loop
      vertex 12.6017 5.10172 35.4
      vertex 11.8945 5.90816 34.2
      vertex 11.8945 5.90816 35.4
    endloop
  endfacet
  facet normal 0.751853 0.659331 0
    outer loop
      vertex 11.8945 5.90816 34.2
      vertex 12.6017 5.10172 35.4
      vertex 12.6017 5.10172 34.2
    endloop
  endfacet
  facet normal -0.997856 0.0654479 0
    outer loop
      vertex 26.5298 9.82969 34.2
      vertex 26.6 10.9 35.4
      vertex 26.6 10.9 34.2
    endloop
  endfacet
  facet normal -0.997856 0.0654479 0
    outer loop
      vertex 26.6 10.9 35.4
      vertex 26.5298 9.82969 34.2
      vertex 26.5298 9.82969 35.4
    endloop
  endfacet
  facet normal -0.555588 0.831457 0
    outer loop
      vertex 23.3918 4.3945 34.2
      vertex 22.5 3.79859 35.4
      vertex 23.3918 4.3945 35.4
    endloop
  endfacet
  facet normal -0.555588 0.831457 0
    outer loop
      vertex 22.5 3.79859 35.4
      vertex 23.3918 4.3945 34.2
      vertex 22.5 3.79859 34.2
    endloop
  endfacet
  facet normal -0.831473 0.555565 0
    outer loop
      vertex 24.9055 5.90816 34.2
      vertex 25.5014 6.8 35.4
      vertex 25.5014 6.8 34.2
    endloop
  endfacet
  facet normal -0.831473 0.555565 0
    outer loop
      vertex 25.5014 6.8 35.4
      vertex 24.9055 5.90816 34.2
      vertex 24.9055 5.90816 35.4
    endloop
  endfacet
  facet normal 0.831462 -0.555582 0
    outer loop
      vertex 11.2986 15 35.4
      vertex 11.8945 15.8918 34.2
      vertex 11.8945 15.8918 35.4
    endloop
  endfacet
  facet normal 0.831462 -0.555582 0
    outer loop
      vertex 11.8945 15.8918 34.2
      vertex 11.2986 15 35.4
      vertex 11.2986 15 34.2
    endloop
  endfacet
  facet normal 0.659303 -0.751877 0
    outer loop
      vertex 12.6017 16.6983 34.2
      vertex 13.4082 17.4055 35.4
      vertex 12.6017 16.6983 35.4
    endloop
  endfacet
  facet normal 0.659303 -0.751877 0
    outer loop
      vertex 13.4082 17.4055 35.4
      vertex 12.6017 16.6983 34.2
      vertex 13.4082 17.4055 34.2
    endloop
  endfacet
  facet normal -0.946924 0.321459 0
    outer loop
      vertex 25.9758 7.762 34.2
      vertex 26.3206 8.77768 35.4
      vertex 26.3206 8.77768 34.2
    endloop
  endfacet
  facet normal -0.946924 0.321459 0
    outer loop
      vertex 26.3206 8.77768 35.4
      vertex 25.9758 7.762 34.2
      vertex 25.9758 7.762 35.4
    endloop
  endfacet
  facet normal 0.065402 0.997859 -0
    outer loop
      vertex 18.4 2.7 34.2
      vertex 17.3297 2.77015 35.4
      vertex 18.4 2.7 35.4
    endloop
  endfacet
  facet normal 0.065402 0.997859 0
    outer loop
      vertex 17.3297 2.77015 35.4
      vertex 18.4 2.7 34.2
      vertex 17.3297 2.77015 34.2
    endloop
  endfacet
  facet normal 0.980795 -0.19504 0
    outer loop
      vertex 10.2702 11.9703 35.4
      vertex 10.4794 13.0223 34.2
      vertex 10.4794 13.0223 35.4
    endloop
  endfacet
  facet normal 0.980795 -0.19504 0
    outer loop
      vertex 10.4794 13.0223 34.2
      vertex 10.2702 11.9703 35.4
      vertex 10.2702 11.9703 34.2
    endloop
  endfacet
  facet normal 0.896875 0.442284 0
    outer loop
      vertex 11.2986 6.8 35.4
      vertex 10.8242 7.762 34.2
      vertex 10.8242 7.762 35.4
    endloop
  endfacet
  facet normal 0.896875 0.442284 0
    outer loop
      vertex 10.8242 7.762 34.2
      vertex 11.2986 6.8 35.4
      vertex 11.2986 6.8 34.2
    endloop
  endfacet
  facet normal 0.831473 0.555565 0
    outer loop
      vertex 11.8945 5.90816 35.4
      vertex 11.2986 6.8 34.2
      vertex 11.2986 6.8 35.4
    endloop
  endfacet
  facet normal 0.831473 0.555565 0
    outer loop
      vertex 11.2986 6.8 34.2
      vertex 11.8945 5.90816 35.4
      vertex 11.8945 5.90816 34.2
    endloop
  endfacet
  facet normal 0.555582 -0.831462 0
    outer loop
      vertex 13.4082 17.4055 34.2
      vertex 14.3 18.0014 35.4
      vertex 13.4082 17.4055 35.4
    endloop
  endfacet
  facet normal 0.555582 -0.831462 0
    outer loop
      vertex 14.3 18.0014 35.4
      vertex 13.4082 17.4055 34.2
      vertex 14.3 18.0014 34.2
    endloop
  endfacet
  facet normal -0.321453 -0.946926 0
    outer loop
      vertex 20.5223 18.8206 34.2
      vertex 21.538 18.4758 35.4
      vertex 20.5223 18.8206 35.4
    endloop
  endfacet
  facet normal -0.321453 -0.946926 -0
    outer loop
      vertex 21.538 18.4758 35.4
      vertex 20.5223 18.8206 34.2
      vertex 21.538 18.4758 34.2
    endloop
  endfacet
  facet normal 0.195094 0.980785 -0
    outer loop
      vertex 17.3297 2.77015 34.2
      vertex 16.2777 2.97941 35.4
      vertex 17.3297 2.77015 35.4
    endloop
  endfacet
  facet normal 0.195094 0.980785 0
    outer loop
      vertex 16.2777 2.97941 35.4
      vertex 17.3297 2.77015 34.2
      vertex 16.2777 2.97941 34.2
    endloop
  endfacet
  facet normal 0.997856 0.0654479 0
    outer loop
      vertex 10.2702 9.82969 35.4
      vertex 10.2 10.9 34.2
      vertex 10.2 10.9 35.4
    endloop
  endfacet
  facet normal 0.997856 0.0654479 0
    outer loop
      vertex 10.2 10.9 34.2
      vertex 10.2702 9.82969 35.4
      vertex 10.2702 9.82969 34.2
    endloop
  endfacet
  facet normal -0.442284 0.896875 0
    outer loop
      vertex 22.5 3.79859 34.2
      vertex 21.538 3.32419 35.4
      vertex 22.5 3.79859 35.4
    endloop
  endfacet
  facet normal -0.442284 0.896875 0
    outer loop
      vertex 21.538 3.32419 35.4
      vertex 22.5 3.79859 34.2
      vertex 21.538 3.32419 34.2
    endloop
  endfacet
  facet normal 0.997856 -0.0654485 0
    outer loop
      vertex 10.2 10.9 35.4
      vertex 10.2702 11.9703 34.2
      vertex 10.2702 11.9703 35.4
    endloop
  endfacet
  facet normal 0.997856 -0.0654485 0
    outer loop
      vertex 10.2702 11.9703 34.2
      vertex 10.2 10.9 35.4
      vertex 10.2 10.9 34.2
    endloop
  endfacet
  facet normal 0.555588 0.831457 -0
    outer loop
      vertex 14.3 3.79859 34.2
      vertex 13.4082 4.3945 35.4
      vertex 14.3 3.79859 35.4
    endloop
  endfacet
  facet normal 0.555588 0.831457 0
    outer loop
      vertex 13.4082 4.3945 35.4
      vertex 14.3 3.79859 34.2
      vertex 13.4082 4.3945 34.2
    endloop
  endfacet
  facet normal 0 0 1
    outer loop
      vertex 106.4 20.9 35.4
      vertex 104.6 10.9 35.4
      vertex 106.4 2.4 35.4
    endloop
  endfacet
  facet normal 0 0 1
    outer loop
      vertex 106.4 20.9 35.4
      vertex 104.53 11.9703 35.4
      vertex 104.6 10.9 35.4
    endloop
  endfacet
  facet normal 0 0 1
    outer loop
      vertex 106.4 20.9 35.4
      vertex 104.321 13.0223 35.4
      vertex 104.53 11.9703 35.4
    endloop
  endfacet
  facet normal 0 0 1
    outer loop
      vertex 106.4 20.9 35.4
      vertex 103.976 14.038 35.4
      vertex 104.321 13.0223 35.4
    endloop
  endfacet
  facet normal 0 0 1
    outer loop
      vertex 106.4 20.9 35.4
      vertex 103.501 15 35.4
      vertex 103.976 14.038 35.4
    endloop
  endfacet
  facet normal 0 0 1
    outer loop
      vertex 106.4 20.9 35.4
      vertex 102.905 15.8918 35.4
      vertex 103.501 15 35.4
    endloop
  endfacet
  facet normal 0 0 1
    outer loop
      vertex 106.4 20.9 35.4
      vertex 102.198 16.6983 35.4
      vertex 102.905 15.8918 35.4
    endloop
  endfacet
  facet normal 0 0 1
    outer loop
      vertex 106.4 20.9 35.4
      vertex 101.392 17.4055 35.4
      vertex 102.198 16.6983 35.4
    endloop
  endfacet
  facet normal 0 0 1
    outer loop
      vertex 106.4 20.9 35.4
      vertex 100.5 18.0014 35.4
      vertex 101.392 17.4055 35.4
    endloop
  endfacet
  facet normal 0 0 1
    outer loop
      vertex 106.4 20.9 35.4
      vertex 99.538 18.4758 35.4
      vertex 100.5 18.0014 35.4
    endloop
  endfacet
  facet normal 0 0 1
    outer loop
      vertex 106.4 20.9 35.4
      vertex 98.5223 18.8206 35.4
      vertex 99.538 18.4758 35.4
    endloop
  endfacet
  facet normal 0 0 1
    outer loop
      vertex 106.4 20.9 35.4
      vertex 97.4703 19.0298 35.4
      vertex 98.5223 18.8206 35.4
    endloop
  endfacet
  facet normal 0 0 1
    outer loop
      vertex 106.4 20.9 35.4
      vertex 96.4 19.1 35.4
      vertex 97.4703 19.0298 35.4
    endloop
  endfacet
  facet normal -0 0 1
    outer loop
      vertex 86.4 20.9 35.4
      vertex 96.4 19.1 35.4
      vertex 106.4 20.9 35.4
    endloop
  endfacet
  facet normal 0 0 1
    outer loop
      vertex 88.2701 11.9703 35.4
      vertex 86.4 20.9 35.4
      vertex 88.2 10.9 35.4
    endloop
  endfacet
  facet normal 0 0 1
    outer loop
      vertex 88.4794 13.0223 35.4
      vertex 86.4 20.9 35.4
      vertex 88.2701 11.9703 35.4
    endloop
  endfacet
  facet normal 0 0 1
    outer loop
      vertex 88.8242 14.038 35.4
      vertex 86.4 20.9 35.4
      vertex 88.4794 13.0223 35.4
    endloop
  endfacet
  facet normal 0 0 1
    outer loop
      vertex 89.2986 15 35.4
      vertex 86.4 20.9 35.4
      vertex 88.8242 14.038 35.4
    endloop
  endfacet
  facet normal 0 0 1
    outer loop
      vertex 89.8945 15.8918 35.4
      vertex 86.4 20.9 35.4
      vertex 89.2986 15 35.4
    endloop
  endfacet
  facet normal 0 0 1
    outer loop
      vertex 90.6017 16.6983 35.4
      vertex 86.4 20.9 35.4
      vertex 89.8945 15.8918 35.4
    endloop
  endfacet
  facet normal 0 0 1
    outer loop
      vertex 91.4082 17.4055 35.4
      vertex 86.4 20.9 35.4
      vertex 90.6017 16.6983 35.4
    endloop
  endfacet
  facet normal 0 0 1
    outer loop
      vertex 92.3 18.0014 35.4
      vertex 86.4 20.9 35.4
      vertex 91.4082 17.4055 35.4
    endloop
  endfacet
  facet normal 0 0 1
    outer loop
      vertex 93.262 18.4758 35.4
      vertex 86.4 20.9 35.4
      vertex 92.3 18.0014 35.4
    endloop
  endfacet
  facet normal 0 0 1
    outer loop
      vertex 94.2777 18.8206 35.4
      vertex 86.4 20.9 35.4
      vertex 93.262 18.4758 35.4
    endloop
  endfacet
  facet normal 0 0 1
    outer loop
      vertex 95.3297 19.0298 35.4
      vertex 86.4 20.9 35.4
      vertex 94.2777 18.8206 35.4
    endloop
  endfacet
  facet normal 0 0 1
    outer loop
      vertex 96.4 19.1 35.4
      vertex 86.4 20.9 35.4
      vertex 95.3297 19.0298 35.4
    endloop
  endfacet
  facet normal -0 0 1
    outer loop
      vertex 104.53 9.82969 35.4
      vertex 106.4 2.4 35.4
      vertex 104.6 10.9 35.4
    endloop
  endfacet
  facet normal -0 0 1
    outer loop
      vertex 104.321 8.77768 35.4
      vertex 106.4 2.4 35.4
      vertex 104.53 9.82969 35.4
    endloop
  endfacet
  facet normal -0 0 1
    outer loop
      vertex 103.976 7.762 35.4
      vertex 106.4 2.4 35.4
      vertex 104.321 8.77768 35.4
    endloop
  endfacet
  facet normal -0 0 1
    outer loop
      vertex 103.501 6.8 35.4
      vertex 106.4 2.4 35.4
      vertex 103.976 7.762 35.4
    endloop
  endfacet
  facet normal -0 0 1
    outer loop
      vertex 102.905 5.90816 35.4
      vertex 106.4 2.4 35.4
      vertex 103.501 6.8 35.4
    endloop
  endfacet
  facet normal -0 0 1
    outer loop
      vertex 102.198 5.10172 35.4
      vertex 106.4 2.4 35.4
      vertex 102.905 5.90816 35.4
    endloop
  endfacet
  facet normal -0 0 1
    outer loop
      vertex 101.392 4.3945 35.4
      vertex 106.4 2.4 35.4
      vertex 102.198 5.10172 35.4
    endloop
  endfacet
  facet normal -0 0 1
    outer loop
      vertex 100.5 3.79859 35.4
      vertex 106.4 2.4 35.4
      vertex 101.392 4.3945 35.4
    endloop
  endfacet
  facet normal -0 0 1
    outer loop
      vertex 99.538 3.32419 35.4
      vertex 106.4 2.4 35.4
      vertex 100.5 3.79859 35.4
    endloop
  endfacet
  facet normal -0 0 1
    outer loop
      vertex 98.5223 2.97941 35.4
      vertex 106.4 2.4 35.4
      vertex 99.538 3.32419 35.4
    endloop
  endfacet
  facet normal -0 0 1
    outer loop
      vertex 97.4703 2.77015 35.4
      vertex 106.4 2.4 35.4
      vertex 98.5223 2.97941 35.4
    endloop
  endfacet
  facet normal -0 0 1
    outer loop
      vertex 96.4 2.7 35.4
      vertex 106.4 2.4 35.4
      vertex 97.4703 2.77015 35.4
    endloop
  endfacet
  facet normal 0 0 1
    outer loop
      vertex 86.4 2.4 35.4
      vertex 88.2 10.9 35.4
      vertex 86.4 20.9 35.4
    endloop
  endfacet
  facet normal 0 0 1
    outer loop
      vertex 96.4 2.7 35.4
      vertex 86.4 2.4 35.4
      vertex 106.4 2.4 35.4
    endloop
  endfacet
  facet normal 0 0 1
    outer loop
      vertex 95.3297 2.77015 35.4
      vertex 86.4 2.4 35.4
      vertex 96.4 2.7 35.4
    endloop
  endfacet
  facet normal 0 0 1
    outer loop
      vertex 94.2777 2.97941 35.4
      vertex 86.4 2.4 35.4
      vertex 95.3297 2.77015 35.4
    endloop
  endfacet
  facet normal 0 0 1
    outer loop
      vertex 93.262 3.32419 35.4
      vertex 86.4 2.4 35.4
      vertex 94.2777 2.97941 35.4
    endloop
  endfacet
  facet normal 0 0 1
    outer loop
      vertex 92.3 3.79859 35.4
      vertex 86.4 2.4 35.4
      vertex 93.262 3.32419 35.4
    endloop
  endfacet
  facet normal 0 0 1
    outer loop
      vertex 91.4082 4.3945 35.4
      vertex 86.4 2.4 35.4
      vertex 92.3 3.79859 35.4
    endloop
  endfacet
  facet normal 0 0 1
    outer loop
      vertex 90.6017 5.10172 35.4
      vertex 86.4 2.4 35.4
      vertex 91.4082 4.3945 35.4
    endloop
  endfacet
  facet normal 0 0 1
    outer loop
      vertex 89.8945 5.90816 35.4
      vertex 86.4 2.4 35.4
      vertex 90.6017 5.10172 35.4
    endloop
  endfacet
  facet normal 0 0 1
    outer loop
      vertex 89.2986 6.8 35.4
      vertex 86.4 2.4 35.4
      vertex 89.8945 5.90816 35.4
    endloop
  endfacet
  facet normal 0 0 1
    outer loop
      vertex 88.8242 7.762 35.4
      vertex 86.4 2.4 35.4
      vertex 89.2986 6.8 35.4
    endloop
  endfacet
  facet normal 0 0 1
    outer loop
      vertex 88.4794 8.77768 35.4
      vertex 86.4 2.4 35.4
      vertex 88.8242 7.762 35.4
    endloop
  endfacet
  facet normal 0 0 1
    outer loop
      vertex 88.2701 9.82969 35.4
      vertex 86.4 2.4 35.4
      vertex 88.4794 8.77768 35.4
    endloop
  endfacet
  facet normal 0 0 1
    outer loop
      vertex 88.2 10.9 35.4
      vertex 86.4 2.4 35.4
      vertex 88.2701 9.82969 35.4
    endloop
  endfacet
  facet normal -1 0 0
    outer loop
      vertex 86.4 2.4 35.4
      vertex 86.4 20.9 31.4
      vertex 86.4 2.4 12.9
    endloop
  endfacet
  facet normal -1 0 0
    outer loop
      vertex 86.4 20.9 31.4
      vertex 86.4 2.4 35.4
      vertex 86.4 20.9 35.4
    endloop
  endfacet
  facet normal 1 -0 0
    outer loop
      vertex 106.4 2.4 35.4
      vertex 106.4 20.9 31.4
      vertex 106.4 20.9 35.4
    endloop
  endfacet
  facet normal 1 0 0
    outer loop
      vertex 106.4 20.9 31.4
      vertex 106.4 2.4 35.4
      vertex 106.4 2.4 12.9
    endloop
  endfacet
  facet normal 0 1 -0
    outer loop
      vertex 106.4 20.9 31.4
      vertex 86.4 20.9 35.4
      vertex 106.4 20.9 35.4
    endloop
  endfacet
  facet normal 0 1 0
    outer loop
      vertex 86.4 20.9 35.4
      vertex 106.4 20.9 31.4
      vertex 86.4 20.9 31.4
    endloop
  endfacet
  facet normal 0 0.707107 -0.707107
    outer loop
      vertex 106.4 2.4 12.9
      vertex 86.4 20.9 31.4
      vertex 106.4 20.9 31.4
    endloop
  endfacet
  facet normal 0 0.707107 -0.707107
    outer loop
      vertex 86.4 20.9 31.4
      vertex 106.4 2.4 12.9
      vertex 86.4 2.4 12.9
    endloop
  endfacet
  facet normal -0.980831 -0.194861 0
    outer loop
      vertex 104.53 11.9703 34.2
      vertex 104.321 13.0223 35.4
      vertex 104.321 13.0223 34.2
    endloop
  endfacet
  facet normal -0.980831 -0.194861 0
    outer loop
      vertex 104.321 13.0223 35.4
      vertex 104.53 11.9703 34.2
      vertex 104.53 11.9703 35.4
    endloop
  endfacet
  facet normal -0.997868 -0.0652628 0
    outer loop
      vertex 104.6 10.9 34.2
      vertex 104.53 11.9703 35.4
      vertex 104.53 11.9703 34.2
    endloop
  endfacet
  facet normal -0.997868 -0.0652628 0
    outer loop
      vertex 104.53 11.9703 35.4
      vertex 104.6 10.9 34.2
      vertex 104.6 10.9 35.4
    endloop
  endfacet
  facet normal -0.946869 -0.32162 0
    outer loop
      vertex 104.321 13.0223 34.2
      vertex 103.976 14.038 35.4
      vertex 103.976 14.038 34.2
    endloop
  endfacet
  facet normal -0.946869 -0.32162 0
    outer loop
      vertex 103.976 14.038 35.4
      vertex 104.321 13.0223 34.2
      vertex 104.321 13.0223 35.4
    endloop
  endfacet
  facet normal -0.442284 0.896875 0
    outer loop
      vertex 100.5 3.79859 34.2
      vertex 99.538 3.32419 35.4
      vertex 100.5 3.79859 35.4
    endloop
  endfacet
  facet normal -0.442284 0.896875 0
    outer loop
      vertex 99.538 3.32419 35.4
      vertex 100.5 3.79859 34.2
      vertex 99.538 3.32419 34.2
    endloop
  endfacet
  facet normal -0.751946 0.659225 0
    outer loop
      vertex 102.198 5.10172 34.2
      vertex 102.905 5.90816 35.4
      vertex 102.905 5.90816 34.2
    endloop
  endfacet
  facet normal -0.751946 0.659225 0
    outer loop
      vertex 102.905 5.90816 35.4
      vertex 102.198 5.10172 34.2
      vertex 102.198 5.10172 35.4
    endloop
  endfacet
  facet normal 0.997862 0.065355 0
    outer loop
      vertex 88.2701 9.82969 35.4
      vertex 88.2 10.9 34.2
      vertex 88.2 10.9 35.4
    endloop
  endfacet
  facet normal 0.997862 0.065355 0
    outer loop
      vertex 88.2 10.9 34.2
      vertex 88.2701 9.82969 35.4
      vertex 88.2701 9.82969 34.2
    endloop
  endfacet
  facet normal -0.555502 0.831515 0
    outer loop
      vertex 101.392 4.3945 34.2
      vertex 100.5 3.79859 35.4
      vertex 101.392 4.3945 35.4
    endloop
  endfacet
  facet normal -0.555502 0.831515 0
    outer loop
      vertex 100.5 3.79859 35.4
      vertex 101.392 4.3945 34.2
      vertex 100.5 3.79859 34.2
    endloop
  endfacet
  facet normal 0.0654485 -0.997856 0
    outer loop
      vertex 95.3297 19.0298 34.2
      vertex 96.4 19.1 35.4
      vertex 95.3297 19.0298 35.4
    endloop
  endfacet
  facet normal 0.0654485 -0.997856 0
    outer loop
      vertex 96.4 19.1 35.4
      vertex 95.3297 19.0298 34.2
      vertex 96.4 19.1 34.2
    endloop
  endfacet
  facet normal -0.896653 0.442734 0
    outer loop
      vertex 103.501 6.8 34.2
      vertex 103.976 7.762 35.4
      vertex 103.976 7.762 34.2
    endloop
  endfacet
  facet normal -0.896653 0.442734 0
    outer loop
      vertex 103.976 7.762 35.4
      vertex 103.501 6.8 34.2
      vertex 103.501 6.8 35.4
    endloop
  endfacet
  facet normal 0.980778 0.195128 0
    outer loop
      vertex 88.4794 8.77768 35.4
      vertex 88.2701 9.82969 34.2
      vertex 88.2701 9.82969 35.4
    endloop
  endfacet
  facet normal 0.980778 0.195128 0
    outer loop
      vertex 88.2701 9.82969 34.2
      vertex 88.4794 8.77768 35.4
      vertex 88.4794 8.77768 34.2
    endloop
  endfacet
  facet normal -0.0654485 -0.997856 0
    outer loop
      vertex 96.4 19.1 34.2
      vertex 97.4703 19.0298 35.4
      vertex 96.4 19.1 35.4
    endloop
  endfacet
  facet normal -0.0654485 -0.997856 -0
    outer loop
      vertex 97.4703 19.0298 35.4
      vertex 96.4 19.1 34.2
      vertex 97.4703 19.0298 34.2
    endloop
  endfacet
  facet normal 0.896875 -0.442284 0
    outer loop
      vertex 88.8242 14.038 35.4
      vertex 89.2986 15 34.2
      vertex 89.2986 15 35.4
    endloop
  endfacet
  facet normal 0.896875 -0.442284 0
    outer loop
      vertex 89.2986 15 34.2
      vertex 88.8242 14.038 35.4
      vertex 88.8242 14.038 34.2
    endloop
  endfacet
  facet normal -0.321436 0.946931 0
    outer loop
      vertex 99.538 3.32419 34.2
      vertex 98.5223 2.97941 35.4
      vertex 99.538 3.32419 35.4
    endloop
  endfacet
  facet normal -0.321436 0.946931 0
    outer loop
      vertex 98.5223 2.97941 35.4
      vertex 99.538 3.32419 34.2
      vertex 98.5223 2.97941 34.2
    endloop
  endfacet
  facet normal 0.946924 0.321459 0
    outer loop
      vertex 88.8242 7.762 35.4
      vertex 88.4794 8.77768 34.2
      vertex 88.4794 8.77768 35.4
    endloop
  endfacet
  facet normal 0.946924 0.321459 0
    outer loop
      vertex 88.4794 8.77768 34.2
      vertex 88.8242 7.762 35.4
      vertex 88.8242 7.762 34.2
    endloop
  endfacet
  facet normal -0.442284 -0.896875 0
    outer loop
      vertex 99.538 18.4758 34.2
      vertex 100.5 18.0014 35.4
      vertex 99.538 18.4758 35.4
    endloop
  endfacet
  facet normal -0.442284 -0.896875 -0
    outer loop
      vertex 100.5 18.0014 35.4
      vertex 99.538 18.4758 34.2
      vertex 100.5 18.0014 34.2
    endloop
  endfacet
  facet normal -0.065402 0.997859 0
    outer loop
      vertex 97.4703 2.77015 34.2
      vertex 96.4 2.7 35.4
      vertex 97.4703 2.77015 35.4
    endloop
  endfacet
  facet normal -0.065402 0.997859 0
    outer loop
      vertex 96.4 2.7 35.4
      vertex 97.4703 2.77015 34.2
      vertex 96.4 2.7 34.2
    endloop
  endfacet
  facet normal -0.659534 -0.751675 0
    outer loop
      vertex 101.392 17.4055 34.2
      vertex 102.198 16.6983 35.4
      vertex 101.392 17.4055 35.4
    endloop
  endfacet
  facet normal -0.659534 -0.751675 -0
    outer loop
      vertex 102.198 16.6983 35.4
      vertex 101.392 17.4055 34.2
      vertex 102.198 16.6983 34.2
    endloop
  endfacet
  facet normal -0.896653 -0.442734 0
    outer loop
      vertex 103.976 14.038 34.2
      vertex 103.501 15 35.4
      vertex 103.501 15 34.2
    endloop
  endfacet
  facet normal -0.896653 -0.442734 0
    outer loop
      vertex 103.501 15 35.4
      vertex 103.976 14.038 34.2
      vertex 103.976 14.038 35.4
    endloop
  endfacet
  facet normal -0.83143 0.555629 0
    outer loop
      vertex 102.905 5.90816 34.2
      vertex 103.501 6.8 35.4
      vertex 103.501 6.8 34.2
    endloop
  endfacet
  facet normal -0.83143 0.555629 0
    outer loop
      vertex 103.501 6.8 35.4
      vertex 102.905 5.90816 34.2
      vertex 102.905 5.90816 35.4
    endloop
  endfacet
  facet normal -0.831419 -0.555646 0
    outer loop
      vertex 103.501 15 34.2
      vertex 102.905 15.8918 35.4
      vertex 102.905 15.8918 34.2
    endloop
  endfacet
  facet normal -0.831419 -0.555646 0
    outer loop
      vertex 102.905 15.8918 35.4
      vertex 103.501 15 34.2
      vertex 103.501 15 35.4
    endloop
  endfacet
  facet normal 0.659303 -0.751877 0
    outer loop
      vertex 90.6017 16.6983 34.2
      vertex 91.4082 17.4055 35.4
      vertex 90.6017 16.6983 35.4
    endloop
  endfacet
  facet normal 0.659303 -0.751877 0
    outer loop
      vertex 91.4082 17.4055 35.4
      vertex 90.6017 16.6983 34.2
      vertex 91.4082 17.4055 34.2
    endloop
  endfacet
  facet normal 0.997862 -0.0653556 0
    outer loop
      vertex 88.2 10.9 35.4
      vertex 88.2701 11.9703 34.2
      vertex 88.2701 11.9703 35.4
    endloop
  endfacet
  facet normal 0.997862 -0.0653556 0
    outer loop
      vertex 88.2701 11.9703 34.2
      vertex 88.2 10.9 35.4
      vertex 88.2 10.9 34.2
    endloop
  endfacet
  facet normal 0.321436 0.946931 -0
    outer loop
      vertex 94.2777 2.97941 34.2
      vertex 93.262 3.32419 35.4
      vertex 94.2777 2.97941 35.4
    endloop
  endfacet
  facet normal 0.321436 0.946931 0
    outer loop
      vertex 93.262 3.32419 35.4
      vertex 94.2777 2.97941 34.2
      vertex 93.262 3.32419 34.2
    endloop
  endfacet
  facet normal -0.997868 0.0652622 0
    outer loop
      vertex 104.53 9.82969 34.2
      vertex 104.6 10.9 35.4
      vertex 104.6 10.9 34.2
    endloop
  endfacet
  facet normal -0.997868 0.0652622 0
    outer loop
      vertex 104.6 10.9 35.4
      vertex 104.53 9.82969 34.2
      vertex 104.53 9.82969 35.4
    endloop
  endfacet
  facet normal 0.442284 -0.896875 0
    outer loop
      vertex 92.3 18.0014 34.2
      vertex 93.262 18.4758 35.4
      vertex 92.3 18.0014 35.4
    endloop
  endfacet
  facet normal 0.442284 -0.896875 0
    outer loop
      vertex 93.262 18.4758 35.4
      vertex 92.3 18.0014 34.2
      vertex 93.262 18.4758 34.2
    endloop
  endfacet
  facet normal 0.19504 -0.980795 0
    outer loop
      vertex 94.2777 18.8206 34.2
      vertex 95.3297 19.0298 35.4
      vertex 94.2777 18.8206 35.4
    endloop
  endfacet
  facet normal 0.19504 -0.980795 0
    outer loop
      vertex 95.3297 19.0298 35.4
      vertex 94.2777 18.8206 34.2
      vertex 95.3297 19.0298 34.2
    endloop
  endfacet
  facet normal -0.980831 0.194859 0
    outer loop
      vertex 104.321 8.77768 34.2
      vertex 104.53 9.82969 35.4
      vertex 104.53 9.82969 34.2
    endloop
  endfacet
  facet normal -0.980831 0.194859 0
    outer loop
      vertex 104.53 9.82969 35.4
      vertex 104.321 8.77768 34.2
      vertex 104.321 8.77768 35.4
    endloop
  endfacet
  facet normal 0.751877 -0.659303 0
    outer loop
      vertex 89.8945 15.8918 35.4
      vertex 90.6017 16.6983 34.2
      vertex 90.6017 16.6983 35.4
    endloop
  endfacet
  facet normal 0.751877 -0.659303 0
    outer loop
      vertex 90.6017 16.6983 34.2
      vertex 89.8945 15.8918 35.4
      vertex 89.8945 15.8918 34.2
    endloop
  endfacet
  facet normal -0.321453 -0.946926 0
    outer loop
      vertex 98.5223 18.8206 34.2
      vertex 99.538 18.4758 35.4
      vertex 98.5223 18.8206 35.4
    endloop
  endfacet
  facet normal -0.321453 -0.946926 -0
    outer loop
      vertex 99.538 18.4758 35.4
      vertex 98.5223 18.8206 34.2
      vertex 99.538 18.4758 34.2
    endloop
  endfacet
  facet normal 0.980777 -0.19513 0
    outer loop
      vertex 88.2701 11.9703 35.4
      vertex 88.4794 13.0223 34.2
      vertex 88.4794 13.0223 35.4
    endloop
  endfacet
  facet normal 0.980777 -0.19513 0
    outer loop
      vertex 88.4794 13.0223 34.2
      vertex 88.2701 11.9703 35.4
      vertex 88.2701 11.9703 34.2
    endloop
  endfacet
  facet normal 0.065402 0.997859 -0
    outer loop
      vertex 96.4 2.7 34.2
      vertex 95.3297 2.77015 35.4
      vertex 96.4 2.7 35.4
    endloop
  endfacet
  facet normal 0.065402 0.997859 0
    outer loop
      vertex 95.3297 2.77015 35.4
      vertex 96.4 2.7 34.2
      vertex 95.3297 2.77015 34.2
    endloop
  endfacet
  facet normal -0.75197 -0.659197 0
    outer loop
      vertex 102.905 15.8918 34.2
      vertex 102.198 16.6983 35.4
      vertex 102.198 16.6983 34.2
    endloop
  endfacet
  facet normal -0.75197 -0.659197 0
    outer loop
      vertex 102.198 16.6983 35.4
      vertex 102.905 15.8918 34.2
      vertex 102.905 15.8918 35.4
    endloop
  endfacet
  facet normal 0.751853 0.659331 0
    outer loop
      vertex 90.6017 5.10172 35.4
      vertex 89.8945 5.90816 34.2
      vertex 89.8945 5.90816 35.4
    endloop
  endfacet
  facet normal 0.751853 0.659331 0
    outer loop
      vertex 89.8945 5.90816 34.2
      vertex 90.6017 5.10172 35.4
      vertex 90.6017 5.10172 34.2
    endloop
  endfacet
  facet normal 0.946926 -0.321453 0
    outer loop
      vertex 88.4794 13.0223 35.4
      vertex 88.8242 14.038 34.2
      vertex 88.8242 14.038 35.4
    endloop
  endfacet
  facet normal 0.946926 -0.321453 0
    outer loop
      vertex 88.8242 14.038 34.2
      vertex 88.4794 13.0223 35.4
      vertex 88.4794 13.0223 34.2
    endloop
  endfacet
  facet normal 0 0 1
    outer loop
      vertex 104.53 11.9703 34.2
      vertex 104.53 9.82969 34.2
      vertex 104.6 10.9 34.2
    endloop
  endfacet
  facet normal 0 0 1
    outer loop
      vertex 104.321 13.0223 34.2
      vertex 104.53 9.82969 34.2
      vertex 104.53 11.9703 34.2
    endloop
  endfacet
  facet normal 0 0 1
    outer loop
      vertex 104.321 13.0223 34.2
      vertex 104.321 8.77768 34.2
      vertex 104.53 9.82969 34.2
    endloop
  endfacet
  facet normal 0 0 1
    outer loop
      vertex 103.976 14.038 34.2
      vertex 104.321 8.77768 34.2
      vertex 104.321 13.0223 34.2
    endloop
  endfacet
  facet normal 0 0 1
    outer loop
      vertex 103.976 14.038 34.2
      vertex 103.976 7.762 34.2
      vertex 104.321 8.77768 34.2
    endloop
  endfacet
  facet normal 0 0 1
    outer loop
      vertex 103.501 15 34.2
      vertex 103.976 7.762 34.2
      vertex 103.976 14.038 34.2
    endloop
  endfacet
  facet normal 0 0 1
    outer loop
      vertex 103.501 15 34.2
      vertex 103.501 6.8 34.2
      vertex 103.976 7.762 34.2
    endloop
  endfacet
  facet normal 0 0 1
    outer loop
      vertex 102.905 15.8918 34.2
      vertex 103.501 6.8 34.2
      vertex 103.501 15 34.2
    endloop
  endfacet
  facet normal 0 0 1
    outer loop
      vertex 102.905 15.8918 34.2
      vertex 102.905 5.90816 34.2
      vertex 103.501 6.8 34.2
    endloop
  endfacet
  facet normal 0 0 1
    outer loop
      vertex 102.198 16.6983 34.2
      vertex 102.905 5.90816 34.2
      vertex 102.905 15.8918 34.2
    endloop
  endfacet
  facet normal 0 0 1
    outer loop
      vertex 102.198 16.6983 34.2
      vertex 102.198 5.10172 34.2
      vertex 102.905 5.90816 34.2
    endloop
  endfacet
  facet normal 0 0 1
    outer loop
      vertex 101.392 17.4055 34.2
      vertex 102.198 5.10172 34.2
      vertex 102.198 16.6983 34.2
    endloop
  endfacet
  facet normal 0 0 1
    outer loop
      vertex 101.392 17.4055 34.2
      vertex 101.392 4.3945 34.2
      vertex 102.198 5.10172 34.2
    endloop
  endfacet
  facet normal 0 0 1
    outer loop
      vertex 100.5 18.0014 34.2
      vertex 101.392 4.3945 34.2
      vertex 101.392 17.4055 34.2
    endloop
  endfacet
  facet normal 0 0 1
    outer loop
      vertex 100.5 18.0014 34.2
      vertex 100.5 3.79859 34.2
      vertex 101.392 4.3945 34.2
    endloop
  endfacet
  facet normal 0 0 1
    outer loop
      vertex 99.538 18.4758 34.2
      vertex 100.5 3.79859 34.2
      vertex 100.5 18.0014 34.2
    endloop
  endfacet
  facet normal 0 0 1
    outer loop
      vertex 99.538 18.4758 34.2
      vertex 99.538 3.32419 34.2
      vertex 100.5 3.79859 34.2
    endloop
  endfacet
  facet normal 0 0 1
    outer loop
      vertex 98.5223 18.8206 34.2
      vertex 99.538 3.32419 34.2
      vertex 99.538 18.4758 34.2
    endloop
  endfacet
  facet normal 0 0 1
    outer loop
      vertex 98.5223 18.8206 34.2
      vertex 98.5223 2.97941 34.2
      vertex 99.538 3.32419 34.2
    endloop
  endfacet
  facet normal 0 0 1
    outer loop
      vertex 97.4703 19.0298 34.2
      vertex 98.5223 2.97941 34.2
      vertex 98.5223 18.8206 34.2
    endloop
  endfacet
  facet normal 0 0 1
    outer loop
      vertex 97.4703 19.0298 34.2
      vertex 97.4703 2.77015 34.2
      vertex 98.5223 2.97941 34.2
    endloop
  endfacet
  facet normal 0 0 1
    outer loop
      vertex 96.4 19.1 34.2
      vertex 97.4703 2.77015 34.2
      vertex 97.4703 19.0298 34.2
    endloop
  endfacet
  facet normal 0 0 1
    outer loop
      vertex 96.4 19.1 34.2
      vertex 96.4 2.7 34.2
      vertex 97.4703 2.77015 34.2
    endloop
  endfacet
  facet normal -0 0 1
    outer loop
      vertex 95.3297 19.0298 34.2
      vertex 96.4 2.7 34.2
      vertex 96.4 19.1 34.2
    endloop
  endfacet
  facet normal 0 0 1
    outer loop
      vertex 95.3297 19.0298 34.2
      vertex 95.3297 2.77015 34.2
      vertex 96.4 2.7 34.2
    endloop
  endfacet
  facet normal -0 0 1
    outer loop
      vertex 94.2777 18.8206 34.2
      vertex 95.3297 2.77015 34.2
      vertex 95.3297 19.0298 34.2
    endloop
  endfacet
  facet normal 0 0 1
    outer loop
      vertex 94.2777 18.8206 34.2
      vertex 94.2777 2.97941 34.2
      vertex 95.3297 2.77015 34.2
    endloop
  endfacet
  facet normal -0 0 1
    outer loop
      vertex 93.262 18.4758 34.2
      vertex 94.2777 2.97941 34.2
      vertex 94.2777 18.8206 34.2
    endloop
  endfacet
  facet normal 0 0 1
    outer loop
      vertex 93.262 18.4758 34.2
      vertex 93.262 3.32419 34.2
      vertex 94.2777 2.97941 34.2
    endloop
  endfacet
  facet normal -0 0 1
    outer loop
      vertex 92.3 18.0014 34.2
      vertex 93.262 3.32419 34.2
      vertex 93.262 18.4758 34.2
    endloop
  endfacet
  facet normal 0 0 1
    outer loop
      vertex 92.3 18.0014 34.2
      vertex 92.3 3.79859 34.2
      vertex 93.262 3.32419 34.2
    endloop
  endfacet
  facet normal -0 0 1
    outer loop
      vertex 91.4082 17.4055 34.2
      vertex 92.3 3.79859 34.2
      vertex 92.3 18.0014 34.2
    endloop
  endfacet
  facet normal 0 0 1
    outer loop
      vertex 91.4082 17.4055 34.2
      vertex 91.4082 4.3945 34.2
      vertex 92.3 3.79859 34.2
    endloop
  endfacet
  facet normal -0 0 1
    outer loop
      vertex 90.6017 16.6983 34.2
      vertex 91.4082 4.3945 34.2
      vertex 91.4082 17.4055 34.2
    endloop
  endfacet
  facet normal 0 0 1
    outer loop
      vertex 90.6017 16.6983 34.2
      vertex 90.6017 5.10172 34.2
      vertex 91.4082 4.3945 34.2
    endloop
  endfacet
  facet normal -0 0 1
    outer loop
      vertex 89.8945 15.8918 34.2
      vertex 90.6017 5.10172 34.2
      vertex 90.6017 16.6983 34.2
    endloop
  endfacet
  facet normal 0 0 1
    outer loop
      vertex 89.8945 15.8918 34.2
      vertex 89.8945 5.90816 34.2
      vertex 90.6017 5.10172 34.2
    endloop
  endfacet
  facet normal -0 0 1
    outer loop
      vertex 89.2986 15 34.2
      vertex 89.8945 5.90816 34.2
      vertex 89.8945 15.8918 34.2
    endloop
  endfacet
  facet normal 0 0 1
    outer loop
      vertex 89.2986 15 34.2
      vertex 89.2986 6.8 34.2
      vertex 89.8945 5.90816 34.2
    endloop
  endfacet
  facet normal -0 0 1
    outer loop
      vertex 88.8242 14.038 34.2
      vertex 89.2986 6.8 34.2
      vertex 89.2986 15 34.2
    endloop
  endfacet
  facet normal 0 0 1
    outer loop
      vertex 88.8242 14.038 34.2
      vertex 88.8242 7.762 34.2
      vertex 89.2986 6.8 34.2
    endloop
  endfacet
  facet normal -0 0 1
    outer loop
      vertex 88.4794 13.0223 34.2
      vertex 88.8242 7.762 34.2
      vertex 88.8242 14.038 34.2
    endloop
  endfacet
  facet normal 0 0 1
    outer loop
      vertex 88.4794 13.0223 34.2
      vertex 88.4794 8.77768 34.2
      vertex 88.8242 7.762 34.2
    endloop
  endfacet
  facet normal -0 0 1
    outer loop
      vertex 88.2701 11.9703 34.2
      vertex 88.4794 8.77768 34.2
      vertex 88.4794 13.0223 34.2
    endloop
  endfacet
  facet normal 0 0 1
    outer loop
      vertex 88.2701 11.9703 34.2
      vertex 88.2701 9.82969 34.2
      vertex 88.4794 8.77768 34.2
    endloop
  endfacet
  facet normal 0 -0 1
    outer loop
      vertex 88.2701 9.82969 34.2
      vertex 88.2701 11.9703 34.2
      vertex 88.2 10.9 34.2
    endloop
  endfacet
  facet normal -0.946867 0.321626 0
    outer loop
      vertex 103.976 7.762 34.2
      vertex 104.321 8.77768 35.4
      vertex 104.321 8.77768 34.2
    endloop
  endfacet
  facet normal -0.946867 0.321626 0
    outer loop
      vertex 104.321 8.77768 35.4
      vertex 103.976 7.762 34.2
      vertex 103.976 7.762 35.4
    endloop
  endfacet
  facet normal -0.555496 -0.831519 0
    outer loop
      vertex 100.5 18.0014 34.2
      vertex 101.392 17.4055 35.4
      vertex 100.5 18.0014 35.4
    endloop
  endfacet
  facet normal -0.555496 -0.831519 -0
    outer loop
      vertex 101.392 17.4055 35.4
      vertex 100.5 18.0014 34.2
      vertex 101.392 17.4055 34.2
    endloop
  endfacet
  facet normal -0.195094 0.980785 0
    outer loop
      vertex 98.5223 2.97941 34.2
      vertex 97.4703 2.77015 35.4
      vertex 98.5223 2.97941 35.4
    endloop
  endfacet
  facet normal -0.195094 0.980785 0
    outer loop
      vertex 97.4703 2.77015 35.4
      vertex 98.5223 2.97941 34.2
      vertex 97.4703 2.77015 34.2
    endloop
  endfacet
  facet normal 0.831462 -0.555582 0
    outer loop
      vertex 89.2986 15 35.4
      vertex 89.8945 15.8918 34.2
      vertex 89.8945 15.8918 35.4
    endloop
  endfacet
  facet normal 0.831462 -0.555582 0
    outer loop
      vertex 89.8945 15.8918 34.2
      vertex 89.2986 15 35.4
      vertex 89.2986 15 34.2
    endloop
  endfacet
  facet normal -0.659545 0.751666 0
    outer loop
      vertex 102.198 5.10172 34.2
      vertex 101.392 4.3945 35.4
      vertex 102.198 5.10172 35.4
    endloop
  endfacet
  facet normal -0.659545 0.751666 0
    outer loop
      vertex 101.392 4.3945 35.4
      vertex 102.198 5.10172 34.2
      vertex 101.392 4.3945 34.2
    endloop
  endfacet
  facet normal 0.555582 -0.831462 0
    outer loop
      vertex 91.4082 17.4055 34.2
      vertex 92.3 18.0014 35.4
      vertex 91.4082 17.4055 35.4
    endloop
  endfacet
  facet normal 0.555582 -0.831462 0
    outer loop
      vertex 92.3 18.0014 35.4
      vertex 91.4082 17.4055 34.2
      vertex 92.3 18.0014 34.2
    endloop
  endfacet
  facet normal 0.659313 0.751868 -0
    outer loop
      vertex 91.4082 4.3945 34.2
      vertex 90.6017 5.10172 35.4
      vertex 91.4082 4.3945 35.4
    endloop
  endfacet
  facet normal 0.659313 0.751868 0
    outer loop
      vertex 90.6017 5.10172 35.4
      vertex 91.4082 4.3945 34.2
      vertex 90.6017 5.10172 34.2
    endloop
  endfacet
  facet normal 0.896875 0.442284 0
    outer loop
      vertex 89.2986 6.8 35.4
      vertex 88.8242 7.762 34.2
      vertex 88.8242 7.762 35.4
    endloop
  endfacet
  facet normal 0.896875 0.442284 0
    outer loop
      vertex 88.8242 7.762 34.2
      vertex 89.2986 6.8 35.4
      vertex 89.2986 6.8 34.2
    endloop
  endfacet
  facet normal 0.321453 -0.946926 0
    outer loop
      vertex 93.262 18.4758 34.2
      vertex 94.2777 18.8206 35.4
      vertex 93.262 18.4758 35.4
    endloop
  endfacet
  facet normal 0.321453 -0.946926 0
    outer loop
      vertex 94.2777 18.8206 35.4
      vertex 93.262 18.4758 34.2
      vertex 94.2777 18.8206 34.2
    endloop
  endfacet
  facet normal 0.195094 0.980785 -0
    outer loop
      vertex 95.3297 2.77015 34.2
      vertex 94.2777 2.97941 35.4
      vertex 95.3297 2.77015 35.4
    endloop
  endfacet
  facet normal 0.195094 0.980785 0
    outer loop
      vertex 94.2777 2.97941 35.4
      vertex 95.3297 2.77015 34.2
      vertex 94.2777 2.97941 34.2
    endloop
  endfacet
  facet normal 0.831473 0.555565 0
    outer loop
      vertex 89.8945 5.90816 35.4
      vertex 89.2986 6.8 34.2
      vertex 89.2986 6.8 35.4
    endloop
  endfacet
  facet normal 0.831473 0.555565 0
    outer loop
      vertex 89.2986 6.8 34.2
      vertex 89.8945 5.90816 35.4
      vertex 89.8945 5.90816 34.2
    endloop
  endfacet
  facet normal 0.442284 0.896875 -0
    outer loop
      vertex 93.262 3.32419 34.2
      vertex 92.3 3.79859 35.4
      vertex 93.262 3.32419 35.4
    endloop
  endfacet
  facet normal 0.442284 0.896875 0
    outer loop
      vertex 92.3 3.79859 35.4
      vertex 93.262 3.32419 34.2
      vertex 92.3 3.79859 34.2
    endloop
  endfacet
  facet normal 0.555588 0.831457 -0
    outer loop
      vertex 92.3 3.79859 34.2
      vertex 91.4082 4.3945 35.4
      vertex 92.3 3.79859 35.4
    endloop
  endfacet
  facet normal 0.555588 0.831457 0
    outer loop
      vertex 91.4082 4.3945 35.4
      vertex 92.3 3.79859 34.2
      vertex 91.4082 4.3945 34.2
    endloop
  endfacet
  facet normal -0.19504 -0.980795 0
    outer loop
      vertex 97.4703 19.0298 34.2
      vertex 98.5223 18.8206 35.4
      vertex 97.4703 19.0298 35.4
    endloop
  endfacet
  facet normal -0.19504 -0.980795 -0
    outer loop
      vertex 98.5223 18.8206 35.4
      vertex 97.4703 19.0298 34.2
      vertex 98.5223 18.8206 34.2
    endloop
  endfacet
  facet normal 0 0 1
    outer loop
      vertex 156.4 20.9 35.4
      vertex 154.6 10.9 35.4
      vertex 156.4 2.4 35.4
    endloop
  endfacet
  facet normal 0 0 1
    outer loop
      vertex 156.4 20.9 35.4
      vertex 154.53 11.9703 35.4
      vertex 154.6 10.9 35.4
    endloop
  endfacet
  facet normal 0 0 1
    outer loop
      vertex 156.4 20.9 35.4
      vertex 154.321 13.0223 35.4
      vertex 154.53 11.9703 35.4
    endloop
  endfacet
  facet normal 0 0 1
    outer loop
      vertex 156.4 20.9 35.4
      vertex 153.976 14.038 35.4
      vertex 154.321 13.0223 35.4
    endloop
  endfacet
  facet normal 0 0 1
    outer loop
      vertex 156.4 20.9 35.4
      vertex 153.501 15 35.4
      vertex 153.976 14.038 35.4
    endloop
  endfacet
  facet normal 0 0 1
    outer loop
      vertex 156.4 20.9 35.4
      vertex 152.906 15.8918 35.4
      vertex 153.501 15 35.4
    endloop
  endfacet
  facet normal 0 0 1
    outer loop
      vertex 156.4 20.9 35.4
      vertex 152.198 16.6983 35.4
      vertex 152.906 15.8918 35.4
    endloop
  endfacet
  facet normal 0 0 1
    outer loop
      vertex 156.4 20.9 35.4
      vertex 151.392 17.4055 35.4
      vertex 152.198 16.6983 35.4
    endloop
  endfacet
  facet normal 0 0 1
    outer loop
      vertex 156.4 20.9 35.4
      vertex 150.5 18.0014 35.4
      vertex 151.392 17.4055 35.4
    endloop
  endfacet
  facet normal 0 0 1
    outer loop
      vertex 156.4 20.9 35.4
      vertex 149.538 18.4758 35.4
      vertex 150.5 18.0014 35.4
    endloop
  endfacet
  facet normal 0 0 1
    outer loop
      vertex 156.4 20.9 35.4
      vertex 148.522 18.8206 35.4
      vertex 149.538 18.4758 35.4
    endloop
  endfacet
  facet normal 0 0 1
    outer loop
      vertex 156.4 20.9 35.4
      vertex 147.47 19.0298 35.4
      vertex 148.522 18.8206 35.4
    endloop
  endfacet
  facet normal 0 0 1
    outer loop
      vertex 156.4 20.9 35.4
      vertex 146.4 19.1 35.4
      vertex 147.47 19.0298 35.4
    endloop
  endfacet
  facet normal -0 0 1
    outer loop
      vertex 136.4 20.9 35.4
      vertex 146.4 19.1 35.4
      vertex 156.4 20.9 35.4
    endloop
  endfacet
  facet normal 0 0 1
    outer loop
      vertex 138.27 11.9703 35.4
      vertex 136.4 20.9 35.4
      vertex 138.2 10.9 35.4
    endloop
  endfacet
  facet normal 0 0 1
    outer loop
      vertex 138.479 13.0223 35.4
      vertex 136.4 20.9 35.4
      vertex 138.27 11.9703 35.4
    endloop
  endfacet
  facet normal 0 0 1
    outer loop
      vertex 138.824 14.038 35.4
      vertex 136.4 20.9 35.4
      vertex 138.479 13.0223 35.4
    endloop
  endfacet
  facet normal 0 0 1
    outer loop
      vertex 139.299 15 35.4
      vertex 136.4 20.9 35.4
      vertex 138.824 14.038 35.4
    endloop
  endfacet
  facet normal 0 0 1
    outer loop
      vertex 139.895 15.8918 35.4
      vertex 136.4 20.9 35.4
      vertex 139.299 15 35.4
    endloop
  endfacet
  facet normal 0 0 1
    outer loop
      vertex 140.602 16.6983 35.4
      vertex 136.4 20.9 35.4
      vertex 139.895 15.8918 35.4
    endloop
  endfacet
  facet normal 0 0 1
    outer loop
      vertex 141.408 17.4055 35.4
      vertex 136.4 20.9 35.4
      vertex 140.602 16.6983 35.4
    endloop
  endfacet
  facet normal 0 0 1
    outer loop
      vertex 142.3 18.0014 35.4
      vertex 136.4 20.9 35.4
      vertex 141.408 17.4055 35.4
    endloop
  endfacet
  facet normal 0 0 1
    outer loop
      vertex 143.262 18.4758 35.4
      vertex 136.4 20.9 35.4
      vertex 142.3 18.0014 35.4
    endloop
  endfacet
  facet normal 0 0 1
    outer loop
      vertex 144.278 18.8206 35.4
      vertex 136.4 20.9 35.4
      vertex 143.262 18.4758 35.4
    endloop
  endfacet
  facet normal 0 0 1
    outer loop
      vertex 145.33 19.0298 35.4
      vertex 136.4 20.9 35.4
      vertex 144.278 18.8206 35.4
    endloop
  endfacet
  facet normal 0 0 1
    outer loop
      vertex 146.4 19.1 35.4
      vertex 136.4 20.9 35.4
      vertex 145.33 19.0298 35.4
    endloop
  endfacet
  facet normal -0 0 1
    outer loop
      vertex 154.53 9.82969 35.4
      vertex 156.4 2.4 35.4
      vertex 154.6 10.9 35.4
    endloop
  endfacet
  facet normal -0 0 1
    outer loop
      vertex 154.321 8.77768 35.4
      vertex 156.4 2.4 35.4
      vertex 154.53 9.82969 35.4
    endloop
  endfacet
  facet normal -0 0 1
    outer loop
      vertex 153.976 7.762 35.4
      vertex 156.4 2.4 35.4
      vertex 154.321 8.77768 35.4
    endloop
  endfacet
  facet normal -0 0 1
    outer loop
      vertex 153.501 6.8 35.4
      vertex 156.4 2.4 35.4
      vertex 153.976 7.762 35.4
    endloop
  endfacet
  facet normal -0 0 1
    outer loop
      vertex 152.906 5.90816 35.4
      vertex 156.4 2.4 35.4
      vertex 153.501 6.8 35.4
    endloop
  endfacet
  facet normal -0 0 1
    outer loop
      vertex 152.198 5.10172 35.4
      vertex 156.4 2.4 35.4
      vertex 152.906 5.90816 35.4
    endloop
  endfacet
  facet normal -0 0 1
    outer loop
      vertex 151.392 4.3945 35.4
      vertex 156.4 2.4 35.4
      vertex 152.198 5.10172 35.4
    endloop
  endfacet
  facet normal -0 0 1
    outer loop
      vertex 150.5 3.79859 35.4
      vertex 156.4 2.4 35.4
      vertex 151.392 4.3945 35.4
    endloop
  endfacet
  facet normal -0 0 1
    outer loop
      vertex 149.538 3.32419 35.4
      vertex 156.4 2.4 35.4
      vertex 150.5 3.79859 35.4
    endloop
  endfacet
  facet normal -0 0 1
    outer loop
      vertex 148.522 2.97941 35.4
      vertex 156.4 2.4 35.4
      vertex 149.538 3.32419 35.4
    endloop
  endfacet
  facet normal -0 0 1
    outer loop
      vertex 147.47 2.77015 35.4
      vertex 156.4 2.4 35.4
      vertex 148.522 2.97941 35.4
    endloop
  endfacet
  facet normal -0 0 1
    outer loop
      vertex 146.4 2.7 35.4
      vertex 156.4 2.4 35.4
      vertex 147.47 2.77015 35.4
    endloop
  endfacet
  facet normal 0 0 1
    outer loop
      vertex 136.4 2.4 35.4
      vertex 138.2 10.9 35.4
      vertex 136.4 20.9 35.4
    endloop
  endfacet
  facet normal 0 0 1
    outer loop
      vertex 146.4 2.7 35.4
      vertex 136.4 2.4 35.4
      vertex 156.4 2.4 35.4
    endloop
  endfacet
  facet normal 0 0 1
    outer loop
      vertex 145.33 2.77015 35.4
      vertex 136.4 2.4 35.4
      vertex 146.4 2.7 35.4
    endloop
  endfacet
  facet normal 0 0 1
    outer loop
      vertex 144.278 2.97941 35.4
      vertex 136.4 2.4 35.4
      vertex 145.33 2.77015 35.4
    endloop
  endfacet
  facet normal 0 0 1
    outer loop
      vertex 143.262 3.32419 35.4
      vertex 136.4 2.4 35.4
      vertex 144.278 2.97941 35.4
    endloop
  endfacet
  facet normal 0 0 1
    outer loop
      vertex 142.3 3.79859 35.4
      vertex 136.4 2.4 35.4
      vertex 143.262 3.32419 35.4
    endloop
  endfacet
  facet normal 0 0 1
    outer loop
      vertex 141.408 4.3945 35.4
      vertex 136.4 2.4 35.4
      vertex 142.3 3.79859 35.4
    endloop
  endfacet
  facet normal 0 0 1
    outer loop
      vertex 140.602 5.10172 35.4
      vertex 136.4 2.4 35.4
      vertex 141.408 4.3945 35.4
    endloop
  endfacet
  facet normal 0 0 1
    outer loop
      vertex 139.895 5.90816 35.4
      vertex 136.4 2.4 35.4
      vertex 140.602 5.10172 35.4
    endloop
  endfacet
  facet normal 0 0 1
    outer loop
      vertex 139.299 6.8 35.4
      vertex 136.4 2.4 35.4
      vertex 139.895 5.90816 35.4
    endloop
  endfacet
  facet normal 0 0 1
    outer loop
      vertex 138.824 7.762 35.4
      vertex 136.4 2.4 35.4
      vertex 139.299 6.8 35.4
    endloop
  endfacet
  facet normal 0 0 1
    outer loop
      vertex 138.479 8.77768 35.4
      vertex 136.4 2.4 35.4
      vertex 138.824 7.762 35.4
    endloop
  endfacet
  facet normal 0 0 1
    outer loop
      vertex 138.27 9.82969 35.4
      vertex 136.4 2.4 35.4
      vertex 138.479 8.77768 35.4
    endloop
  endfacet
  facet normal 0 0 1
    outer loop
      vertex 138.2 10.9 35.4
      vertex 136.4 2.4 35.4
      vertex 138.27 9.82969 35.4
    endloop
  endfacet
  facet normal -1 0 0
    outer loop
      vertex 136.4 2.4 35.4
      vertex 136.4 20.9 31.4
      vertex 136.4 2.4 12.9
    endloop
  endfacet
  facet normal -1 0 0
    outer loop
      vertex 136.4 20.9 31.4
      vertex 136.4 2.4 35.4
      vertex 136.4 20.9 35.4
    endloop
  endfacet
  facet normal 1 -0 0
    outer loop
      vertex 156.4 2.4 35.4
      vertex 156.4 20.9 31.4
      vertex 156.4 20.9 35.4
    endloop
  endfacet
  facet normal 1 0 0
    outer loop
      vertex 156.4 20.9 31.4
      vertex 156.4 2.4 35.4
      vertex 156.4 2.4 12.9
    endloop
  endfacet
  facet normal 0 1 -0
    outer loop
      vertex 156.4 20.9 31.4
      vertex 136.4 20.9 35.4
      vertex 156.4 20.9 35.4
    endloop
  endfacet
  facet normal 0 1 0
    outer loop
      vertex 136.4 20.9 35.4
      vertex 156.4 20.9 31.4
      vertex 136.4 20.9 31.4
    endloop
  endfacet
  facet normal 0 0.707107 -0.707107
    outer loop
      vertex 156.4 2.4 12.9
      vertex 136.4 20.9 31.4
      vertex 156.4 20.9 31.4
    endloop
  endfacet
  facet normal 0 0.707107 -0.707107
    outer loop
      vertex 136.4 20.9 31.4
      vertex 156.4 2.4 12.9
      vertex 136.4 2.4 12.9
    endloop
  endfacet
  facet normal -0.321368 -0.946954 0
    outer loop
      vertex 148.522 18.8206 34.2
      vertex 149.538 18.4758 35.4
      vertex 148.522 18.8206 35.4
    endloop
  endfacet
  facet normal -0.321368 -0.946954 -0
    outer loop
      vertex 149.538 18.4758 35.4
      vertex 148.522 18.8206 34.2
      vertex 149.538 18.4758 34.2
    endloop
  endfacet
  facet normal -0.980831 -0.194861 0
    outer loop
      vertex 154.53 11.9703 34.2
      vertex 154.321 13.0223 35.4
      vertex 154.321 13.0223 34.2
    endloop
  endfacet
  facet normal -0.980831 -0.194861 0
    outer loop
      vertex 154.321 13.0223 35.4
      vertex 154.53 11.9703 34.2
      vertex 154.53 11.9703 35.4
    endloop
  endfacet
  facet normal -0.751508 -0.659724 0
    outer loop
      vertex 152.906 15.8918 34.2
      vertex 152.198 16.6983 35.4
      vertex 152.198 16.6983 34.2
    endloop
  endfacet
  facet normal -0.751508 -0.659724 0
    outer loop
      vertex 152.198 16.6983 35.4
      vertex 152.906 15.8918 34.2
      vertex 152.906 15.8918 35.4
    endloop
  endfacet
  facet normal -0.19504 -0.980795 0
    outer loop
      vertex 147.47 19.0298 34.2
      vertex 148.522 18.8206 35.4
      vertex 147.47 19.0298 35.4
    endloop
  endfacet
  facet normal -0.19504 -0.980795 -0
    outer loop
      vertex 148.522 18.8206 35.4
      vertex 147.47 19.0298 34.2
      vertex 148.522 18.8206 34.2
    endloop
  endfacet
  facet normal -0.751483 0.659752 0
    outer loop
      vertex 152.198 5.10172 34.2
      vertex 152.906 5.90816 35.4
      vertex 152.906 5.90816 34.2
    endloop
  endfacet
  facet normal -0.751483 0.659752 0
    outer loop
      vertex 152.906 5.90816 35.4
      vertex 152.198 5.10172 34.2
      vertex 152.198 5.10172 35.4
    endloop
  endfacet
  facet normal 0.0654667 -0.997855 0
    outer loop
      vertex 145.33 19.0298 34.2
      vertex 146.4 19.1 35.4
      vertex 145.33 19.0298 35.4
    endloop
  endfacet
  facet normal 0.0654667 -0.997855 0
    outer loop
      vertex 146.4 19.1 35.4
      vertex 145.33 19.0298 34.2
      vertex 146.4 19.1 34.2
    endloop
  endfacet
  facet normal -0.659534 -0.751675 0
    outer loop
      vertex 151.392 17.4055 34.2
      vertex 152.198 16.6983 35.4
      vertex 151.392 17.4055 35.4
    endloop
  endfacet
  facet normal -0.659534 -0.751675 -0
    outer loop
      vertex 152.198 16.6983 35.4
      vertex 151.392 17.4055 34.2
      vertex 152.198 16.6983 34.2
    endloop
  endfacet
  facet normal 0.896653 0.442734 0
    outer loop
      vertex 139.299 6.8 35.4
      vertex 138.824 7.762 34.2
      vertex 138.824 7.762 35.4
    endloop
  endfacet
  facet normal 0.896653 0.442734 0
    outer loop
      vertex 138.824 7.762 34.2
      vertex 139.299 6.8 35.4
      vertex 139.299 6.8 34.2
    endloop
  endfacet
  facet normal -0.0654667 -0.997855 0
    outer loop
      vertex 146.4 19.1 34.2
      vertex 147.47 19.0298 35.4
      vertex 146.4 19.1 35.4
    endloop
  endfacet
  facet normal -0.0654667 -0.997855 -0
    outer loop
      vertex 147.47 19.0298 35.4
      vertex 146.4 19.1 34.2
      vertex 147.47 19.0298 34.2
    endloop
  endfacet
  facet normal 0.946869 -0.32162 0
    outer loop
      vertex 138.479 13.0223 35.4
      vertex 138.824 14.038 34.2
      vertex 138.824 14.038 35.4
    endloop
  endfacet
  facet normal 0.946869 -0.32162 0
    outer loop
      vertex 138.824 14.038 34.2
      vertex 138.479 13.0223 35.4
      vertex 138.479 13.0223 34.2
    endloop
  endfacet
  facet normal -0.946869 -0.32162 0
    outer loop
      vertex 154.321 13.0223 34.2
      vertex 153.976 14.038 35.4
      vertex 153.976 14.038 34.2
    endloop
  endfacet
  facet normal -0.946869 -0.32162 0
    outer loop
      vertex 153.976 14.038 35.4
      vertex 154.321 13.0223 34.2
      vertex 154.321 13.0223 35.4
    endloop
  endfacet
  facet normal 0.321351 0.94696 -0
    outer loop
      vertex 144.278 2.97941 34.2
      vertex 143.262 3.32419 35.4
      vertex 144.278 2.97941 35.4
    endloop
  endfacet
  facet normal 0.321351 0.94696 0
    outer loop
      vertex 143.262 3.32419 35.4
      vertex 144.278 2.97941 34.2
      vertex 143.262 3.32419 34.2
    endloop
  endfacet
  facet normal 0.442284 0.896875 -0
    outer loop
      vertex 143.262 3.32419 34.2
      vertex 142.3 3.79859 35.4
      vertex 143.262 3.32419 35.4
    endloop
  endfacet
  facet normal 0.442284 0.896875 0
    outer loop
      vertex 142.3 3.79859 35.4
      vertex 143.262 3.32419 34.2
      vertex 142.3 3.79859 34.2
    endloop
  endfacet
  facet normal -0.997868 -0.0652628 0
    outer loop
      vertex 154.6 10.9 34.2
      vertex 154.53 11.9703 35.4
      vertex 154.53 11.9703 34.2
    endloop
  endfacet
  facet normal -0.997868 -0.0652628 0
    outer loop
      vertex 154.53 11.9703 35.4
      vertex 154.6 10.9 34.2
      vertex 154.6 10.9 35.4
    endloop
  endfacet
  facet normal 0.946867 0.321626 0
    outer loop
      vertex 138.824 7.762 35.4
      vertex 138.479 8.77768 34.2
      vertex 138.479 8.77768 35.4
    endloop
  endfacet
  facet normal 0.946867 0.321626 0
    outer loop
      vertex 138.479 8.77768 34.2
      vertex 138.824 7.762 35.4
      vertex 138.824 7.762 34.2
    endloop
  endfacet
  facet normal -0.0654203 0.997858 0
    outer loop
      vertex 147.47 2.77015 34.2
      vertex 146.4 2.7 35.4
      vertex 147.47 2.77015 35.4
    endloop
  endfacet
  facet normal -0.0654203 0.997858 0
    outer loop
      vertex 146.4 2.7 35.4
      vertex 147.47 2.77015 34.2
      vertex 146.4 2.7 34.2
    endloop
  endfacet
  facet normal 0.980831 0.194859 0
    outer loop
      vertex 138.479 8.77768 35.4
      vertex 138.27 9.82969 34.2
      vertex 138.27 9.82969 35.4
    endloop
  endfacet
  facet normal 0.980831 0.194859 0
    outer loop
      vertex 138.27 9.82969 34.2
      vertex 138.479 8.77768 35.4
      vertex 138.479 8.77768 34.2
    endloop
  endfacet
  facet normal -0.980831 0.194859 0
    outer loop
      vertex 154.321 8.77768 34.2
      vertex 154.53 9.82969 35.4
      vertex 154.53 9.82969 34.2
    endloop
  endfacet
  facet normal -0.980831 0.194859 0
    outer loop
      vertex 154.53 9.82969 35.4
      vertex 154.321 8.77768 34.2
      vertex 154.321 8.77768 35.4
    endloop
  endfacet
  facet normal -0.831849 -0.555002 0
    outer loop
      vertex 153.501 15 34.2
      vertex 152.906 15.8918 35.4
      vertex 152.906 15.8918 34.2
    endloop
  endfacet
  facet normal -0.831849 -0.555002 0
    outer loop
      vertex 152.906 15.8918 35.4
      vertex 153.501 15 34.2
      vertex 153.501 15 35.4
    endloop
  endfacet
  facet normal -0.896653 -0.442734 0
    outer loop
      vertex 153.976 14.038 34.2
      vertex 153.501 15 35.4
      vertex 153.501 15 34.2
    endloop
  endfacet
  facet normal -0.896653 -0.442734 0
    outer loop
      vertex 153.501 15 35.4
      vertex 153.976 14.038 34.2
      vertex 153.976 14.038 35.4
    endloop
  endfacet
  facet normal 0.321368 -0.946954 0
    outer loop
      vertex 143.262 18.4758 34.2
      vertex 144.278 18.8206 35.4
      vertex 143.262 18.4758 35.4
    endloop
  endfacet
  facet normal 0.321368 -0.946954 0
    outer loop
      vertex 144.278 18.8206 35.4
      vertex 143.262 18.4758 34.2
      vertex 144.278 18.8206 34.2
    endloop
  endfacet
  facet normal -0.321351 0.94696 0
    outer loop
      vertex 149.538 3.32419 34.2
      vertex 148.522 2.97941 35.4
      vertex 149.538 3.32419 35.4
    endloop
  endfacet
  facet normal -0.321351 0.94696 0
    outer loop
      vertex 148.522 2.97941 35.4
      vertex 149.538 3.32419 34.2
      vertex 148.522 2.97941 34.2
    endloop
  endfacet
  facet normal 0.19504 -0.980795 0
    outer loop
      vertex 144.278 18.8206 34.2
      vertex 145.33 19.0298 35.4
      vertex 144.278 18.8206 35.4
    endloop
  endfacet
  facet normal 0.19504 -0.980795 0
    outer loop
      vertex 145.33 19.0298 35.4
      vertex 144.278 18.8206 34.2
      vertex 145.33 19.0298 34.2
    endloop
  endfacet
  facet normal -0.442284 -0.896875 0
    outer loop
      vertex 149.538 18.4758 34.2
      vertex 150.5 18.0014 35.4
      vertex 149.538 18.4758 35.4
    endloop
  endfacet
  facet normal -0.442284 -0.896875 -0
    outer loop
      vertex 150.5 18.0014 35.4
      vertex 149.538 18.4758 34.2
      vertex 150.5 18.0014 34.2
    endloop
  endfacet
  facet normal 0.831419 -0.555646 0
    outer loop
      vertex 139.299 15 35.4
      vertex 139.895 15.8918 34.2
      vertex 139.895 15.8918 35.4
    endloop
  endfacet
  facet normal 0.831419 -0.555646 0
    outer loop
      vertex 139.895 15.8918 34.2
      vertex 139.299 15 35.4
      vertex 139.299 15 34.2
    endloop
  endfacet
  facet normal -0.659545 0.751666 0
    outer loop
      vertex 152.198 5.10172 34.2
      vertex 151.392 4.3945 35.4
      vertex 152.198 5.10172 35.4
    endloop
  endfacet
  facet normal -0.659545 0.751666 0
    outer loop
      vertex 151.392 4.3945 35.4
      vertex 152.198 5.10172 34.2
      vertex 151.392 4.3945 34.2
    endloop
  endfacet
  facet normal -0.896653 0.442734 0
    outer loop
      vertex 153.501 6.8 34.2
      vertex 153.976 7.762 35.4
      vertex 153.976 7.762 34.2
    endloop
  endfacet
  facet normal -0.896653 0.442734 0
    outer loop
      vertex 153.976 7.762 35.4
      vertex 153.501 6.8 34.2
      vertex 153.501 6.8 35.4
    endloop
  endfacet
  facet normal 0.659545 0.751666 -0
    outer loop
      vertex 141.408 4.3945 34.2
      vertex 140.602 5.10172 35.4
      vertex 141.408 4.3945 35.4
    endloop
  endfacet
  facet normal 0.659545 0.751666 0
    outer loop
      vertex 140.602 5.10172 35.4
      vertex 141.408 4.3945 34.2
      vertex 140.602 5.10172 34.2
    endloop
  endfacet
  facet normal -0.555496 -0.831519 0
    outer loop
      vertex 150.5 18.0014 34.2
      vertex 151.392 17.4055 35.4
      vertex 150.5 18.0014 35.4
    endloop
  endfacet
  facet normal -0.555496 -0.831519 -0
    outer loop
      vertex 151.392 17.4055 35.4
      vertex 150.5 18.0014 34.2
      vertex 151.392 17.4055 34.2
    endloop
  endfacet
  facet normal 0.75197 -0.659197 0
    outer loop
      vertex 139.895 15.8918 35.4
      vertex 140.602 16.6983 34.2
      vertex 140.602 16.6983 35.4
    endloop
  endfacet
  facet normal 0.75197 -0.659197 0
    outer loop
      vertex 140.602 16.6983 34.2
      vertex 139.895 15.8918 35.4
      vertex 139.895 15.8918 34.2
    endloop
  endfacet
  facet normal 0.442284 -0.896875 0
    outer loop
      vertex 142.3 18.0014 34.2
      vertex 143.262 18.4758 35.4
      vertex 142.3 18.0014 35.4
    endloop
  endfacet
  facet normal 0.442284 -0.896875 0
    outer loop
      vertex 143.262 18.4758 35.4
      vertex 142.3 18.0014 34.2
      vertex 143.262 18.4758 34.2
    endloop
  endfacet
  facet normal -0.195094 0.980785 0
    outer loop
      vertex 148.522 2.97941 34.2
      vertex 147.47 2.77015 35.4
      vertex 148.522 2.97941 35.4
    endloop
  endfacet
  facet normal -0.195094 0.980785 0
    outer loop
      vertex 147.47 2.77015 35.4
      vertex 148.522 2.97941 34.2
      vertex 147.47 2.77015 34.2
    endloop
  endfacet
  facet normal 0.751946 0.659225 0
    outer loop
      vertex 140.602 5.10172 35.4
      vertex 139.895 5.90816 34.2
      vertex 139.895 5.90816 35.4
    endloop
  endfacet
  facet normal 0.751946 0.659225 0
    outer loop
      vertex 139.895 5.90816 34.2
      vertex 140.602 5.10172 35.4
      vertex 140.602 5.10172 34.2
    endloop
  endfacet
  facet normal -0.997868 0.0652622 0
    outer loop
      vertex 154.53 9.82969 34.2
      vertex 154.6 10.9 35.4
      vertex 154.6 10.9 34.2
    endloop
  endfacet
  facet normal -0.997868 0.0652622 0
    outer loop
      vertex 154.6 10.9 35.4
      vertex 154.53 9.82969 34.2
      vertex 154.53 9.82969 35.4
    endloop
  endfacet
  facet normal -0.831861 0.554984 0
    outer loop
      vertex 152.906 5.90816 34.2
      vertex 153.501 6.8 35.4
      vertex 153.501 6.8 34.2
    endloop
  endfacet
  facet normal -0.831861 0.554984 0
    outer loop
      vertex 153.501 6.8 35.4
      vertex 152.906 5.90816 34.2
      vertex 152.906 5.90816 35.4
    endloop
  endfacet
  facet normal 0.659534 -0.751675 0
    outer loop
      vertex 140.602 16.6983 34.2
      vertex 141.408 17.4055 35.4
      vertex 140.602 16.6983 35.4
    endloop
  endfacet
  facet normal 0.659534 -0.751675 0
    outer loop
      vertex 141.408 17.4055 35.4
      vertex 140.602 16.6983 34.2
      vertex 141.408 17.4055 34.2
    endloop
  endfacet
  facet normal -0.946867 0.321626 0
    outer loop
      vertex 153.976 7.762 34.2
      vertex 154.321 8.77768 35.4
      vertex 154.321 8.77768 34.2
    endloop
  endfacet
  facet normal -0.946867 0.321626 0
    outer loop
      vertex 154.321 8.77768 35.4
      vertex 153.976 7.762 34.2
      vertex 153.976 7.762 35.4
    endloop
  endfacet
  facet normal 0.0654203 0.997858 -0
    outer loop
      vertex 146.4 2.7 34.2
      vertex 145.33 2.77015 35.4
      vertex 146.4 2.7 35.4
    endloop
  endfacet
  facet normal 0.0654203 0.997858 0
    outer loop
      vertex 145.33 2.77015 35.4
      vertex 146.4 2.7 34.2
      vertex 145.33 2.77015 34.2
    endloop
  endfacet
  facet normal 0.980831 -0.194861 0
    outer loop
      vertex 138.27 11.9703 35.4
      vertex 138.479 13.0223 34.2
      vertex 138.479 13.0223 35.4
    endloop
  endfacet
  facet normal 0.980831 -0.194861 0
    outer loop
      vertex 138.479 13.0223 34.2
      vertex 138.27 11.9703 35.4
      vertex 138.27 11.9703 34.2
    endloop
  endfacet
  facet normal 0.555496 -0.831519 0
    outer loop
      vertex 141.408 17.4055 34.2
      vertex 142.3 18.0014 35.4
      vertex 141.408 17.4055 35.4
    endloop
  endfacet
  facet normal 0.555496 -0.831519 0
    outer loop
      vertex 142.3 18.0014 35.4
      vertex 141.408 17.4055 34.2
      vertex 142.3 18.0014 34.2
    endloop
  endfacet
  facet normal 0.83143 0.555629 0
    outer loop
      vertex 139.895 5.90816 35.4
      vertex 139.299 6.8 34.2
      vertex 139.299 6.8 35.4
    endloop
  endfacet
  facet normal 0.83143 0.555629 0
    outer loop
      vertex 139.299 6.8 34.2
      vertex 139.895 5.90816 35.4
      vertex 139.895 5.90816 34.2
    endloop
  endfacet
  facet normal 0.195094 0.980785 -0
    outer loop
      vertex 145.33 2.77015 34.2
      vertex 144.278 2.97941 35.4
      vertex 145.33 2.77015 35.4
    endloop
  endfacet
  facet normal 0.195094 0.980785 0
    outer loop
      vertex 144.278 2.97941 35.4
      vertex 145.33 2.77015 34.2
      vertex 144.278 2.97941 34.2
    endloop
  endfacet
  facet normal 0.997868 0.0652622 0
    outer loop
      vertex 138.27 9.82969 35.4
      vertex 138.2 10.9 34.2
      vertex 138.2 10.9 35.4
    endloop
  endfacet
  facet normal 0.997868 0.0652622 0
    outer loop
      vertex 138.2 10.9 34.2
      vertex 138.27 9.82969 35.4
      vertex 138.27 9.82969 34.2
    endloop
  endfacet
  facet normal 0.896653 -0.442734 0
    outer loop
      vertex 138.824 14.038 35.4
      vertex 139.299 15 34.2
      vertex 139.299 15 35.4
    endloop
  endfacet
  facet normal 0.896653 -0.442734 0
    outer loop
      vertex 139.299 15 34.2
      vertex 138.824 14.038 35.4
      vertex 138.824 14.038 34.2
    endloop
  endfacet
  facet normal -0.442284 0.896875 0
    outer loop
      vertex 150.5 3.79859 34.2
      vertex 149.538 3.32419 35.4
      vertex 150.5 3.79859 35.4
    endloop
  endfacet
  facet normal -0.442284 0.896875 0
    outer loop
      vertex 149.538 3.32419 35.4
      vertex 150.5 3.79859 34.2
      vertex 149.538 3.32419 34.2
    endloop
  endfacet
  facet normal -0.555502 0.831515 0
    outer loop
      vertex 151.392 4.3945 34.2
      vertex 150.5 3.79859 35.4
      vertex 151.392 4.3945 35.4
    endloop
  endfacet
  facet normal -0.555502 0.831515 0
    outer loop
      vertex 150.5 3.79859 35.4
      vertex 151.392 4.3945 34.2
      vertex 150.5 3.79859 34.2
    endloop
  endfacet
  facet normal 0.997868 -0.0652628 0
    outer loop
      vertex 138.2 10.9 35.4
      vertex 138.27 11.9703 34.2
      vertex 138.27 11.9703 35.4
    endloop
  endfacet
  facet normal 0.997868 -0.0652628 0
    outer loop
      vertex 138.27 11.9703 34.2
      vertex 138.2 10.9 35.4
      vertex 138.2 10.9 34.2
    endloop
  endfacet
  facet normal 0.555502 0.831515 -0
    outer loop
      vertex 142.3 3.79859 34.2
      vertex 141.408 4.3945 35.4
      vertex 142.3 3.79859 35.4
    endloop
  endfacet
  facet normal 0.555502 0.831515 0
    outer loop
      vertex 141.408 4.3945 35.4
      vertex 142.3 3.79859 34.2
      vertex 141.408 4.3945 34.2
    endloop
  endfacet
  facet normal 0 0 1
    outer loop
      vertex 154.53 11.9703 34.2
      vertex 154.53 9.82969 34.2
      vertex 154.6 10.9 34.2
    endloop
  endfacet
  facet normal 0 0 1
    outer loop
      vertex 154.321 13.0223 34.2
      vertex 154.53 9.82969 34.2
      vertex 154.53 11.9703 34.2
    endloop
  endfacet
  facet normal 0 0 1
    outer loop
      vertex 154.321 13.0223 34.2
      vertex 154.321 8.77768 34.2
      vertex 154.53 9.82969 34.2
    endloop
  endfacet
  facet normal 0 0 1
    outer loop
      vertex 153.976 14.038 34.2
      vertex 154.321 8.77768 34.2
      vertex 154.321 13.0223 34.2
    endloop
  endfacet
  facet normal 0 0 1
    outer loop
      vertex 153.976 14.038 34.2
      vertex 153.976 7.762 34.2
      vertex 154.321 8.77768 34.2
    endloop
  endfacet
  facet normal 0 0 1
    outer loop
      vertex 153.501 15 34.2
      vertex 153.976 7.762 34.2
      vertex 153.976 14.038 34.2
    endloop
  endfacet
  facet normal 0 0 1
    outer loop
      vertex 153.501 15 34.2
      vertex 153.501 6.8 34.2
      vertex 153.976 7.762 34.2
    endloop
  endfacet
  facet normal 0 0 1
    outer loop
      vertex 152.906 15.8918 34.2
      vertex 153.501 6.8 34.2
      vertex 153.501 15 34.2
    endloop
  endfacet
  facet normal 0 0 1
    outer loop
      vertex 152.906 15.8918 34.2
      vertex 152.906 5.90816 34.2
      vertex 153.501 6.8 34.2
    endloop
  endfacet
  facet normal 0 0 1
    outer loop
      vertex 152.198 16.6983 34.2
      vertex 152.906 5.90816 34.2
      vertex 152.906 15.8918 34.2
    endloop
  endfacet
  facet normal 0 0 1
    outer loop
      vertex 152.198 16.6983 34.2
      vertex 152.198 5.10172 34.2
      vertex 152.906 5.90816 34.2
    endloop
  endfacet
  facet normal 0 0 1
    outer loop
      vertex 151.392 17.4055 34.2
      vertex 152.198 5.10172 34.2
      vertex 152.198 16.6983 34.2
    endloop
  endfacet
  facet normal 0 0 1
    outer loop
      vertex 151.392 17.4055 34.2
      vertex 151.392 4.3945 34.2
      vertex 152.198 5.10172 34.2
    endloop
  endfacet
  facet normal 0 0 1
    outer loop
      vertex 150.5 18.0014 34.2
      vertex 151.392 4.3945 34.2
      vertex 151.392 17.4055 34.2
    endloop
  endfacet
  facet normal 0 0 1
    outer loop
      vertex 150.5 18.0014 34.2
      vertex 150.5 3.79859 34.2
      vertex 151.392 4.3945 34.2
    endloop
  endfacet
  facet normal 0 0 1
    outer loop
      vertex 149.538 18.4758 34.2
      vertex 150.5 3.79859 34.2
      vertex 150.5 18.0014 34.2
    endloop
  endfacet
  facet normal 0 0 1
    outer loop
      vertex 149.538 18.4758 34.2
      vertex 149.538 3.32419 34.2
      vertex 150.5 3.79859 34.2
    endloop
  endfacet
  facet normal 0 0 1
    outer loop
      vertex 148.522 18.8206 34.2
      vertex 149.538 3.32419 34.2
      vertex 149.538 18.4758 34.2
    endloop
  endfacet
  facet normal 0 0 1
    outer loop
      vertex 148.522 18.8206 34.2
      vertex 148.522 2.97941 34.2
      vertex 149.538 3.32419 34.2
    endloop
  endfacet
  facet normal 0 0 1
    outer loop
      vertex 147.47 19.0298 34.2
      vertex 148.522 2.97941 34.2
      vertex 148.522 18.8206 34.2
    endloop
  endfacet
  facet normal 0 0 1
    outer loop
      vertex 147.47 19.0298 34.2
      vertex 147.47 2.77015 34.2
      vertex 148.522 2.97941 34.2
    endloop
  endfacet
  facet normal 0 0 1
    outer loop
      vertex 146.4 19.1 34.2
      vertex 147.47 2.77015 34.2
      vertex 147.47 19.0298 34.2
    endloop
  endfacet
  facet normal 0 0 1
    outer loop
      vertex 146.4 19.1 34.2
      vertex 146.4 2.7 34.2
      vertex 147.47 2.77015 34.2
    endloop
  endfacet
  facet normal -0 0 1
    outer loop
      vertex 145.33 19.0298 34.2
      vertex 146.4 2.7 34.2
      vertex 146.4 19.1 34.2
    endloop
  endfacet
  facet normal 0 0 1
    outer loop
      vertex 145.33 19.0298 34.2
      vertex 145.33 2.77015 34.2
      vertex 146.4 2.7 34.2
    endloop
  endfacet
  facet normal -0 0 1
    outer loop
      vertex 144.278 18.8206 34.2
      vertex 145.33 2.77015 34.2
      vertex 145.33 19.0298 34.2
    endloop
  endfacet
  facet normal 0 0 1
    outer loop
      vertex 144.278 18.8206 34.2
      vertex 144.278 2.97941 34.2
      vertex 145.33 2.77015 34.2
    endloop
  endfacet
  facet normal -0 0 1
    outer loop
      vertex 143.262 18.4758 34.2
      vertex 144.278 2.97941 34.2
      vertex 144.278 18.8206 34.2
    endloop
  endfacet
  facet normal 0 0 1
    outer loop
      vertex 143.262 18.4758 34.2
      vertex 143.262 3.32419 34.2
      vertex 144.278 2.97941 34.2
    endloop
  endfacet
  facet normal -0 0 1
    outer loop
      vertex 142.3 18.0014 34.2
      vertex 143.262 3.32419 34.2
      vertex 143.262 18.4758 34.2
    endloop
  endfacet
  facet normal 0 0 1
    outer loop
      vertex 142.3 18.0014 34.2
      vertex 142.3 3.79859 34.2
      vertex 143.262 3.32419 34.2
    endloop
  endfacet
  facet normal -0 0 1
    outer loop
      vertex 141.408 17.4055 34.2
      vertex 142.3 3.79859 34.2
      vertex 142.3 18.0014 34.2
    endloop
  endfacet
  facet normal 0 0 1
    outer loop
      vertex 141.408 17.4055 34.2
      vertex 141.408 4.3945 34.2
      vertex 142.3 3.79859 34.2
    endloop
  endfacet
  facet normal -0 0 1
    outer loop
      vertex 140.602 16.6983 34.2
      vertex 141.408 4.3945 34.2
      vertex 141.408 17.4055 34.2
    endloop
  endfacet
  facet normal 0 0 1
    outer loop
      vertex 140.602 16.6983 34.2
      vertex 140.602 5.10172 34.2
      vertex 141.408 4.3945 34.2
    endloop
  endfacet
  facet normal -0 0 1
    outer loop
      vertex 139.895 15.8918 34.2
      vertex 140.602 5.10172 34.2
      vertex 140.602 16.6983 34.2
    endloop
  endfacet
  facet normal 0 0 1
    outer loop
      vertex 139.895 15.8918 34.2
      vertex 139.895 5.90816 34.2
      vertex 140.602 5.10172 34.2
    endloop
  endfacet
  facet normal -0 0 1
    outer loop
      vertex 139.299 15 34.2
      vertex 139.895 5.90816 34.2
      vertex 139.895 15.8918 34.2
    endloop
  endfacet
  facet normal 0 0 1
    outer loop
      vertex 139.299 15 34.2
      vertex 139.299 6.8 34.2
      vertex 139.895 5.90816 34.2
    endloop
  endfacet
  facet normal -0 0 1
    outer loop
      vertex 138.824 14.038 34.2
      vertex 139.299 6.8 34.2
      vertex 139.299 15 34.2
    endloop
  endfacet
  facet normal 0 0 1
    outer loop
      vertex 138.824 14.038 34.2
      vertex 138.824 7.762 34.2
      vertex 139.299 6.8 34.2
    endloop
  endfacet
  facet normal -0 0 1
    outer loop
      vertex 138.479 13.0223 34.2
      vertex 138.824 7.762 34.2
      vertex 138.824 14.038 34.2
    endloop
  endfacet
  facet normal 0 0 1
    outer loop
      vertex 138.479 13.0223 34.2
      vertex 138.479 8.77768 34.2
      vertex 138.824 7.762 34.2
    endloop
  endfacet
  facet normal -0 0 1
    outer loop
      vertex 138.27 11.9703 34.2
      vertex 138.479 8.77768 34.2
      vertex 138.479 13.0223 34.2
    endloop
  endfacet
  facet normal 0 0 1
    outer loop
      vertex 138.27 11.9703 34.2
      vertex 138.27 9.82969 34.2
      vertex 138.479 8.77768 34.2
    endloop
  endfacet
  facet normal 0 -0 1
    outer loop
      vertex 138.27 9.82969 34.2
      vertex 138.27 11.9703 34.2
      vertex 138.2 10.9 34.2
    endloop
  endfacet
  facet normal 0 1 0
    outer loop
      vertex 83.9 82.4 36.4
      vertex 80.85 82.4 20.65
      vertex 80.85 82.4 36.4
    endloop
  endfacet
  facet normal 0 1 0
    outer loop
      vertex 80.85 82.4 20.65
      vertex 83.9 82.4 2.4
      vertex 68.55 82.4 20.65
    endloop
  endfacet
  facet normal 0 1 -0
    outer loop
      vertex 83.9 82.4 2.4
      vertex 80.85 82.4 20.65
      vertex 83.9 82.4 36.4
    endloop
  endfacet
  facet normal 0 1 -0
    outer loop
      vertex 68.55 82.4 20.65
      vertex 65.5 82.4 36.4
      vertex 68.55 82.4 36.4
    endloop
  endfacet
  facet normal 0 1 0
    outer loop
      vertex 68.55 82.4 20.65
      vertex 65.5 82.4 2.4
      vertex 65.5 82.4 36.4
    endloop
  endfacet
  facet normal 0 1 0
    outer loop
      vertex 65.5 82.4 2.4
      vertex 68.55 82.4 20.65
      vertex 83.9 82.4 2.4
    endloop
  endfacet
  facet normal 0 0 1
    outer loop
      vertex 83.9 82.4 36.4
      vertex 81.9 80.9 36.4
      vertex 83.9 77.8 36.4
    endloop
  endfacet
  facet normal -0 0 1
    outer loop
      vertex 80.85 82.4 36.4
      vertex 81.9 80.9 36.4
      vertex 83.9 82.4 36.4
    endloop
  endfacet
  facet normal 0 0 1
    outer loop
      vertex 81.9 80.9 36.4
      vertex 80.85 82.4 36.4
      vertex 80.85 80.9 36.4
    endloop
  endfacet
  facet normal -0 0 1
    outer loop
      vertex 81.9 79 36.4
      vertex 83.9 77.8 36.4
      vertex 81.9 80.9 36.4
    endloop
  endfacet
  facet normal 0 0 1
    outer loop
      vertex 80.45 77.8 36.4
      vertex 81.9 79 36.4
      vertex 80.45 79 36.4
    endloop
  endfacet
  facet normal 0 0 1
    outer loop
      vertex 81.9 79 36.4
      vertex 80.45 77.8 36.4
      vertex 83.9 77.8 36.4
    endloop
  endfacet
  facet normal 0 -1 0
    outer loop
      vertex 65.5 77.8 36.4
      vertex 68.95 77.8 20.65
      vertex 68.95 77.8 36.4
    endloop
  endfacet
  facet normal 0 -1 -0
    outer loop
      vertex 68.95 77.8 20.65
      vertex 65.5 77.8 2.4
      vertex 80.45 77.8 20.65
    endloop
  endfacet
  facet normal 0 -1 0
    outer loop
      vertex 65.5 77.8 2.4
      vertex 68.95 77.8 20.65
      vertex 65.5 77.8 36.4
    endloop
  endfacet
  facet normal 0 -1 0
    outer loop
      vertex 80.45 77.8 20.65
      vertex 83.9 77.8 36.4
      vertex 80.45 77.8 36.4
    endloop
  endfacet
  facet normal 0 -1 0
    outer loop
      vertex 80.45 77.8 20.65
      vertex 83.9 77.8 2.4
      vertex 83.9 77.8 36.4
    endloop
  endfacet
  facet normal 0 -1 0
    outer loop
      vertex 83.9 77.8 2.4
      vertex 80.45 77.8 20.65
      vertex 65.5 77.8 2.4
    endloop
  endfacet
  facet normal -1 0 0
    outer loop
      vertex 80.45 77.8 20.65
      vertex 80.45 79 36.4
      vertex 80.45 79 20.65
    endloop
  endfacet
  facet normal -1 -0 0
    outer loop
      vertex 80.45 79 36.4
      vertex 80.45 77.8 20.65
      vertex 80.45 77.8 36.4
    endloop
  endfacet
  facet normal 1 -0 0
    outer loop
      vertex 83.9 77.8 36.4
      vertex 83.9 82.4 2.4
      vertex 83.9 82.4 36.4
    endloop
  endfacet
  facet normal 1 0 0
    outer loop
      vertex 83.9 82.4 2.4
      vertex 83.9 77.8 36.4
      vertex 83.9 77.8 2.4
    endloop
  endfacet
  facet normal 0 -1 0
    outer loop
      vertex 80.85 80.9 20.65
      vertex 81.9 80.9 36.4
      vertex 80.85 80.9 36.4
    endloop
  endfacet
  facet normal 0 -1 -0
    outer loop
      vertex 81.9 80.9 36.4
      vertex 80.85 80.9 20.65
      vertex 81.9 80.9 20.65
    endloop
  endfacet
  facet normal 0 1 -0
    outer loop
      vertex 81.9 79 20.65
      vertex 80.45 79 36.4
      vertex 81.9 79 36.4
    endloop
  endfacet
  facet normal 0 1 0
    outer loop
      vertex 80.45 79 36.4
      vertex 81.9 79 20.65
      vertex 80.45 79 20.65
    endloop
  endfacet
  facet normal -1 0 0
    outer loop
      vertex 81.9 79 20.65
      vertex 81.9 80.9 36.4
      vertex 81.9 80.9 20.65
    endloop
  endfacet
  facet normal -1 -0 0
    outer loop
      vertex 81.9 80.9 36.4
      vertex 81.9 79 20.65
      vertex 81.9 79 36.4
    endloop
  endfacet
  facet normal -1 0 0
    outer loop
      vertex 80.85 80.9 20.65
      vertex 80.85 82.4 36.4
      vertex 80.85 82.4 20.65
    endloop
  endfacet
  facet normal -1 -0 0
    outer loop
      vertex 80.85 82.4 36.4
      vertex 80.85 80.9 20.65
      vertex 80.85 80.9 36.4
    endloop
  endfacet
  facet normal 0 0 1
    outer loop
      vertex 68.55 82.4 36.4
      vertex 67.5 80.9 36.4
      vertex 68.55 80.9 36.4
    endloop
  endfacet
  facet normal 0 0 1
    outer loop
      vertex 65.5 77.8 36.4
      vertex 67.5 80.9 36.4
      vertex 65.5 82.4 36.4
    endloop
  endfacet
  facet normal -0 0 1
    outer loop
      vertex 65.5 82.4 36.4
      vertex 67.5 80.9 36.4
      vertex 68.55 82.4 36.4
    endloop
  endfacet
  facet normal -0 0 1
    outer loop
      vertex 67.5 79 36.4
      vertex 68.95 77.8 36.4
      vertex 68.95 79 36.4
    endloop
  endfacet
  facet normal 0 0 1
    outer loop
      vertex 67.5 79 36.4
      vertex 65.5 77.8 36.4
      vertex 68.95 77.8 36.4
    endloop
  endfacet
  facet normal 0 0 1
    outer loop
      vertex 67.5 80.9 36.4
      vertex 65.5 77.8 36.4
      vertex 67.5 79 36.4
    endloop
  endfacet
  facet normal 1 -0 0
    outer loop
      vertex 68.95 77.8 36.4
      vertex 68.95 79 20.65
      vertex 68.95 79 36.4
    endloop
  endfacet
  facet normal 1 0 0
    outer loop
      vertex 68.95 79 20.65
      vertex 68.95 77.8 36.4
      vertex 68.95 77.8 20.65
    endloop
  endfacet
  facet normal -1 0 0
    outer loop
      vertex 65.5 77.8 2.4
      vertex 65.5 82.4 36.4
      vertex 65.5 82.4 2.4
    endloop
  endfacet
  facet normal -1 -0 0
    outer loop
      vertex 65.5 82.4 36.4
      vertex 65.5 77.8 2.4
      vertex 65.5 77.8 36.4
    endloop
  endfacet
  facet normal 0 -1 0
    outer loop
      vertex 67.5 80.9 20.65
      vertex 68.55 80.9 36.4
      vertex 67.5 80.9 36.4
    endloop
  endfacet
  facet normal 0 -1 -0
    outer loop
      vertex 68.55 80.9 36.4
      vertex 67.5 80.9 20.65
      vertex 68.55 80.9 20.65
    endloop
  endfacet
  facet normal 0 1 -0
    outer loop
      vertex 68.95 79 20.65
      vertex 67.5 79 36.4
      vertex 68.95 79 36.4
    endloop
  endfacet
  facet normal 0 1 0
    outer loop
      vertex 67.5 79 36.4
      vertex 68.95 79 20.65
      vertex 67.5 79 20.65
    endloop
  endfacet
  facet normal 1 -0 0
    outer loop
      vertex 67.5 79 36.4
      vertex 67.5 80.9 20.65
      vertex 67.5 80.9 36.4
    endloop
  endfacet
  facet normal 1 0 0
    outer loop
      vertex 67.5 80.9 20.65
      vertex 67.5 79 36.4
      vertex 67.5 79 20.65
    endloop
  endfacet
  facet normal 1 -0 0
    outer loop
      vertex 68.55 80.9 36.4
      vertex 68.55 82.4 20.65
      vertex 68.55 82.4 36.4
    endloop
  endfacet
  facet normal 1 0 0
    outer loop
      vertex 68.55 82.4 20.65
      vertex 68.55 80.9 36.4
      vertex 68.55 80.9 20.65
    endloop
  endfacet
  facet normal 0 0 1
    outer loop
      vertex 68.55 80.9 20.65
      vertex 80.85 80.9 20.65
      vertex 80.85 82.4 20.65
    endloop
  endfacet
  facet normal 0 0 1
    outer loop
      vertex 80.45 79 20.65
      vertex 68.95 79 20.65
      vertex 80.45 77.8 20.65
    endloop
  endfacet
  facet normal 0 0 1
    outer loop
      vertex 80.85 80.9 20.65
      vertex 68.55 80.9 20.65
      vertex 80.45 79 20.65
    endloop
  endfacet
  facet normal 0 0 1
    outer loop
      vertex 68.55 80.9 20.65
      vertex 80.85 82.4 20.65
      vertex 68.55 82.4 20.65
    endloop
  endfacet
  facet normal 0 0 1
    outer loop
      vertex 80.45 79 20.65
      vertex 68.55 80.9 20.65
      vertex 68.95 79 20.65
    endloop
  endfacet
  facet normal 0 0 1
    outer loop
      vertex 67.5 79 20.65
      vertex 68.55 80.9 20.65
      vertex 67.5 80.9 20.65
    endloop
  endfacet
  facet normal 0 0 1
    outer loop
      vertex 68.55 80.9 20.65
      vertex 67.5 79 20.65
      vertex 68.95 79 20.65
    endloop
  endfacet
  facet normal -0 0 1
    outer loop
      vertex 80.85 80.9 20.65
      vertex 81.9 79 20.65
      vertex 81.9 80.9 20.65
    endloop
  endfacet
  facet normal 0 0 1
    outer loop
      vertex 81.9 79 20.65
      vertex 80.85 80.9 20.65
      vertex 80.45 79 20.65
    endloop
  endfacet
  facet normal 0 0 1
    outer loop
      vertex 80.45 77.8 20.65
      vertex 68.95 79 20.65
      vertex 68.95 77.8 20.65
    endloop
  endfacet
  facet normal 0 0.130533 -0.991444
    outer loop
      vertex 158.4 21.56 9.04207
      vertex 163.4 22 9.1
      vertex 163.4 21.56 9.04207
    endloop
  endfacet
  facet normal 0 0.130533 -0.991444
    outer loop
      vertex 163.4 22 9.1
      vertex 158.4 21.56 9.04207
      vertex 158.4 22 9.1
    endloop
  endfacet
  facet normal 0 -0.793419 0.608676
    outer loop
      vertex 158.4 23.2021 6.19792
      vertex 163.4 23.4722 6.55
      vertex 158.4 23.4722 6.55
    endloop
  endfacet
  facet normal 0 -0.793419 0.608676
    outer loop
      vertex 163.4 23.4722 6.55
      vertex 158.4 23.2021 6.19792
      vertex 163.4 23.2021 6.19792
    endloop
  endfacet
  facet normal 0 0.991452 -0.130469
    outer loop
      vertex 163.4 20.3 7.4
      vertex 158.4 20.3579 7.83999
      vertex 163.4 20.3579 7.83999
    endloop
  endfacet
  facet normal 0 0.991452 -0.130469
    outer loop
      vertex 158.4 20.3579 7.83999
      vertex 163.4 20.3 7.4
      vertex 158.4 20.3 7.4
    endloop
  endfacet
  facet normal 0 0.991452 0.130469
    outer loop
      vertex 163.4 20.3579 6.96001
      vertex 158.4 20.3 7.4
      vertex 163.4 20.3 7.4
    endloop
  endfacet
  facet normal 0 0.991452 0.130469
    outer loop
      vertex 158.4 20.3 7.4
      vertex 163.4 20.3579 6.96001
      vertex 158.4 20.3579 6.96001
    endloop
  endfacet
  facet normal 0 -0.130533 0.991444
    outer loop
      vertex 158.4 22.44 5.75793
      vertex 163.4 22 5.7
      vertex 163.4 22.44 5.75793
    endloop
  endfacet
  facet normal 0 -0.130533 0.991444
    outer loop
      vertex 163.4 22 5.7
      vertex 158.4 22.44 5.75793
      vertex 158.4 22 5.7
    endloop
  endfacet
  facet normal 0 -0.608739 -0.793371
    outer loop
      vertex 158.4 22.85 8.87224
      vertex 163.4 23.2021 8.60208
      vertex 163.4 22.85 8.87224
    endloop
  endfacet
  facet normal -0 -0.608739 -0.793371
    outer loop
      vertex 163.4 23.2021 8.60208
      vertex 158.4 22.85 8.87224
      vertex 158.4 23.2021 8.60208
    endloop
  endfacet
  facet normal 0 -0.923825 0.382815
    outer loop
      vertex 158.4 23.4722 6.55
      vertex 163.4 23.6421 6.96001
      vertex 158.4 23.6421 6.96001
    endloop
  endfacet
  facet normal 0 -0.923825 0.382815
    outer loop
      vertex 163.4 23.6421 6.96001
      vertex 158.4 23.4722 6.55
      vertex 163.4 23.4722 6.55
    endloop
  endfacet
  facet normal 0 -0.991452 0.130469
    outer loop
      vertex 158.4 23.6421 6.96001
      vertex 163.4 23.7 7.4
      vertex 158.4 23.7 7.4
    endloop
  endfacet
  facet normal 0 -0.991452 0.130469
    outer loop
      vertex 163.4 23.7 7.4
      vertex 158.4 23.6421 6.96001
      vertex 163.4 23.6421 6.96001
    endloop
  endfacet
  facet normal -0 0.382688 0.923878
    outer loop
      vertex 158.4 21.56 5.75793
      vertex 163.4 21.15 5.92776
      vertex 163.4 21.56 5.75793
    endloop
  endfacet
  facet normal 0 0.382688 0.923878
    outer loop
      vertex 163.4 21.15 5.92776
      vertex 158.4 21.56 5.75793
      vertex 158.4 21.15 5.92776
    endloop
  endfacet
  facet normal 0 0.923825 -0.382815
    outer loop
      vertex 163.4 20.3579 7.83999
      vertex 158.4 20.5278 8.25
      vertex 163.4 20.5278 8.25
    endloop
  endfacet
  facet normal 0 0.923825 -0.382815
    outer loop
      vertex 158.4 20.5278 8.25
      vertex 163.4 20.3579 7.83999
      vertex 158.4 20.3579 7.83999
    endloop
  endfacet
  facet normal 0 -0.382688 0.923878
    outer loop
      vertex 158.4 22.85 5.92776
      vertex 163.4 22.44 5.75793
      vertex 163.4 22.85 5.92776
    endloop
  endfacet
  facet normal 0 -0.382688 0.923878
    outer loop
      vertex 163.4 22.44 5.75793
      vertex 158.4 22.85 5.92776
      vertex 158.4 22.44 5.75793
    endloop
  endfacet
  facet normal -0 0.130533 0.991444
    outer loop
      vertex 158.4 22 5.7
      vertex 163.4 21.56 5.75793
      vertex 163.4 22 5.7
    endloop
  endfacet
  facet normal 0 0.130533 0.991444
    outer loop
      vertex 163.4 21.56 5.75793
      vertex 158.4 22 5.7
      vertex 158.4 21.56 5.75793
    endloop
  endfacet
  facet normal -0 0.608739 0.793371
    outer loop
      vertex 158.4 21.15 5.92776
      vertex 163.4 20.7979 6.19792
      vertex 163.4 21.15 5.92776
    endloop
  endfacet
  facet normal 0 0.608739 0.793371
    outer loop
      vertex 163.4 20.7979 6.19792
      vertex 158.4 21.15 5.92776
      vertex 158.4 20.7979 6.19792
    endloop
  endfacet
  facet normal 0 -0.382688 -0.923878
    outer loop
      vertex 158.4 22.44 9.04207
      vertex 163.4 22.85 8.87224
      vertex 163.4 22.44 9.04207
    endloop
  endfacet
  facet normal -0 -0.382688 -0.923878
    outer loop
      vertex 163.4 22.85 8.87224
      vertex 158.4 22.44 9.04207
      vertex 158.4 22.85 8.87224
    endloop
  endfacet
  facet normal 0 -0.923825 -0.382815
    outer loop
      vertex 158.4 23.6421 7.83999
      vertex 163.4 23.4722 8.25
      vertex 158.4 23.4722 8.25
    endloop
  endfacet
  facet normal 0 -0.923825 -0.382815
    outer loop
      vertex 163.4 23.4722 8.25
      vertex 158.4 23.6421 7.83999
      vertex 163.4 23.6421 7.83999
    endloop
  endfacet
  facet normal 0 0.923825 0.382815
    outer loop
      vertex 163.4 20.5278 6.55
      vertex 158.4 20.3579 6.96001
      vertex 163.4 20.3579 6.96001
    endloop
  endfacet
  facet normal 0 0.923825 0.382815
    outer loop
      vertex 158.4 20.3579 6.96001
      vertex 163.4 20.5278 6.55
      vertex 158.4 20.5278 6.55
    endloop
  endfacet
  facet normal 0 0.793419 0.608676
    outer loop
      vertex 163.4 20.7979 6.19792
      vertex 158.4 20.5278 6.55
      vertex 163.4 20.5278 6.55
    endloop
  endfacet
  facet normal 0 0.793419 0.608676
    outer loop
      vertex 158.4 20.5278 6.55
      vertex 163.4 20.7979 6.19792
      vertex 158.4 20.7979 6.19792
    endloop
  endfacet
  facet normal 0 0.382688 -0.923878
    outer loop
      vertex 158.4 21.15 8.87224
      vertex 163.4 21.56 9.04207
      vertex 163.4 21.15 8.87224
    endloop
  endfacet
  facet normal 0 0.382688 -0.923878
    outer loop
      vertex 163.4 21.56 9.04207
      vertex 158.4 21.15 8.87224
      vertex 158.4 21.56 9.04207
    endloop
  endfacet
  facet normal 0 -0.793419 -0.608676
    outer loop
      vertex 158.4 23.4722 8.25
      vertex 163.4 23.2021 8.60208
      vertex 158.4 23.2021 8.60208
    endloop
  endfacet
  facet normal 0 -0.793419 -0.608676
    outer loop
      vertex 163.4 23.2021 8.60208
      vertex 158.4 23.4722 8.25
      vertex 163.4 23.4722 8.25
    endloop
  endfacet
  facet normal 0 -0.991452 -0.130469
    outer loop
      vertex 158.4 23.7 7.4
      vertex 163.4 23.6421 7.83999
      vertex 158.4 23.6421 7.83999
    endloop
  endfacet
  facet normal 0 -0.991452 -0.130469
    outer loop
      vertex 163.4 23.6421 7.83999
      vertex 158.4 23.7 7.4
      vertex 163.4 23.7 7.4
    endloop
  endfacet
  facet normal 0 -0.608739 0.793371
    outer loop
      vertex 158.4 23.2021 6.19792
      vertex 163.4 22.85 5.92776
      vertex 163.4 23.2021 6.19792
    endloop
  endfacet
  facet normal 0 -0.608739 0.793371
    outer loop
      vertex 163.4 22.85 5.92776
      vertex 158.4 23.2021 6.19792
      vertex 158.4 22.85 5.92776
    endloop
  endfacet
  facet normal 0 0.608739 -0.793371
    outer loop
      vertex 158.4 20.7979 8.60208
      vertex 163.4 21.15 8.87224
      vertex 163.4 20.7979 8.60208
    endloop
  endfacet
  facet normal 0 0.608739 -0.793371
    outer loop
      vertex 163.4 21.15 8.87224
      vertex 158.4 20.7979 8.60208
      vertex 158.4 21.15 8.87224
    endloop
  endfacet
  facet normal 0 0.793419 -0.608676
    outer loop
      vertex 163.4 20.5278 8.25
      vertex 158.4 20.7979 8.60208
      vertex 163.4 20.7979 8.60208
    endloop
  endfacet
  facet normal 0 0.793419 -0.608676
    outer loop
      vertex 158.4 20.7979 8.60208
      vertex 163.4 20.5278 8.25
      vertex 158.4 20.5278 8.25
    endloop
  endfacet
  facet normal 0 -0.130533 -0.991444
    outer loop
      vertex 158.4 22 9.1
      vertex 163.4 22.44 9.04207
      vertex 163.4 22 9.1
    endloop
  endfacet
  facet normal -0 -0.130533 -0.991444
    outer loop
      vertex 163.4 22.44 9.04207
      vertex 158.4 22 9.1
      vertex 158.4 22.44 9.04207
    endloop
  endfacet
  facet normal 0 -0.793419 0.608676
    outer loop
      vertex 158.4 43.6021 6.19792
      vertex 163.4 43.8722 6.55
      vertex 158.4 43.8722 6.55
    endloop
  endfacet
  facet normal 0 -0.793419 0.608676
    outer loop
      vertex 163.4 43.8722 6.55
      vertex 158.4 43.6021 6.19792
      vertex 163.4 43.6021 6.19792
    endloop
  endfacet
  facet normal 0 -0.991452 -0.130469
    outer loop
      vertex 158.4 44.1 7.4
      vertex 163.4 44.0421 7.83999
      vertex 158.4 44.0421 7.83999
    endloop
  endfacet
  facet normal 0 -0.991452 -0.130469
    outer loop
      vertex 163.4 44.0421 7.83999
      vertex 158.4 44.1 7.4
      vertex 163.4 44.1 7.4
    endloop
  endfacet
  facet normal -0 0.382688 0.923878
    outer loop
      vertex 158.4 41.96 5.75793
      vertex 163.4 41.55 5.92776
      vertex 163.4 41.96 5.75793
    endloop
  endfacet
  facet normal 0 0.382688 0.923878
    outer loop
      vertex 163.4 41.55 5.92776
      vertex 158.4 41.96 5.75793
      vertex 158.4 41.55 5.92776
    endloop
  endfacet
  facet normal 0 -0.130533 -0.991444
    outer loop
      vertex 158.4 42.4 9.1
      vertex 163.4 42.84 9.04207
      vertex 163.4 42.4 9.1
    endloop
  endfacet
  facet normal -0 -0.130533 -0.991444
    outer loop
      vertex 163.4 42.84 9.04207
      vertex 158.4 42.4 9.1
      vertex 158.4 42.84 9.04207
    endloop
  endfacet
  facet normal 0 -0.130533 0.991444
    outer loop
      vertex 158.4 42.84 5.75793
      vertex 163.4 42.4 5.7
      vertex 163.4 42.84 5.75793
    endloop
  endfacet
  facet normal 0 -0.130533 0.991444
    outer loop
      vertex 163.4 42.4 5.7
      vertex 158.4 42.84 5.75793
      vertex 158.4 42.4 5.7
    endloop
  endfacet
  facet normal 0 -0.608739 -0.793371
    outer loop
      vertex 158.4 43.25 8.87224
      vertex 163.4 43.6021 8.60208
      vertex 163.4 43.25 8.87224
    endloop
  endfacet
  facet normal -0 -0.608739 -0.793371
    outer loop
      vertex 163.4 43.6021 8.60208
      vertex 158.4 43.25 8.87224
      vertex 158.4 43.6021 8.60208
    endloop
  endfacet
  facet normal 0 -0.793419 -0.608676
    outer loop
      vertex 158.4 43.8722 8.25
      vertex 163.4 43.6021 8.60208
      vertex 158.4 43.6021 8.60208
    endloop
  endfacet
  facet normal 0 -0.793419 -0.608676
    outer loop
      vertex 163.4 43.6021 8.60208
      vertex 158.4 43.8722 8.25
      vertex 163.4 43.8722 8.25
    endloop
  endfacet
  facet normal 0 -0.991452 0.130469
    outer loop
      vertex 158.4 44.0421 6.96001
      vertex 163.4 44.1 7.4
      vertex 158.4 44.1 7.4
    endloop
  endfacet
  facet normal 0 -0.991452 0.130469
    outer loop
      vertex 163.4 44.1 7.4
      vertex 158.4 44.0421 6.96001
      vertex 163.4 44.0421 6.96001
    endloop
  endfacet
  facet normal 0 0.991452 -0.130469
    outer loop
      vertex 163.4 40.7 7.4
      vertex 158.4 40.7579 7.83999
      vertex 163.4 40.7579 7.83999
    endloop
  endfacet
  facet normal 0 0.991452 -0.130469
    outer loop
      vertex 158.4 40.7579 7.83999
      vertex 163.4 40.7 7.4
      vertex 158.4 40.7 7.4
    endloop
  endfacet
  facet normal 0 -0.923825 0.382815
    outer loop
      vertex 158.4 43.8722 6.55
      vertex 163.4 44.0421 6.96001
      vertex 158.4 44.0421 6.96001
    endloop
  endfacet
  facet normal 0 -0.923825 0.382815
    outer loop
      vertex 163.4 44.0421 6.96001
      vertex 158.4 43.8722 6.55
      vertex 163.4 43.8722 6.55
    endloop
  endfacet
  facet normal -0 0.608739 0.793371
    outer loop
      vertex 158.4 41.55 5.92776
      vertex 163.4 41.1979 6.19792
      vertex 163.4 41.55 5.92776
    endloop
  endfacet
  facet normal 0 0.608739 0.793371
    outer loop
      vertex 163.4 41.1979 6.19792
      vertex 158.4 41.55 5.92776
      vertex 158.4 41.1979 6.19792
    endloop
  endfacet
  facet normal 0 -0.382688 0.923878
    outer loop
      vertex 158.4 43.25 5.92776
      vertex 163.4 42.84 5.75793
      vertex 163.4 43.25 5.92776
    endloop
  endfacet
  facet normal 0 -0.382688 0.923878
    outer loop
      vertex 163.4 42.84 5.75793
      vertex 158.4 43.25 5.92776
      vertex 158.4 42.84 5.75793
    endloop
  endfacet
  facet normal 0 0.923825 0.382815
    outer loop
      vertex 163.4 40.9278 6.55
      vertex 158.4 40.7579 6.96001
      vertex 163.4 40.7579 6.96001
    endloop
  endfacet
  facet normal 0 0.923825 0.382815
    outer loop
      vertex 158.4 40.7579 6.96001
      vertex 163.4 40.9278 6.55
      vertex 158.4 40.9278 6.55
    endloop
  endfacet
  facet normal -0 0.130533 0.991444
    outer loop
      vertex 158.4 42.4 5.7
      vertex 163.4 41.96 5.75793
      vertex 163.4 42.4 5.7
    endloop
  endfacet
  facet normal 0 0.130533 0.991444
    outer loop
      vertex 163.4 41.96 5.75793
      vertex 158.4 42.4 5.7
      vertex 158.4 41.96 5.75793
    endloop
  endfacet
  facet normal 0 0.382688 -0.923878
    outer loop
      vertex 158.4 41.55 8.87224
      vertex 163.4 41.96 9.04207
      vertex 163.4 41.55 8.87224
    endloop
  endfacet
  facet normal 0 0.382688 -0.923878
    outer loop
      vertex 163.4 41.96 9.04207
      vertex 158.4 41.55 8.87224
      vertex 158.4 41.96 9.04207
    endloop
  endfacet
  facet normal 0 -0.923825 -0.382815
    outer loop
      vertex 158.4 44.0421 7.83999
      vertex 163.4 43.8722 8.25
      vertex 158.4 43.8722 8.25
    endloop
  endfacet
  facet normal 0 -0.923825 -0.382815
    outer loop
      vertex 163.4 43.8722 8.25
      vertex 158.4 44.0421 7.83999
      vertex 163.4 44.0421 7.83999
    endloop
  endfacet
  facet normal 0 0.608739 -0.793371
    outer loop
      vertex 158.4 41.1979 8.60208
      vertex 163.4 41.55 8.87224
      vertex 163.4 41.1979 8.60208
    endloop
  endfacet
  facet normal 0 0.608739 -0.793371
    outer loop
      vertex 163.4 41.55 8.87224
      vertex 158.4 41.1979 8.60208
      vertex 158.4 41.55 8.87224
    endloop
  endfacet
  facet normal 0 0.991452 0.130469
    outer loop
      vertex 163.4 40.7579 6.96001
      vertex 158.4 40.7 7.4
      vertex 163.4 40.7 7.4
    endloop
  endfacet
  facet normal 0 0.991452 0.130469
    outer loop
      vertex 158.4 40.7 7.4
      vertex 163.4 40.7579 6.96001
      vertex 158.4 40.7579 6.96001
    endloop
  endfacet
  facet normal 0 -0.382688 -0.923878
    outer loop
      vertex 158.4 42.84 9.04207
      vertex 163.4 43.25 8.87224
      vertex 163.4 42.84 9.04207
    endloop
  endfacet
  facet normal -0 -0.382688 -0.923878
    outer loop
      vertex 163.4 43.25 8.87224
      vertex 158.4 42.84 9.04207
      vertex 158.4 43.25 8.87224
    endloop
  endfacet
  facet normal 0 0.793419 -0.608676
    outer loop
      vertex 163.4 40.9278 8.25
      vertex 158.4 41.1979 8.60208
      vertex 163.4 41.1979 8.60208
    endloop
  endfacet
  facet normal 0 0.793419 -0.608676
    outer loop
      vertex 158.4 41.1979 8.60208
      vertex 163.4 40.9278 8.25
      vertex 158.4 40.9278 8.25
    endloop
  endfacet
  facet normal 0 0.130533 -0.991444
    outer loop
      vertex 158.4 41.96 9.04207
      vertex 163.4 42.4 9.1
      vertex 163.4 41.96 9.04207
    endloop
  endfacet
  facet normal 0 0.130533 -0.991444
    outer loop
      vertex 163.4 42.4 9.1
      vertex 158.4 41.96 9.04207
      vertex 158.4 42.4 9.1
    endloop
  endfacet
  facet normal 0 0.793419 0.608676
    outer loop
      vertex 163.4 41.1979 6.19792
      vertex 158.4 40.9278 6.55
      vertex 163.4 40.9278 6.55
    endloop
  endfacet
  facet normal 0 0.793419 0.608676
    outer loop
      vertex 158.4 40.9278 6.55
      vertex 163.4 41.1979 6.19792
      vertex 158.4 41.1979 6.19792
    endloop
  endfacet
  facet normal 0 -0.608739 0.793371
    outer loop
      vertex 158.4 43.6021 6.19792
      vertex 163.4 43.25 5.92776
      vertex 163.4 43.6021 6.19792
    endloop
  endfacet
  facet normal 0 -0.608739 0.793371
    outer loop
      vertex 163.4 43.25 5.92776
      vertex 158.4 43.6021 6.19792
      vertex 158.4 43.25 5.92776
    endloop
  endfacet
  facet normal 0 0.923825 -0.382815
    outer loop
      vertex 163.4 40.7579 7.83999
      vertex 158.4 40.9278 8.25
      vertex 163.4 40.9278 8.25
    endloop
  endfacet
  facet normal 0 0.923825 -0.382815
    outer loop
      vertex 158.4 40.9278 8.25
      vertex 163.4 40.7579 7.83999
      vertex 158.4 40.7579 7.83999
    endloop
  endfacet
  facet normal -0 0.608739 0.793371
    outer loop
      vertex 158.4 62.15 5.92776
      vertex 163.4 61.7979 6.19792
      vertex 163.4 62.15 5.92776
    endloop
  endfacet
  facet normal 0 0.608739 0.793371
    outer loop
      vertex 163.4 61.7979 6.19792
      vertex 158.4 62.15 5.92776
      vertex 158.4 61.7979 6.19792
    endloop
  endfacet
  facet normal 0 -0.923825 -0.382815
    outer loop
      vertex 158.4 64.6421 7.83999
      vertex 163.4 64.4722 8.25
      vertex 158.4 64.4722 8.25
    endloop
  endfacet
  facet normal 0 -0.923825 -0.382815
    outer loop
      vertex 163.4 64.4722 8.25
      vertex 158.4 64.6421 7.83999
      vertex 163.4 64.6421 7.83999
    endloop
  endfacet
  facet normal 0 -0.923825 0.382815
    outer loop
      vertex 158.4 64.4722 6.55
      vertex 163.4 64.6421 6.96001
      vertex 158.4 64.6421 6.96001
    endloop
  endfacet
  facet normal 0 -0.923825 0.382815
    outer loop
      vertex 163.4 64.6421 6.96001
      vertex 158.4 64.4722 6.55
      vertex 163.4 64.4722 6.55
    endloop
  endfacet
  facet normal 0 0.608739 -0.793371
    outer loop
      vertex 158.4 61.7979 8.60208
      vertex 163.4 62.15 8.87224
      vertex 163.4 61.7979 8.60208
    endloop
  endfacet
  facet normal 0 0.608739 -0.793371
    outer loop
      vertex 163.4 62.15 8.87224
      vertex 158.4 61.7979 8.60208
      vertex 158.4 62.15 8.87224
    endloop
  endfacet
  facet normal 0 -0.130533 0.991444
    outer loop
      vertex 158.4 63.44 5.75793
      vertex 163.4 63 5.7
      vertex 163.4 63.44 5.75793
    endloop
  endfacet
  facet normal 0 -0.130533 0.991444
    outer loop
      vertex 163.4 63 5.7
      vertex 158.4 63.44 5.75793
      vertex 158.4 63 5.7
    endloop
  endfacet
  facet normal 0 0.923825 -0.382815
    outer loop
      vertex 163.4 61.3579 7.83999
      vertex 158.4 61.5278 8.25
      vertex 163.4 61.5278 8.25
    endloop
  endfacet
  facet normal 0 0.923825 -0.382815
    outer loop
      vertex 158.4 61.5278 8.25
      vertex 163.4 61.3579 7.83999
      vertex 158.4 61.3579 7.83999
    endloop
  endfacet
  facet normal 0 0.382688 -0.923878
    outer loop
      vertex 158.4 62.15 8.87224
      vertex 163.4 62.56 9.04207
      vertex 163.4 62.15 8.87224
    endloop
  endfacet
  facet normal 0 0.382688 -0.923878
    outer loop
      vertex 163.4 62.56 9.04207
      vertex 158.4 62.15 8.87224
      vertex 158.4 62.56 9.04207
    endloop
  endfacet
  facet normal 0 0.923825 0.382815
    outer loop
      vertex 163.4 61.5278 6.55
      vertex 158.4 61.3579 6.96001
      vertex 163.4 61.3579 6.96001
    endloop
  endfacet
  facet normal 0 0.923825 0.382815
    outer loop
      vertex 158.4 61.3579 6.96001
      vertex 163.4 61.5278 6.55
      vertex 158.4 61.5278 6.55
    endloop
  endfacet
  facet normal 0 0.130533 -0.991444
    outer loop
      vertex 158.4 62.56 9.04207
      vertex 163.4 63 9.1
      vertex 163.4 62.56 9.04207
    endloop
  endfacet
  facet normal 0 0.130533 -0.991444
    outer loop
      vertex 163.4 63 9.1
      vertex 158.4 62.56 9.04207
      vertex 158.4 63 9.1
    endloop
  endfacet
  facet normal 0 -0.608739 -0.793371
    outer loop
      vertex 158.4 63.85 8.87224
      vertex 163.4 64.2021 8.60208
      vertex 163.4 63.85 8.87224
    endloop
  endfacet
  facet normal -0 -0.608739 -0.793371
    outer loop
      vertex 163.4 64.2021 8.60208
      vertex 158.4 63.85 8.87224
      vertex 158.4 64.2021 8.60208
    endloop
  endfacet
  facet normal 0 -0.382688 0.923878
    outer loop
      vertex 158.4 63.85 5.92776
      vertex 163.4 63.44 5.75793
      vertex 163.4 63.85 5.92776
    endloop
  endfacet
  facet normal 0 -0.382688 0.923878
    outer loop
      vertex 163.4 63.44 5.75793
      vertex 158.4 63.85 5.92776
      vertex 158.4 63.44 5.75793
    endloop
  endfacet
  facet normal 0 -0.991452 0.130469
    outer loop
      vertex 158.4 64.6421 6.96001
      vertex 163.4 64.7 7.4
      vertex 158.4 64.7 7.4
    endloop
  endfacet
  facet normal 0 -0.991452 0.130469
    outer loop
      vertex 163.4 64.7 7.4
      vertex 158.4 64.6421 6.96001
      vertex 163.4 64.6421 6.96001
    endloop
  endfacet
  facet normal 0 -0.793419 0.608676
    outer loop
      vertex 158.4 64.2021 6.19792
      vertex 163.4 64.4722 6.55
      vertex 158.4 64.4722 6.55
    endloop
  endfacet
  facet normal 0 -0.793419 0.608676
    outer loop
      vertex 163.4 64.4722 6.55
      vertex 158.4 64.2021 6.19792
      vertex 163.4 64.2021 6.19792
    endloop
  endfacet
  facet normal 0 0.793419 0.608676
    outer loop
      vertex 163.4 61.7979 6.19792
      vertex 158.4 61.5278 6.55
      vertex 163.4 61.5278 6.55
    endloop
  endfacet
  facet normal 0 0.793419 0.608676
    outer loop
      vertex 158.4 61.5278 6.55
      vertex 163.4 61.7979 6.19792
      vertex 158.4 61.7979 6.19792
    endloop
  endfacet
  facet normal 0 -0.991452 -0.130469
    outer loop
      vertex 158.4 64.7 7.4
      vertex 163.4 64.6421 7.83999
      vertex 158.4 64.6421 7.83999
    endloop
  endfacet
  facet normal 0 -0.991452 -0.130469
    outer loop
      vertex 163.4 64.6421 7.83999
      vertex 158.4 64.7 7.4
      vertex 163.4 64.7 7.4
    endloop
  endfacet
  facet normal 0 -0.130533 -0.991444
    outer loop
      vertex 158.4 63 9.1
      vertex 163.4 63.44 9.04207
      vertex 163.4 63 9.1
    endloop
  endfacet
  facet normal -0 -0.130533 -0.991444
    outer loop
      vertex 163.4 63.44 9.04207
      vertex 158.4 63 9.1
      vertex 158.4 63.44 9.04207
    endloop
  endfacet
  facet normal 0 -0.382688 -0.923878
    outer loop
      vertex 158.4 63.44 9.04207
      vertex 163.4 63.85 8.87224
      vertex 163.4 63.44 9.04207
    endloop
  endfacet
  facet normal -0 -0.382688 -0.923878
    outer loop
      vertex 163.4 63.85 8.87224
      vertex 158.4 63.44 9.04207
      vertex 158.4 63.85 8.87224
    endloop
  endfacet
  facet normal -0 0.382688 0.923878
    outer loop
      vertex 158.4 62.56 5.75793
      vertex 163.4 62.15 5.92776
      vertex 163.4 62.56 5.75793
    endloop
  endfacet
  facet normal 0 0.382688 0.923878
    outer loop
      vertex 163.4 62.15 5.92776
      vertex 158.4 62.56 5.75793
      vertex 158.4 62.15 5.92776
    endloop
  endfacet
  facet normal 0 -0.793419 -0.608676
    outer loop
      vertex 158.4 64.4722 8.25
      vertex 163.4 64.2021 8.60208
      vertex 158.4 64.2021 8.60208
    endloop
  endfacet
  facet normal 0 -0.793419 -0.608676
    outer loop
      vertex 163.4 64.2021 8.60208
      vertex 158.4 64.4722 8.25
      vertex 163.4 64.4722 8.25
    endloop
  endfacet
  facet normal -0 0.130533 0.991444
    outer loop
      vertex 158.4 63 5.7
      vertex 163.4 62.56 5.75793
      vertex 163.4 63 5.7
    endloop
  endfacet
  facet normal 0 0.130533 0.991444
    outer loop
      vertex 163.4 62.56 5.75793
      vertex 158.4 63 5.7
      vertex 158.4 62.56 5.75793
    endloop
  endfacet
  facet normal 0 0.793419 -0.608676
    outer loop
      vertex 163.4 61.5278 8.25
      vertex 158.4 61.7979 8.60208
      vertex 163.4 61.7979 8.60208
    endloop
  endfacet
  facet normal 0 0.793419 -0.608676
    outer loop
      vertex 158.4 61.7979 8.60208
      vertex 163.4 61.5278 8.25
      vertex 158.4 61.5278 8.25
    endloop
  endfacet
  facet normal 0 0.991452 -0.130469
    outer loop
      vertex 163.4 61.3 7.4
      vertex 158.4 61.3579 7.83999
      vertex 163.4 61.3579 7.83999
    endloop
  endfacet
  facet normal 0 0.991452 -0.130469
    outer loop
      vertex 158.4 61.3579 7.83999
      vertex 163.4 61.3 7.4
      vertex 158.4 61.3 7.4
    endloop
  endfacet
  facet normal 0 -0.608739 0.793371
    outer loop
      vertex 158.4 64.2021 6.19792
      vertex 163.4 63.85 5.92776
      vertex 163.4 64.2021 6.19792
    endloop
  endfacet
  facet normal 0 -0.608739 0.793371
    outer loop
      vertex 163.4 63.85 5.92776
      vertex 158.4 64.2021 6.19792
      vertex 158.4 63.85 5.92776
    endloop
  endfacet
  facet normal 0 0.991452 0.130469
    outer loop
      vertex 163.4 61.3579 6.96001
      vertex 158.4 61.3 7.4
      vertex 163.4 61.3 7.4
    endloop
  endfacet
  facet normal 0 0.991452 0.130469
    outer loop
      vertex 158.4 61.3 7.4
      vertex 163.4 61.3579 6.96001
      vertex 158.4 61.3579 6.96001
    endloop
  endfacet
  facet normal 0 -0.793436 -0.608654
    outer loop
      vertex 158.4 78.8722 40.85
      vertex 163.4 78.6021 41.2021
      vertex 158.4 78.6021 41.2021
    endloop
  endfacet
  facet normal 0 -0.793436 -0.608654
    outer loop
      vertex 163.4 78.6021 41.2021
      vertex 158.4 78.8722 40.85
      vertex 163.4 78.8722 40.85
    endloop
  endfacet
  facet normal 0 -0.923822 -0.382823
    outer loop
      vertex 158.4 79.0421 40.44
      vertex 163.4 78.8722 40.85
      vertex 158.4 78.8722 40.85
    endloop
  endfacet
  facet normal 0 -0.923822 -0.382823
    outer loop
      vertex 163.4 78.8722 40.85
      vertex 158.4 79.0421 40.44
      vertex 163.4 79.0421 40.44
    endloop
  endfacet
  facet normal 0 -0.923822 0.382823
    outer loop
      vertex 158.4 78.8722 39.15
      vertex 163.4 79.0421 39.56
      vertex 158.4 79.0421 39.56
    endloop
  endfacet
  facet normal 0 -0.923822 0.382823
    outer loop
      vertex 163.4 79.0421 39.56
      vertex 158.4 78.8722 39.15
      vertex 163.4 78.8722 39.15
    endloop
  endfacet
  facet normal 0 -0.382823 0.923822
    outer loop
      vertex 158.4 78.25 38.5278
      vertex 163.4 77.84 38.3579
      vertex 163.4 78.25 38.5278
    endloop
  endfacet
  facet normal 0 -0.382823 0.923822
    outer loop
      vertex 163.4 77.84 38.3579
      vertex 158.4 78.25 38.5278
      vertex 158.4 77.84 38.3579
    endloop
  endfacet
  facet normal 0 -0.608654 -0.793436
    outer loop
      vertex 158.4 78.25 41.4722
      vertex 163.4 78.6021 41.2021
      vertex 163.4 78.25 41.4722
    endloop
  endfacet
  facet normal -0 -0.608654 -0.793436
    outer loop
      vertex 163.4 78.6021 41.2021
      vertex 158.4 78.25 41.4722
      vertex 158.4 78.6021 41.2021
    endloop
  endfacet
  facet normal -0 0.130466 0.991453
    outer loop
      vertex 158.4 77.4 38.3
      vertex 163.4 76.96 38.3579
      vertex 163.4 77.4 38.3
    endloop
  endfacet
  facet normal 0 0.130466 0.991453
    outer loop
      vertex 163.4 76.96 38.3579
      vertex 158.4 77.4 38.3
      vertex 158.4 76.96 38.3579
    endloop
  endfacet
  facet normal 0 -0.793436 0.608654
    outer loop
      vertex 158.4 78.6021 38.7979
      vertex 163.4 78.8722 39.15
      vertex 158.4 78.8722 39.15
    endloop
  endfacet
  facet normal 0 -0.793436 0.608654
    outer loop
      vertex 163.4 78.8722 39.15
      vertex 158.4 78.6021 38.7979
      vertex 163.4 78.6021 38.7979
    endloop
  endfacet
  facet normal 0 0.793436 -0.608654
    outer loop
      vertex 163.4 75.9278 40.85
      vertex 158.4 76.1979 41.2021
      vertex 163.4 76.1979 41.2021
    endloop
  endfacet
  facet normal 0 0.793436 -0.608654
    outer loop
      vertex 158.4 76.1979 41.2021
      vertex 163.4 75.9278 40.85
      vertex 158.4 75.9278 40.85
    endloop
  endfacet
  facet normal 0 0.923822 0.382823
    outer loop
      vertex 163.4 75.9278 39.15
      vertex 158.4 75.7579 39.56
      vertex 163.4 75.7579 39.56
    endloop
  endfacet
  facet normal 0 0.923822 0.382823
    outer loop
      vertex 158.4 75.7579 39.56
      vertex 163.4 75.9278 39.15
      vertex 158.4 75.9278 39.15
    endloop
  endfacet
  facet normal 0 -0.608654 0.793436
    outer loop
      vertex 158.4 78.6021 38.7979
      vertex 163.4 78.25 38.5278
      vertex 163.4 78.6021 38.7979
    endloop
  endfacet
  facet normal 0 -0.608654 0.793436
    outer loop
      vertex 163.4 78.25 38.5278
      vertex 158.4 78.6021 38.7979
      vertex 158.4 78.25 38.5278
    endloop
  endfacet
  facet normal 0 -0.991453 -0.130466
    outer loop
      vertex 158.4 79.1 40
      vertex 163.4 79.0421 40.44
      vertex 158.4 79.0421 40.44
    endloop
  endfacet
  facet normal 0 -0.991453 -0.130466
    outer loop
      vertex 163.4 79.0421 40.44
      vertex 158.4 79.1 40
      vertex 163.4 79.1 40
    endloop
  endfacet
  facet normal 0 -0.130466 0.991453
    outer loop
      vertex 158.4 77.84 38.3579
      vertex 163.4 77.4 38.3
      vertex 163.4 77.84 38.3579
    endloop
  endfacet
  facet normal 0 -0.130466 0.991453
    outer loop
      vertex 163.4 77.4 38.3
      vertex 158.4 77.84 38.3579
      vertex 158.4 77.4 38.3
    endloop
  endfacet
  facet normal 0 0.923822 -0.382823
    outer loop
      vertex 163.4 75.7579 40.44
      vertex 158.4 75.9278 40.85
      vertex 163.4 75.9278 40.85
    endloop
  endfacet
  facet normal 0 0.923822 -0.382823
    outer loop
      vertex 158.4 75.9278 40.85
      vertex 163.4 75.7579 40.44
      vertex 158.4 75.7579 40.44
    endloop
  endfacet
  facet normal -0 0.382823 0.923822
    outer loop
      vertex 158.4 76.96 38.3579
      vertex 163.4 76.55 38.5278
      vertex 163.4 76.96 38.3579
    endloop
  endfacet
  facet normal 0 0.382823 0.923822
    outer loop
      vertex 163.4 76.55 38.5278
      vertex 158.4 76.96 38.3579
      vertex 158.4 76.55 38.5278
    endloop
  endfacet
  facet normal 0 0.991453 -0.130466
    outer loop
      vertex 163.4 75.7 40
      vertex 158.4 75.7579 40.44
      vertex 163.4 75.7579 40.44
    endloop
  endfacet
  facet normal 0 0.991453 -0.130466
    outer loop
      vertex 158.4 75.7579 40.44
      vertex 163.4 75.7 40
      vertex 158.4 75.7 40
    endloop
  endfacet
  facet normal 0 0.382823 -0.923822
    outer loop
      vertex 158.4 76.55 41.4722
      vertex 163.4 76.96 41.6421
      vertex 163.4 76.55 41.4722
    endloop
  endfacet
  facet normal 0 0.382823 -0.923822
    outer loop
      vertex 163.4 76.96 41.6421
      vertex 158.4 76.55 41.4722
      vertex 158.4 76.96 41.6421
    endloop
  endfacet
  facet normal 0 0.991453 0.130466
    outer loop
      vertex 163.4 75.7579 39.56
      vertex 158.4 75.7 40
      vertex 163.4 75.7 40
    endloop
  endfacet
  facet normal 0 0.991453 0.130466
    outer loop
      vertex 158.4 75.7 40
      vertex 163.4 75.7579 39.56
      vertex 158.4 75.7579 39.56
    endloop
  endfacet
  facet normal -0 0.608654 0.793436
    outer loop
      vertex 158.4 76.55 38.5278
      vertex 163.4 76.1979 38.7979
      vertex 163.4 76.55 38.5278
    endloop
  endfacet
  facet normal 0 0.608654 0.793436
    outer loop
      vertex 163.4 76.1979 38.7979
      vertex 158.4 76.55 38.5278
      vertex 158.4 76.1979 38.7979
    endloop
  endfacet
  facet normal 0 0.793436 0.608654
    outer loop
      vertex 163.4 76.1979 38.7979
      vertex 158.4 75.9278 39.15
      vertex 163.4 75.9278 39.15
    endloop
  endfacet
  facet normal 0 0.793436 0.608654
    outer loop
      vertex 158.4 75.9278 39.15
      vertex 163.4 76.1979 38.7979
      vertex 158.4 76.1979 38.7979
    endloop
  endfacet
  facet normal 0 -0.382823 -0.923822
    outer loop
      vertex 158.4 77.84 41.6421
      vertex 163.4 78.25 41.4722
      vertex 163.4 77.84 41.6421
    endloop
  endfacet
  facet normal -0 -0.382823 -0.923822
    outer loop
      vertex 163.4 78.25 41.4722
      vertex 158.4 77.84 41.6421
      vertex 158.4 78.25 41.4722
    endloop
  endfacet
  facet normal 0 -0.991453 0.130466
    outer loop
      vertex 158.4 79.0421 39.56
      vertex 163.4 79.1 40
      vertex 158.4 79.1 40
    endloop
  endfacet
  facet normal 0 -0.991453 0.130466
    outer loop
      vertex 163.4 79.1 40
      vertex 158.4 79.0421 39.56
      vertex 163.4 79.0421 39.56
    endloop
  endfacet
  facet normal 0 0.608654 -0.793436
    outer loop
      vertex 158.4 76.1979 41.2021
      vertex 163.4 76.55 41.4722
      vertex 163.4 76.1979 41.2021
    endloop
  endfacet
  facet normal 0 0.608654 -0.793436
    outer loop
      vertex 163.4 76.55 41.4722
      vertex 158.4 76.1979 41.2021
      vertex 158.4 76.55 41.4722
    endloop
  endfacet
  facet normal 0 -0.130466 -0.991453
    outer loop
      vertex 158.4 77.4 41.7
      vertex 163.4 77.84 41.6421
      vertex 163.4 77.4 41.7
    endloop
  endfacet
  facet normal -0 -0.130466 -0.991453
    outer loop
      vertex 163.4 77.84 41.6421
      vertex 158.4 77.4 41.7
      vertex 158.4 77.84 41.6421
    endloop
  endfacet
  facet normal 0 0.130466 -0.991453
    outer loop
      vertex 158.4 76.96 41.6421
      vertex 163.4 77.4 41.7
      vertex 163.4 76.96 41.6421
    endloop
  endfacet
  facet normal 0 0.130466 -0.991453
    outer loop
      vertex 163.4 77.4 41.7
      vertex 158.4 76.96 41.6421
      vertex 158.4 77.4 41.7
    endloop
  endfacet
  facet normal 0 0.991444 0.130533
    outer loop
      vertex 163.4 5.75793 39.56
      vertex 158.4 5.7 40
      vertex 163.4 5.7 40
    endloop
  endfacet
  facet normal 0 0.991444 0.130533
    outer loop
      vertex 158.4 5.7 40
      vertex 163.4 5.75793 39.56
      vertex 158.4 5.75793 39.56
    endloop
  endfacet
  facet normal -0 0.130469 0.991452
    outer loop
      vertex 158.4 7.4 38.3
      vertex 163.4 6.96001 38.3579
      vertex 163.4 7.4 38.3
    endloop
  endfacet
  facet normal 0 0.130469 0.991452
    outer loop
      vertex 163.4 6.96001 38.3579
      vertex 158.4 7.4 38.3
      vertex 158.4 6.96001 38.3579
    endloop
  endfacet
  facet normal 0 -0.991444 -0.130533
    outer loop
      vertex 158.4 9.1 40
      vertex 163.4 9.04207 40.44
      vertex 158.4 9.04207 40.44
    endloop
  endfacet
  facet normal 0 -0.991444 -0.130533
    outer loop
      vertex 163.4 9.04207 40.44
      vertex 158.4 9.1 40
      vertex 163.4 9.1 40
    endloop
  endfacet
  facet normal 0 -0.130469 -0.991452
    outer loop
      vertex 158.4 7.4 41.7
      vertex 163.4 7.83999 41.6421
      vertex 163.4 7.4 41.7
    endloop
  endfacet
  facet normal -0 -0.130469 -0.991452
    outer loop
      vertex 163.4 7.83999 41.6421
      vertex 158.4 7.4 41.7
      vertex 158.4 7.83999 41.6421
    endloop
  endfacet
  facet normal 0 -0.793371 0.608739
    outer loop
      vertex 158.4 8.60208 38.7979
      vertex 163.4 8.87224 39.15
      vertex 158.4 8.87224 39.15
    endloop
  endfacet
  facet normal 0 -0.793371 0.608739
    outer loop
      vertex 163.4 8.87224 39.15
      vertex 158.4 8.60208 38.7979
      vertex 163.4 8.60208 38.7979
    endloop
  endfacet
  facet normal 0 -0.991444 0.130533
    outer loop
      vertex 158.4 9.04207 39.56
      vertex 163.4 9.1 40
      vertex 158.4 9.1 40
    endloop
  endfacet
  facet normal 0 -0.991444 0.130533
    outer loop
      vertex 163.4 9.1 40
      vertex 158.4 9.04207 39.56
      vertex 163.4 9.04207 39.56
    endloop
  endfacet
  facet normal 0 -0.130469 0.991452
    outer loop
      vertex 158.4 7.83999 38.3579
      vertex 163.4 7.4 38.3
      vertex 163.4 7.83999 38.3579
    endloop
  endfacet
  facet normal 0 -0.130469 0.991452
    outer loop
      vertex 163.4 7.4 38.3
      vertex 158.4 7.83999 38.3579
      vertex 158.4 7.4 38.3
    endloop
  endfacet
  facet normal -0 0.382815 0.923825
    outer loop
      vertex 158.4 6.96001 38.3579
      vertex 163.4 6.55 38.5278
      vertex 163.4 6.96001 38.3579
    endloop
  endfacet
  facet normal 0 0.382815 0.923825
    outer loop
      vertex 163.4 6.55 38.5278
      vertex 158.4 6.96001 38.3579
      vertex 158.4 6.55 38.5278
    endloop
  endfacet
  facet normal 0 -0.382815 0.923825
    outer loop
      vertex 158.4 8.25 38.5278
      vertex 163.4 7.83999 38.3579
      vertex 163.4 8.25 38.5278
    endloop
  endfacet
  facet normal 0 -0.382815 0.923825
    outer loop
      vertex 163.4 7.83999 38.3579
      vertex 158.4 8.25 38.5278
      vertex 158.4 7.83999 38.3579
    endloop
  endfacet
  facet normal 0 0.923878 0.382688
    outer loop
      vertex 163.4 5.92776 39.15
      vertex 158.4 5.75793 39.56
      vertex 163.4 5.75793 39.56
    endloop
  endfacet
  facet normal 0 0.923878 0.382688
    outer loop
      vertex 158.4 5.75793 39.56
      vertex 163.4 5.92776 39.15
      vertex 158.4 5.92776 39.15
    endloop
  endfacet
  facet normal 0 0.130469 -0.991452
    outer loop
      vertex 158.4 6.96001 41.6421
      vertex 163.4 7.4 41.7
      vertex 163.4 6.96001 41.6421
    endloop
  endfacet
  facet normal 0 0.130469 -0.991452
    outer loop
      vertex 163.4 7.4 41.7
      vertex 158.4 6.96001 41.6421
      vertex 158.4 7.4 41.7
    endloop
  endfacet
  facet normal 0 0.923878 -0.382688
    outer loop
      vertex 163.4 5.75793 40.44
      vertex 158.4 5.92776 40.85
      vertex 163.4 5.92776 40.85
    endloop
  endfacet
  facet normal 0 0.923878 -0.382688
    outer loop
      vertex 158.4 5.92776 40.85
      vertex 163.4 5.75793 40.44
      vertex 158.4 5.75793 40.44
    endloop
  endfacet
  facet normal 0 -0.608676 -0.793419
    outer loop
      vertex 158.4 8.25 41.4722
      vertex 163.4 8.60208 41.2021
      vertex 163.4 8.25 41.4722
    endloop
  endfacet
  facet normal -0 -0.608676 -0.793419
    outer loop
      vertex 163.4 8.60208 41.2021
      vertex 158.4 8.25 41.4722
      vertex 158.4 8.60208 41.2021
    endloop
  endfacet
  facet normal 0 -0.923878 -0.382688
    outer loop
      vertex 158.4 9.04207 40.44
      vertex 163.4 8.87224 40.85
      vertex 158.4 8.87224 40.85
    endloop
  endfacet
  facet normal 0 -0.923878 -0.382688
    outer loop
      vertex 163.4 8.87224 40.85
      vertex 158.4 9.04207 40.44
      vertex 163.4 9.04207 40.44
    endloop
  endfacet
  facet normal 0 -0.923878 0.382688
    outer loop
      vertex 158.4 8.87224 39.15
      vertex 163.4 9.04207 39.56
      vertex 158.4 9.04207 39.56
    endloop
  endfacet
  facet normal 0 -0.923878 0.382688
    outer loop
      vertex 163.4 9.04207 39.56
      vertex 158.4 8.87224 39.15
      vertex 163.4 8.87224 39.15
    endloop
  endfacet
  facet normal 0 0.382815 -0.923825
    outer loop
      vertex 158.4 6.55 41.4722
      vertex 163.4 6.96001 41.6421
      vertex 163.4 6.55 41.4722
    endloop
  endfacet
  facet normal 0 0.382815 -0.923825
    outer loop
      vertex 163.4 6.96001 41.6421
      vertex 158.4 6.55 41.4722
      vertex 158.4 6.96001 41.6421
    endloop
  endfacet
  facet normal 0 -0.382815 -0.923825
    outer loop
      vertex 158.4 7.83999 41.6421
      vertex 163.4 8.25 41.4722
      vertex 163.4 7.83999 41.6421
    endloop
  endfacet
  facet normal -0 -0.382815 -0.923825
    outer loop
      vertex 163.4 8.25 41.4722
      vertex 158.4 7.83999 41.6421
      vertex 158.4 8.25 41.4722
    endloop
  endfacet
  facet normal 0 -0.793371 -0.608739
    outer loop
      vertex 158.4 8.87224 40.85
      vertex 163.4 8.60208 41.2021
      vertex 158.4 8.60208 41.2021
    endloop
  endfacet
  facet normal 0 -0.793371 -0.608739
    outer loop
      vertex 163.4 8.60208 41.2021
      vertex 158.4 8.87224 40.85
      vertex 163.4 8.87224 40.85
    endloop
  endfacet
  facet normal 0 0.793371 -0.608739
    outer loop
      vertex 163.4 5.92776 40.85
      vertex 158.4 6.19792 41.2021
      vertex 163.4 6.19792 41.2021
    endloop
  endfacet
  facet normal 0 0.793371 -0.608739
    outer loop
      vertex 158.4 6.19792 41.2021
      vertex 163.4 5.92776 40.85
      vertex 158.4 5.92776 40.85
    endloop
  endfacet
  facet normal 0 -0.608676 0.793419
    outer loop
      vertex 158.4 8.60208 38.7979
      vertex 163.4 8.25 38.5278
      vertex 163.4 8.60208 38.7979
    endloop
  endfacet
  facet normal 0 -0.608676 0.793419
    outer loop
      vertex 163.4 8.25 38.5278
      vertex 158.4 8.60208 38.7979
      vertex 158.4 8.25 38.5278
    endloop
  endfacet
  facet normal -0 0.608676 0.793419
    outer loop
      vertex 158.4 6.55 38.5278
      vertex 163.4 6.19792 38.7979
      vertex 163.4 6.55 38.5278
    endloop
  endfacet
  facet normal 0 0.608676 0.793419
    outer loop
      vertex 163.4 6.19792 38.7979
      vertex 158.4 6.55 38.5278
      vertex 158.4 6.19792 38.7979
    endloop
  endfacet
  facet normal 0 0.991444 -0.130533
    outer loop
      vertex 163.4 5.7 40
      vertex 158.4 5.75793 40.44
      vertex 163.4 5.75793 40.44
    endloop
  endfacet
  facet normal 0 0.991444 -0.130533
    outer loop
      vertex 158.4 5.75793 40.44
      vertex 163.4 5.7 40
      vertex 158.4 5.7 40
    endloop
  endfacet
  facet normal 0 0.793371 0.608739
    outer loop
      vertex 163.4 6.19792 38.7979
      vertex 158.4 5.92776 39.15
      vertex 163.4 5.92776 39.15
    endloop
  endfacet
  facet normal 0 0.793371 0.608739
    outer loop
      vertex 158.4 5.92776 39.15
      vertex 163.4 6.19792 38.7979
      vertex 158.4 6.19792 38.7979
    endloop
  endfacet
  facet normal 0 0.608676 -0.793419
    outer loop
      vertex 158.4 6.19792 41.2021
      vertex 163.4 6.55 41.4722
      vertex 163.4 6.19792 41.2021
    endloop
  endfacet
  facet normal 0 0.608676 -0.793419
    outer loop
      vertex 163.4 6.55 41.4722
      vertex 158.4 6.19792 41.2021
      vertex 158.4 6.55 41.4722
    endloop
  endfacet
  facet normal 0.19513 0 -0.980777
    outer loop
      vertex 100.826 82.4 41.8743
      vertex 101.4 84.8 41.9885
      vertex 101.4 82.4 41.9885
    endloop
  endfacet
  facet normal 0.19513 0 -0.980777
    outer loop
      vertex 101.4 84.8 41.9885
      vertex 100.826 82.4 41.8743
      vertex 100.826 84.8 41.8743
    endloop
  endfacet
  facet normal -0.831577 0 0.55541
    outer loop
      vertex 102.461 82.4 39.4278
      vertex 102.786 84.8 39.9144
      vertex 102.461 84.8 39.4278
    endloop
  endfacet
  facet normal -0.831577 0 0.55541
    outer loop
      vertex 102.786 84.8 39.9144
      vertex 102.461 82.4 39.4278
      vertex 102.786 82.4 39.9144
    endloop
  endfacet
  facet normal -0.980849 0 0.194769
    outer loop
      vertex 102.786 82.4 39.9144
      vertex 102.9 84.8 40.4885
      vertex 102.786 84.8 39.9144
    endloop
  endfacet
  facet normal -0.980849 0 0.194769
    outer loop
      vertex 102.9 84.8 40.4885
      vertex 102.786 82.4 39.9144
      vertex 102.9 82.4 40.4885
    endloop
  endfacet
  facet normal -0.555331 0 -0.83163
    outer loop
      vertex 101.974 82.4 41.8743
      vertex 102.461 84.8 41.5491
      vertex 102.461 82.4 41.5491
    endloop
  endfacet
  facet normal -0.555331 0 -0.83163
    outer loop
      vertex 102.461 84.8 41.5491
      vertex 101.974 82.4 41.8743
      vertex 101.974 84.8 41.8743
    endloop
  endfacet
  facet normal 0.555331 0 0.83163
    outer loop
      vertex 100.339 84.8 39.4278
      vertex 100.826 82.4 39.1026
      vertex 100.826 84.8 39.1026
    endloop
  endfacet
  facet normal 0.555331 0 0.83163
    outer loop
      vertex 100.826 82.4 39.1026
      vertex 100.339 84.8 39.4278
      vertex 100.339 82.4 39.4278
    endloop
  endfacet
  facet normal -0.980843 0 -0.194802
    outer loop
      vertex 102.9 82.4 40.4885
      vertex 102.786 84.8 41.0625
      vertex 102.9 84.8 40.4885
    endloop
  endfacet
  facet normal -0.980843 -0 -0.194802
    outer loop
      vertex 102.786 84.8 41.0625
      vertex 102.9 82.4 40.4885
      vertex 102.786 82.4 41.0625
    endloop
  endfacet
  facet normal 0.980843 0 -0.194802
    outer loop
      vertex 100.014 82.4 41.0625
      vertex 99.9 84.8 40.4885
      vertex 100.014 84.8 41.0625
    endloop
  endfacet
  facet normal 0.980843 0 -0.194802
    outer loop
      vertex 99.9 84.8 40.4885
      vertex 100.014 82.4 41.0625
      vertex 99.9 82.4 40.4885
    endloop
  endfacet
  facet normal 0.831577 -0 0.55541
    outer loop
      vertex 100.014 82.4 39.9144
      vertex 100.339 84.8 39.4278
      vertex 100.014 84.8 39.9144
    endloop
  endfacet
  facet normal 0.831577 0 0.55541
    outer loop
      vertex 100.339 84.8 39.4278
      vertex 100.014 82.4 39.9144
      vertex 100.339 82.4 39.4278
    endloop
  endfacet
  facet normal -0.831577 0 -0.55541
    outer loop
      vertex 102.786 82.4 41.0625
      vertex 102.461 84.8 41.5491
      vertex 102.786 84.8 41.0625
    endloop
  endfacet
  facet normal -0.831577 -0 -0.55541
    outer loop
      vertex 102.461 84.8 41.5491
      vertex 102.786 82.4 41.0625
      vertex 102.461 82.4 41.5491
    endloop
  endfacet
  facet normal -0.194966 0 0.98081
    outer loop
      vertex 101.4 84.8 38.9885
      vertex 101.974 82.4 39.1026
      vertex 101.974 84.8 39.1026
    endloop
  endfacet
  facet normal -0.194966 0 0.98081
    outer loop
      vertex 101.974 82.4 39.1026
      vertex 101.4 84.8 38.9885
      vertex 101.4 82.4 38.9885
    endloop
  endfacet
  facet normal 0.194966 0 0.98081
    outer loop
      vertex 100.826 84.8 39.1026
      vertex 101.4 82.4 38.9885
      vertex 101.4 84.8 38.9885
    endloop
  endfacet
  facet normal 0.194966 0 0.98081
    outer loop
      vertex 101.4 82.4 38.9885
      vertex 100.826 84.8 39.1026
      vertex 100.826 82.4 39.1026
    endloop
  endfacet
  facet normal 0.980849 -0 0.194769
    outer loop
      vertex 99.9 82.4 40.4885
      vertex 100.014 84.8 39.9144
      vertex 99.9 84.8 40.4885
    endloop
  endfacet
  facet normal 0.980849 0 0.194769
    outer loop
      vertex 100.014 84.8 39.9144
      vertex 99.9 82.4 40.4885
      vertex 100.014 82.4 39.9144
    endloop
  endfacet
  facet normal -0.555331 0 0.83163
    outer loop
      vertex 101.974 84.8 39.1026
      vertex 102.461 82.4 39.4278
      vertex 102.461 84.8 39.4278
    endloop
  endfacet
  facet normal -0.555331 0 0.83163
    outer loop
      vertex 102.461 82.4 39.4278
      vertex 101.974 84.8 39.1026
      vertex 101.974 82.4 39.1026
    endloop
  endfacet
  facet normal 0.831577 0 -0.55541
    outer loop
      vertex 100.339 82.4 41.5491
      vertex 100.014 84.8 41.0625
      vertex 100.339 84.8 41.5491
    endloop
  endfacet
  facet normal 0.831577 0 -0.55541
    outer loop
      vertex 100.014 84.8 41.0625
      vertex 100.339 82.4 41.5491
      vertex 100.014 82.4 41.0625
    endloop
  endfacet
  facet normal -0.19513 0 -0.980777
    outer loop
      vertex 101.4 82.4 41.9885
      vertex 101.974 84.8 41.8743
      vertex 101.974 82.4 41.8743
    endloop
  endfacet
  facet normal -0.19513 0 -0.980777
    outer loop
      vertex 101.974 84.8 41.8743
      vertex 101.4 82.4 41.9885
      vertex 101.4 84.8 41.9885
    endloop
  endfacet
  facet normal 0.555331 0 -0.83163
    outer loop
      vertex 100.339 82.4 41.5491
      vertex 100.826 84.8 41.8743
      vertex 100.826 82.4 41.8743
    endloop
  endfacet
  facet normal 0.555331 0 -0.83163
    outer loop
      vertex 100.826 84.8 41.8743
      vertex 100.339 82.4 41.5491
      vertex 100.339 84.8 41.5491
    endloop
  endfacet
  facet normal -0.831577 0 0.55541
    outer loop
      vertex 106.961 82.4 39.4278
      vertex 107.286 84.8 39.9144
      vertex 106.961 84.8 39.4278
    endloop
  endfacet
  facet normal -0.831577 0 0.55541
    outer loop
      vertex 107.286 84.8 39.9144
      vertex 106.961 82.4 39.4278
      vertex 107.286 82.4 39.9144
    endloop
  endfacet
  facet normal -0.980849 0 0.194769
    outer loop
      vertex 107.286 82.4 39.9144
      vertex 107.4 84.8 40.4885
      vertex 107.286 84.8 39.9144
    endloop
  endfacet
  facet normal -0.980849 0 0.194769
    outer loop
      vertex 107.4 84.8 40.4885
      vertex 107.286 82.4 39.9144
      vertex 107.4 82.4 40.4885
    endloop
  endfacet
  facet normal 0.19513 0 -0.980777
    outer loop
      vertex 105.326 82.4 41.8743
      vertex 105.9 84.8 41.9885
      vertex 105.9 82.4 41.9885
    endloop
  endfacet
  facet normal 0.19513 0 -0.980777
    outer loop
      vertex 105.9 84.8 41.9885
      vertex 105.326 82.4 41.8743
      vertex 105.326 84.8 41.8743
    endloop
  endfacet
  facet normal -0.19513 0 -0.980777
    outer loop
      vertex 105.9 82.4 41.9885
      vertex 106.474 84.8 41.8743
      vertex 106.474 82.4 41.8743
    endloop
  endfacet
  facet normal -0.19513 0 -0.980777
    outer loop
      vertex 106.474 84.8 41.8743
      vertex 105.9 82.4 41.9885
      vertex 105.9 84.8 41.9885
    endloop
  endfacet
  facet normal 0.555331 0 0.83163
    outer loop
      vertex 104.839 84.8 39.4278
      vertex 105.326 82.4 39.1026
      vertex 105.326 84.8 39.1026
    endloop
  endfacet
  facet normal 0.555331 0 0.83163
    outer loop
      vertex 105.326 82.4 39.1026
      vertex 104.839 84.8 39.4278
      vertex 104.839 82.4 39.4278
    endloop
  endfacet
  facet normal -0.831577 0 -0.55541
    outer loop
      vertex 107.286 82.4 41.0625
      vertex 106.961 84.8 41.5491
      vertex 107.286 84.8 41.0625
    endloop
  endfacet
  facet normal -0.831577 -0 -0.55541
    outer loop
      vertex 106.961 84.8 41.5491
      vertex 107.286 82.4 41.0625
      vertex 106.961 82.4 41.5491
    endloop
  endfacet
  facet normal -0.194966 0 0.98081
    outer loop
      vertex 105.9 84.8 38.9885
      vertex 106.474 82.4 39.1026
      vertex 106.474 84.8 39.1026
    endloop
  endfacet
  facet normal -0.194966 0 0.98081
    outer loop
      vertex 106.474 82.4 39.1026
      vertex 105.9 84.8 38.9885
      vertex 105.9 82.4 38.9885
    endloop
  endfacet
  facet normal -0.555331 0 -0.83163
    outer loop
      vertex 106.474 82.4 41.8743
      vertex 106.961 84.8 41.5491
      vertex 106.961 82.4 41.5491
    endloop
  endfacet
  facet normal -0.555331 0 -0.83163
    outer loop
      vertex 106.961 84.8 41.5491
      vertex 106.474 82.4 41.8743
      vertex 106.474 84.8 41.8743
    endloop
  endfacet
  facet normal 0.980849 -0 0.194769
    outer loop
      vertex 104.4 82.4 40.4885
      vertex 104.514 84.8 39.9144
      vertex 104.4 84.8 40.4885
    endloop
  endfacet
  facet normal 0.980849 0 0.194769
    outer loop
      vertex 104.514 84.8 39.9144
      vertex 104.4 82.4 40.4885
      vertex 104.514 82.4 39.9144
    endloop
  endfacet
  facet normal -0.980843 0 -0.194802
    outer loop
      vertex 107.4 82.4 40.4885
      vertex 107.286 84.8 41.0625
      vertex 107.4 84.8 40.4885
    endloop
  endfacet
  facet normal -0.980843 -0 -0.194802
    outer loop
      vertex 107.286 84.8 41.0625
      vertex 107.4 82.4 40.4885
      vertex 107.286 82.4 41.0625
    endloop
  endfacet
  facet normal 0.194966 0 0.98081
    outer loop
      vertex 105.326 84.8 39.1026
      vertex 105.9 82.4 38.9885
      vertex 105.9 84.8 38.9885
    endloop
  endfacet
  facet normal 0.194966 0 0.98081
    outer loop
      vertex 105.9 82.4 38.9885
      vertex 105.326 84.8 39.1026
      vertex 105.326 82.4 39.1026
    endloop
  endfacet
  facet normal 0.831577 -0 0.55541
    outer loop
      vertex 104.514 82.4 39.9144
      vertex 104.839 84.8 39.4278
      vertex 104.514 84.8 39.9144
    endloop
  endfacet
  facet normal 0.831577 0 0.55541
    outer loop
      vertex 104.839 84.8 39.4278
      vertex 104.514 82.4 39.9144
      vertex 104.839 82.4 39.4278
    endloop
  endfacet
  facet normal -0.555331 0 0.83163
    outer loop
      vertex 106.474 84.8 39.1026
      vertex 106.961 82.4 39.4278
      vertex 106.961 84.8 39.4278
    endloop
  endfacet
  facet normal -0.555331 0 0.83163
    outer loop
      vertex 106.961 82.4 39.4278
      vertex 106.474 84.8 39.1026
      vertex 106.474 82.4 39.1026
    endloop
  endfacet
  facet normal 0.831577 0 -0.55541
    outer loop
      vertex 104.839 82.4 41.5491
      vertex 104.514 84.8 41.0625
      vertex 104.839 84.8 41.5491
    endloop
  endfacet
  facet normal 0.831577 0 -0.55541
    outer loop
      vertex 104.514 84.8 41.0625
      vertex 104.839 82.4 41.5491
      vertex 104.514 82.4 41.0625
    endloop
  endfacet
  facet normal 0.980843 0 -0.194802
    outer loop
      vertex 104.514 82.4 41.0625
      vertex 104.4 84.8 40.4885
      vertex 104.514 84.8 41.0625
    endloop
  endfacet
  facet normal 0.980843 0 -0.194802
    outer loop
      vertex 104.4 84.8 40.4885
      vertex 104.514 82.4 41.0625
      vertex 104.4 82.4 40.4885
    endloop
  endfacet
  facet normal 0.555331 0 -0.83163
    outer loop
      vertex 104.839 82.4 41.5491
      vertex 105.326 84.8 41.8743
      vertex 105.326 82.4 41.8743
    endloop
  endfacet
  facet normal 0.555331 0 -0.83163
    outer loop
      vertex 105.326 84.8 41.8743
      vertex 104.839 82.4 41.5491
      vertex 104.839 84.8 41.5491
    endloop
  endfacet
  facet normal -0.831577 0 0.55541
    outer loop
      vertex 111.461 82.4 39.4278
      vertex 111.786 84.8 39.9144
      vertex 111.461 84.8 39.4278
    endloop
  endfacet
  facet normal -0.831577 0 0.55541
    outer loop
      vertex 111.786 84.8 39.9144
      vertex 111.461 82.4 39.4278
      vertex 111.786 82.4 39.9144
    endloop
  endfacet
  facet normal -0.980849 0 0.194769
    outer loop
      vertex 111.786 82.4 39.9144
      vertex 111.9 84.8 40.4885
      vertex 111.786 84.8 39.9144
    endloop
  endfacet
  facet normal -0.980849 0 0.194769
    outer loop
      vertex 111.9 84.8 40.4885
      vertex 111.786 82.4 39.9144
      vertex 111.9 82.4 40.4885
    endloop
  endfacet
  facet normal -0.555331 0 0.83163
    outer loop
      vertex 110.974 84.8 39.1026
      vertex 111.461 82.4 39.4278
      vertex 111.461 84.8 39.4278
    endloop
  endfacet
  facet normal -0.555331 0 0.83163
    outer loop
      vertex 111.461 82.4 39.4278
      vertex 110.974 84.8 39.1026
      vertex 110.974 82.4 39.1026
    endloop
  endfacet
  facet normal -0.555331 0 -0.83163
    outer loop
      vertex 110.974 82.4 41.8743
      vertex 111.461 84.8 41.5491
      vertex 111.461 82.4 41.5491
    endloop
  endfacet
  facet normal -0.555331 0 -0.83163
    outer loop
      vertex 111.461 84.8 41.5491
      vertex 110.974 82.4 41.8743
      vertex 110.974 84.8 41.8743
    endloop
  endfacet
  facet normal 0.831577 -0 0.55541
    outer loop
      vertex 109.014 82.4 39.9144
      vertex 109.339 84.8 39.4278
      vertex 109.014 84.8 39.9144
    endloop
  endfacet
  facet normal 0.831577 0 0.55541
    outer loop
      vertex 109.339 84.8 39.4278
      vertex 109.014 82.4 39.9144
      vertex 109.339 82.4 39.4278
    endloop
  endfacet
  facet normal -0.19513 0 -0.980777
    outer loop
      vertex 110.4 82.4 41.9885
      vertex 110.974 84.8 41.8743
      vertex 110.974 82.4 41.8743
    endloop
  endfacet
  facet normal -0.19513 0 -0.980777
    outer loop
      vertex 110.974 84.8 41.8743
      vertex 110.4 82.4 41.9885
      vertex 110.4 84.8 41.9885
    endloop
  endfacet
  facet normal -0.980843 0 -0.194802
    outer loop
      vertex 111.9 82.4 40.4885
      vertex 111.786 84.8 41.0625
      vertex 111.9 84.8 40.4885
    endloop
  endfacet
  facet normal -0.980843 -0 -0.194802
    outer loop
      vertex 111.786 84.8 41.0625
      vertex 111.9 82.4 40.4885
      vertex 111.786 82.4 41.0625
    endloop
  endfacet
  facet normal 0.194966 0 0.98081
    outer loop
      vertex 109.826 84.8 39.1026
      vertex 110.4 82.4 38.9885
      vertex 110.4 84.8 38.9885
    endloop
  endfacet
  facet normal 0.194966 0 0.98081
    outer loop
      vertex 110.4 82.4 38.9885
      vertex 109.826 84.8 39.1026
      vertex 109.826 82.4 39.1026
    endloop
  endfacet
  facet normal 0.19513 0 -0.980777
    outer loop
      vertex 109.826 82.4 41.8743
      vertex 110.4 84.8 41.9885
      vertex 110.4 82.4 41.9885
    endloop
  endfacet
  facet normal 0.19513 0 -0.980777
    outer loop
      vertex 110.4 84.8 41.9885
      vertex 109.826 82.4 41.8743
      vertex 109.826 84.8 41.8743
    endloop
  endfacet
  facet normal 0.555331 0 0.83163
    outer loop
      vertex 109.339 84.8 39.4278
      vertex 109.826 82.4 39.1026
      vertex 109.826 84.8 39.1026
    endloop
  endfacet
  facet normal 0.555331 0 0.83163
    outer loop
      vertex 109.826 82.4 39.1026
      vertex 109.339 84.8 39.4278
      vertex 109.339 82.4 39.4278
    endloop
  endfacet
  facet normal -0.831577 0 -0.55541
    outer loop
      vertex 111.786 82.4 41.0625
      vertex 111.461 84.8 41.5491
      vertex 111.786 84.8 41.0625
    endloop
  endfacet
  facet normal -0.831577 -0 -0.55541
    outer loop
      vertex 111.461 84.8 41.5491
      vertex 111.786 82.4 41.0625
      vertex 111.461 82.4 41.5491
    endloop
  endfacet
  facet normal -0.194966 0 0.98081
    outer loop
      vertex 110.4 84.8 38.9885
      vertex 110.974 82.4 39.1026
      vertex 110.974 84.8 39.1026
    endloop
  endfacet
  facet normal -0.194966 0 0.98081
    outer loop
      vertex 110.974 82.4 39.1026
      vertex 110.4 84.8 38.9885
      vertex 110.4 82.4 38.9885
    endloop
  endfacet
  facet normal 0.831577 0 -0.55541
    outer loop
      vertex 109.339 82.4 41.5491
      vertex 109.014 84.8 41.0625
      vertex 109.339 84.8 41.5491
    endloop
  endfacet
  facet normal 0.831577 0 -0.55541
    outer loop
      vertex 109.014 84.8 41.0625
      vertex 109.339 82.4 41.5491
      vertex 109.014 82.4 41.0625
    endloop
  endfacet
  facet normal 0.980843 0 -0.194802
    outer loop
      vertex 109.014 82.4 41.0625
      vertex 108.9 84.8 40.4885
      vertex 109.014 84.8 41.0625
    endloop
  endfacet
  facet normal 0.980843 0 -0.194802
    outer loop
      vertex 108.9 84.8 40.4885
      vertex 109.014 82.4 41.0625
      vertex 108.9 82.4 40.4885
    endloop
  endfacet
  facet normal 0.980849 -0 0.194769
    outer loop
      vertex 108.9 82.4 40.4885
      vertex 109.014 84.8 39.9144
      vertex 108.9 84.8 40.4885
    endloop
  endfacet
  facet normal 0.980849 0 0.194769
    outer loop
      vertex 109.014 84.8 39.9144
      vertex 108.9 82.4 40.4885
      vertex 109.014 82.4 39.9144
    endloop
  endfacet
  facet normal 0.555331 0 -0.83163
    outer loop
      vertex 109.339 82.4 41.5491
      vertex 109.826 84.8 41.8743
      vertex 109.826 82.4 41.8743
    endloop
  endfacet
  facet normal 0.555331 0 -0.83163
    outer loop
      vertex 109.826 84.8 41.8743
      vertex 109.339 82.4 41.5491
      vertex 109.339 84.8 41.5491
    endloop
  endfacet
  facet normal 0.980777 -0 0.19513
    outer loop
      vertex 93.15 82.4 36.5913
      vertex 93.2642 84.8 36.0173
      vertex 93.15 84.8 36.5913
    endloop
  endfacet
  facet normal 0.980777 0 0.19513
    outer loop
      vertex 93.2642 84.8 36.0173
      vertex 93.15 82.4 36.5913
      vertex 93.2642 82.4 36.0173
    endloop
  endfacet
  facet normal -0.831498 0 0.555528
    outer loop
      vertex 95.7107 82.4 35.5307
      vertex 96.0358 84.8 36.0173
      vertex 95.7107 84.8 35.5307
    endloop
  endfacet
  facet normal -0.831498 0 0.555528
    outer loop
      vertex 96.0358 84.8 36.0173
      vertex 95.7107 82.4 35.5307
      vertex 96.0358 82.4 36.0173
    endloop
  endfacet
  facet normal -0.980777 0 0.19513
    outer loop
      vertex 96.0358 82.4 36.0173
      vertex 96.15 84.8 36.5913
      vertex 96.0358 84.8 36.0173
    endloop
  endfacet
  facet normal -0.980777 0 0.19513
    outer loop
      vertex 96.15 84.8 36.5913
      vertex 96.0358 82.4 36.0173
      vertex 96.15 82.4 36.5913
    endloop
  endfacet
  facet normal 0.194966 0 -0.98081
    outer loop
      vertex 94.076 82.4 37.9772
      vertex 94.65 84.8 38.0913
      vertex 94.65 82.4 38.0913
    endloop
  endfacet
  facet normal 0.194966 0 -0.98081
    outer loop
      vertex 94.65 84.8 38.0913
      vertex 94.076 82.4 37.9772
      vertex 94.076 84.8 37.9772
    endloop
  endfacet
  facet normal -0.555567 0 -0.831472
    outer loop
      vertex 95.224 82.4 37.9772
      vertex 95.7107 84.8 37.652
      vertex 95.7107 82.4 37.652
    endloop
  endfacet
  facet normal -0.555567 0 -0.831472
    outer loop
      vertex 95.7107 84.8 37.652
      vertex 95.224 82.4 37.9772
      vertex 95.224 84.8 37.9772
    endloop
  endfacet
  facet normal 0.555567 0 0.831472
    outer loop
      vertex 93.5893 84.8 35.5307
      vertex 94.076 82.4 35.2055
      vertex 94.076 84.8 35.2055
    endloop
  endfacet
  facet normal 0.555567 0 0.831472
    outer loop
      vertex 94.076 82.4 35.2055
      vertex 93.5893 84.8 35.5307
      vertex 93.5893 82.4 35.5307
    endloop
  endfacet
  facet normal -0.980784 0 -0.195098
    outer loop
      vertex 96.15 82.4 36.5913
      vertex 96.0358 84.8 37.1654
      vertex 96.15 84.8 36.5913
    endloop
  endfacet
  facet normal -0.980784 -0 -0.195098
    outer loop
      vertex 96.0358 84.8 37.1654
      vertex 96.15 82.4 36.5913
      vertex 96.0358 82.4 37.1654
    endloop
  endfacet
  facet normal -0.831498 0 -0.555528
    outer loop
      vertex 96.0358 82.4 37.1654
      vertex 95.7107 84.8 37.652
      vertex 96.0358 84.8 37.1654
    endloop
  endfacet
  facet normal -0.831498 -0 -0.555528
    outer loop
      vertex 95.7107 84.8 37.652
      vertex 96.0358 82.4 37.1654
      vertex 95.7107 82.4 37.652
    endloop
  endfacet
  facet normal -0.19513 0 0.980777
    outer loop
      vertex 94.65 84.8 35.0913
      vertex 95.224 82.4 35.2055
      vertex 95.224 84.8 35.2055
    endloop
  endfacet
  facet normal -0.19513 0 0.980777
    outer loop
      vertex 95.224 82.4 35.2055
      vertex 94.65 84.8 35.0913
      vertex 94.65 82.4 35.0913
    endloop
  endfacet
  facet normal 0.19513 0 0.980777
    outer loop
      vertex 94.076 84.8 35.2055
      vertex 94.65 82.4 35.0913
      vertex 94.65 84.8 35.0913
    endloop
  endfacet
  facet normal 0.19513 0 0.980777
    outer loop
      vertex 94.65 82.4 35.0913
      vertex 94.076 84.8 35.2055
      vertex 94.076 82.4 35.2055
    endloop
  endfacet
  facet normal 0.831498 -0 0.555528
    outer loop
      vertex 93.2642 82.4 36.0173
      vertex 93.5893 84.8 35.5307
      vertex 93.2642 84.8 36.0173
    endloop
  endfacet
  facet normal 0.831498 0 0.555528
    outer loop
      vertex 93.5893 84.8 35.5307
      vertex 93.2642 82.4 36.0173
      vertex 93.5893 82.4 35.5307
    endloop
  endfacet
  facet normal -0.555567 0 0.831472
    outer loop
      vertex 95.224 84.8 35.2055
      vertex 95.7107 82.4 35.5307
      vertex 95.7107 84.8 35.5307
    endloop
  endfacet
  facet normal -0.555567 0 0.831472
    outer loop
      vertex 95.7107 82.4 35.5307
      vertex 95.224 84.8 35.2055
      vertex 95.224 82.4 35.2055
    endloop
  endfacet
  facet normal -0.194966 0 -0.98081
    outer loop
      vertex 94.65 82.4 38.0913
      vertex 95.224 84.8 37.9772
      vertex 95.224 82.4 37.9772
    endloop
  endfacet
  facet normal -0.194966 0 -0.98081
    outer loop
      vertex 95.224 84.8 37.9772
      vertex 94.65 82.4 38.0913
      vertex 94.65 84.8 38.0913
    endloop
  endfacet
  facet normal 0.831498 0 -0.555528
    outer loop
      vertex 93.5893 82.4 37.652
      vertex 93.2642 84.8 37.1654
      vertex 93.5893 84.8 37.652
    endloop
  endfacet
  facet normal 0.831498 0 -0.555528
    outer loop
      vertex 93.2642 84.8 37.1654
      vertex 93.5893 82.4 37.652
      vertex 93.2642 82.4 37.1654
    endloop
  endfacet
  facet normal 0.980784 0 -0.195098
    outer loop
      vertex 93.2642 82.4 37.1654
      vertex 93.15 84.8 36.5913
      vertex 93.2642 84.8 37.1654
    endloop
  endfacet
  facet normal 0.980784 0 -0.195098
    outer loop
      vertex 93.15 84.8 36.5913
      vertex 93.2642 82.4 37.1654
      vertex 93.15 82.4 36.5913
    endloop
  endfacet
  facet normal 0.555567 0 -0.831472
    outer loop
      vertex 93.5893 82.4 37.652
      vertex 94.076 84.8 37.9772
      vertex 94.076 82.4 37.9772
    endloop
  endfacet
  facet normal 0.555567 0 -0.831472
    outer loop
      vertex 94.076 84.8 37.9772
      vertex 93.5893 82.4 37.652
      vertex 93.5893 84.8 37.652
    endloop
  endfacet
  facet normal 0.980777 -0 0.19513
    outer loop
      vertex 97.65 82.4 36.5913
      vertex 97.7642 84.8 36.0173
      vertex 97.65 84.8 36.5913
    endloop
  endfacet
  facet normal 0.980777 0 0.19513
    outer loop
      vertex 97.7642 84.8 36.0173
      vertex 97.65 82.4 36.5913
      vertex 97.7642 82.4 36.0173
    endloop
  endfacet
  facet normal -0.831577 0 0.55541
    outer loop
      vertex 100.211 82.4 35.5307
      vertex 100.536 84.8 36.0173
      vertex 100.211 84.8 35.5307
    endloop
  endfacet
  facet normal -0.831577 0 0.55541
    outer loop
      vertex 100.536 84.8 36.0173
      vertex 100.211 82.4 35.5307
      vertex 100.536 82.4 36.0173
    endloop
  endfacet
  facet normal -0.980843 0 0.194802
    outer loop
      vertex 100.536 82.4 36.0173
      vertex 100.65 84.8 36.5913
      vertex 100.536 84.8 36.0173
    endloop
  endfacet
  facet normal -0.980843 0 0.194802
    outer loop
      vertex 100.65 84.8 36.5913
      vertex 100.536 82.4 36.0173
      vertex 100.65 82.4 36.5913
    endloop
  endfacet
  facet normal 0.194966 0 -0.98081
    outer loop
      vertex 98.576 82.4 37.9772
      vertex 99.15 84.8 38.0913
      vertex 99.15 82.4 38.0913
    endloop
  endfacet
  facet normal 0.194966 0 -0.98081
    outer loop
      vertex 99.15 84.8 38.0913
      vertex 98.576 82.4 37.9772
      vertex 98.576 84.8 37.9772
    endloop
  endfacet
  facet normal -0.555331 0 -0.83163
    outer loop
      vertex 99.724 82.4 37.9772
      vertex 100.211 84.8 37.652
      vertex 100.211 82.4 37.652
    endloop
  endfacet
  facet normal -0.555331 0 -0.83163
    outer loop
      vertex 100.211 84.8 37.652
      vertex 99.724 82.4 37.9772
      vertex 99.724 84.8 37.9772
    endloop
  endfacet
  facet normal 0.555567 0 0.831472
    outer loop
      vertex 98.0893 84.8 35.5307
      vertex 98.576 82.4 35.2055
      vertex 98.576 84.8 35.2055
    endloop
  endfacet
  facet normal 0.555567 0 0.831472
    outer loop
      vertex 98.576 82.4 35.2055
      vertex 98.0893 84.8 35.5307
      vertex 98.0893 82.4 35.5307
    endloop
  endfacet
  facet normal -0.980849 0 -0.194769
    outer loop
      vertex 100.65 82.4 36.5913
      vertex 100.536 84.8 37.1654
      vertex 100.65 84.8 36.5913
    endloop
  endfacet
  facet normal -0.980849 -0 -0.194769
    outer loop
      vertex 100.536 84.8 37.1654
      vertex 100.65 82.4 36.5913
      vertex 100.536 82.4 37.1654
    endloop
  endfacet
  facet normal -0.194966 0 -0.98081
    outer loop
      vertex 99.15 82.4 38.0913
      vertex 99.724 84.8 37.9772
      vertex 99.724 82.4 37.9772
    endloop
  endfacet
  facet normal -0.194966 0 -0.98081
    outer loop
      vertex 99.724 84.8 37.9772
      vertex 99.15 82.4 38.0913
      vertex 99.15 84.8 38.0913
    endloop
  endfacet
  facet normal -0.831577 0 -0.55541
    outer loop
      vertex 100.536 82.4 37.1654
      vertex 100.211 84.8 37.652
      vertex 100.536 84.8 37.1654
    endloop
  endfacet
  facet normal -0.831577 -0 -0.55541
    outer loop
      vertex 100.211 84.8 37.652
      vertex 100.536 82.4 37.1654
      vertex 100.211 82.4 37.652
    endloop
  endfacet
  facet normal -0.19513 0 0.980777
    outer loop
      vertex 99.15 84.8 35.0913
      vertex 99.724 82.4 35.2055
      vertex 99.724 84.8 35.2055
    endloop
  endfacet
  facet normal -0.19513 0 0.980777
    outer loop
      vertex 99.724 82.4 35.2055
      vertex 99.15 84.8 35.0913
      vertex 99.15 82.4 35.0913
    endloop
  endfacet
  facet normal 0.19513 0 0.980777
    outer loop
      vertex 98.576 84.8 35.2055
      vertex 99.15 82.4 35.0913
      vertex 99.15 84.8 35.0913
    endloop
  endfacet
  facet normal 0.19513 0 0.980777
    outer loop
      vertex 99.15 82.4 35.0913
      vertex 98.576 84.8 35.2055
      vertex 98.576 82.4 35.2055
    endloop
  endfacet
  facet normal 0.831498 -0 0.555528
    outer loop
      vertex 97.7642 82.4 36.0173
      vertex 98.0893 84.8 35.5307
      vertex 97.7642 84.8 36.0173
    endloop
  endfacet
  facet normal 0.831498 0 0.555528
    outer loop
      vertex 98.0893 84.8 35.5307
      vertex 97.7642 82.4 36.0173
      vertex 98.0893 82.4 35.5307
    endloop
  endfacet
  facet normal -0.555331 0 0.83163
    outer loop
      vertex 99.724 84.8 35.2055
      vertex 100.211 82.4 35.5307
      vertex 100.211 84.8 35.5307
    endloop
  endfacet
  facet normal -0.555331 0 0.83163
    outer loop
      vertex 100.211 82.4 35.5307
      vertex 99.724 84.8 35.2055
      vertex 99.724 82.4 35.2055
    endloop
  endfacet
  facet normal 0.831498 0 -0.555528
    outer loop
      vertex 98.0893 82.4 37.652
      vertex 97.7642 84.8 37.1654
      vertex 98.0893 84.8 37.652
    endloop
  endfacet
  facet normal 0.831498 0 -0.555528
    outer loop
      vertex 97.7642 84.8 37.1654
      vertex 98.0893 82.4 37.652
      vertex 97.7642 82.4 37.1654
    endloop
  endfacet
  facet normal 0.980784 0 -0.195098
    outer loop
      vertex 97.7642 82.4 37.1654
      vertex 97.65 84.8 36.5913
      vertex 97.7642 84.8 37.1654
    endloop
  endfacet
  facet normal 0.980784 0 -0.195098
    outer loop
      vertex 97.65 84.8 36.5913
      vertex 97.7642 82.4 37.1654
      vertex 97.65 82.4 36.5913
    endloop
  endfacet
  facet normal 0.555567 0 -0.831472
    outer loop
      vertex 98.0893 82.4 37.652
      vertex 98.576 84.8 37.9772
      vertex 98.576 82.4 37.9772
    endloop
  endfacet
  facet normal 0.555567 0 -0.831472
    outer loop
      vertex 98.576 84.8 37.9772
      vertex 98.0893 82.4 37.652
      vertex 98.0893 84.8 37.652
    endloop
  endfacet
  facet normal 0.980843 -0 0.194802
    outer loop
      vertex 102.15 82.4 36.5913
      vertex 102.264 84.8 36.0173
      vertex 102.15 84.8 36.5913
    endloop
  endfacet
  facet normal 0.980843 0 0.194802
    outer loop
      vertex 102.264 84.8 36.0173
      vertex 102.15 82.4 36.5913
      vertex 102.264 82.4 36.0173
    endloop
  endfacet
  facet normal -0.831577 0 0.55541
    outer loop
      vertex 104.711 82.4 35.5307
      vertex 105.036 84.8 36.0173
      vertex 104.711 84.8 35.5307
    endloop
  endfacet
  facet normal -0.831577 0 0.55541
    outer loop
      vertex 105.036 84.8 36.0173
      vertex 104.711 82.4 35.5307
      vertex 105.036 82.4 36.0173
    endloop
  endfacet
  facet normal -0.980843 0 0.194802
    outer loop
      vertex 105.036 82.4 36.0173
      vertex 105.15 84.8 36.5913
      vertex 105.036 84.8 36.0173
    endloop
  endfacet
  facet normal -0.980843 0 0.194802
    outer loop
      vertex 105.15 84.8 36.5913
      vertex 105.036 82.4 36.0173
      vertex 105.15 82.4 36.5913
    endloop
  endfacet
  facet normal 0.194966 0 -0.98081
    outer loop
      vertex 103.076 82.4 37.9772
      vertex 103.65 84.8 38.0913
      vertex 103.65 82.4 38.0913
    endloop
  endfacet
  facet normal 0.194966 0 -0.98081
    outer loop
      vertex 103.65 84.8 38.0913
      vertex 103.076 82.4 37.9772
      vertex 103.076 84.8 37.9772
    endloop
  endfacet
  facet normal -0.555331 0 -0.83163
    outer loop
      vertex 104.224 82.4 37.9772
      vertex 104.711 84.8 37.652
      vertex 104.711 82.4 37.652
    endloop
  endfacet
  facet normal -0.555331 0 -0.83163
    outer loop
      vertex 104.711 84.8 37.652
      vertex 104.224 82.4 37.9772
      vertex 104.224 84.8 37.9772
    endloop
  endfacet
  facet normal 0.555331 0 0.83163
    outer loop
      vertex 102.589 84.8 35.5307
      vertex 103.076 82.4 35.2055
      vertex 103.076 84.8 35.2055
    endloop
  endfacet
  facet normal 0.555331 0 0.83163
    outer loop
      vertex 103.076 82.4 35.2055
      vertex 102.589 84.8 35.5307
      vertex 102.589 82.4 35.5307
    endloop
  endfacet
  facet normal -0.980849 0 -0.194769
    outer loop
      vertex 105.15 82.4 36.5913
      vertex 105.036 84.8 37.1654
      vertex 105.15 84.8 36.5913
    endloop
  endfacet
  facet normal -0.980849 -0 -0.194769
    outer loop
      vertex 105.036 84.8 37.1654
      vertex 105.15 82.4 36.5913
      vertex 105.036 82.4 37.1654
    endloop
  endfacet
  facet normal -0.194966 0 -0.98081
    outer loop
      vertex 103.65 82.4 38.0913
      vertex 104.224 84.8 37.9772
      vertex 104.224 82.4 37.9772
    endloop
  endfacet
  facet normal -0.194966 0 -0.98081
    outer loop
      vertex 104.224 84.8 37.9772
      vertex 103.65 82.4 38.0913
      vertex 103.65 84.8 38.0913
    endloop
  endfacet
  facet normal -0.831577 0 -0.55541
    outer loop
      vertex 105.036 82.4 37.1654
      vertex 104.711 84.8 37.652
      vertex 105.036 84.8 37.1654
    endloop
  endfacet
  facet normal -0.831577 -0 -0.55541
    outer loop
      vertex 104.711 84.8 37.652
      vertex 105.036 82.4 37.1654
      vertex 104.711 82.4 37.652
    endloop
  endfacet
  facet normal -0.19513 0 0.980777
    outer loop
      vertex 103.65 84.8 35.0913
      vertex 104.224 82.4 35.2055
      vertex 104.224 84.8 35.2055
    endloop
  endfacet
  facet normal -0.19513 0 0.980777
    outer loop
      vertex 104.224 82.4 35.2055
      vertex 103.65 84.8 35.0913
      vertex 103.65 82.4 35.0913
    endloop
  endfacet
  facet normal 0.19513 0 0.980777
    outer loop
      vertex 103.076 84.8 35.2055
      vertex 103.65 82.4 35.0913
      vertex 103.65 84.8 35.0913
    endloop
  endfacet
  facet normal 0.19513 0 0.980777
    outer loop
      vertex 103.65 82.4 35.0913
      vertex 103.076 84.8 35.2055
      vertex 103.076 82.4 35.2055
    endloop
  endfacet
  facet normal 0.831577 -0 0.55541
    outer loop
      vertex 102.264 82.4 36.0173
      vertex 102.589 84.8 35.5307
      vertex 102.264 84.8 36.0173
    endloop
  endfacet
  facet normal 0.831577 0 0.55541
    outer loop
      vertex 102.589 84.8 35.5307
      vertex 102.264 82.4 36.0173
      vertex 102.589 82.4 35.5307
    endloop
  endfacet
  facet normal -0.555331 0 0.83163
    outer loop
      vertex 104.224 84.8 35.2055
      vertex 104.711 82.4 35.5307
      vertex 104.711 84.8 35.5307
    endloop
  endfacet
  facet normal -0.555331 0 0.83163
    outer loop
      vertex 104.711 82.4 35.5307
      vertex 104.224 84.8 35.2055
      vertex 104.224 82.4 35.2055
    endloop
  endfacet
  facet normal 0.831577 0 -0.55541
    outer loop
      vertex 102.589 82.4 37.652
      vertex 102.264 84.8 37.1654
      vertex 102.589 84.8 37.652
    endloop
  endfacet
  facet normal 0.831577 0 -0.55541
    outer loop
      vertex 102.264 84.8 37.1654
      vertex 102.589 82.4 37.652
      vertex 102.264 82.4 37.1654
    endloop
  endfacet
  facet normal 0.980849 0 -0.194769
    outer loop
      vertex 102.264 82.4 37.1654
      vertex 102.15 84.8 36.5913
      vertex 102.264 84.8 37.1654
    endloop
  endfacet
  facet normal 0.980849 0 -0.194769
    outer loop
      vertex 102.15 84.8 36.5913
      vertex 102.264 82.4 37.1654
      vertex 102.15 82.4 36.5913
    endloop
  endfacet
  facet normal 0.555331 0 -0.83163
    outer loop
      vertex 102.589 82.4 37.652
      vertex 103.076 84.8 37.9772
      vertex 103.076 82.4 37.9772
    endloop
  endfacet
  facet normal 0.555331 0 -0.83163
    outer loop
      vertex 103.076 84.8 37.9772
      vertex 102.589 82.4 37.652
      vertex 102.589 84.8 37.652
    endloop
  endfacet
  facet normal 0.194966 0 -0.98081
    outer loop
      vertex 107.576 82.4 37.9772
      vertex 108.15 84.8 38.0913
      vertex 108.15 82.4 38.0913
    endloop
  endfacet
  facet normal 0.194966 0 -0.98081
    outer loop
      vertex 108.15 84.8 38.0913
      vertex 107.576 82.4 37.9772
      vertex 107.576 84.8 37.9772
    endloop
  endfacet
  facet normal -0.831577 0 -0.55541
    outer loop
      vertex 109.536 82.4 37.1654
      vertex 109.211 84.8 37.652
      vertex 109.536 84.8 37.1654
    endloop
  endfacet
  facet normal -0.831577 -0 -0.55541
    outer loop
      vertex 109.211 84.8 37.652
      vertex 109.536 82.4 37.1654
      vertex 109.211 82.4 37.652
    endloop
  endfacet
  facet normal -0.831577 0 0.55541
    outer loop
      vertex 109.211 82.4 35.5307
      vertex 109.536 84.8 36.0173
      vertex 109.211 84.8 35.5307
    endloop
  endfacet
  facet normal -0.831577 0 0.55541
    outer loop
      vertex 109.536 84.8 36.0173
      vertex 109.211 82.4 35.5307
      vertex 109.536 82.4 36.0173
    endloop
  endfacet
  facet normal -0.980843 0 0.194802
    outer loop
      vertex 109.536 82.4 36.0173
      vertex 109.65 84.8 36.5913
      vertex 109.536 84.8 36.0173
    endloop
  endfacet
  facet normal -0.980843 0 0.194802
    outer loop
      vertex 109.65 84.8 36.5913
      vertex 109.536 82.4 36.0173
      vertex 109.65 82.4 36.5913
    endloop
  endfacet
  facet normal -0.555331 0 0.83163
    outer loop
      vertex 108.724 84.8 35.2055
      vertex 109.211 82.4 35.5307
      vertex 109.211 84.8 35.5307
    endloop
  endfacet
  facet normal -0.555331 0 0.83163
    outer loop
      vertex 109.211 82.4 35.5307
      vertex 108.724 84.8 35.2055
      vertex 108.724 82.4 35.2055
    endloop
  endfacet
  facet normal -0.19513 0 0.980777
    outer loop
      vertex 108.15 84.8 35.0913
      vertex 108.724 82.4 35.2055
      vertex 108.724 84.8 35.2055
    endloop
  endfacet
  facet normal -0.19513 0 0.980777
    outer loop
      vertex 108.724 82.4 35.2055
      vertex 108.15 84.8 35.0913
      vertex 108.15 82.4 35.0913
    endloop
  endfacet
  facet normal 0.980849 0 -0.194769
    outer loop
      vertex 106.764 82.4 37.1654
      vertex 106.65 84.8 36.5913
      vertex 106.764 84.8 37.1654
    endloop
  endfacet
  facet normal 0.980849 0 -0.194769
    outer loop
      vertex 106.65 84.8 36.5913
      vertex 106.764 82.4 37.1654
      vertex 106.65 82.4 36.5913
    endloop
  endfacet
  facet normal -0.555331 0 -0.83163
    outer loop
      vertex 108.724 82.4 37.9772
      vertex 109.211 84.8 37.652
      vertex 109.211 82.4 37.652
    endloop
  endfacet
  facet normal -0.555331 0 -0.83163
    outer loop
      vertex 109.211 84.8 37.652
      vertex 108.724 82.4 37.9772
      vertex 108.724 84.8 37.9772
    endloop
  endfacet
  facet normal 0.831577 -0 0.55541
    outer loop
      vertex 106.764 82.4 36.0173
      vertex 107.089 84.8 35.5307
      vertex 106.764 84.8 36.0173
    endloop
  endfacet
  facet normal 0.831577 0 0.55541
    outer loop
      vertex 107.089 84.8 35.5307
      vertex 106.764 82.4 36.0173
      vertex 107.089 82.4 35.5307
    endloop
  endfacet
  facet normal -0.194966 0 -0.98081
    outer loop
      vertex 108.15 82.4 38.0913
      vertex 108.724 84.8 37.9772
      vertex 108.724 82.4 37.9772
    endloop
  endfacet
  facet normal -0.194966 0 -0.98081
    outer loop
      vertex 108.724 84.8 37.9772
      vertex 108.15 82.4 38.0913
      vertex 108.15 84.8 38.0913
    endloop
  endfacet
  facet normal 0.19513 0 0.980777
    outer loop
      vertex 107.576 84.8 35.2055
      vertex 108.15 82.4 35.0913
      vertex 108.15 84.8 35.0913
    endloop
  endfacet
  facet normal 0.19513 0 0.980777
    outer loop
      vertex 108.15 82.4 35.0913
      vertex 107.576 84.8 35.2055
      vertex 107.576 82.4 35.2055
    endloop
  endfacet
  facet normal 0.555331 0 0.83163
    outer loop
      vertex 107.089 84.8 35.5307
      vertex 107.576 82.4 35.2055
      vertex 107.576 84.8 35.2055
    endloop
  endfacet
  facet normal 0.555331 0 0.83163
    outer loop
      vertex 107.576 82.4 35.2055
      vertex 107.089 84.8 35.5307
      vertex 107.089 82.4 35.5307
    endloop
  endfacet
  facet normal -0.980849 0 -0.194769
    outer loop
      vertex 109.65 82.4 36.5913
      vertex 109.536 84.8 37.1654
      vertex 109.65 84.8 36.5913
    endloop
  endfacet
  facet normal -0.980849 -0 -0.194769
    outer loop
      vertex 109.536 84.8 37.1654
      vertex 109.65 82.4 36.5913
      vertex 109.536 82.4 37.1654
    endloop
  endfacet
  facet normal 0.980843 -0 0.194802
    outer loop
      vertex 106.65 82.4 36.5913
      vertex 106.764 84.8 36.0173
      vertex 106.65 84.8 36.5913
    endloop
  endfacet
  facet normal 0.980843 0 0.194802
    outer loop
      vertex 106.764 84.8 36.0173
      vertex 106.65 82.4 36.5913
      vertex 106.764 82.4 36.0173
    endloop
  endfacet
  facet normal 0.831577 0 -0.55541
    outer loop
      vertex 107.089 82.4 37.652
      vertex 106.764 84.8 37.1654
      vertex 107.089 84.8 37.652
    endloop
  endfacet
  facet normal 0.831577 0 -0.55541
    outer loop
      vertex 106.764 84.8 37.1654
      vertex 107.089 82.4 37.652
      vertex 106.764 82.4 37.1654
    endloop
  endfacet
  facet normal 0.555331 0 -0.83163
    outer loop
      vertex 107.089 82.4 37.652
      vertex 107.576 84.8 37.9772
      vertex 107.576 82.4 37.9772
    endloop
  endfacet
  facet normal 0.555331 0 -0.83163
    outer loop
      vertex 107.576 84.8 37.9772
      vertex 107.089 82.4 37.652
      vertex 107.089 84.8 37.652
    endloop
  endfacet
  facet normal 0.194966 0 -0.98081
    outer loop
      vertex 112.076 82.4 37.9772
      vertex 112.65 84.8 38.0913
      vertex 112.65 82.4 38.0913
    endloop
  endfacet
  facet normal 0.194966 0 -0.98081
    outer loop
      vertex 112.65 84.8 38.0913
      vertex 112.076 82.4 37.9772
      vertex 112.076 84.8 37.9772
    endloop
  endfacet
  facet normal -0.831577 0 -0.55541
    outer loop
      vertex 114.036 82.4 37.1654
      vertex 113.711 84.8 37.652
      vertex 114.036 84.8 37.1654
    endloop
  endfacet
  facet normal -0.831577 -0 -0.55541
    outer loop
      vertex 113.711 84.8 37.652
      vertex 114.036 82.4 37.1654
      vertex 113.711 82.4 37.652
    endloop
  endfacet
  facet normal -0.831577 0 0.55541
    outer loop
      vertex 113.711 82.4 35.5307
      vertex 114.036 84.8 36.0173
      vertex 113.711 84.8 35.5307
    endloop
  endfacet
  facet normal -0.831577 0 0.55541
    outer loop
      vertex 114.036 84.8 36.0173
      vertex 113.711 82.4 35.5307
      vertex 114.036 82.4 36.0173
    endloop
  endfacet
  facet normal -0.980843 0 0.194802
    outer loop
      vertex 114.036 82.4 36.0173
      vertex 114.15 84.8 36.5913
      vertex 114.036 84.8 36.0173
    endloop
  endfacet
  facet normal -0.980843 0 0.194802
    outer loop
      vertex 114.15 84.8 36.5913
      vertex 114.036 82.4 36.0173
      vertex 114.15 82.4 36.5913
    endloop
  endfacet
  facet normal -0.555331 0 0.83163
    outer loop
      vertex 113.224 84.8 35.2055
      vertex 113.711 82.4 35.5307
      vertex 113.711 84.8 35.5307
    endloop
  endfacet
  facet normal -0.555331 0 0.83163
    outer loop
      vertex 113.711 82.4 35.5307
      vertex 113.224 84.8 35.2055
      vertex 113.224 82.4 35.2055
    endloop
  endfacet
  facet normal -0.19513 0 0.980777
    outer loop
      vertex 112.65 84.8 35.0913
      vertex 113.224 82.4 35.2055
      vertex 113.224 84.8 35.2055
    endloop
  endfacet
  facet normal -0.19513 0 0.980777
    outer loop
      vertex 113.224 82.4 35.2055
      vertex 112.65 84.8 35.0913
      vertex 112.65 82.4 35.0913
    endloop
  endfacet
  facet normal 0.980849 0 -0.194769
    outer loop
      vertex 111.264 82.4 37.1654
      vertex 111.15 84.8 36.5913
      vertex 111.264 84.8 37.1654
    endloop
  endfacet
  facet normal 0.980849 0 -0.194769
    outer loop
      vertex 111.15 84.8 36.5913
      vertex 111.264 82.4 37.1654
      vertex 111.15 82.4 36.5913
    endloop
  endfacet
  facet normal -0.555331 0 -0.83163
    outer loop
      vertex 113.224 82.4 37.9772
      vertex 113.711 84.8 37.652
      vertex 113.711 82.4 37.652
    endloop
  endfacet
  facet normal -0.555331 0 -0.83163
    outer loop
      vertex 113.711 84.8 37.652
      vertex 113.224 82.4 37.9772
      vertex 113.224 84.8 37.9772
    endloop
  endfacet
  facet normal 0.831577 -0 0.55541
    outer loop
      vertex 111.264 82.4 36.0173
      vertex 111.589 84.8 35.5307
      vertex 111.264 84.8 36.0173
    endloop
  endfacet
  facet normal 0.831577 0 0.55541
    outer loop
      vertex 111.589 84.8 35.5307
      vertex 111.264 82.4 36.0173
      vertex 111.589 82.4 35.5307
    endloop
  endfacet
  facet normal 0.19513 0 0.980777
    outer loop
      vertex 112.076 84.8 35.2055
      vertex 112.65 82.4 35.0913
      vertex 112.65 84.8 35.0913
    endloop
  endfacet
  facet normal 0.19513 0 0.980777
    outer loop
      vertex 112.65 82.4 35.0913
      vertex 112.076 84.8 35.2055
      vertex 112.076 82.4 35.2055
    endloop
  endfacet
  facet normal 0.555331 0 0.83163
    outer loop
      vertex 111.589 84.8 35.5307
      vertex 112.076 82.4 35.2055
      vertex 112.076 84.8 35.2055
    endloop
  endfacet
  facet normal 0.555331 0 0.83163
    outer loop
      vertex 112.076 82.4 35.2055
      vertex 111.589 84.8 35.5307
      vertex 111.589 82.4 35.5307
    endloop
  endfacet
  facet normal -0.980849 0 -0.194769
    outer loop
      vertex 114.15 82.4 36.5913
      vertex 114.036 84.8 37.1654
      vertex 114.15 84.8 36.5913
    endloop
  endfacet
  facet normal -0.980849 -0 -0.194769
    outer loop
      vertex 114.036 84.8 37.1654
      vertex 114.15 82.4 36.5913
      vertex 114.036 82.4 37.1654
    endloop
  endfacet
  facet normal 0.980843 -0 0.194802
    outer loop
      vertex 111.15 82.4 36.5913
      vertex 111.264 84.8 36.0173
      vertex 111.15 84.8 36.5913
    endloop
  endfacet
  facet normal 0.980843 0 0.194802
    outer loop
      vertex 111.264 84.8 36.0173
      vertex 111.15 82.4 36.5913
      vertex 111.264 82.4 36.0173
    endloop
  endfacet
  facet normal 0.831577 0 -0.55541
    outer loop
      vertex 111.589 82.4 37.652
      vertex 111.264 84.8 37.1654
      vertex 111.589 84.8 37.652
    endloop
  endfacet
  facet normal 0.831577 0 -0.55541
    outer loop
      vertex 111.264 84.8 37.1654
      vertex 111.589 82.4 37.652
      vertex 111.264 82.4 37.1654
    endloop
  endfacet
  facet normal -0.194966 0 -0.98081
    outer loop
      vertex 112.65 82.4 38.0913
      vertex 113.224 84.8 37.9772
      vertex 113.224 82.4 37.9772
    endloop
  endfacet
  facet normal -0.194966 0 -0.98081
    outer loop
      vertex 113.224 84.8 37.9772
      vertex 112.65 82.4 38.0913
      vertex 112.65 84.8 38.0913
    endloop
  endfacet
  facet normal 0.555331 0 -0.83163
    outer loop
      vertex 111.589 82.4 37.652
      vertex 112.076 84.8 37.9772
      vertex 112.076 82.4 37.9772
    endloop
  endfacet
  facet normal 0.555331 0 -0.83163
    outer loop
      vertex 112.076 84.8 37.9772
      vertex 111.589 82.4 37.652
      vertex 111.589 84.8 37.652
    endloop
  endfacet
  facet normal 0.194966 0 -0.98081
    outer loop
      vertex 116.576 82.4 37.9772
      vertex 117.15 84.8 38.0913
      vertex 117.15 82.4 38.0913
    endloop
  endfacet
  facet normal 0.194966 0 -0.98081
    outer loop
      vertex 117.15 84.8 38.0913
      vertex 116.576 82.4 37.9772
      vertex 116.576 84.8 37.9772
    endloop
  endfacet
  facet normal -0.831577 0 -0.55541
    outer loop
      vertex 118.536 82.4 37.1654
      vertex 118.211 84.8 37.652
      vertex 118.536 84.8 37.1654
    endloop
  endfacet
  facet normal -0.831577 -0 -0.55541
    outer loop
      vertex 118.211 84.8 37.652
      vertex 118.536 82.4 37.1654
      vertex 118.211 82.4 37.652
    endloop
  endfacet
  facet normal -0.831577 0 0.55541
    outer loop
      vertex 118.211 82.4 35.5307
      vertex 118.536 84.8 36.0173
      vertex 118.211 84.8 35.5307
    endloop
  endfacet
  facet normal -0.831577 0 0.55541
    outer loop
      vertex 118.536 84.8 36.0173
      vertex 118.211 82.4 35.5307
      vertex 118.536 82.4 36.0173
    endloop
  endfacet
  facet normal -0.980843 0 0.194802
    outer loop
      vertex 118.536 82.4 36.0173
      vertex 118.65 84.8 36.5913
      vertex 118.536 84.8 36.0173
    endloop
  endfacet
  facet normal -0.980843 0 0.194802
    outer loop
      vertex 118.65 84.8 36.5913
      vertex 118.536 82.4 36.0173
      vertex 118.65 82.4 36.5913
    endloop
  endfacet
  facet normal -0.555331 0 0.83163
    outer loop
      vertex 117.724 84.8 35.2055
      vertex 118.211 82.4 35.5307
      vertex 118.211 84.8 35.5307
    endloop
  endfacet
  facet normal -0.555331 0 0.83163
    outer loop
      vertex 118.211 82.4 35.5307
      vertex 117.724 84.8 35.2055
      vertex 117.724 82.4 35.2055
    endloop
  endfacet
  facet normal -0.19513 0 0.980777
    outer loop
      vertex 117.15 84.8 35.0913
      vertex 117.724 82.4 35.2055
      vertex 117.724 84.8 35.2055
    endloop
  endfacet
  facet normal -0.19513 0 0.980777
    outer loop
      vertex 117.724 82.4 35.2055
      vertex 117.15 84.8 35.0913
      vertex 117.15 82.4 35.0913
    endloop
  endfacet
  facet normal 0.980849 0 -0.194769
    outer loop
      vertex 115.764 82.4 37.1654
      vertex 115.65 84.8 36.5913
      vertex 115.764 84.8 37.1654
    endloop
  endfacet
  facet normal 0.980849 0 -0.194769
    outer loop
      vertex 115.65 84.8 36.5913
      vertex 115.764 82.4 37.1654
      vertex 115.65 82.4 36.5913
    endloop
  endfacet
  facet normal -0.555331 0 -0.83163
    outer loop
      vertex 117.724 82.4 37.9772
      vertex 118.211 84.8 37.652
      vertex 118.211 82.4 37.652
    endloop
  endfacet
  facet normal -0.555331 0 -0.83163
    outer loop
      vertex 118.211 84.8 37.652
      vertex 117.724 82.4 37.9772
      vertex 117.724 84.8 37.9772
    endloop
  endfacet
  facet normal 0.831577 -0 0.55541
    outer loop
      vertex 115.764 82.4 36.0173
      vertex 116.089 84.8 35.5307
      vertex 115.764 84.8 36.0173
    endloop
  endfacet
  facet normal 0.831577 0 0.55541
    outer loop
      vertex 116.089 84.8 35.5307
      vertex 115.764 82.4 36.0173
      vertex 116.089 82.4 35.5307
    endloop
  endfacet
  facet normal 0.19513 0 0.980777
    outer loop
      vertex 116.576 84.8 35.2055
      vertex 117.15 82.4 35.0913
      vertex 117.15 84.8 35.0913
    endloop
  endfacet
  facet normal 0.19513 0 0.980777
    outer loop
      vertex 117.15 82.4 35.0913
      vertex 116.576 84.8 35.2055
      vertex 116.576 82.4 35.2055
    endloop
  endfacet
  facet normal 0.555331 0 0.83163
    outer loop
      vertex 116.089 84.8 35.5307
      vertex 116.576 82.4 35.2055
      vertex 116.576 84.8 35.2055
    endloop
  endfacet
  facet normal 0.555331 0 0.83163
    outer loop
      vertex 116.576 82.4 35.2055
      vertex 116.089 84.8 35.5307
      vertex 116.089 82.4 35.5307
    endloop
  endfacet
  facet normal -0.980849 0 -0.194769
    outer loop
      vertex 118.65 82.4 36.5913
      vertex 118.536 84.8 37.1654
      vertex 118.65 84.8 36.5913
    endloop
  endfacet
  facet normal -0.980849 -0 -0.194769
    outer loop
      vertex 118.536 84.8 37.1654
      vertex 118.65 82.4 36.5913
      vertex 118.536 82.4 37.1654
    endloop
  endfacet
  facet normal 0.980843 -0 0.194802
    outer loop
      vertex 115.65 82.4 36.5913
      vertex 115.764 84.8 36.0173
      vertex 115.65 84.8 36.5913
    endloop
  endfacet
  facet normal 0.980843 0 0.194802
    outer loop
      vertex 115.764 84.8 36.0173
      vertex 115.65 82.4 36.5913
      vertex 115.764 82.4 36.0173
    endloop
  endfacet
  facet normal 0.831577 0 -0.55541
    outer loop
      vertex 116.089 82.4 37.652
      vertex 115.764 84.8 37.1654
      vertex 116.089 84.8 37.652
    endloop
  endfacet
  facet normal 0.831577 0 -0.55541
    outer loop
      vertex 115.764 84.8 37.1654
      vertex 116.089 82.4 37.652
      vertex 115.764 82.4 37.1654
    endloop
  endfacet
  facet normal -0.194966 0 -0.98081
    outer loop
      vertex 117.15 82.4 38.0913
      vertex 117.724 84.8 37.9772
      vertex 117.724 82.4 37.9772
    endloop
  endfacet
  facet normal -0.194966 0 -0.98081
    outer loop
      vertex 117.724 84.8 37.9772
      vertex 117.15 82.4 38.0913
      vertex 117.15 84.8 38.0913
    endloop
  endfacet
  facet normal 0.555331 0 -0.83163
    outer loop
      vertex 116.089 82.4 37.652
      vertex 116.576 84.8 37.9772
      vertex 116.576 82.4 37.9772
    endloop
  endfacet
  facet normal 0.555331 0 -0.83163
    outer loop
      vertex 116.576 84.8 37.9772
      vertex 116.089 82.4 37.652
      vertex 116.089 84.8 37.652
    endloop
  endfacet
  facet normal 0.980777 -0 0.19513
    outer loop
      vertex 90.9 82.4 32.6942
      vertex 91.0142 84.8 32.1202
      vertex 90.9 84.8 32.6942
    endloop
  endfacet
  facet normal 0.980777 0 0.19513
    outer loop
      vertex 91.0142 84.8 32.1202
      vertex 90.9 82.4 32.6942
      vertex 91.0142 82.4 32.1202
    endloop
  endfacet
  facet normal -0.831498 0 0.555528
    outer loop
      vertex 93.4607 82.4 31.6336
      vertex 93.7858 84.8 32.1202
      vertex 93.4607 84.8 31.6336
    endloop
  endfacet
  facet normal -0.831498 0 0.555528
    outer loop
      vertex 93.7858 84.8 32.1202
      vertex 93.4607 82.4 31.6336
      vertex 93.7858 82.4 32.1202
    endloop
  endfacet
  facet normal -0.980777 0 0.19513
    outer loop
      vertex 93.7858 82.4 32.1202
      vertex 93.9 84.8 32.6942
      vertex 93.7858 84.8 32.1202
    endloop
  endfacet
  facet normal -0.980777 0 0.19513
    outer loop
      vertex 93.9 84.8 32.6942
      vertex 93.7858 82.4 32.1202
      vertex 93.9 82.4 32.6942
    endloop
  endfacet
  facet normal 0.831498 -0 0.555528
    outer loop
      vertex 91.0142 82.4 32.1202
      vertex 91.3393 84.8 31.6336
      vertex 91.0142 84.8 32.1202
    endloop
  endfacet
  facet normal 0.831498 0 0.555528
    outer loop
      vertex 91.3393 84.8 31.6336
      vertex 91.0142 82.4 32.1202
      vertex 91.3393 82.4 31.6336
    endloop
  endfacet
  facet normal 0.19513 0 -0.980777
    outer loop
      vertex 91.826 82.4 34.08
      vertex 92.4 84.8 34.1942
      vertex 92.4 82.4 34.1942
    endloop
  endfacet
  facet normal 0.19513 0 -0.980777
    outer loop
      vertex 92.4 84.8 34.1942
      vertex 91.826 82.4 34.08
      vertex 91.826 84.8 34.08
    endloop
  endfacet
  facet normal -0.980784 0 -0.195098
    outer loop
      vertex 93.9 82.4 32.6942
      vertex 93.7858 84.8 33.2683
      vertex 93.9 84.8 32.6942
    endloop
  endfacet
  facet normal -0.980784 -0 -0.195098
    outer loop
      vertex 93.7858 84.8 33.2683
      vertex 93.9 82.4 32.6942
      vertex 93.7858 82.4 33.2683
    endloop
  endfacet
  facet normal -0.19513 0 0.980777
    outer loop
      vertex 92.4 84.8 31.1942
      vertex 92.974 82.4 31.3084
      vertex 92.974 84.8 31.3084
    endloop
  endfacet
  facet normal -0.19513 0 0.980777
    outer loop
      vertex 92.974 82.4 31.3084
      vertex 92.4 84.8 31.1942
      vertex 92.4 82.4 31.1942
    endloop
  endfacet
  facet normal -0.555449 0 -0.831551
    outer loop
      vertex 92.974 82.4 34.08
      vertex 93.4607 84.8 33.7549
      vertex 93.4607 82.4 33.7549
    endloop
  endfacet
  facet normal -0.555449 0 -0.831551
    outer loop
      vertex 93.4607 84.8 33.7549
      vertex 92.974 82.4 34.08
      vertex 92.974 84.8 34.08
    endloop
  endfacet
  facet normal -0.19513 0 -0.980777
    outer loop
      vertex 92.4 82.4 34.1942
      vertex 92.974 84.8 34.08
      vertex 92.974 82.4 34.08
    endloop
  endfacet
  facet normal -0.19513 0 -0.980777
    outer loop
      vertex 92.974 84.8 34.08
      vertex 92.4 82.4 34.1942
      vertex 92.4 84.8 34.1942
    endloop
  endfacet
  facet normal 0.555567 0 0.831472
    outer loop
      vertex 91.3393 84.8 31.6336
      vertex 91.826 82.4 31.3084
      vertex 91.826 84.8 31.3084
    endloop
  endfacet
  facet normal 0.555567 0 0.831472
    outer loop
      vertex 91.826 82.4 31.3084
      vertex 91.3393 84.8 31.6336
      vertex 91.3393 82.4 31.6336
    endloop
  endfacet
  facet normal 0.19513 0 0.980777
    outer loop
      vertex 91.826 84.8 31.3084
      vertex 92.4 82.4 31.1942
      vertex 92.4 84.8 31.1942
    endloop
  endfacet
  facet normal 0.19513 0 0.980777
    outer loop
      vertex 92.4 82.4 31.1942
      vertex 91.826 84.8 31.3084
      vertex 91.826 82.4 31.3084
    endloop
  endfacet
  facet normal -0.831498 0 -0.555528
    outer loop
      vertex 93.7858 82.4 33.2683
      vertex 93.4607 84.8 33.7549
      vertex 93.7858 84.8 33.2683
    endloop
  endfacet
  facet normal -0.831498 -0 -0.555528
    outer loop
      vertex 93.4607 84.8 33.7549
      vertex 93.7858 82.4 33.2683
      vertex 93.4607 82.4 33.7549
    endloop
  endfacet
  facet normal -0.555567 0 0.831472
    outer loop
      vertex 92.974 84.8 31.3084
      vertex 93.4607 82.4 31.6336
      vertex 93.4607 84.8 31.6336
    endloop
  endfacet
  facet normal -0.555567 0 0.831472
    outer loop
      vertex 93.4607 82.4 31.6336
      vertex 92.974 84.8 31.3084
      vertex 92.974 82.4 31.3084
    endloop
  endfacet
  facet normal 0.831498 0 -0.555528
    outer loop
      vertex 91.3393 82.4 33.7549
      vertex 91.0142 84.8 33.2683
      vertex 91.3393 84.8 33.7549
    endloop
  endfacet
  facet normal 0.831498 0 -0.555528
    outer loop
      vertex 91.0142 84.8 33.2683
      vertex 91.3393 82.4 33.7549
      vertex 91.0142 82.4 33.2683
    endloop
  endfacet
  facet normal 0.980784 0 -0.195098
    outer loop
      vertex 91.0142 82.4 33.2683
      vertex 90.9 84.8 32.6942
      vertex 91.0142 84.8 33.2683
    endloop
  endfacet
  facet normal 0.980784 0 -0.195098
    outer loop
      vertex 90.9 84.8 32.6942
      vertex 91.0142 82.4 33.2683
      vertex 90.9 82.4 32.6942
    endloop
  endfacet
  facet normal 0.555449 0 -0.831551
    outer loop
      vertex 91.3393 82.4 33.7549
      vertex 91.826 84.8 34.08
      vertex 91.826 82.4 34.08
    endloop
  endfacet
  facet normal 0.555449 0 -0.831551
    outer loop
      vertex 91.826 84.8 34.08
      vertex 91.3393 82.4 33.7549
      vertex 91.3393 84.8 33.7549
    endloop
  endfacet
  facet normal 0.980777 -0 0.19513
    outer loop
      vertex 95.4 82.4 32.6942
      vertex 95.5142 84.8 32.1202
      vertex 95.4 84.8 32.6942
    endloop
  endfacet
  facet normal 0.980777 0 0.19513
    outer loop
      vertex 95.5142 84.8 32.1202
      vertex 95.4 82.4 32.6942
      vertex 95.5142 82.4 32.1202
    endloop
  endfacet
  facet normal -0.831498 0 0.555528
    outer loop
      vertex 97.9607 82.4 31.6336
      vertex 98.2858 84.8 32.1202
      vertex 97.9607 84.8 31.6336
    endloop
  endfacet
  facet normal -0.831498 0 0.555528
    outer loop
      vertex 98.2858 84.8 32.1202
      vertex 97.9607 82.4 31.6336
      vertex 98.2858 82.4 32.1202
    endloop
  endfacet
  facet normal -0.980777 0 0.19513
    outer loop
      vertex 98.2858 82.4 32.1202
      vertex 98.4 84.8 32.6942
      vertex 98.2858 84.8 32.1202
    endloop
  endfacet
  facet normal -0.980777 0 0.19513
    outer loop
      vertex 98.4 84.8 32.6942
      vertex 98.2858 82.4 32.1202
      vertex 98.4 82.4 32.6942
    endloop
  endfacet
  facet normal 0.831498 -0 0.555528
    outer loop
      vertex 95.5142 82.4 32.1202
      vertex 95.8393 84.8 31.6336
      vertex 95.5142 84.8 32.1202
    endloop
  endfacet
  facet normal 0.831498 0 0.555528
    outer loop
      vertex 95.8393 84.8 31.6336
      vertex 95.5142 82.4 32.1202
      vertex 95.8393 82.4 31.6336
    endloop
  endfacet
  facet normal 0.19513 0 -0.980777
    outer loop
      vertex 96.326 82.4 34.08
      vertex 96.9 84.8 34.1942
      vertex 96.9 82.4 34.1942
    endloop
  endfacet
  facet normal 0.19513 0 -0.980777
    outer loop
      vertex 96.9 84.8 34.1942
      vertex 96.326 82.4 34.08
      vertex 96.326 84.8 34.08
    endloop
  endfacet
  facet normal -0.980784 0 -0.195098
    outer loop
      vertex 98.4 82.4 32.6942
      vertex 98.2858 84.8 33.2683
      vertex 98.4 84.8 32.6942
    endloop
  endfacet
  facet normal -0.980784 -0 -0.195098
    outer loop
      vertex 98.2858 84.8 33.2683
      vertex 98.4 82.4 32.6942
      vertex 98.2858 82.4 33.2683
    endloop
  endfacet
  facet normal -0.19513 0 0.980777
    outer loop
      vertex 96.9 84.8 31.1942
      vertex 97.474 82.4 31.3084
      vertex 97.474 84.8 31.3084
    endloop
  endfacet
  facet normal -0.19513 0 0.980777
    outer loop
      vertex 97.474 82.4 31.3084
      vertex 96.9 84.8 31.1942
      vertex 96.9 82.4 31.1942
    endloop
  endfacet
  facet normal -0.555449 0 -0.831551
    outer loop
      vertex 97.474 82.4 34.08
      vertex 97.9607 84.8 33.7549
      vertex 97.9607 82.4 33.7549
    endloop
  endfacet
  facet normal -0.555449 0 -0.831551
    outer loop
      vertex 97.9607 84.8 33.7549
      vertex 97.474 82.4 34.08
      vertex 97.474 84.8 34.08
    endloop
  endfacet
  facet normal -0.19513 0 -0.980777
    outer loop
      vertex 96.9 82.4 34.1942
      vertex 97.474 84.8 34.08
      vertex 97.474 82.4 34.08
    endloop
  endfacet
  facet normal -0.19513 0 -0.980777
    outer loop
      vertex 97.474 84.8 34.08
      vertex 96.9 82.4 34.1942
      vertex 96.9 84.8 34.1942
    endloop
  endfacet
  facet normal 0.555567 0 0.831472
    outer loop
      vertex 95.8393 84.8 31.6336
      vertex 96.326 82.4 31.3084
      vertex 96.326 84.8 31.3084
    endloop
  endfacet
  facet normal 0.555567 0 0.831472
    outer loop
      vertex 96.326 82.4 31.3084
      vertex 95.8393 84.8 31.6336
      vertex 95.8393 82.4 31.6336
    endloop
  endfacet
  facet normal 0.19513 0 0.980777
    outer loop
      vertex 96.326 84.8 31.3084
      vertex 96.9 82.4 31.1942
      vertex 96.9 84.8 31.1942
    endloop
  endfacet
  facet normal 0.19513 0 0.980777
    outer loop
      vertex 96.9 82.4 31.1942
      vertex 96.326 84.8 31.3084
      vertex 96.326 82.4 31.3084
    endloop
  endfacet
  facet normal -0.831498 0 -0.555528
    outer loop
      vertex 98.2858 82.4 33.2683
      vertex 97.9607 84.8 33.7549
      vertex 98.2858 84.8 33.2683
    endloop
  endfacet
  facet normal -0.831498 -0 -0.555528
    outer loop
      vertex 97.9607 84.8 33.7549
      vertex 98.2858 82.4 33.2683
      vertex 97.9607 82.4 33.7549
    endloop
  endfacet
  facet normal -0.555567 0 0.831472
    outer loop
      vertex 97.474 84.8 31.3084
      vertex 97.9607 82.4 31.6336
      vertex 97.9607 84.8 31.6336
    endloop
  endfacet
  facet normal -0.555567 0 0.831472
    outer loop
      vertex 97.9607 82.4 31.6336
      vertex 97.474 84.8 31.3084
      vertex 97.474 82.4 31.3084
    endloop
  endfacet
  facet normal 0.831498 0 -0.555528
    outer loop
      vertex 95.8393 82.4 33.7549
      vertex 95.5142 84.8 33.2683
      vertex 95.8393 84.8 33.7549
    endloop
  endfacet
  facet normal 0.831498 0 -0.555528
    outer loop
      vertex 95.5142 84.8 33.2683
      vertex 95.8393 82.4 33.7549
      vertex 95.5142 82.4 33.2683
    endloop
  endfacet
  facet normal 0.980784 0 -0.195098
    outer loop
      vertex 95.5142 82.4 33.2683
      vertex 95.4 84.8 32.6942
      vertex 95.5142 84.8 33.2683
    endloop
  endfacet
  facet normal 0.980784 0 -0.195098
    outer loop
      vertex 95.4 84.8 32.6942
      vertex 95.5142 82.4 33.2683
      vertex 95.4 82.4 32.6942
    endloop
  endfacet
  facet normal 0.555449 0 -0.831551
    outer loop
      vertex 95.8393 82.4 33.7549
      vertex 96.326 84.8 34.08
      vertex 96.326 82.4 34.08
    endloop
  endfacet
  facet normal 0.555449 0 -0.831551
    outer loop
      vertex 96.326 84.8 34.08
      vertex 95.8393 82.4 33.7549
      vertex 95.8393 84.8 33.7549
    endloop
  endfacet
  facet normal 0.980843 -0 0.194802
    outer loop
      vertex 99.9 82.4 32.6942
      vertex 100.014 84.8 32.1202
      vertex 99.9 84.8 32.6942
    endloop
  endfacet
  facet normal 0.980843 0 0.194802
    outer loop
      vertex 100.014 84.8 32.1202
      vertex 99.9 82.4 32.6942
      vertex 100.014 82.4 32.1202
    endloop
  endfacet
  facet normal -0.831577 0 0.55541
    outer loop
      vertex 102.461 82.4 31.6336
      vertex 102.786 84.8 32.1202
      vertex 102.461 84.8 31.6336
    endloop
  endfacet
  facet normal -0.831577 0 0.55541
    outer loop
      vertex 102.786 84.8 32.1202
      vertex 102.461 82.4 31.6336
      vertex 102.786 82.4 32.1202
    endloop
  endfacet
  facet normal -0.980843 0 0.194802
    outer loop
      vertex 102.786 82.4 32.1202
      vertex 102.9 84.8 32.6942
      vertex 102.786 84.8 32.1202
    endloop
  endfacet
  facet normal -0.980843 0 0.194802
    outer loop
      vertex 102.9 84.8 32.6942
      vertex 102.786 82.4 32.1202
      vertex 102.9 82.4 32.6942
    endloop
  endfacet
  facet normal 0.831577 -0 0.55541
    outer loop
      vertex 100.014 82.4 32.1202
      vertex 100.339 84.8 31.6336
      vertex 100.014 84.8 32.1202
    endloop
  endfacet
  facet normal 0.831577 0 0.55541
    outer loop
      vertex 100.339 84.8 31.6336
      vertex 100.014 82.4 32.1202
      vertex 100.339 82.4 31.6336
    endloop
  endfacet
  facet normal 0.19513 0 -0.980777
    outer loop
      vertex 100.826 82.4 34.08
      vertex 101.4 84.8 34.1942
      vertex 101.4 82.4 34.1942
    endloop
  endfacet
  facet normal 0.19513 0 -0.980777
    outer loop
      vertex 101.4 84.8 34.1942
      vertex 100.826 82.4 34.08
      vertex 100.826 84.8 34.08
    endloop
  endfacet
  facet normal -0.980849 0 -0.194769
    outer loop
      vertex 102.9 82.4 32.6942
      vertex 102.786 84.8 33.2683
      vertex 102.9 84.8 32.6942
    endloop
  endfacet
  facet normal -0.980849 -0 -0.194769
    outer loop
      vertex 102.786 84.8 33.2683
      vertex 102.9 82.4 32.6942
      vertex 102.786 82.4 33.2683
    endloop
  endfacet
  facet normal -0.19513 0 0.980777
    outer loop
      vertex 101.4 84.8 31.1942
      vertex 101.974 82.4 31.3084
      vertex 101.974 84.8 31.3084
    endloop
  endfacet
  facet normal -0.19513 0 0.980777
    outer loop
      vertex 101.974 82.4 31.3084
      vertex 101.4 84.8 31.1942
      vertex 101.4 82.4 31.1942
    endloop
  endfacet
  facet normal -0.555212 0 -0.831709
    outer loop
      vertex 101.974 82.4 34.08
      vertex 102.461 84.8 33.7549
      vertex 102.461 82.4 33.7549
    endloop
  endfacet
  facet normal -0.555212 0 -0.831709
    outer loop
      vertex 102.461 84.8 33.7549
      vertex 101.974 82.4 34.08
      vertex 101.974 84.8 34.08
    endloop
  endfacet
  facet normal -0.19513 0 -0.980777
    outer loop
      vertex 101.4 82.4 34.1942
      vertex 101.974 84.8 34.08
      vertex 101.974 82.4 34.08
    endloop
  endfacet
  facet normal -0.19513 0 -0.980777
    outer loop
      vertex 101.974 84.8 34.08
      vertex 101.4 82.4 34.1942
      vertex 101.4 84.8 34.1942
    endloop
  endfacet
  facet normal 0.555331 0 0.83163
    outer loop
      vertex 100.339 84.8 31.6336
      vertex 100.826 82.4 31.3084
      vertex 100.826 84.8 31.3084
    endloop
  endfacet
  facet normal 0.555331 0 0.83163
    outer loop
      vertex 100.826 82.4 31.3084
      vertex 100.339 84.8 31.6336
      vertex 100.339 82.4 31.6336
    endloop
  endfacet
  facet normal 0.19513 0 0.980777
    outer loop
      vertex 100.826 84.8 31.3084
      vertex 101.4 82.4 31.1942
      vertex 101.4 84.8 31.1942
    endloop
  endfacet
  facet normal 0.19513 0 0.980777
    outer loop
      vertex 101.4 82.4 31.1942
      vertex 100.826 84.8 31.3084
      vertex 100.826 82.4 31.3084
    endloop
  endfacet
  facet normal -0.831577 0 -0.55541
    outer loop
      vertex 102.786 82.4 33.2683
      vertex 102.461 84.8 33.7549
      vertex 102.786 84.8 33.2683
    endloop
  endfacet
  facet normal -0.831577 -0 -0.55541
    outer loop
      vertex 102.461 84.8 33.7549
      vertex 102.786 82.4 33.2683
      vertex 102.461 82.4 33.7549
    endloop
  endfacet
  facet normal -0.555331 0 0.83163
    outer loop
      vertex 101.974 84.8 31.3084
      vertex 102.461 82.4 31.6336
      vertex 102.461 84.8 31.6336
    endloop
  endfacet
  facet normal -0.555331 0 0.83163
    outer loop
      vertex 102.461 82.4 31.6336
      vertex 101.974 84.8 31.3084
      vertex 101.974 82.4 31.3084
    endloop
  endfacet
  facet normal 0.831577 0 -0.55541
    outer loop
      vertex 100.339 82.4 33.7549
      vertex 100.014 84.8 33.2683
      vertex 100.339 84.8 33.7549
    endloop
  endfacet
  facet normal 0.831577 0 -0.55541
    outer loop
      vertex 100.014 84.8 33.2683
      vertex 100.339 82.4 33.7549
      vertex 100.014 82.4 33.2683
    endloop
  endfacet
  facet normal 0.980849 0 -0.194769
    outer loop
      vertex 100.014 82.4 33.2683
      vertex 99.9 84.8 32.6942
      vertex 100.014 84.8 33.2683
    endloop
  endfacet
  facet normal 0.980849 0 -0.194769
    outer loop
      vertex 99.9 84.8 32.6942
      vertex 100.014 82.4 33.2683
      vertex 99.9 82.4 32.6942
    endloop
  endfacet
  facet normal 0.555212 0 -0.831709
    outer loop
      vertex 100.339 82.4 33.7549
      vertex 100.826 84.8 34.08
      vertex 100.826 82.4 34.08
    endloop
  endfacet
  facet normal 0.555212 0 -0.831709
    outer loop
      vertex 100.826 84.8 34.08
      vertex 100.339 82.4 33.7549
      vertex 100.339 84.8 33.7549
    endloop
  endfacet
  facet normal 0.980843 -0 0.194802
    outer loop
      vertex 104.4 82.4 32.6942
      vertex 104.514 84.8 32.1202
      vertex 104.4 84.8 32.6942
    endloop
  endfacet
  facet normal 0.980843 0 0.194802
    outer loop
      vertex 104.514 84.8 32.1202
      vertex 104.4 82.4 32.6942
      vertex 104.514 82.4 32.1202
    endloop
  endfacet
  facet normal -0.831577 0 0.55541
    outer loop
      vertex 106.961 82.4 31.6336
      vertex 107.286 84.8 32.1202
      vertex 106.961 84.8 31.6336
    endloop
  endfacet
  facet normal -0.831577 0 0.55541
    outer loop
      vertex 107.286 84.8 32.1202
      vertex 106.961 82.4 31.6336
      vertex 107.286 82.4 32.1202
    endloop
  endfacet
  facet normal -0.980843 0 0.194802
    outer loop
      vertex 107.286 82.4 32.1202
      vertex 107.4 84.8 32.6942
      vertex 107.286 84.8 32.1202
    endloop
  endfacet
  facet normal -0.980843 0 0.194802
    outer loop
      vertex 107.4 84.8 32.6942
      vertex 107.286 82.4 32.1202
      vertex 107.4 82.4 32.6942
    endloop
  endfacet
  facet normal 0.831577 -0 0.55541
    outer loop
      vertex 104.514 82.4 32.1202
      vertex 104.839 84.8 31.6336
      vertex 104.514 84.8 32.1202
    endloop
  endfacet
  facet normal 0.831577 0 0.55541
    outer loop
      vertex 104.839 84.8 31.6336
      vertex 104.514 82.4 32.1202
      vertex 104.839 82.4 31.6336
    endloop
  endfacet
  facet normal 0.19513 0 -0.980777
    outer loop
      vertex 105.326 82.4 34.08
      vertex 105.9 84.8 34.1942
      vertex 105.9 82.4 34.1942
    endloop
  endfacet
  facet normal 0.19513 0 -0.980777
    outer loop
      vertex 105.9 84.8 34.1942
      vertex 105.326 82.4 34.08
      vertex 105.326 84.8 34.08
    endloop
  endfacet
  facet normal -0.980849 0 -0.194769
    outer loop
      vertex 107.4 82.4 32.6942
      vertex 107.286 84.8 33.2683
      vertex 107.4 84.8 32.6942
    endloop
  endfacet
  facet normal -0.980849 -0 -0.194769
    outer loop
      vertex 107.286 84.8 33.2683
      vertex 107.4 82.4 32.6942
      vertex 107.286 82.4 33.2683
    endloop
  endfacet
  facet normal -0.19513 0 0.980777
    outer loop
      vertex 105.9 84.8 31.1942
      vertex 106.474 82.4 31.3084
      vertex 106.474 84.8 31.3084
    endloop
  endfacet
  facet normal -0.19513 0 0.980777
    outer loop
      vertex 106.474 82.4 31.3084
      vertex 105.9 84.8 31.1942
      vertex 105.9 82.4 31.1942
    endloop
  endfacet
  facet normal -0.555212 0 -0.831709
    outer loop
      vertex 106.474 82.4 34.08
      vertex 106.961 84.8 33.7549
      vertex 106.961 82.4 33.7549
    endloop
  endfacet
  facet normal -0.555212 0 -0.831709
    outer loop
      vertex 106.961 84.8 33.7549
      vertex 106.474 82.4 34.08
      vertex 106.474 84.8 34.08
    endloop
  endfacet
  facet normal -0.19513 0 -0.980777
    outer loop
      vertex 105.9 82.4 34.1942
      vertex 106.474 84.8 34.08
      vertex 106.474 82.4 34.08
    endloop
  endfacet
  facet normal -0.19513 0 -0.980777
    outer loop
      vertex 106.474 84.8 34.08
      vertex 105.9 82.4 34.1942
      vertex 105.9 84.8 34.1942
    endloop
  endfacet
  facet normal 0.555331 0 0.83163
    outer loop
      vertex 104.839 84.8 31.6336
      vertex 105.326 82.4 31.3084
      vertex 105.326 84.8 31.3084
    endloop
  endfacet
  facet normal 0.555331 0 0.83163
    outer loop
      vertex 105.326 82.4 31.3084
      vertex 104.839 84.8 31.6336
      vertex 104.839 82.4 31.6336
    endloop
  endfacet
  facet normal 0.19513 0 0.980777
    outer loop
      vertex 105.326 84.8 31.3084
      vertex 105.9 82.4 31.1942
      vertex 105.9 84.8 31.1942
    endloop
  endfacet
  facet normal 0.19513 0 0.980777
    outer loop
      vertex 105.9 82.4 31.1942
      vertex 105.326 84.8 31.3084
      vertex 105.326 82.4 31.3084
    endloop
  endfacet
  facet normal -0.831577 0 -0.55541
    outer loop
      vertex 107.286 82.4 33.2683
      vertex 106.961 84.8 33.7549
      vertex 107.286 84.8 33.2683
    endloop
  endfacet
  facet normal -0.831577 -0 -0.55541
    outer loop
      vertex 106.961 84.8 33.7549
      vertex 107.286 82.4 33.2683
      vertex 106.961 82.4 33.7549
    endloop
  endfacet
  facet normal -0.555331 0 0.83163
    outer loop
      vertex 106.474 84.8 31.3084
      vertex 106.961 82.4 31.6336
      vertex 106.961 84.8 31.6336
    endloop
  endfacet
  facet normal -0.555331 0 0.83163
    outer loop
      vertex 106.961 82.4 31.6336
      vertex 106.474 84.8 31.3084
      vertex 106.474 82.4 31.3084
    endloop
  endfacet
  facet normal 0.831577 0 -0.55541
    outer loop
      vertex 104.839 82.4 33.7549
      vertex 104.514 84.8 33.2683
      vertex 104.839 84.8 33.7549
    endloop
  endfacet
  facet normal 0.831577 0 -0.55541
    outer loop
      vertex 104.514 84.8 33.2683
      vertex 104.839 82.4 33.7549
      vertex 104.514 82.4 33.2683
    endloop
  endfacet
  facet normal 0.980849 0 -0.194769
    outer loop
      vertex 104.514 82.4 33.2683
      vertex 104.4 84.8 32.6942
      vertex 104.514 84.8 33.2683
    endloop
  endfacet
  facet normal 0.980849 0 -0.194769
    outer loop
      vertex 104.4 84.8 32.6942
      vertex 104.514 82.4 33.2683
      vertex 104.4 82.4 32.6942
    endloop
  endfacet
  facet normal 0.555212 0 -0.831709
    outer loop
      vertex 104.839 82.4 33.7549
      vertex 105.326 84.8 34.08
      vertex 105.326 82.4 34.08
    endloop
  endfacet
  facet normal 0.555212 0 -0.831709
    outer loop
      vertex 105.326 84.8 34.08
      vertex 104.839 82.4 33.7549
      vertex 104.839 84.8 33.7549
    endloop
  endfacet
  facet normal -0.831577 0 0.55541
    outer loop
      vertex 111.461 82.4 31.6336
      vertex 111.786 84.8 32.1202
      vertex 111.461 84.8 31.6336
    endloop
  endfacet
  facet normal -0.831577 0 0.55541
    outer loop
      vertex 111.786 84.8 32.1202
      vertex 111.461 82.4 31.6336
      vertex 111.786 82.4 32.1202
    endloop
  endfacet
  facet normal -0.980843 0 0.194802
    outer loop
      vertex 111.786 82.4 32.1202
      vertex 111.9 84.8 32.6942
      vertex 111.786 84.8 32.1202
    endloop
  endfacet
  facet normal -0.980843 0 0.194802
    outer loop
      vertex 111.9 84.8 32.6942
      vertex 111.786 82.4 32.1202
      vertex 111.9 82.4 32.6942
    endloop
  endfacet
  facet normal -0.555331 0 0.83163
    outer loop
      vertex 110.974 84.8 31.3084
      vertex 111.461 82.4 31.6336
      vertex 111.461 84.8 31.6336
    endloop
  endfacet
  facet normal -0.555331 0 0.83163
    outer loop
      vertex 111.461 82.4 31.6336
      vertex 110.974 84.8 31.3084
      vertex 110.974 82.4 31.3084
    endloop
  endfacet
  facet normal -0.19513 0 0.980777
    outer loop
      vertex 110.4 84.8 31.1942
      vertex 110.974 82.4 31.3084
      vertex 110.974 84.8 31.3084
    endloop
  endfacet
  facet normal -0.19513 0 0.980777
    outer loop
      vertex 110.974 82.4 31.3084
      vertex 110.4 84.8 31.1942
      vertex 110.4 82.4 31.1942
    endloop
  endfacet
  facet normal 0.831577 0 -0.55541
    outer loop
      vertex 109.339 82.4 33.7549
      vertex 109.014 84.8 33.2683
      vertex 109.339 84.8 33.7549
    endloop
  endfacet
  facet normal 0.831577 0 -0.55541
    outer loop
      vertex 109.014 84.8 33.2683
      vertex 109.339 82.4 33.7549
      vertex 109.014 82.4 33.2683
    endloop
  endfacet
  facet normal -0.831577 0 -0.55541
    outer loop
      vertex 111.786 82.4 33.2683
      vertex 111.461 84.8 33.7549
      vertex 111.786 84.8 33.2683
    endloop
  endfacet
  facet normal -0.831577 -0 -0.55541
    outer loop
      vertex 111.461 84.8 33.7549
      vertex 111.786 82.4 33.2683
      vertex 111.461 82.4 33.7549
    endloop
  endfacet
  facet normal 0.555331 0 0.83163
    outer loop
      vertex 109.339 84.8 31.6336
      vertex 109.826 82.4 31.3084
      vertex 109.826 84.8 31.3084
    endloop
  endfacet
  facet normal 0.555331 0 0.83163
    outer loop
      vertex 109.826 82.4 31.3084
      vertex 109.339 84.8 31.6336
      vertex 109.339 82.4 31.6336
    endloop
  endfacet
  facet normal -0.555212 0 -0.831709
    outer loop
      vertex 110.974 82.4 34.08
      vertex 111.461 84.8 33.7549
      vertex 111.461 82.4 33.7549
    endloop
  endfacet
  facet normal -0.555212 0 -0.831709
    outer loop
      vertex 111.461 84.8 33.7549
      vertex 110.974 82.4 34.08
      vertex 110.974 84.8 34.08
    endloop
  endfacet
  facet normal 0.555212 0 -0.831709
    outer loop
      vertex 109.339 82.4 33.7549
      vertex 109.826 84.8 34.08
      vertex 109.826 82.4 34.08
    endloop
  endfacet
  facet normal 0.555212 0 -0.831709
    outer loop
      vertex 109.826 84.8 34.08
      vertex 109.339 82.4 33.7549
      vertex 109.339 84.8 33.7549
    endloop
  endfacet
  facet normal 0.831577 -0 0.55541
    outer loop
      vertex 109.014 82.4 32.1202
      vertex 109.339 84.8 31.6336
      vertex 109.014 84.8 32.1202
    endloop
  endfacet
  facet normal 0.831577 0 0.55541
    outer loop
      vertex 109.339 84.8 31.6336
      vertex 109.014 82.4 32.1202
      vertex 109.339 82.4 31.6336
    endloop
  endfacet
  facet normal -0.19513 0 -0.980777
    outer loop
      vertex 110.4 82.4 34.1942
      vertex 110.974 84.8 34.08
      vertex 110.974 82.4 34.08
    endloop
  endfacet
  facet normal -0.19513 0 -0.980777
    outer loop
      vertex 110.974 84.8 34.08
      vertex 110.4 82.4 34.1942
      vertex 110.4 84.8 34.1942
    endloop
  endfacet
  facet normal -0.980849 0 -0.194769
    outer loop
      vertex 111.9 82.4 32.6942
      vertex 111.786 84.8 33.2683
      vertex 111.9 84.8 32.6942
    endloop
  endfacet
  facet normal -0.980849 -0 -0.194769
    outer loop
      vertex 111.786 84.8 33.2683
      vertex 111.9 82.4 32.6942
      vertex 111.786 82.4 33.2683
    endloop
  endfacet
  facet normal 0.980849 0 -0.194769
    outer loop
      vertex 109.014 82.4 33.2683
      vertex 108.9 84.8 32.6942
      vertex 109.014 84.8 33.2683
    endloop
  endfacet
  facet normal 0.980849 0 -0.194769
    outer loop
      vertex 108.9 84.8 32.6942
      vertex 109.014 82.4 33.2683
      vertex 108.9 82.4 32.6942
    endloop
  endfacet
  facet normal 0.19513 0 0.980777
    outer loop
      vertex 109.826 84.8 31.3084
      vertex 110.4 82.4 31.1942
      vertex 110.4 84.8 31.1942
    endloop
  endfacet
  facet normal 0.19513 0 0.980777
    outer loop
      vertex 110.4 82.4 31.1942
      vertex 109.826 84.8 31.3084
      vertex 109.826 82.4 31.3084
    endloop
  endfacet
  facet normal 0.980843 -0 0.194802
    outer loop
      vertex 108.9 82.4 32.6942
      vertex 109.014 84.8 32.1202
      vertex 108.9 84.8 32.6942
    endloop
  endfacet
  facet normal 0.980843 0 0.194802
    outer loop
      vertex 109.014 84.8 32.1202
      vertex 108.9 82.4 32.6942
      vertex 109.014 82.4 32.1202
    endloop
  endfacet
  facet normal 0.19513 0 -0.980777
    outer loop
      vertex 109.826 82.4 34.08
      vertex 110.4 84.8 34.1942
      vertex 110.4 82.4 34.1942
    endloop
  endfacet
  facet normal 0.19513 0 -0.980777
    outer loop
      vertex 110.4 84.8 34.1942
      vertex 109.826 82.4 34.08
      vertex 109.826 84.8 34.08
    endloop
  endfacet
  facet normal -0.831577 0 0.55541
    outer loop
      vertex 115.961 82.4 31.6336
      vertex 116.286 84.8 32.1202
      vertex 115.961 84.8 31.6336
    endloop
  endfacet
  facet normal -0.831577 0 0.55541
    outer loop
      vertex 116.286 84.8 32.1202
      vertex 115.961 82.4 31.6336
      vertex 116.286 82.4 32.1202
    endloop
  endfacet
  facet normal -0.980843 0 0.194802
    outer loop
      vertex 116.286 82.4 32.1202
      vertex 116.4 84.8 32.6942
      vertex 116.286 84.8 32.1202
    endloop
  endfacet
  facet normal -0.980843 0 0.194802
    outer loop
      vertex 116.4 84.8 32.6942
      vertex 116.286 82.4 32.1202
      vertex 116.4 82.4 32.6942
    endloop
  endfacet
  facet normal -0.555331 0 0.83163
    outer loop
      vertex 115.474 84.8 31.3084
      vertex 115.961 82.4 31.6336
      vertex 115.961 84.8 31.6336
    endloop
  endfacet
  facet normal -0.555331 0 0.83163
    outer loop
      vertex 115.961 82.4 31.6336
      vertex 115.474 84.8 31.3084
      vertex 115.474 82.4 31.3084
    endloop
  endfacet
  facet normal -0.19513 0 0.980777
    outer loop
      vertex 114.9 84.8 31.1942
      vertex 115.474 82.4 31.3084
      vertex 115.474 84.8 31.3084
    endloop
  endfacet
  facet normal -0.19513 0 0.980777
    outer loop
      vertex 115.474 82.4 31.3084
      vertex 114.9 84.8 31.1942
      vertex 114.9 82.4 31.1942
    endloop
  endfacet
  facet normal 0.831577 0 -0.55541
    outer loop
      vertex 113.839 82.4 33.7549
      vertex 113.514 84.8 33.2683
      vertex 113.839 84.8 33.7549
    endloop
  endfacet
  facet normal 0.831577 0 -0.55541
    outer loop
      vertex 113.514 84.8 33.2683
      vertex 113.839 82.4 33.7549
      vertex 113.514 82.4 33.2683
    endloop
  endfacet
  facet normal -0.831577 0 -0.55541
    outer loop
      vertex 116.286 82.4 33.2683
      vertex 115.961 84.8 33.7549
      vertex 116.286 84.8 33.2683
    endloop
  endfacet
  facet normal -0.831577 -0 -0.55541
    outer loop
      vertex 115.961 84.8 33.7549
      vertex 116.286 82.4 33.2683
      vertex 115.961 82.4 33.7549
    endloop
  endfacet
  facet normal -0.555212 0 -0.831709
    outer loop
      vertex 115.474 82.4 34.08
      vertex 115.961 84.8 33.7549
      vertex 115.961 82.4 33.7549
    endloop
  endfacet
  facet normal -0.555212 0 -0.831709
    outer loop
      vertex 115.961 84.8 33.7549
      vertex 115.474 82.4 34.08
      vertex 115.474 84.8 34.08
    endloop
  endfacet
  facet normal 0.555212 0 -0.831709
    outer loop
      vertex 113.839 82.4 33.7549
      vertex 114.326 84.8 34.08
      vertex 114.326 82.4 34.08
    endloop
  endfacet
  facet normal 0.555212 0 -0.831709
    outer loop
      vertex 114.326 84.8 34.08
      vertex 113.839 82.4 33.7549
      vertex 113.839 84.8 33.7549
    endloop
  endfacet
  facet normal 0.831577 -0 0.55541
    outer loop
      vertex 113.514 82.4 32.1202
      vertex 113.839 84.8 31.6336
      vertex 113.514 84.8 32.1202
    endloop
  endfacet
  facet normal 0.831577 0 0.55541
    outer loop
      vertex 113.839 84.8 31.6336
      vertex 113.514 82.4 32.1202
      vertex 113.839 82.4 31.6336
    endloop
  endfacet
  facet normal -0.19513 0 -0.980777
    outer loop
      vertex 114.9 82.4 34.1942
      vertex 115.474 84.8 34.08
      vertex 115.474 82.4 34.08
    endloop
  endfacet
  facet normal -0.19513 0 -0.980777
    outer loop
      vertex 115.474 84.8 34.08
      vertex 114.9 82.4 34.1942
      vertex 114.9 84.8 34.1942
    endloop
  endfacet
  facet normal -0.980849 0 -0.194769
    outer loop
      vertex 116.4 82.4 32.6942
      vertex 116.286 84.8 33.2683
      vertex 116.4 84.8 32.6942
    endloop
  endfacet
  facet normal -0.980849 -0 -0.194769
    outer loop
      vertex 116.286 84.8 33.2683
      vertex 116.4 82.4 32.6942
      vertex 116.286 82.4 33.2683
    endloop
  endfacet
  facet normal 0.980849 0 -0.194769
    outer loop
      vertex 113.514 82.4 33.2683
      vertex 113.4 84.8 32.6942
      vertex 113.514 84.8 33.2683
    endloop
  endfacet
  facet normal 0.980849 0 -0.194769
    outer loop
      vertex 113.4 84.8 32.6942
      vertex 113.514 82.4 33.2683
      vertex 113.4 82.4 32.6942
    endloop
  endfacet
  facet normal 0.19513 0 0.980777
    outer loop
      vertex 114.326 84.8 31.3084
      vertex 114.9 82.4 31.1942
      vertex 114.9 84.8 31.1942
    endloop
  endfacet
  facet normal 0.19513 0 0.980777
    outer loop
      vertex 114.9 82.4 31.1942
      vertex 114.326 84.8 31.3084
      vertex 114.326 82.4 31.3084
    endloop
  endfacet
  facet normal 0.980843 -0 0.194802
    outer loop
      vertex 113.4 82.4 32.6942
      vertex 113.514 84.8 32.1202
      vertex 113.4 84.8 32.6942
    endloop
  endfacet
  facet normal 0.980843 0 0.194802
    outer loop
      vertex 113.514 84.8 32.1202
      vertex 113.4 82.4 32.6942
      vertex 113.514 82.4 32.1202
    endloop
  endfacet
  facet normal 0.555331 0 0.83163
    outer loop
      vertex 113.839 84.8 31.6336
      vertex 114.326 82.4 31.3084
      vertex 114.326 84.8 31.3084
    endloop
  endfacet
  facet normal 0.555331 0 0.83163
    outer loop
      vertex 114.326 82.4 31.3084
      vertex 113.839 84.8 31.6336
      vertex 113.839 82.4 31.6336
    endloop
  endfacet
  facet normal 0.19513 0 -0.980777
    outer loop
      vertex 114.326 82.4 34.08
      vertex 114.9 84.8 34.1942
      vertex 114.9 82.4 34.1942
    endloop
  endfacet
  facet normal 0.19513 0 -0.980777
    outer loop
      vertex 114.9 84.8 34.1942
      vertex 114.326 82.4 34.08
      vertex 114.326 84.8 34.08
    endloop
  endfacet
  facet normal -0.831577 0 0.55541
    outer loop
      vertex 120.461 82.4 31.6336
      vertex 120.786 84.8 32.1202
      vertex 120.461 84.8 31.6336
    endloop
  endfacet
  facet normal -0.831577 0 0.55541
    outer loop
      vertex 120.786 84.8 32.1202
      vertex 120.461 82.4 31.6336
      vertex 120.786 82.4 32.1202
    endloop
  endfacet
  facet normal -0.980843 0 0.194802
    outer loop
      vertex 120.786 82.4 32.1202
      vertex 120.9 84.8 32.6942
      vertex 120.786 84.8 32.1202
    endloop
  endfacet
  facet normal -0.980843 0 0.194802
    outer loop
      vertex 120.9 84.8 32.6942
      vertex 120.786 82.4 32.1202
      vertex 120.9 82.4 32.6942
    endloop
  endfacet
  facet normal -0.555331 0 0.83163
    outer loop
      vertex 119.974 84.8 31.3084
      vertex 120.461 82.4 31.6336
      vertex 120.461 84.8 31.6336
    endloop
  endfacet
  facet normal -0.555331 0 0.83163
    outer loop
      vertex 120.461 82.4 31.6336
      vertex 119.974 84.8 31.3084
      vertex 119.974 82.4 31.3084
    endloop
  endfacet
  facet normal -0.19513 0 0.980777
    outer loop
      vertex 119.4 84.8 31.1942
      vertex 119.974 82.4 31.3084
      vertex 119.974 84.8 31.3084
    endloop
  endfacet
  facet normal -0.19513 0 0.980777
    outer loop
      vertex 119.974 82.4 31.3084
      vertex 119.4 84.8 31.1942
      vertex 119.4 82.4 31.1942
    endloop
  endfacet
  facet normal 0.831577 0 -0.55541
    outer loop
      vertex 118.339 82.4 33.7549
      vertex 118.014 84.8 33.2683
      vertex 118.339 84.8 33.7549
    endloop
  endfacet
  facet normal 0.831577 0 -0.55541
    outer loop
      vertex 118.014 84.8 33.2683
      vertex 118.339 82.4 33.7549
      vertex 118.014 82.4 33.2683
    endloop
  endfacet
  facet normal -0.831577 0 -0.55541
    outer loop
      vertex 120.786 82.4 33.2683
      vertex 120.461 84.8 33.7549
      vertex 120.786 84.8 33.2683
    endloop
  endfacet
  facet normal -0.831577 -0 -0.55541
    outer loop
      vertex 120.461 84.8 33.7549
      vertex 120.786 82.4 33.2683
      vertex 120.461 82.4 33.7549
    endloop
  endfacet
  facet normal -0.555212 0 -0.831709
    outer loop
      vertex 119.974 82.4 34.08
      vertex 120.461 84.8 33.7549
      vertex 120.461 82.4 33.7549
    endloop
  endfacet
  facet normal -0.555212 0 -0.831709
    outer loop
      vertex 120.461 84.8 33.7549
      vertex 119.974 82.4 34.08
      vertex 119.974 84.8 34.08
    endloop
  endfacet
  facet normal 0.555212 0 -0.831709
    outer loop
      vertex 118.339 82.4 33.7549
      vertex 118.826 84.8 34.08
      vertex 118.826 82.4 34.08
    endloop
  endfacet
  facet normal 0.555212 0 -0.831709
    outer loop
      vertex 118.826 84.8 34.08
      vertex 118.339 82.4 33.7549
      vertex 118.339 84.8 33.7549
    endloop
  endfacet
  facet normal 0.831577 -0 0.55541
    outer loop
      vertex 118.014 82.4 32.1202
      vertex 118.339 84.8 31.6336
      vertex 118.014 84.8 32.1202
    endloop
  endfacet
  facet normal 0.831577 0 0.55541
    outer loop
      vertex 118.339 84.8 31.6336
      vertex 118.014 82.4 32.1202
      vertex 118.339 82.4 31.6336
    endloop
  endfacet
  facet normal -0.19513 0 -0.980777
    outer loop
      vertex 119.4 82.4 34.1942
      vertex 119.974 84.8 34.08
      vertex 119.974 82.4 34.08
    endloop
  endfacet
  facet normal -0.19513 0 -0.980777
    outer loop
      vertex 119.974 84.8 34.08
      vertex 119.4 82.4 34.1942
      vertex 119.4 84.8 34.1942
    endloop
  endfacet
  facet normal -0.980849 0 -0.194769
    outer loop
      vertex 120.9 82.4 32.6942
      vertex 120.786 84.8 33.2683
      vertex 120.9 84.8 32.6942
    endloop
  endfacet
  facet normal -0.980849 -0 -0.194769
    outer loop
      vertex 120.786 84.8 33.2683
      vertex 120.9 82.4 32.6942
      vertex 120.786 82.4 33.2683
    endloop
  endfacet
  facet normal 0.980849 0 -0.194769
    outer loop
      vertex 118.014 82.4 33.2683
      vertex 117.9 84.8 32.6942
      vertex 118.014 84.8 33.2683
    endloop
  endfacet
  facet normal 0.980849 0 -0.194769
    outer loop
      vertex 117.9 84.8 32.6942
      vertex 118.014 82.4 33.2683
      vertex 117.9 82.4 32.6942
    endloop
  endfacet
  facet normal 0.19513 0 0.980777
    outer loop
      vertex 118.826 84.8 31.3084
      vertex 119.4 82.4 31.1942
      vertex 119.4 84.8 31.1942
    endloop
  endfacet
  facet normal 0.19513 0 0.980777
    outer loop
      vertex 119.4 82.4 31.1942
      vertex 118.826 84.8 31.3084
      vertex 118.826 82.4 31.3084
    endloop
  endfacet
  facet normal 0.980843 -0 0.194802
    outer loop
      vertex 117.9 82.4 32.6942
      vertex 118.014 84.8 32.1202
      vertex 117.9 84.8 32.6942
    endloop
  endfacet
  facet normal 0.980843 0 0.194802
    outer loop
      vertex 118.014 84.8 32.1202
      vertex 117.9 82.4 32.6942
      vertex 118.014 82.4 32.1202
    endloop
  endfacet
  facet normal 0.555331 0 0.83163
    outer loop
      vertex 118.339 84.8 31.6336
      vertex 118.826 82.4 31.3084
      vertex 118.826 84.8 31.3084
    endloop
  endfacet
  facet normal 0.555331 0 0.83163
    outer loop
      vertex 118.826 82.4 31.3084
      vertex 118.339 84.8 31.6336
      vertex 118.339 82.4 31.6336
    endloop
  endfacet
  facet normal 0.19513 0 -0.980777
    outer loop
      vertex 118.826 82.4 34.08
      vertex 119.4 84.8 34.1942
      vertex 119.4 82.4 34.1942
    endloop
  endfacet
  facet normal 0.19513 0 -0.980777
    outer loop
      vertex 119.4 84.8 34.1942
      vertex 118.826 82.4 34.08
      vertex 118.826 84.8 34.08
    endloop
  endfacet
  facet normal 0.980777 -0 0.19513
    outer loop
      vertex 88.65 82.4 28.7971
      vertex 88.7642 84.8 28.2231
      vertex 88.65 84.8 28.7971
    endloop
  endfacet
  facet normal 0.980777 0 0.19513
    outer loop
      vertex 88.7642 84.8 28.2231
      vertex 88.65 82.4 28.7971
      vertex 88.7642 82.4 28.2231
    endloop
  endfacet
  facet normal -0.831498 0 0.555528
    outer loop
      vertex 91.2107 82.4 27.7365
      vertex 91.5358 84.8 28.2231
      vertex 91.2107 84.8 27.7365
    endloop
  endfacet
  facet normal -0.831498 0 0.555528
    outer loop
      vertex 91.5358 84.8 28.2231
      vertex 91.2107 82.4 27.7365
      vertex 91.5358 82.4 28.2231
    endloop
  endfacet
  facet normal -0.980777 0 0.19513
    outer loop
      vertex 91.5358 82.4 28.2231
      vertex 91.65 84.8 28.7971
      vertex 91.5358 84.8 28.2231
    endloop
  endfacet
  facet normal -0.980777 0 0.19513
    outer loop
      vertex 91.65 84.8 28.7971
      vertex 91.5358 82.4 28.2231
      vertex 91.65 82.4 28.7971
    endloop
  endfacet
  facet normal 0.19513 0 -0.980777
    outer loop
      vertex 89.576 82.4 30.1829
      vertex 90.15 84.8 30.2971
      vertex 90.15 82.4 30.2971
    endloop
  endfacet
  facet normal 0.19513 0 -0.980777
    outer loop
      vertex 90.15 84.8 30.2971
      vertex 89.576 82.4 30.1829
      vertex 89.576 84.8 30.1829
    endloop
  endfacet
  facet normal -0.555449 0 -0.831551
    outer loop
      vertex 90.724 82.4 30.1829
      vertex 91.2107 84.8 29.8578
      vertex 91.2107 82.4 29.8578
    endloop
  endfacet
  facet normal -0.555449 0 -0.831551
    outer loop
      vertex 91.2107 84.8 29.8578
      vertex 90.724 82.4 30.1829
      vertex 90.724 84.8 30.1829
    endloop
  endfacet
  facet normal 0.555567 0 0.831472
    outer loop
      vertex 89.0893 84.8 27.7365
      vertex 89.576 82.4 27.4113
      vertex 89.576 84.8 27.4113
    endloop
  endfacet
  facet normal 0.555567 0 0.831472
    outer loop
      vertex 89.576 82.4 27.4113
      vertex 89.0893 84.8 27.7365
      vertex 89.0893 82.4 27.7365
    endloop
  endfacet
  facet normal -0.980777 0 -0.19513
    outer loop
      vertex 91.65 82.4 28.7971
      vertex 91.5358 84.8 29.3711
      vertex 91.65 84.8 28.7971
    endloop
  endfacet
  facet normal -0.980777 -0 -0.19513
    outer loop
      vertex 91.5358 84.8 29.3711
      vertex 91.65 82.4 28.7971
      vertex 91.5358 82.4 29.3711
    endloop
  endfacet
  facet normal -0.831551 0 -0.555449
    outer loop
      vertex 91.5358 82.4 29.3711
      vertex 91.2107 84.8 29.8578
      vertex 91.5358 84.8 29.3711
    endloop
  endfacet
  facet normal -0.831551 -0 -0.555449
    outer loop
      vertex 91.2107 84.8 29.8578
      vertex 91.5358 82.4 29.3711
      vertex 91.2107 82.4 29.8578
    endloop
  endfacet
  facet normal -0.19513 0 0.980777
    outer loop
      vertex 90.15 84.8 27.2971
      vertex 90.724 82.4 27.4113
      vertex 90.724 84.8 27.4113
    endloop
  endfacet
  facet normal -0.19513 0 0.980777
    outer loop
      vertex 90.724 82.4 27.4113
      vertex 90.15 84.8 27.2971
      vertex 90.15 82.4 27.2971
    endloop
  endfacet
  facet normal 0.19513 0 0.980777
    outer loop
      vertex 89.576 84.8 27.4113
      vertex 90.15 82.4 27.2971
      vertex 90.15 84.8 27.2971
    endloop
  endfacet
  facet normal 0.19513 0 0.980777
    outer loop
      vertex 90.15 82.4 27.2971
      vertex 89.576 84.8 27.4113
      vertex 89.576 82.4 27.4113
    endloop
  endfacet
  facet normal 0.831498 -0 0.555528
    outer loop
      vertex 88.7642 82.4 28.2231
      vertex 89.0893 84.8 27.7365
      vertex 88.7642 84.8 28.2231
    endloop
  endfacet
  facet normal 0.831498 0 0.555528
    outer loop
      vertex 89.0893 84.8 27.7365
      vertex 88.7642 82.4 28.2231
      vertex 89.0893 82.4 27.7365
    endloop
  endfacet
  facet normal -0.555567 0 0.831472
    outer loop
      vertex 90.724 84.8 27.4113
      vertex 91.2107 82.4 27.7365
      vertex 91.2107 84.8 27.7365
    endloop
  endfacet
  facet normal -0.555567 0 0.831472
    outer loop
      vertex 91.2107 82.4 27.7365
      vertex 90.724 84.8 27.4113
      vertex 90.724 82.4 27.4113
    endloop
  endfacet
  facet normal -0.19513 0 -0.980777
    outer loop
      vertex 90.15 82.4 30.2971
      vertex 90.724 84.8 30.1829
      vertex 90.724 82.4 30.1829
    endloop
  endfacet
  facet normal -0.19513 0 -0.980777
    outer loop
      vertex 90.724 84.8 30.1829
      vertex 90.15 82.4 30.2971
      vertex 90.15 84.8 30.2971
    endloop
  endfacet
  facet normal 0.831551 0 -0.555449
    outer loop
      vertex 89.0893 82.4 29.8578
      vertex 88.7642 84.8 29.3711
      vertex 89.0893 84.8 29.8578
    endloop
  endfacet
  facet normal 0.831551 0 -0.555449
    outer loop
      vertex 88.7642 84.8 29.3711
      vertex 89.0893 82.4 29.8578
      vertex 88.7642 82.4 29.3711
    endloop
  endfacet
  facet normal 0.980777 0 -0.19513
    outer loop
      vertex 88.7642 82.4 29.3711
      vertex 88.65 84.8 28.7971
      vertex 88.7642 84.8 29.3711
    endloop
  endfacet
  facet normal 0.980777 0 -0.19513
    outer loop
      vertex 88.65 84.8 28.7971
      vertex 88.7642 82.4 29.3711
      vertex 88.65 82.4 28.7971
    endloop
  endfacet
  facet normal 0.555449 0 -0.831551
    outer loop
      vertex 89.0893 82.4 29.8578
      vertex 89.576 84.8 30.1829
      vertex 89.576 82.4 30.1829
    endloop
  endfacet
  facet normal 0.555449 0 -0.831551
    outer loop
      vertex 89.576 84.8 30.1829
      vertex 89.0893 82.4 29.8578
      vertex 89.0893 84.8 29.8578
    endloop
  endfacet
  facet normal 0.980777 -0 0.19513
    outer loop
      vertex 93.15 82.4 28.7971
      vertex 93.2642 84.8 28.2231
      vertex 93.15 84.8 28.7971
    endloop
  endfacet
  facet normal 0.980777 0 0.19513
    outer loop
      vertex 93.2642 84.8 28.2231
      vertex 93.15 82.4 28.7971
      vertex 93.2642 82.4 28.2231
    endloop
  endfacet
  facet normal -0.831498 0 0.555528
    outer loop
      vertex 95.7107 82.4 27.7365
      vertex 96.0358 84.8 28.2231
      vertex 95.7107 84.8 27.7365
    endloop
  endfacet
  facet normal -0.831498 0 0.555528
    outer loop
      vertex 96.0358 84.8 28.2231
      vertex 95.7107 82.4 27.7365
      vertex 96.0358 82.4 28.2231
    endloop
  endfacet
  facet normal -0.980777 0 0.19513
    outer loop
      vertex 96.0358 82.4 28.2231
      vertex 96.15 84.8 28.7971
      vertex 96.0358 84.8 28.2231
    endloop
  endfacet
  facet normal -0.980777 0 0.19513
    outer loop
      vertex 96.15 84.8 28.7971
      vertex 96.0358 82.4 28.2231
      vertex 96.15 82.4 28.7971
    endloop
  endfacet
  facet normal 0.19513 0 -0.980777
    outer loop
      vertex 94.076 82.4 30.1829
      vertex 94.65 84.8 30.2971
      vertex 94.65 82.4 30.2971
    endloop
  endfacet
  facet normal 0.19513 0 -0.980777
    outer loop
      vertex 94.65 84.8 30.2971
      vertex 94.076 82.4 30.1829
      vertex 94.076 84.8 30.1829
    endloop
  endfacet
  facet normal -0.555449 0 -0.831551
    outer loop
      vertex 95.224 82.4 30.1829
      vertex 95.7107 84.8 29.8578
      vertex 95.7107 82.4 29.8578
    endloop
  endfacet
  facet normal -0.555449 0 -0.831551
    outer loop
      vertex 95.7107 84.8 29.8578
      vertex 95.224 82.4 30.1829
      vertex 95.224 84.8 30.1829
    endloop
  endfacet
  facet normal 0.555567 0 0.831472
    outer loop
      vertex 93.5893 84.8 27.7365
      vertex 94.076 82.4 27.4113
      vertex 94.076 84.8 27.4113
    endloop
  endfacet
  facet normal 0.555567 0 0.831472
    outer loop
      vertex 94.076 82.4 27.4113
      vertex 93.5893 84.8 27.7365
      vertex 93.5893 82.4 27.7365
    endloop
  endfacet
  facet normal -0.980777 0 -0.19513
    outer loop
      vertex 96.15 82.4 28.7971
      vertex 96.0358 84.8 29.3711
      vertex 96.15 84.8 28.7971
    endloop
  endfacet
  facet normal -0.980777 -0 -0.19513
    outer loop
      vertex 96.0358 84.8 29.3711
      vertex 96.15 82.4 28.7971
      vertex 96.0358 82.4 29.3711
    endloop
  endfacet
  facet normal -0.831551 0 -0.555449
    outer loop
      vertex 96.0358 82.4 29.3711
      vertex 95.7107 84.8 29.8578
      vertex 96.0358 84.8 29.3711
    endloop
  endfacet
  facet normal -0.831551 -0 -0.555449
    outer loop
      vertex 95.7107 84.8 29.8578
      vertex 96.0358 82.4 29.3711
      vertex 95.7107 82.4 29.8578
    endloop
  endfacet
  facet normal -0.19513 0 0.980777
    outer loop
      vertex 94.65 84.8 27.2971
      vertex 95.224 82.4 27.4113
      vertex 95.224 84.8 27.4113
    endloop
  endfacet
  facet normal -0.19513 0 0.980777
    outer loop
      vertex 95.224 82.4 27.4113
      vertex 94.65 84.8 27.2971
      vertex 94.65 82.4 27.2971
    endloop
  endfacet
  facet normal 0.19513 0 0.980777
    outer loop
      vertex 94.076 84.8 27.4113
      vertex 94.65 82.4 27.2971
      vertex 94.65 84.8 27.2971
    endloop
  endfacet
  facet normal 0.19513 0 0.980777
    outer loop
      vertex 94.65 82.4 27.2971
      vertex 94.076 84.8 27.4113
      vertex 94.076 82.4 27.4113
    endloop
  endfacet
  facet normal 0.831498 -0 0.555528
    outer loop
      vertex 93.2642 82.4 28.2231
      vertex 93.5893 84.8 27.7365
      vertex 93.2642 84.8 28.2231
    endloop
  endfacet
  facet normal 0.831498 0 0.555528
    outer loop
      vertex 93.5893 84.8 27.7365
      vertex 93.2642 82.4 28.2231
      vertex 93.5893 82.4 27.7365
    endloop
  endfacet
  facet normal -0.555567 0 0.831472
    outer loop
      vertex 95.224 84.8 27.4113
      vertex 95.7107 82.4 27.7365
      vertex 95.7107 84.8 27.7365
    endloop
  endfacet
  facet normal -0.555567 0 0.831472
    outer loop
      vertex 95.7107 82.4 27.7365
      vertex 95.224 84.8 27.4113
      vertex 95.224 82.4 27.4113
    endloop
  endfacet
  facet normal -0.19513 0 -0.980777
    outer loop
      vertex 94.65 82.4 30.2971
      vertex 95.224 84.8 30.1829
      vertex 95.224 82.4 30.1829
    endloop
  endfacet
  facet normal -0.19513 0 -0.980777
    outer loop
      vertex 95.224 84.8 30.1829
      vertex 94.65 82.4 30.2971
      vertex 94.65 84.8 30.2971
    endloop
  endfacet
  facet normal 0.831551 0 -0.555449
    outer loop
      vertex 93.5893 82.4 29.8578
      vertex 93.2642 84.8 29.3711
      vertex 93.5893 84.8 29.8578
    endloop
  endfacet
  facet normal 0.831551 0 -0.555449
    outer loop
      vertex 93.2642 84.8 29.3711
      vertex 93.5893 82.4 29.8578
      vertex 93.2642 82.4 29.3711
    endloop
  endfacet
  facet normal 0.980777 0 -0.19513
    outer loop
      vertex 93.2642 82.4 29.3711
      vertex 93.15 84.8 28.7971
      vertex 93.2642 84.8 29.3711
    endloop
  endfacet
  facet normal 0.980777 0 -0.19513
    outer loop
      vertex 93.15 84.8 28.7971
      vertex 93.2642 82.4 29.3711
      vertex 93.15 82.4 28.7971
    endloop
  endfacet
  facet normal 0.555449 0 -0.831551
    outer loop
      vertex 93.5893 82.4 29.8578
      vertex 94.076 84.8 30.1829
      vertex 94.076 82.4 30.1829
    endloop
  endfacet
  facet normal 0.555449 0 -0.831551
    outer loop
      vertex 94.076 84.8 30.1829
      vertex 93.5893 82.4 29.8578
      vertex 93.5893 84.8 29.8578
    endloop
  endfacet
  facet normal 0.980777 -0 0.19513
    outer loop
      vertex 97.65 82.4 28.7971
      vertex 97.7642 84.8 28.2231
      vertex 97.65 84.8 28.7971
    endloop
  endfacet
  facet normal 0.980777 0 0.19513
    outer loop
      vertex 97.7642 84.8 28.2231
      vertex 97.65 82.4 28.7971
      vertex 97.7642 82.4 28.2231
    endloop
  endfacet
  facet normal -0.831577 0 0.55541
    outer loop
      vertex 100.211 82.4 27.7365
      vertex 100.536 84.8 28.2231
      vertex 100.211 84.8 27.7365
    endloop
  endfacet
  facet normal -0.831577 0 0.55541
    outer loop
      vertex 100.536 84.8 28.2231
      vertex 100.211 82.4 27.7365
      vertex 100.536 82.4 28.2231
    endloop
  endfacet
  facet normal -0.980843 0 0.194802
    outer loop
      vertex 100.536 82.4 28.2231
      vertex 100.65 84.8 28.7971
      vertex 100.536 84.8 28.2231
    endloop
  endfacet
  facet normal -0.980843 0 0.194802
    outer loop
      vertex 100.65 84.8 28.7971
      vertex 100.536 82.4 28.2231
      vertex 100.65 82.4 28.7971
    endloop
  endfacet
  facet normal 0.19513 0 -0.980777
    outer loop
      vertex 98.576 82.4 30.1829
      vertex 99.15 84.8 30.2971
      vertex 99.15 82.4 30.2971
    endloop
  endfacet
  facet normal 0.19513 0 -0.980777
    outer loop
      vertex 99.15 84.8 30.2971
      vertex 98.576 82.4 30.1829
      vertex 98.576 84.8 30.1829
    endloop
  endfacet
  facet normal -0.555212 0 -0.831709
    outer loop
      vertex 99.724 82.4 30.1829
      vertex 100.211 84.8 29.8578
      vertex 100.211 82.4 29.8578
    endloop
  endfacet
  facet normal -0.555212 0 -0.831709
    outer loop
      vertex 100.211 84.8 29.8578
      vertex 99.724 82.4 30.1829
      vertex 99.724 84.8 30.1829
    endloop
  endfacet
  facet normal 0.555567 0 0.831472
    outer loop
      vertex 98.0893 84.8 27.7365
      vertex 98.576 82.4 27.4113
      vertex 98.576 84.8 27.4113
    endloop
  endfacet
  facet normal 0.555567 0 0.831472
    outer loop
      vertex 98.576 82.4 27.4113
      vertex 98.0893 84.8 27.7365
      vertex 98.0893 82.4 27.7365
    endloop
  endfacet
  facet normal -0.980843 0 -0.194802
    outer loop
      vertex 100.65 82.4 28.7971
      vertex 100.536 84.8 29.3711
      vertex 100.65 84.8 28.7971
    endloop
  endfacet
  facet normal -0.980843 -0 -0.194802
    outer loop
      vertex 100.536 84.8 29.3711
      vertex 100.65 82.4 28.7971
      vertex 100.536 82.4 29.3711
    endloop
  endfacet
  facet normal -0.831629 0 -0.555331
    outer loop
      vertex 100.536 82.4 29.3711
      vertex 100.211 84.8 29.8578
      vertex 100.536 84.8 29.3711
    endloop
  endfacet
  facet normal -0.831629 -0 -0.555331
    outer loop
      vertex 100.211 84.8 29.8578
      vertex 100.536 82.4 29.3711
      vertex 100.211 82.4 29.8578
    endloop
  endfacet
  facet normal -0.19513 0 0.980777
    outer loop
      vertex 99.15 84.8 27.2971
      vertex 99.724 82.4 27.4113
      vertex 99.724 84.8 27.4113
    endloop
  endfacet
  facet normal -0.19513 0 0.980777
    outer loop
      vertex 99.724 82.4 27.4113
      vertex 99.15 84.8 27.2971
      vertex 99.15 82.4 27.2971
    endloop
  endfacet
  facet normal 0.19513 0 0.980777
    outer loop
      vertex 98.576 84.8 27.4113
      vertex 99.15 82.4 27.2971
      vertex 99.15 84.8 27.2971
    endloop
  endfacet
  facet normal 0.19513 0 0.980777
    outer loop
      vertex 99.15 82.4 27.2971
      vertex 98.576 84.8 27.4113
      vertex 98.576 82.4 27.4113
    endloop
  endfacet
  facet normal 0.831498 -0 0.555528
    outer loop
      vertex 97.7642 82.4 28.2231
      vertex 98.0893 84.8 27.7365
      vertex 97.7642 84.8 28.2231
    endloop
  endfacet
  facet normal 0.831498 0 0.555528
    outer loop
      vertex 98.0893 84.8 27.7365
      vertex 97.7642 82.4 28.2231
      vertex 98.0893 82.4 27.7365
    endloop
  endfacet
  facet normal -0.555331 0 0.83163
    outer loop
      vertex 99.724 84.8 27.4113
      vertex 100.211 82.4 27.7365
      vertex 100.211 84.8 27.7365
    endloop
  endfacet
  facet normal -0.555331 0 0.83163
    outer loop
      vertex 100.211 82.4 27.7365
      vertex 99.724 84.8 27.4113
      vertex 99.724 82.4 27.4113
    endloop
  endfacet
  facet normal -0.19513 0 -0.980777
    outer loop
      vertex 99.15 82.4 30.2971
      vertex 99.724 84.8 30.1829
      vertex 99.724 82.4 30.1829
    endloop
  endfacet
  facet normal -0.19513 0 -0.980777
    outer loop
      vertex 99.724 84.8 30.1829
      vertex 99.15 82.4 30.2971
      vertex 99.15 84.8 30.2971
    endloop
  endfacet
  facet normal 0.831551 0 -0.555449
    outer loop
      vertex 98.0893 82.4 29.8578
      vertex 97.7642 84.8 29.3711
      vertex 98.0893 84.8 29.8578
    endloop
  endfacet
  facet normal 0.831551 0 -0.555449
    outer loop
      vertex 97.7642 84.8 29.3711
      vertex 98.0893 82.4 29.8578
      vertex 97.7642 82.4 29.3711
    endloop
  endfacet
  facet normal 0.980777 0 -0.19513
    outer loop
      vertex 97.7642 82.4 29.3711
      vertex 97.65 84.8 28.7971
      vertex 97.7642 84.8 29.3711
    endloop
  endfacet
  facet normal 0.980777 0 -0.19513
    outer loop
      vertex 97.65 84.8 28.7971
      vertex 97.7642 82.4 29.3711
      vertex 97.65 82.4 28.7971
    endloop
  endfacet
  facet normal 0.555449 0 -0.831551
    outer loop
      vertex 98.0893 82.4 29.8578
      vertex 98.576 84.8 30.1829
      vertex 98.576 82.4 30.1829
    endloop
  endfacet
  facet normal 0.555449 0 -0.831551
    outer loop
      vertex 98.576 84.8 30.1829
      vertex 98.0893 82.4 29.8578
      vertex 98.0893 84.8 29.8578
    endloop
  endfacet
  facet normal 0.980843 -0 0.194802
    outer loop
      vertex 102.15 82.4 28.7971
      vertex 102.264 84.8 28.2231
      vertex 102.15 84.8 28.7971
    endloop
  endfacet
  facet normal 0.980843 0 0.194802
    outer loop
      vertex 102.264 84.8 28.2231
      vertex 102.15 82.4 28.7971
      vertex 102.264 82.4 28.2231
    endloop
  endfacet
  facet normal -0.831577 0 0.55541
    outer loop
      vertex 104.711 82.4 27.7365
      vertex 105.036 84.8 28.2231
      vertex 104.711 84.8 27.7365
    endloop
  endfacet
  facet normal -0.831577 0 0.55541
    outer loop
      vertex 105.036 84.8 28.2231
      vertex 104.711 82.4 27.7365
      vertex 105.036 82.4 28.2231
    endloop
  endfacet
  facet normal -0.980843 0 0.194802
    outer loop
      vertex 105.036 82.4 28.2231
      vertex 105.15 84.8 28.7971
      vertex 105.036 84.8 28.2231
    endloop
  endfacet
  facet normal -0.980843 0 0.194802
    outer loop
      vertex 105.15 84.8 28.7971
      vertex 105.036 82.4 28.2231
      vertex 105.15 82.4 28.7971
    endloop
  endfacet
  facet normal 0.19513 0 -0.980777
    outer loop
      vertex 103.076 82.4 30.1829
      vertex 103.65 84.8 30.2971
      vertex 103.65 82.4 30.2971
    endloop
  endfacet
  facet normal 0.19513 0 -0.980777
    outer loop
      vertex 103.65 84.8 30.2971
      vertex 103.076 82.4 30.1829
      vertex 103.076 84.8 30.1829
    endloop
  endfacet
  facet normal -0.555212 0 -0.831709
    outer loop
      vertex 104.224 82.4 30.1829
      vertex 104.711 84.8 29.8578
      vertex 104.711 82.4 29.8578
    endloop
  endfacet
  facet normal -0.555212 0 -0.831709
    outer loop
      vertex 104.711 84.8 29.8578
      vertex 104.224 82.4 30.1829
      vertex 104.224 84.8 30.1829
    endloop
  endfacet
  facet normal 0.555331 0 0.83163
    outer loop
      vertex 102.589 84.8 27.7365
      vertex 103.076 82.4 27.4113
      vertex 103.076 84.8 27.4113
    endloop
  endfacet
  facet normal 0.555331 0 0.83163
    outer loop
      vertex 103.076 82.4 27.4113
      vertex 102.589 84.8 27.7365
      vertex 102.589 82.4 27.7365
    endloop
  endfacet
  facet normal -0.980843 0 -0.194802
    outer loop
      vertex 105.15 82.4 28.7971
      vertex 105.036 84.8 29.3711
      vertex 105.15 84.8 28.7971
    endloop
  endfacet
  facet normal -0.980843 -0 -0.194802
    outer loop
      vertex 105.036 84.8 29.3711
      vertex 105.15 82.4 28.7971
      vertex 105.036 82.4 29.3711
    endloop
  endfacet
  facet normal -0.19513 0 -0.980777
    outer loop
      vertex 103.65 82.4 30.2971
      vertex 104.224 84.8 30.1829
      vertex 104.224 82.4 30.1829
    endloop
  endfacet
  facet normal -0.19513 0 -0.980777
    outer loop
      vertex 104.224 84.8 30.1829
      vertex 103.65 82.4 30.2971
      vertex 103.65 84.8 30.2971
    endloop
  endfacet
  facet normal -0.831629 0 -0.555331
    outer loop
      vertex 105.036 82.4 29.3711
      vertex 104.711 84.8 29.8578
      vertex 105.036 84.8 29.3711
    endloop
  endfacet
  facet normal -0.831629 -0 -0.555331
    outer loop
      vertex 104.711 84.8 29.8578
      vertex 105.036 82.4 29.3711
      vertex 104.711 82.4 29.8578
    endloop
  endfacet
  facet normal -0.19513 0 0.980777
    outer loop
      vertex 103.65 84.8 27.2971
      vertex 104.224 82.4 27.4113
      vertex 104.224 84.8 27.4113
    endloop
  endfacet
  facet normal -0.19513 0 0.980777
    outer loop
      vertex 104.224 82.4 27.4113
      vertex 103.65 84.8 27.2971
      vertex 103.65 82.4 27.2971
    endloop
  endfacet
  facet normal 0.19513 0 0.980777
    outer loop
      vertex 103.076 84.8 27.4113
      vertex 103.65 82.4 27.2971
      vertex 103.65 84.8 27.2971
    endloop
  endfacet
  facet normal 0.19513 0 0.980777
    outer loop
      vertex 103.65 82.4 27.2971
      vertex 103.076 84.8 27.4113
      vertex 103.076 82.4 27.4113
    endloop
  endfacet
  facet normal 0.831577 -0 0.55541
    outer loop
      vertex 102.264 82.4 28.2231
      vertex 102.589 84.8 27.7365
      vertex 102.264 84.8 28.2231
    endloop
  endfacet
  facet normal 0.831577 0 0.55541
    outer loop
      vertex 102.589 84.8 27.7365
      vertex 102.264 82.4 28.2231
      vertex 102.589 82.4 27.7365
    endloop
  endfacet
  facet normal -0.555331 0 0.83163
    outer loop
      vertex 104.224 84.8 27.4113
      vertex 104.711 82.4 27.7365
      vertex 104.711 84.8 27.7365
    endloop
  endfacet
  facet normal -0.555331 0 0.83163
    outer loop
      vertex 104.711 82.4 27.7365
      vertex 104.224 84.8 27.4113
      vertex 104.224 82.4 27.4113
    endloop
  endfacet
  facet normal 0.831629 0 -0.555331
    outer loop
      vertex 102.589 82.4 29.8578
      vertex 102.264 84.8 29.3711
      vertex 102.589 84.8 29.8578
    endloop
  endfacet
  facet normal 0.831629 0 -0.555331
    outer loop
      vertex 102.264 84.8 29.3711
      vertex 102.589 82.4 29.8578
      vertex 102.264 82.4 29.3711
    endloop
  endfacet
  facet normal 0.980843 0 -0.194802
    outer loop
      vertex 102.264 82.4 29.3711
      vertex 102.15 84.8 28.7971
      vertex 102.264 84.8 29.3711
    endloop
  endfacet
  facet normal 0.980843 0 -0.194802
    outer loop
      vertex 102.15 84.8 28.7971
      vertex 102.264 82.4 29.3711
      vertex 102.15 82.4 28.7971
    endloop
  endfacet
  facet normal 0.555212 0 -0.831709
    outer loop
      vertex 102.589 82.4 29.8578
      vertex 103.076 84.8 30.1829
      vertex 103.076 82.4 30.1829
    endloop
  endfacet
  facet normal 0.555212 0 -0.831709
    outer loop
      vertex 103.076 84.8 30.1829
      vertex 102.589 82.4 29.8578
      vertex 102.589 84.8 29.8578
    endloop
  endfacet
  facet normal 0.19513 0 -0.980777
    outer loop
      vertex 107.576 82.4 30.1829
      vertex 108.15 84.8 30.2971
      vertex 108.15 82.4 30.2971
    endloop
  endfacet
  facet normal 0.19513 0 -0.980777
    outer loop
      vertex 108.15 84.8 30.2971
      vertex 107.576 82.4 30.1829
      vertex 107.576 84.8 30.1829
    endloop
  endfacet
  facet normal -0.831629 0 -0.555331
    outer loop
      vertex 109.536 82.4 29.3711
      vertex 109.211 84.8 29.8578
      vertex 109.536 84.8 29.3711
    endloop
  endfacet
  facet normal -0.831629 -0 -0.555331
    outer loop
      vertex 109.211 84.8 29.8578
      vertex 109.536 82.4 29.3711
      vertex 109.211 82.4 29.8578
    endloop
  endfacet
  facet normal -0.831577 0 0.55541
    outer loop
      vertex 109.211 82.4 27.7365
      vertex 109.536 84.8 28.2231
      vertex 109.211 84.8 27.7365
    endloop
  endfacet
  facet normal -0.831577 0 0.55541
    outer loop
      vertex 109.536 84.8 28.2231
      vertex 109.211 82.4 27.7365
      vertex 109.536 82.4 28.2231
    endloop
  endfacet
  facet normal -0.980843 0 0.194802
    outer loop
      vertex 109.536 82.4 28.2231
      vertex 109.65 84.8 28.7971
      vertex 109.536 84.8 28.2231
    endloop
  endfacet
  facet normal -0.980843 0 0.194802
    outer loop
      vertex 109.65 84.8 28.7971
      vertex 109.536 82.4 28.2231
      vertex 109.65 82.4 28.7971
    endloop
  endfacet
  facet normal -0.555331 0 0.83163
    outer loop
      vertex 108.724 84.8 27.4113
      vertex 109.211 82.4 27.7365
      vertex 109.211 84.8 27.7365
    endloop
  endfacet
  facet normal -0.555331 0 0.83163
    outer loop
      vertex 109.211 82.4 27.7365
      vertex 108.724 84.8 27.4113
      vertex 108.724 82.4 27.4113
    endloop
  endfacet
  facet normal 0.980843 0 -0.194802
    outer loop
      vertex 106.764 82.4 29.3711
      vertex 106.65 84.8 28.7971
      vertex 106.764 84.8 29.3711
    endloop
  endfacet
  facet normal 0.980843 0 -0.194802
    outer loop
      vertex 106.65 84.8 28.7971
      vertex 106.764 82.4 29.3711
      vertex 106.65 82.4 28.7971
    endloop
  endfacet
  facet normal -0.555212 0 -0.831709
    outer loop
      vertex 108.724 82.4 30.1829
      vertex 109.211 84.8 29.8578
      vertex 109.211 82.4 29.8578
    endloop
  endfacet
  facet normal -0.555212 0 -0.831709
    outer loop
      vertex 109.211 84.8 29.8578
      vertex 108.724 82.4 30.1829
      vertex 108.724 84.8 30.1829
    endloop
  endfacet
  facet normal 0.831577 -0 0.55541
    outer loop
      vertex 106.764 82.4 28.2231
      vertex 107.089 84.8 27.7365
      vertex 106.764 84.8 28.2231
    endloop
  endfacet
  facet normal 0.831577 0 0.55541
    outer loop
      vertex 107.089 84.8 27.7365
      vertex 106.764 82.4 28.2231
      vertex 107.089 82.4 27.7365
    endloop
  endfacet
  facet normal 0.19513 0 0.980777
    outer loop
      vertex 107.576 84.8 27.4113
      vertex 108.15 82.4 27.2971
      vertex 108.15 84.8 27.2971
    endloop
  endfacet
  facet normal 0.19513 0 0.980777
    outer loop
      vertex 108.15 82.4 27.2971
      vertex 107.576 84.8 27.4113
      vertex 107.576 82.4 27.4113
    endloop
  endfacet
  facet normal 0.555331 0 0.83163
    outer loop
      vertex 107.089 84.8 27.7365
      vertex 107.576 82.4 27.4113
      vertex 107.576 84.8 27.4113
    endloop
  endfacet
  facet normal 0.555331 0 0.83163
    outer loop
      vertex 107.576 82.4 27.4113
      vertex 107.089 84.8 27.7365
      vertex 107.089 82.4 27.7365
    endloop
  endfacet
  facet normal -0.980843 0 -0.194802
    outer loop
      vertex 109.65 82.4 28.7971
      vertex 109.536 84.8 29.3711
      vertex 109.65 84.8 28.7971
    endloop
  endfacet
  facet normal -0.980843 -0 -0.194802
    outer loop
      vertex 109.536 84.8 29.3711
      vertex 109.65 82.4 28.7971
      vertex 109.536 82.4 29.3711
    endloop
  endfacet
  facet normal 0.980843 -0 0.194802
    outer loop
      vertex 106.65 82.4 28.7971
      vertex 106.764 84.8 28.2231
      vertex 106.65 84.8 28.7971
    endloop
  endfacet
  facet normal 0.980843 0 0.194802
    outer loop
      vertex 106.764 84.8 28.2231
      vertex 106.65 82.4 28.7971
      vertex 106.764 82.4 28.2231
    endloop
  endfacet
  facet normal 0.831629 0 -0.555331
    outer loop
      vertex 107.089 82.4 29.8578
      vertex 106.764 84.8 29.3711
      vertex 107.089 84.8 29.8578
    endloop
  endfacet
  facet normal 0.831629 0 -0.555331
    outer loop
      vertex 106.764 84.8 29.3711
      vertex 107.089 82.4 29.8578
      vertex 106.764 82.4 29.3711
    endloop
  endfacet
  facet normal -0.19513 0 0.980777
    outer loop
      vertex 108.15 84.8 27.2971
      vertex 108.724 82.4 27.4113
      vertex 108.724 84.8 27.4113
    endloop
  endfacet
  facet normal -0.19513 0 0.980777
    outer loop
      vertex 108.724 82.4 27.4113
      vertex 108.15 84.8 27.2971
      vertex 108.15 82.4 27.2971
    endloop
  endfacet
  facet normal -0.19513 0 -0.980777
    outer loop
      vertex 108.15 82.4 30.2971
      vertex 108.724 84.8 30.1829
      vertex 108.724 82.4 30.1829
    endloop
  endfacet
  facet normal -0.19513 0 -0.980777
    outer loop
      vertex 108.724 84.8 30.1829
      vertex 108.15 82.4 30.2971
      vertex 108.15 84.8 30.2971
    endloop
  endfacet
  facet normal 0.555212 0 -0.831709
    outer loop
      vertex 107.089 82.4 29.8578
      vertex 107.576 84.8 30.1829
      vertex 107.576 82.4 30.1829
    endloop
  endfacet
  facet normal 0.555212 0 -0.831709
    outer loop
      vertex 107.576 84.8 30.1829
      vertex 107.089 82.4 29.8578
      vertex 107.089 84.8 29.8578
    endloop
  endfacet
  facet normal 0.19513 0 -0.980777
    outer loop
      vertex 112.076 82.4 30.1829
      vertex 112.65 84.8 30.2971
      vertex 112.65 82.4 30.2971
    endloop
  endfacet
  facet normal 0.19513 0 -0.980777
    outer loop
      vertex 112.65 84.8 30.2971
      vertex 112.076 82.4 30.1829
      vertex 112.076 84.8 30.1829
    endloop
  endfacet
  facet normal -0.831629 0 -0.555331
    outer loop
      vertex 114.036 82.4 29.3711
      vertex 113.711 84.8 29.8578
      vertex 114.036 84.8 29.3711
    endloop
  endfacet
  facet normal -0.831629 -0 -0.555331
    outer loop
      vertex 113.711 84.8 29.8578
      vertex 114.036 82.4 29.3711
      vertex 113.711 82.4 29.8578
    endloop
  endfacet
  facet normal -0.831577 0 0.55541
    outer loop
      vertex 113.711 82.4 27.7365
      vertex 114.036 84.8 28.2231
      vertex 113.711 84.8 27.7365
    endloop
  endfacet
  facet normal -0.831577 0 0.55541
    outer loop
      vertex 114.036 84.8 28.2231
      vertex 113.711 82.4 27.7365
      vertex 114.036 82.4 28.2231
    endloop
  endfacet
  facet normal -0.980843 0 0.194802
    outer loop
      vertex 114.036 82.4 28.2231
      vertex 114.15 84.8 28.7971
      vertex 114.036 84.8 28.2231
    endloop
  endfacet
  facet normal -0.980843 0 0.194802
    outer loop
      vertex 114.15 84.8 28.7971
      vertex 114.036 82.4 28.2231
      vertex 114.15 82.4 28.7971
    endloop
  endfacet
  facet normal -0.555331 0 0.83163
    outer loop
      vertex 113.224 84.8 27.4113
      vertex 113.711 82.4 27.7365
      vertex 113.711 84.8 27.7365
    endloop
  endfacet
  facet normal -0.555331 0 0.83163
    outer loop
      vertex 113.711 82.4 27.7365
      vertex 113.224 84.8 27.4113
      vertex 113.224 82.4 27.4113
    endloop
  endfacet
  facet normal -0.19513 0 0.980777
    outer loop
      vertex 112.65 84.8 27.2971
      vertex 113.224 82.4 27.4113
      vertex 113.224 84.8 27.4113
    endloop
  endfacet
  facet normal -0.19513 0 0.980777
    outer loop
      vertex 113.224 82.4 27.4113
      vertex 112.65 84.8 27.2971
      vertex 112.65 82.4 27.2971
    endloop
  endfacet
  facet normal 0.980843 0 -0.194802
    outer loop
      vertex 111.264 82.4 29.3711
      vertex 111.15 84.8 28.7971
      vertex 111.264 84.8 29.3711
    endloop
  endfacet
  facet normal 0.980843 0 -0.194802
    outer loop
      vertex 111.15 84.8 28.7971
      vertex 111.264 82.4 29.3711
      vertex 111.15 82.4 28.7971
    endloop
  endfacet
  facet normal -0.555212 0 -0.831709
    outer loop
      vertex 113.224 82.4 30.1829
      vertex 113.711 84.8 29.8578
      vertex 113.711 82.4 29.8578
    endloop
  endfacet
  facet normal -0.555212 0 -0.831709
    outer loop
      vertex 113.711 84.8 29.8578
      vertex 113.224 82.4 30.1829
      vertex 113.224 84.8 30.1829
    endloop
  endfacet
  facet normal 0.831577 -0 0.55541
    outer loop
      vertex 111.264 82.4 28.2231
      vertex 111.589 84.8 27.7365
      vertex 111.264 84.8 28.2231
    endloop
  endfacet
  facet normal 0.831577 0 0.55541
    outer loop
      vertex 111.589 84.8 27.7365
      vertex 111.264 82.4 28.2231
      vertex 111.589 82.4 27.7365
    endloop
  endfacet
  facet normal -0.19513 0 -0.980777
    outer loop
      vertex 112.65 82.4 30.2971
      vertex 113.224 84.8 30.1829
      vertex 113.224 82.4 30.1829
    endloop
  endfacet
  facet normal -0.19513 0 -0.980777
    outer loop
      vertex 113.224 84.8 30.1829
      vertex 112.65 82.4 30.2971
      vertex 112.65 84.8 30.2971
    endloop
  endfacet
  facet normal 0.19513 0 0.980777
    outer loop
      vertex 112.076 84.8 27.4113
      vertex 112.65 82.4 27.2971
      vertex 112.65 84.8 27.2971
    endloop
  endfacet
  facet normal 0.19513 0 0.980777
    outer loop
      vertex 112.65 82.4 27.2971
      vertex 112.076 84.8 27.4113
      vertex 112.076 82.4 27.4113
    endloop
  endfacet
  facet normal 0.555331 0 0.83163
    outer loop
      vertex 111.589 84.8 27.7365
      vertex 112.076 82.4 27.4113
      vertex 112.076 84.8 27.4113
    endloop
  endfacet
  facet normal 0.555331 0 0.83163
    outer loop
      vertex 112.076 82.4 27.4113
      vertex 111.589 84.8 27.7365
      vertex 111.589 82.4 27.7365
    endloop
  endfacet
  facet normal -0.980843 0 -0.194802
    outer loop
      vertex 114.15 82.4 28.7971
      vertex 114.036 84.8 29.3711
      vertex 114.15 84.8 28.7971
    endloop
  endfacet
  facet normal -0.980843 -0 -0.194802
    outer loop
      vertex 114.036 84.8 29.3711
      vertex 114.15 82.4 28.7971
      vertex 114.036 82.4 29.3711
    endloop
  endfacet
  facet normal 0.980843 -0 0.194802
    outer loop
      vertex 111.15 82.4 28.7971
      vertex 111.264 84.8 28.2231
      vertex 111.15 84.8 28.7971
    endloop
  endfacet
  facet normal 0.980843 0 0.194802
    outer loop
      vertex 111.264 84.8 28.2231
      vertex 111.15 82.4 28.7971
      vertex 111.264 82.4 28.2231
    endloop
  endfacet
  facet normal 0.831629 0 -0.555331
    outer loop
      vertex 111.589 82.4 29.8578
      vertex 111.264 84.8 29.3711
      vertex 111.589 84.8 29.8578
    endloop
  endfacet
  facet normal 0.831629 0 -0.555331
    outer loop
      vertex 111.264 84.8 29.3711
      vertex 111.589 82.4 29.8578
      vertex 111.264 82.4 29.3711
    endloop
  endfacet
  facet normal 0.555212 0 -0.831709
    outer loop
      vertex 111.589 82.4 29.8578
      vertex 112.076 84.8 30.1829
      vertex 112.076 82.4 30.1829
    endloop
  endfacet
  facet normal 0.555212 0 -0.831709
    outer loop
      vertex 112.076 84.8 30.1829
      vertex 111.589 82.4 29.8578
      vertex 111.589 84.8 29.8578
    endloop
  endfacet
  facet normal 0.19513 0 -0.980777
    outer loop
      vertex 116.576 82.4 30.1829
      vertex 117.15 84.8 30.2971
      vertex 117.15 82.4 30.2971
    endloop
  endfacet
  facet normal 0.19513 0 -0.980777
    outer loop
      vertex 117.15 84.8 30.2971
      vertex 116.576 82.4 30.1829
      vertex 116.576 84.8 30.1829
    endloop
  endfacet
  facet normal -0.831629 0 -0.555331
    outer loop
      vertex 118.536 82.4 29.3711
      vertex 118.211 84.8 29.8578
      vertex 118.536 84.8 29.3711
    endloop
  endfacet
  facet normal -0.831629 -0 -0.555331
    outer loop
      vertex 118.211 84.8 29.8578
      vertex 118.536 82.4 29.3711
      vertex 118.211 82.4 29.8578
    endloop
  endfacet
  facet normal -0.831577 0 0.55541
    outer loop
      vertex 118.211 82.4 27.7365
      vertex 118.536 84.8 28.2231
      vertex 118.211 84.8 27.7365
    endloop
  endfacet
  facet normal -0.831577 0 0.55541
    outer loop
      vertex 118.536 84.8 28.2231
      vertex 118.211 82.4 27.7365
      vertex 118.536 82.4 28.2231
    endloop
  endfacet
  facet normal -0.980843 0 0.194802
    outer loop
      vertex 118.536 82.4 28.2231
      vertex 118.65 84.8 28.7971
      vertex 118.536 84.8 28.2231
    endloop
  endfacet
  facet normal -0.980843 0 0.194802
    outer loop
      vertex 118.65 84.8 28.7971
      vertex 118.536 82.4 28.2231
      vertex 118.65 82.4 28.7971
    endloop
  endfacet
  facet normal -0.555331 0 0.83163
    outer loop
      vertex 117.724 84.8 27.4113
      vertex 118.211 82.4 27.7365
      vertex 118.211 84.8 27.7365
    endloop
  endfacet
  facet normal -0.555331 0 0.83163
    outer loop
      vertex 118.211 82.4 27.7365
      vertex 117.724 84.8 27.4113
      vertex 117.724 82.4 27.4113
    endloop
  endfacet
  facet normal -0.19513 0 0.980777
    outer loop
      vertex 117.15 84.8 27.2971
      vertex 117.724 82.4 27.4113
      vertex 117.724 84.8 27.4113
    endloop
  endfacet
  facet normal -0.19513 0 0.980777
    outer loop
      vertex 117.724 82.4 27.4113
      vertex 117.15 84.8 27.2971
      vertex 117.15 82.4 27.2971
    endloop
  endfacet
  facet normal 0.980843 0 -0.194802
    outer loop
      vertex 115.764 82.4 29.3711
      vertex 115.65 84.8 28.7971
      vertex 115.764 84.8 29.3711
    endloop
  endfacet
  facet normal 0.980843 0 -0.194802
    outer loop
      vertex 115.65 84.8 28.7971
      vertex 115.764 82.4 29.3711
      vertex 115.65 82.4 28.7971
    endloop
  endfacet
  facet normal -0.555212 0 -0.831709
    outer loop
      vertex 117.724 82.4 30.1829
      vertex 118.211 84.8 29.8578
      vertex 118.211 82.4 29.8578
    endloop
  endfacet
  facet normal -0.555212 0 -0.831709
    outer loop
      vertex 118.211 84.8 29.8578
      vertex 117.724 82.4 30.1829
      vertex 117.724 84.8 30.1829
    endloop
  endfacet
  facet normal 0.831577 -0 0.55541
    outer loop
      vertex 115.764 82.4 28.2231
      vertex 116.089 84.8 27.7365
      vertex 115.764 84.8 28.2231
    endloop
  endfacet
  facet normal 0.831577 0 0.55541
    outer loop
      vertex 116.089 84.8 27.7365
      vertex 115.764 82.4 28.2231
      vertex 116.089 82.4 27.7365
    endloop
  endfacet
  facet normal -0.19513 0 -0.980777
    outer loop
      vertex 117.15 82.4 30.2971
      vertex 117.724 84.8 30.1829
      vertex 117.724 82.4 30.1829
    endloop
  endfacet
  facet normal -0.19513 0 -0.980777
    outer loop
      vertex 117.724 84.8 30.1829
      vertex 117.15 82.4 30.2971
      vertex 117.15 84.8 30.2971
    endloop
  endfacet
  facet normal 0.19513 0 0.980777
    outer loop
      vertex 116.576 84.8 27.4113
      vertex 117.15 82.4 27.2971
      vertex 117.15 84.8 27.2971
    endloop
  endfacet
  facet normal 0.19513 0 0.980777
    outer loop
      vertex 117.15 82.4 27.2971
      vertex 116.576 84.8 27.4113
      vertex 116.576 82.4 27.4113
    endloop
  endfacet
  facet normal 0.555331 0 0.83163
    outer loop
      vertex 116.089 84.8 27.7365
      vertex 116.576 82.4 27.4113
      vertex 116.576 84.8 27.4113
    endloop
  endfacet
  facet normal 0.555331 0 0.83163
    outer loop
      vertex 116.576 82.4 27.4113
      vertex 116.089 84.8 27.7365
      vertex 116.089 82.4 27.7365
    endloop
  endfacet
  facet normal -0.980843 0 -0.194802
    outer loop
      vertex 118.65 82.4 28.7971
      vertex 118.536 84.8 29.3711
      vertex 118.65 84.8 28.7971
    endloop
  endfacet
  facet normal -0.980843 -0 -0.194802
    outer loop
      vertex 118.536 84.8 29.3711
      vertex 118.65 82.4 28.7971
      vertex 118.536 82.4 29.3711
    endloop
  endfacet
  facet normal 0.980843 -0 0.194802
    outer loop
      vertex 115.65 82.4 28.7971
      vertex 115.764 84.8 28.2231
      vertex 115.65 84.8 28.7971
    endloop
  endfacet
  facet normal 0.980843 0 0.194802
    outer loop
      vertex 115.764 84.8 28.2231
      vertex 115.65 82.4 28.7971
      vertex 115.764 82.4 28.2231
    endloop
  endfacet
  facet normal 0.831629 0 -0.555331
    outer loop
      vertex 116.089 82.4 29.8578
      vertex 115.764 84.8 29.3711
      vertex 116.089 84.8 29.8578
    endloop
  endfacet
  facet normal 0.831629 0 -0.555331
    outer loop
      vertex 115.764 84.8 29.3711
      vertex 116.089 82.4 29.8578
      vertex 115.764 82.4 29.3711
    endloop
  endfacet
  facet normal 0.555212 0 -0.831709
    outer loop
      vertex 116.089 82.4 29.8578
      vertex 116.576 84.8 30.1829
      vertex 116.576 82.4 30.1829
    endloop
  endfacet
  facet normal 0.555212 0 -0.831709
    outer loop
      vertex 116.576 84.8 30.1829
      vertex 116.089 82.4 29.8578
      vertex 116.089 84.8 29.8578
    endloop
  endfacet
  facet normal 0.19513 0 -0.980777
    outer loop
      vertex 121.076 82.4 30.1829
      vertex 121.65 84.8 30.2971
      vertex 121.65 82.4 30.2971
    endloop
  endfacet
  facet normal 0.19513 0 -0.980777
    outer loop
      vertex 121.65 84.8 30.2971
      vertex 121.076 82.4 30.1829
      vertex 121.076 84.8 30.1829
    endloop
  endfacet
  facet normal -0.831629 0 -0.555331
    outer loop
      vertex 123.036 82.4 29.3711
      vertex 122.711 84.8 29.8578
      vertex 123.036 84.8 29.3711
    endloop
  endfacet
  facet normal -0.831629 -0 -0.555331
    outer loop
      vertex 122.711 84.8 29.8578
      vertex 123.036 82.4 29.3711
      vertex 122.711 82.4 29.8578
    endloop
  endfacet
  facet normal -0.831577 0 0.55541
    outer loop
      vertex 122.711 82.4 27.7365
      vertex 123.036 84.8 28.2231
      vertex 122.711 84.8 27.7365
    endloop
  endfacet
  facet normal -0.831577 0 0.55541
    outer loop
      vertex 123.036 84.8 28.2231
      vertex 122.711 82.4 27.7365
      vertex 123.036 82.4 28.2231
    endloop
  endfacet
  facet normal -0.980843 0 0.194802
    outer loop
      vertex 123.036 82.4 28.2231
      vertex 123.15 84.8 28.7971
      vertex 123.036 84.8 28.2231
    endloop
  endfacet
  facet normal -0.980843 0 0.194802
    outer loop
      vertex 123.15 84.8 28.7971
      vertex 123.036 82.4 28.2231
      vertex 123.15 82.4 28.7971
    endloop
  endfacet
  facet normal -0.555331 0 0.83163
    outer loop
      vertex 122.224 84.8 27.4113
      vertex 122.711 82.4 27.7365
      vertex 122.711 84.8 27.7365
    endloop
  endfacet
  facet normal -0.555331 0 0.83163
    outer loop
      vertex 122.711 82.4 27.7365
      vertex 122.224 84.8 27.4113
      vertex 122.224 82.4 27.4113
    endloop
  endfacet
  facet normal -0.19513 0 0.980777
    outer loop
      vertex 121.65 84.8 27.2971
      vertex 122.224 82.4 27.4113
      vertex 122.224 84.8 27.4113
    endloop
  endfacet
  facet normal -0.19513 0 0.980777
    outer loop
      vertex 122.224 82.4 27.4113
      vertex 121.65 84.8 27.2971
      vertex 121.65 82.4 27.2971
    endloop
  endfacet
  facet normal 0.980843 0 -0.194802
    outer loop
      vertex 120.264 82.4 29.3711
      vertex 120.15 84.8 28.7971
      vertex 120.264 84.8 29.3711
    endloop
  endfacet
  facet normal 0.980843 0 -0.194802
    outer loop
      vertex 120.15 84.8 28.7971
      vertex 120.264 82.4 29.3711
      vertex 120.15 82.4 28.7971
    endloop
  endfacet
  facet normal -0.555212 0 -0.831709
    outer loop
      vertex 122.224 82.4 30.1829
      vertex 122.711 84.8 29.8578
      vertex 122.711 82.4 29.8578
    endloop
  endfacet
  facet normal -0.555212 0 -0.831709
    outer loop
      vertex 122.711 84.8 29.8578
      vertex 122.224 82.4 30.1829
      vertex 122.224 84.8 30.1829
    endloop
  endfacet
  facet normal 0.831577 -0 0.55541
    outer loop
      vertex 120.264 82.4 28.2231
      vertex 120.589 84.8 27.7365
      vertex 120.264 84.8 28.2231
    endloop
  endfacet
  facet normal 0.831577 0 0.55541
    outer loop
      vertex 120.589 84.8 27.7365
      vertex 120.264 82.4 28.2231
      vertex 120.589 82.4 27.7365
    endloop
  endfacet
  facet normal 0.19513 0 0.980777
    outer loop
      vertex 121.076 84.8 27.4113
      vertex 121.65 82.4 27.2971
      vertex 121.65 84.8 27.2971
    endloop
  endfacet
  facet normal 0.19513 0 0.980777
    outer loop
      vertex 121.65 82.4 27.2971
      vertex 121.076 84.8 27.4113
      vertex 121.076 82.4 27.4113
    endloop
  endfacet
  facet normal 0.555331 0 0.83163
    outer loop
      vertex 120.589 84.8 27.7365
      vertex 121.076 82.4 27.4113
      vertex 121.076 84.8 27.4113
    endloop
  endfacet
  facet normal 0.555331 0 0.83163
    outer loop
      vertex 121.076 82.4 27.4113
      vertex 120.589 84.8 27.7365
      vertex 120.589 82.4 27.7365
    endloop
  endfacet
  facet normal -0.980843 0 -0.194802
    outer loop
      vertex 123.15 82.4 28.7971
      vertex 123.036 84.8 29.3711
      vertex 123.15 84.8 28.7971
    endloop
  endfacet
  facet normal -0.980843 -0 -0.194802
    outer loop
      vertex 123.036 84.8 29.3711
      vertex 123.15 82.4 28.7971
      vertex 123.036 82.4 29.3711
    endloop
  endfacet
  facet normal 0.980843 -0 0.194802
    outer loop
      vertex 120.15 82.4 28.7971
      vertex 120.264 84.8 28.2231
      vertex 120.15 84.8 28.7971
    endloop
  endfacet
  facet normal 0.980843 0 0.194802
    outer loop
      vertex 120.264 84.8 28.2231
      vertex 120.15 82.4 28.7971
      vertex 120.264 82.4 28.2231
    endloop
  endfacet
  facet normal 0.831629 0 -0.555331
    outer loop
      vertex 120.589 82.4 29.8578
      vertex 120.264 84.8 29.3711
      vertex 120.589 84.8 29.8578
    endloop
  endfacet
  facet normal 0.831629 0 -0.555331
    outer loop
      vertex 120.264 84.8 29.3711
      vertex 120.589 82.4 29.8578
      vertex 120.264 82.4 29.3711
    endloop
  endfacet
  facet normal -0.19513 0 -0.980777
    outer loop
      vertex 121.65 82.4 30.2971
      vertex 122.224 84.8 30.1829
      vertex 122.224 82.4 30.1829
    endloop
  endfacet
  facet normal -0.19513 0 -0.980777
    outer loop
      vertex 122.224 84.8 30.1829
      vertex 121.65 82.4 30.2971
      vertex 121.65 84.8 30.2971
    endloop
  endfacet
  facet normal 0.555212 0 -0.831709
    outer loop
      vertex 120.589 82.4 29.8578
      vertex 121.076 84.8 30.1829
      vertex 121.076 82.4 30.1829
    endloop
  endfacet
  facet normal 0.555212 0 -0.831709
    outer loop
      vertex 121.076 84.8 30.1829
      vertex 120.589 82.4 29.8578
      vertex 120.589 84.8 29.8578
    endloop
  endfacet
  facet normal 0.831551 -0 0.555449
    outer loop
      vertex 91.0142 82.4 24.326
      vertex 91.3393 84.8 23.8393
      vertex 91.0142 84.8 24.326
    endloop
  endfacet
  facet normal 0.831551 0 0.555449
    outer loop
      vertex 91.3393 84.8 23.8393
      vertex 91.0142 82.4 24.326
      vertex 91.3393 82.4 23.8393
    endloop
  endfacet
  facet normal -0.831551 0 0.555449
    outer loop
      vertex 93.4607 82.4 23.8393
      vertex 93.7858 84.8 24.326
      vertex 93.4607 84.8 23.8393
    endloop
  endfacet
  facet normal -0.831551 0 0.555449
    outer loop
      vertex 93.7858 84.8 24.326
      vertex 93.4607 82.4 23.8393
      vertex 93.7858 82.4 24.326
    endloop
  endfacet
  facet normal -0.980777 0 0.19513
    outer loop
      vertex 93.7858 82.4 24.326
      vertex 93.9 84.8 24.9
      vertex 93.7858 84.8 24.326
    endloop
  endfacet
  facet normal -0.980777 0 0.19513
    outer loop
      vertex 93.9 84.8 24.9
      vertex 93.7858 82.4 24.326
      vertex 93.9 82.4 24.9
    endloop
  endfacet
  facet normal 0.19513 0 -0.980777
    outer loop
      vertex 91.826 82.4 26.2858
      vertex 92.4 84.8 26.4
      vertex 92.4 82.4 26.4
    endloop
  endfacet
  facet normal 0.19513 0 -0.980777
    outer loop
      vertex 92.4 84.8 26.4
      vertex 91.826 82.4 26.2858
      vertex 91.826 84.8 26.2858
    endloop
  endfacet
  facet normal -0.19513 0 -0.980777
    outer loop
      vertex 92.4 82.4 26.4
      vertex 92.974 84.8 26.2858
      vertex 92.974 82.4 26.2858
    endloop
  endfacet
  facet normal -0.19513 0 -0.980777
    outer loop
      vertex 92.974 84.8 26.2858
      vertex 92.4 82.4 26.4
      vertex 92.4 84.8 26.4
    endloop
  endfacet
  facet normal -0.980777 0 -0.19513
    outer loop
      vertex 93.9 82.4 24.9
      vertex 93.7858 84.8 25.474
      vertex 93.9 84.8 24.9
    endloop
  endfacet
  facet normal -0.980777 -0 -0.19513
    outer loop
      vertex 93.7858 84.8 25.474
      vertex 93.9 82.4 24.9
      vertex 93.7858 82.4 25.474
    endloop
  endfacet
  facet normal -0.831551 0 -0.555449
    outer loop
      vertex 93.7858 82.4 25.474
      vertex 93.4607 84.8 25.9607
      vertex 93.7858 84.8 25.474
    endloop
  endfacet
  facet normal -0.831551 -0 -0.555449
    outer loop
      vertex 93.4607 84.8 25.9607
      vertex 93.7858 82.4 25.474
      vertex 93.4607 82.4 25.9607
    endloop
  endfacet
  facet normal 0.980777 -0 0.19513
    outer loop
      vertex 90.9 82.4 24.9
      vertex 91.0142 84.8 24.326
      vertex 90.9 84.8 24.9
    endloop
  endfacet
  facet normal 0.980777 0 0.19513
    outer loop
      vertex 91.0142 84.8 24.326
      vertex 90.9 82.4 24.9
      vertex 91.0142 82.4 24.326
    endloop
  endfacet
  facet normal -0.555449 0 -0.831551
    outer loop
      vertex 92.974 82.4 26.2858
      vertex 93.4607 84.8 25.9607
      vertex 93.4607 82.4 25.9607
    endloop
  endfacet
  facet normal -0.555449 0 -0.831551
    outer loop
      vertex 93.4607 84.8 25.9607
      vertex 92.974 82.4 26.2858
      vertex 92.974 84.8 26.2858
    endloop
  endfacet
  facet normal 0.19513 0 0.980777
    outer loop
      vertex 91.826 84.8 23.5142
      vertex 92.4 82.4 23.4
      vertex 92.4 84.8 23.4
    endloop
  endfacet
  facet normal 0.19513 0 0.980777
    outer loop
      vertex 92.4 82.4 23.4
      vertex 91.826 84.8 23.5142
      vertex 91.826 82.4 23.5142
    endloop
  endfacet
  facet normal 0.555449 0 0.831551
    outer loop
      vertex 91.3393 84.8 23.8393
      vertex 91.826 82.4 23.5142
      vertex 91.826 84.8 23.5142
    endloop
  endfacet
  facet normal 0.555449 0 0.831551
    outer loop
      vertex 91.826 82.4 23.5142
      vertex 91.3393 84.8 23.8393
      vertex 91.3393 82.4 23.8393
    endloop
  endfacet
  facet normal -0.19513 0 0.980777
    outer loop
      vertex 92.4 84.8 23.4
      vertex 92.974 82.4 23.5142
      vertex 92.974 84.8 23.5142
    endloop
  endfacet
  facet normal -0.19513 0 0.980777
    outer loop
      vertex 92.974 82.4 23.5142
      vertex 92.4 84.8 23.4
      vertex 92.4 82.4 23.4
    endloop
  endfacet
  facet normal 0.831551 0 -0.555449
    outer loop
      vertex 91.3393 82.4 25.9607
      vertex 91.0142 84.8 25.474
      vertex 91.3393 84.8 25.9607
    endloop
  endfacet
  facet normal 0.831551 0 -0.555449
    outer loop
      vertex 91.0142 84.8 25.474
      vertex 91.3393 82.4 25.9607
      vertex 91.0142 82.4 25.474
    endloop
  endfacet
  facet normal -0.555449 0 0.831551
    outer loop
      vertex 92.974 84.8 23.5142
      vertex 93.4607 82.4 23.8393
      vertex 93.4607 84.8 23.8393
    endloop
  endfacet
  facet normal -0.555449 0 0.831551
    outer loop
      vertex 93.4607 82.4 23.8393
      vertex 92.974 84.8 23.5142
      vertex 92.974 82.4 23.5142
    endloop
  endfacet
  facet normal 0.980777 0 -0.19513
    outer loop
      vertex 91.0142 82.4 25.474
      vertex 90.9 84.8 24.9
      vertex 91.0142 84.8 25.474
    endloop
  endfacet
  facet normal 0.980777 0 -0.19513
    outer loop
      vertex 90.9 84.8 24.9
      vertex 91.0142 82.4 25.474
      vertex 90.9 82.4 24.9
    endloop
  endfacet
  facet normal 0.555449 0 -0.831551
    outer loop
      vertex 91.3393 82.4 25.9607
      vertex 91.826 84.8 26.2858
      vertex 91.826 82.4 26.2858
    endloop
  endfacet
  facet normal 0.555449 0 -0.831551
    outer loop
      vertex 91.826 84.8 26.2858
      vertex 91.3393 82.4 25.9607
      vertex 91.3393 84.8 25.9607
    endloop
  endfacet
  facet normal 0.831551 -0 0.555449
    outer loop
      vertex 95.5142 82.4 24.326
      vertex 95.8393 84.8 23.8393
      vertex 95.5142 84.8 24.326
    endloop
  endfacet
  facet normal 0.831551 0 0.555449
    outer loop
      vertex 95.8393 84.8 23.8393
      vertex 95.5142 82.4 24.326
      vertex 95.8393 82.4 23.8393
    endloop
  endfacet
  facet normal -0.831551 0 0.555449
    outer loop
      vertex 97.9607 82.4 23.8393
      vertex 98.2858 84.8 24.326
      vertex 97.9607 84.8 23.8393
    endloop
  endfacet
  facet normal -0.831551 0 0.555449
    outer loop
      vertex 98.2858 84.8 24.326
      vertex 97.9607 82.4 23.8393
      vertex 98.2858 82.4 24.326
    endloop
  endfacet
  facet normal -0.980777 0 0.19513
    outer loop
      vertex 98.2858 82.4 24.326
      vertex 98.4 84.8 24.9
      vertex 98.2858 84.8 24.326
    endloop
  endfacet
  facet normal -0.980777 0 0.19513
    outer loop
      vertex 98.4 84.8 24.9
      vertex 98.2858 82.4 24.326
      vertex 98.4 82.4 24.9
    endloop
  endfacet
  facet normal 0.19513 0 -0.980777
    outer loop
      vertex 96.326 82.4 26.2858
      vertex 96.9 84.8 26.4
      vertex 96.9 82.4 26.4
    endloop
  endfacet
  facet normal 0.19513 0 -0.980777
    outer loop
      vertex 96.9 84.8 26.4
      vertex 96.326 82.4 26.2858
      vertex 96.326 84.8 26.2858
    endloop
  endfacet
  facet normal -0.19513 0 -0.980777
    outer loop
      vertex 96.9 82.4 26.4
      vertex 97.474 84.8 26.2858
      vertex 97.474 82.4 26.2858
    endloop
  endfacet
  facet normal -0.19513 0 -0.980777
    outer loop
      vertex 97.474 84.8 26.2858
      vertex 96.9 82.4 26.4
      vertex 96.9 84.8 26.4
    endloop
  endfacet
  facet normal -0.980777 0 -0.19513
    outer loop
      vertex 98.4 82.4 24.9
      vertex 98.2858 84.8 25.474
      vertex 98.4 84.8 24.9
    endloop
  endfacet
  facet normal -0.980777 -0 -0.19513
    outer loop
      vertex 98.2858 84.8 25.474
      vertex 98.4 82.4 24.9
      vertex 98.2858 82.4 25.474
    endloop
  endfacet
  facet normal -0.831551 0 -0.555449
    outer loop
      vertex 98.2858 82.4 25.474
      vertex 97.9607 84.8 25.9607
      vertex 98.2858 84.8 25.474
    endloop
  endfacet
  facet normal -0.831551 -0 -0.555449
    outer loop
      vertex 97.9607 84.8 25.9607
      vertex 98.2858 82.4 25.474
      vertex 97.9607 82.4 25.9607
    endloop
  endfacet
  facet normal 0.980777 -0 0.19513
    outer loop
      vertex 95.4 82.4 24.9
      vertex 95.5142 84.8 24.326
      vertex 95.4 84.8 24.9
    endloop
  endfacet
  facet normal 0.980777 0 0.19513
    outer loop
      vertex 95.5142 84.8 24.326
      vertex 95.4 82.4 24.9
      vertex 95.5142 82.4 24.326
    endloop
  endfacet
  facet normal -0.555449 0 -0.831551
    outer loop
      vertex 97.474 82.4 26.2858
      vertex 97.9607 84.8 25.9607
      vertex 97.9607 82.4 25.9607
    endloop
  endfacet
  facet normal -0.555449 0 -0.831551
    outer loop
      vertex 97.9607 84.8 25.9607
      vertex 97.474 82.4 26.2858
      vertex 97.474 84.8 26.2858
    endloop
  endfacet
  facet normal 0.19513 0 0.980777
    outer loop
      vertex 96.326 84.8 23.5142
      vertex 96.9 82.4 23.4
      vertex 96.9 84.8 23.4
    endloop
  endfacet
  facet normal 0.19513 0 0.980777
    outer loop
      vertex 96.9 82.4 23.4
      vertex 96.326 84.8 23.5142
      vertex 96.326 82.4 23.5142
    endloop
  endfacet
  facet normal 0.555449 0 0.831551
    outer loop
      vertex 95.8393 84.8 23.8393
      vertex 96.326 82.4 23.5142
      vertex 96.326 84.8 23.5142
    endloop
  endfacet
  facet normal 0.555449 0 0.831551
    outer loop
      vertex 96.326 82.4 23.5142
      vertex 95.8393 84.8 23.8393
      vertex 95.8393 82.4 23.8393
    endloop
  endfacet
  facet normal -0.19513 0 0.980777
    outer loop
      vertex 96.9 84.8 23.4
      vertex 97.474 82.4 23.5142
      vertex 97.474 84.8 23.5142
    endloop
  endfacet
  facet normal -0.19513 0 0.980777
    outer loop
      vertex 97.474 82.4 23.5142
      vertex 96.9 84.8 23.4
      vertex 96.9 82.4 23.4
    endloop
  endfacet
  facet normal 0.831551 0 -0.555449
    outer loop
      vertex 95.8393 82.4 25.9607
      vertex 95.5142 84.8 25.474
      vertex 95.8393 84.8 25.9607
    endloop
  endfacet
  facet normal 0.831551 0 -0.555449
    outer loop
      vertex 95.5142 84.8 25.474
      vertex 95.8393 82.4 25.9607
      vertex 95.5142 82.4 25.474
    endloop
  endfacet
  facet normal -0.555449 0 0.831551
    outer loop
      vertex 97.474 84.8 23.5142
      vertex 97.9607 82.4 23.8393
      vertex 97.9607 84.8 23.8393
    endloop
  endfacet
  facet normal -0.555449 0 0.831551
    outer loop
      vertex 97.9607 82.4 23.8393
      vertex 97.474 84.8 23.5142
      vertex 97.474 82.4 23.5142
    endloop
  endfacet
  facet normal 0.980777 0 -0.19513
    outer loop
      vertex 95.5142 82.4 25.474
      vertex 95.4 84.8 24.9
      vertex 95.5142 84.8 25.474
    endloop
  endfacet
  facet normal 0.980777 0 -0.19513
    outer loop
      vertex 95.4 84.8 24.9
      vertex 95.5142 82.4 25.474
      vertex 95.4 82.4 24.9
    endloop
  endfacet
  facet normal 0.555449 0 -0.831551
    outer loop
      vertex 95.8393 82.4 25.9607
      vertex 96.326 84.8 26.2858
      vertex 96.326 82.4 26.2858
    endloop
  endfacet
  facet normal 0.555449 0 -0.831551
    outer loop
      vertex 96.326 84.8 26.2858
      vertex 95.8393 82.4 25.9607
      vertex 95.8393 84.8 25.9607
    endloop
  endfacet
  facet normal 0.831629 -0 0.555331
    outer loop
      vertex 100.014 82.4 24.326
      vertex 100.339 84.8 23.8393
      vertex 100.014 84.8 24.326
    endloop
  endfacet
  facet normal 0.831629 0 0.555331
    outer loop
      vertex 100.339 84.8 23.8393
      vertex 100.014 82.4 24.326
      vertex 100.339 82.4 23.8393
    endloop
  endfacet
  facet normal -0.831629 0 0.555331
    outer loop
      vertex 102.461 82.4 23.8393
      vertex 102.786 84.8 24.326
      vertex 102.461 84.8 23.8393
    endloop
  endfacet
  facet normal -0.831629 0 0.555331
    outer loop
      vertex 102.786 84.8 24.326
      vertex 102.461 82.4 23.8393
      vertex 102.786 82.4 24.326
    endloop
  endfacet
  facet normal -0.980843 0 0.194802
    outer loop
      vertex 102.786 82.4 24.326
      vertex 102.9 84.8 24.9
      vertex 102.786 84.8 24.326
    endloop
  endfacet
  facet normal -0.980843 0 0.194802
    outer loop
      vertex 102.9 84.8 24.9
      vertex 102.786 82.4 24.326
      vertex 102.9 82.4 24.9
    endloop
  endfacet
  facet normal 0.19513 0 -0.980777
    outer loop
      vertex 100.826 82.4 26.2858
      vertex 101.4 84.8 26.4
      vertex 101.4 82.4 26.4
    endloop
  endfacet
  facet normal 0.19513 0 -0.980777
    outer loop
      vertex 101.4 84.8 26.4
      vertex 100.826 82.4 26.2858
      vertex 100.826 84.8 26.2858
    endloop
  endfacet
  facet normal -0.19513 0 -0.980777
    outer loop
      vertex 101.4 82.4 26.4
      vertex 101.974 84.8 26.2858
      vertex 101.974 82.4 26.2858
    endloop
  endfacet
  facet normal -0.19513 0 -0.980777
    outer loop
      vertex 101.974 84.8 26.2858
      vertex 101.4 82.4 26.4
      vertex 101.4 84.8 26.4
    endloop
  endfacet
  facet normal -0.980843 0 -0.194802
    outer loop
      vertex 102.9 82.4 24.9
      vertex 102.786 84.8 25.474
      vertex 102.9 84.8 24.9
    endloop
  endfacet
  facet normal -0.980843 -0 -0.194802
    outer loop
      vertex 102.786 84.8 25.474
      vertex 102.9 82.4 24.9
      vertex 102.786 82.4 25.474
    endloop
  endfacet
  facet normal -0.831629 0 -0.555331
    outer loop
      vertex 102.786 82.4 25.474
      vertex 102.461 84.8 25.9607
      vertex 102.786 84.8 25.474
    endloop
  endfacet
  facet normal -0.831629 -0 -0.555331
    outer loop
      vertex 102.461 84.8 25.9607
      vertex 102.786 82.4 25.474
      vertex 102.461 82.4 25.9607
    endloop
  endfacet
  facet normal 0.980843 -0 0.194802
    outer loop
      vertex 99.9 82.4 24.9
      vertex 100.014 84.8 24.326
      vertex 99.9 84.8 24.9
    endloop
  endfacet
  facet normal 0.980843 0 0.194802
    outer loop
      vertex 100.014 84.8 24.326
      vertex 99.9 82.4 24.9
      vertex 100.014 82.4 24.326
    endloop
  endfacet
  facet normal -0.555212 0 -0.831709
    outer loop
      vertex 101.974 82.4 26.2858
      vertex 102.461 84.8 25.9607
      vertex 102.461 82.4 25.9607
    endloop
  endfacet
  facet normal -0.555212 0 -0.831709
    outer loop
      vertex 102.461 84.8 25.9607
      vertex 101.974 82.4 26.2858
      vertex 101.974 84.8 26.2858
    endloop
  endfacet
  facet normal 0.19513 0 0.980777
    outer loop
      vertex 100.826 84.8 23.5142
      vertex 101.4 82.4 23.4
      vertex 101.4 84.8 23.4
    endloop
  endfacet
  facet normal 0.19513 0 0.980777
    outer loop
      vertex 101.4 82.4 23.4
      vertex 100.826 84.8 23.5142
      vertex 100.826 82.4 23.5142
    endloop
  endfacet
  facet normal 0.555212 0 0.831709
    outer loop
      vertex 100.339 84.8 23.8393
      vertex 100.826 82.4 23.5142
      vertex 100.826 84.8 23.5142
    endloop
  endfacet
  facet normal 0.555212 0 0.831709
    outer loop
      vertex 100.826 82.4 23.5142
      vertex 100.339 84.8 23.8393
      vertex 100.339 82.4 23.8393
    endloop
  endfacet
  facet normal -0.19513 0 0.980777
    outer loop
      vertex 101.4 84.8 23.4
      vertex 101.974 82.4 23.5142
      vertex 101.974 84.8 23.5142
    endloop
  endfacet
  facet normal -0.19513 0 0.980777
    outer loop
      vertex 101.974 82.4 23.5142
      vertex 101.4 84.8 23.4
      vertex 101.4 82.4 23.4
    endloop
  endfacet
  facet normal -0.555212 0 0.831709
    outer loop
      vertex 101.974 84.8 23.5142
      vertex 102.461 82.4 23.8393
      vertex 102.461 84.8 23.8393
    endloop
  endfacet
  facet normal -0.555212 0 0.831709
    outer loop
      vertex 102.461 82.4 23.8393
      vertex 101.974 84.8 23.5142
      vertex 101.974 82.4 23.5142
    endloop
  endfacet
  facet normal 0.831629 0 -0.555331
    outer loop
      vertex 100.339 82.4 25.9607
      vertex 100.014 84.8 25.474
      vertex 100.339 84.8 25.9607
    endloop
  endfacet
  facet normal 0.831629 0 -0.555331
    outer loop
      vertex 100.014 84.8 25.474
      vertex 100.339 82.4 25.9607
      vertex 100.014 82.4 25.474
    endloop
  endfacet
  facet normal 0.980843 0 -0.194802
    outer loop
      vertex 100.014 82.4 25.474
      vertex 99.9 84.8 24.9
      vertex 100.014 84.8 25.474
    endloop
  endfacet
  facet normal 0.980843 0 -0.194802
    outer loop
      vertex 99.9 84.8 24.9
      vertex 100.014 82.4 25.474
      vertex 99.9 82.4 24.9
    endloop
  endfacet
  facet normal 0.555212 0 -0.831709
    outer loop
      vertex 100.339 82.4 25.9607
      vertex 100.826 84.8 26.2858
      vertex 100.826 82.4 26.2858
    endloop
  endfacet
  facet normal 0.555212 0 -0.831709
    outer loop
      vertex 100.826 84.8 26.2858
      vertex 100.339 82.4 25.9607
      vertex 100.339 84.8 25.9607
    endloop
  endfacet
  facet normal 0.555212 0 0.831709
    outer loop
      vertex 104.839 84.8 23.8393
      vertex 105.326 82.4 23.5142
      vertex 105.326 84.8 23.5142
    endloop
  endfacet
  facet normal 0.555212 0 0.831709
    outer loop
      vertex 105.326 82.4 23.5142
      vertex 104.839 84.8 23.8393
      vertex 104.839 82.4 23.8393
    endloop
  endfacet
  facet normal -0.831629 0 0.555331
    outer loop
      vertex 106.961 82.4 23.8393
      vertex 107.286 84.8 24.326
      vertex 106.961 84.8 23.8393
    endloop
  endfacet
  facet normal -0.831629 0 0.555331
    outer loop
      vertex 107.286 84.8 24.326
      vertex 106.961 82.4 23.8393
      vertex 107.286 82.4 24.326
    endloop
  endfacet
  facet normal -0.980843 0 0.194802
    outer loop
      vertex 107.286 82.4 24.326
      vertex 107.4 84.8 24.9
      vertex 107.286 84.8 24.326
    endloop
  endfacet
  facet normal -0.980843 0 0.194802
    outer loop
      vertex 107.4 84.8 24.9
      vertex 107.286 82.4 24.326
      vertex 107.4 82.4 24.9
    endloop
  endfacet
  facet normal 0.831629 -0 0.555331
    outer loop
      vertex 104.514 82.4 24.326
      vertex 104.839 84.8 23.8393
      vertex 104.514 84.8 24.326
    endloop
  endfacet
  facet normal 0.831629 0 0.555331
    outer loop
      vertex 104.839 84.8 23.8393
      vertex 104.514 82.4 24.326
      vertex 104.839 82.4 23.8393
    endloop
  endfacet
  facet normal 0.19513 0 -0.980777
    outer loop
      vertex 105.326 82.4 26.2858
      vertex 105.9 84.8 26.4
      vertex 105.9 82.4 26.4
    endloop
  endfacet
  facet normal 0.19513 0 -0.980777
    outer loop
      vertex 105.9 84.8 26.4
      vertex 105.326 82.4 26.2858
      vertex 105.326 84.8 26.2858
    endloop
  endfacet
  facet normal -0.19513 0 -0.980777
    outer loop
      vertex 105.9 82.4 26.4
      vertex 106.474 84.8 26.2858
      vertex 106.474 82.4 26.2858
    endloop
  endfacet
  facet normal -0.19513 0 -0.980777
    outer loop
      vertex 106.474 84.8 26.2858
      vertex 105.9 82.4 26.4
      vertex 105.9 84.8 26.4
    endloop
  endfacet
  facet normal -0.555212 0 -0.831709
    outer loop
      vertex 106.474 82.4 26.2858
      vertex 106.961 84.8 25.9607
      vertex 106.961 82.4 25.9607
    endloop
  endfacet
  facet normal -0.555212 0 -0.831709
    outer loop
      vertex 106.961 84.8 25.9607
      vertex 106.474 82.4 26.2858
      vertex 106.474 84.8 26.2858
    endloop
  endfacet
  facet normal -0.831629 0 -0.555331
    outer loop
      vertex 107.286 82.4 25.474
      vertex 106.961 84.8 25.9607
      vertex 107.286 84.8 25.474
    endloop
  endfacet
  facet normal -0.831629 -0 -0.555331
    outer loop
      vertex 106.961 84.8 25.9607
      vertex 107.286 82.4 25.474
      vertex 106.961 82.4 25.9607
    endloop
  endfacet
  facet normal 0.980843 -0 0.194802
    outer loop
      vertex 104.4 82.4 24.9
      vertex 104.514 84.8 24.326
      vertex 104.4 84.8 24.9
    endloop
  endfacet
  facet normal 0.980843 0 0.194802
    outer loop
      vertex 104.514 84.8 24.326
      vertex 104.4 82.4 24.9
      vertex 104.514 82.4 24.326
    endloop
  endfacet
  facet normal -0.980843 0 -0.194802
    outer loop
      vertex 107.4 82.4 24.9
      vertex 107.286 84.8 25.474
      vertex 107.4 84.8 24.9
    endloop
  endfacet
  facet normal -0.980843 -0 -0.194802
    outer loop
      vertex 107.286 84.8 25.474
      vertex 107.4 82.4 24.9
      vertex 107.286 82.4 25.474
    endloop
  endfacet
  facet normal 0.19513 0 0.980777
    outer loop
      vertex 105.326 84.8 23.5142
      vertex 105.9 82.4 23.4
      vertex 105.9 84.8 23.4
    endloop
  endfacet
  facet normal 0.19513 0 0.980777
    outer loop
      vertex 105.9 82.4 23.4
      vertex 105.326 84.8 23.5142
      vertex 105.326 82.4 23.5142
    endloop
  endfacet
  facet normal -0.19513 0 0.980777
    outer loop
      vertex 105.9 84.8 23.4
      vertex 106.474 82.4 23.5142
      vertex 106.474 84.8 23.5142
    endloop
  endfacet
  facet normal -0.19513 0 0.980777
    outer loop
      vertex 106.474 82.4 23.5142
      vertex 105.9 84.8 23.4
      vertex 105.9 82.4 23.4
    endloop
  endfacet
  facet normal -0.555212 0 0.831709
    outer loop
      vertex 106.474 84.8 23.5142
      vertex 106.961 82.4 23.8393
      vertex 106.961 84.8 23.8393
    endloop
  endfacet
  facet normal -0.555212 0 0.831709
    outer loop
      vertex 106.961 82.4 23.8393
      vertex 106.474 84.8 23.5142
      vertex 106.474 82.4 23.5142
    endloop
  endfacet
  facet normal 0.831629 0 -0.555331
    outer loop
      vertex 104.839 82.4 25.9607
      vertex 104.514 84.8 25.474
      vertex 104.839 84.8 25.9607
    endloop
  endfacet
  facet normal 0.831629 0 -0.555331
    outer loop
      vertex 104.514 84.8 25.474
      vertex 104.839 82.4 25.9607
      vertex 104.514 82.4 25.474
    endloop
  endfacet
  facet normal 0.980843 0 -0.194802
    outer loop
      vertex 104.514 82.4 25.474
      vertex 104.4 84.8 24.9
      vertex 104.514 84.8 25.474
    endloop
  endfacet
  facet normal 0.980843 0 -0.194802
    outer loop
      vertex 104.4 84.8 24.9
      vertex 104.514 82.4 25.474
      vertex 104.4 82.4 24.9
    endloop
  endfacet
  facet normal 0.555212 0 -0.831709
    outer loop
      vertex 104.839 82.4 25.9607
      vertex 105.326 84.8 26.2858
      vertex 105.326 82.4 26.2858
    endloop
  endfacet
  facet normal 0.555212 0 -0.831709
    outer loop
      vertex 105.326 84.8 26.2858
      vertex 104.839 82.4 25.9607
      vertex 104.839 84.8 25.9607
    endloop
  endfacet
  facet normal -0.831629 0 0.555331
    outer loop
      vertex 111.461 82.4 23.8393
      vertex 111.786 84.8 24.326
      vertex 111.461 84.8 23.8393
    endloop
  endfacet
  facet normal -0.831629 0 0.555331
    outer loop
      vertex 111.786 84.8 24.326
      vertex 111.461 82.4 23.8393
      vertex 111.786 82.4 24.326
    endloop
  endfacet
  facet normal -0.980843 0 0.194802
    outer loop
      vertex 111.786 82.4 24.326
      vertex 111.9 84.8 24.9
      vertex 111.786 84.8 24.326
    endloop
  endfacet
  facet normal -0.980843 0 0.194802
    outer loop
      vertex 111.9 84.8 24.9
      vertex 111.786 82.4 24.326
      vertex 111.9 82.4 24.9
    endloop
  endfacet
  facet normal -0.555212 0 0.831709
    outer loop
      vertex 110.974 84.8 23.5142
      vertex 111.461 82.4 23.8393
      vertex 111.461 84.8 23.8393
    endloop
  endfacet
  facet normal -0.555212 0 0.831709
    outer loop
      vertex 111.461 82.4 23.8393
      vertex 110.974 84.8 23.5142
      vertex 110.974 82.4 23.5142
    endloop
  endfacet
  facet normal -0.19513 0 0.980777
    outer loop
      vertex 110.4 84.8 23.4
      vertex 110.974 82.4 23.5142
      vertex 110.974 84.8 23.5142
    endloop
  endfacet
  facet normal -0.19513 0 0.980777
    outer loop
      vertex 110.974 82.4 23.5142
      vertex 110.4 84.8 23.4
      vertex 110.4 82.4 23.4
    endloop
  endfacet
  facet normal 0.831629 0 -0.555331
    outer loop
      vertex 109.339 82.4 25.9607
      vertex 109.014 84.8 25.474
      vertex 109.339 84.8 25.9607
    endloop
  endfacet
  facet normal 0.831629 0 -0.555331
    outer loop
      vertex 109.014 84.8 25.474
      vertex 109.339 82.4 25.9607
      vertex 109.014 82.4 25.474
    endloop
  endfacet
  facet normal -0.831629 0 -0.555331
    outer loop
      vertex 111.786 82.4 25.474
      vertex 111.461 84.8 25.9607
      vertex 111.786 84.8 25.474
    endloop
  endfacet
  facet normal -0.831629 -0 -0.555331
    outer loop
      vertex 111.461 84.8 25.9607
      vertex 111.786 82.4 25.474
      vertex 111.461 82.4 25.9607
    endloop
  endfacet
  facet normal 0.555212 0 0.831709
    outer loop
      vertex 109.339 84.8 23.8393
      vertex 109.826 82.4 23.5142
      vertex 109.826 84.8 23.5142
    endloop
  endfacet
  facet normal 0.555212 0 0.831709
    outer loop
      vertex 109.826 82.4 23.5142
      vertex 109.339 84.8 23.8393
      vertex 109.339 82.4 23.8393
    endloop
  endfacet
  facet normal -0.555212 0 -0.831709
    outer loop
      vertex 110.974 82.4 26.2858
      vertex 111.461 84.8 25.9607
      vertex 111.461 82.4 25.9607
    endloop
  endfacet
  facet normal -0.555212 0 -0.831709
    outer loop
      vertex 111.461 84.8 25.9607
      vertex 110.974 82.4 26.2858
      vertex 110.974 84.8 26.2858
    endloop
  endfacet
  facet normal 0.555212 0 -0.831709
    outer loop
      vertex 109.339 82.4 25.9607
      vertex 109.826 84.8 26.2858
      vertex 109.826 82.4 26.2858
    endloop
  endfacet
  facet normal 0.555212 0 -0.831709
    outer loop
      vertex 109.826 84.8 26.2858
      vertex 109.339 82.4 25.9607
      vertex 109.339 84.8 25.9607
    endloop
  endfacet
  facet normal 0.831629 -0 0.555331
    outer loop
      vertex 109.014 82.4 24.326
      vertex 109.339 84.8 23.8393
      vertex 109.014 84.8 24.326
    endloop
  endfacet
  facet normal 0.831629 0 0.555331
    outer loop
      vertex 109.339 84.8 23.8393
      vertex 109.014 82.4 24.326
      vertex 109.339 82.4 23.8393
    endloop
  endfacet
  facet normal -0.19513 0 -0.980777
    outer loop
      vertex 110.4 82.4 26.4
      vertex 110.974 84.8 26.2858
      vertex 110.974 82.4 26.2858
    endloop
  endfacet
  facet normal -0.19513 0 -0.980777
    outer loop
      vertex 110.974 84.8 26.2858
      vertex 110.4 82.4 26.4
      vertex 110.4 84.8 26.4
    endloop
  endfacet
  facet normal -0.980843 0 -0.194802
    outer loop
      vertex 111.9 82.4 24.9
      vertex 111.786 84.8 25.474
      vertex 111.9 84.8 24.9
    endloop
  endfacet
  facet normal -0.980843 -0 -0.194802
    outer loop
      vertex 111.786 84.8 25.474
      vertex 111.9 82.4 24.9
      vertex 111.786 82.4 25.474
    endloop
  endfacet
  facet normal 0.980843 0 -0.194802
    outer loop
      vertex 109.014 82.4 25.474
      vertex 108.9 84.8 24.9
      vertex 109.014 84.8 25.474
    endloop
  endfacet
  facet normal 0.980843 0 -0.194802
    outer loop
      vertex 108.9 84.8 24.9
      vertex 109.014 82.4 25.474
      vertex 108.9 82.4 24.9
    endloop
  endfacet
  facet normal 0.19513 0 0.980777
    outer loop
      vertex 109.826 84.8 23.5142
      vertex 110.4 82.4 23.4
      vertex 110.4 84.8 23.4
    endloop
  endfacet
  facet normal 0.19513 0 0.980777
    outer loop
      vertex 110.4 82.4 23.4
      vertex 109.826 84.8 23.5142
      vertex 109.826 82.4 23.5142
    endloop
  endfacet
  facet normal 0.980843 -0 0.194802
    outer loop
      vertex 108.9 82.4 24.9
      vertex 109.014 84.8 24.326
      vertex 108.9 84.8 24.9
    endloop
  endfacet
  facet normal 0.980843 0 0.194802
    outer loop
      vertex 109.014 84.8 24.326
      vertex 108.9 82.4 24.9
      vertex 109.014 82.4 24.326
    endloop
  endfacet
  facet normal 0.19513 0 -0.980777
    outer loop
      vertex 109.826 82.4 26.2858
      vertex 110.4 84.8 26.4
      vertex 110.4 82.4 26.4
    endloop
  endfacet
  facet normal 0.19513 0 -0.980777
    outer loop
      vertex 110.4 84.8 26.4
      vertex 109.826 82.4 26.2858
      vertex 109.826 84.8 26.2858
    endloop
  endfacet
  facet normal -0.831629 0 0.555331
    outer loop
      vertex 115.961 82.4 23.8393
      vertex 116.286 84.8 24.326
      vertex 115.961 84.8 23.8393
    endloop
  endfacet
  facet normal -0.831629 0 0.555331
    outer loop
      vertex 116.286 84.8 24.326
      vertex 115.961 82.4 23.8393
      vertex 116.286 82.4 24.326
    endloop
  endfacet
  facet normal -0.980843 0 0.194802
    outer loop
      vertex 116.286 82.4 24.326
      vertex 116.4 84.8 24.9
      vertex 116.286 84.8 24.326
    endloop
  endfacet
  facet normal -0.980843 0 0.194802
    outer loop
      vertex 116.4 84.8 24.9
      vertex 116.286 82.4 24.326
      vertex 116.4 82.4 24.9
    endloop
  endfacet
  facet normal -0.555212 0 0.831709
    outer loop
      vertex 115.474 84.8 23.5142
      vertex 115.961 82.4 23.8393
      vertex 115.961 84.8 23.8393
    endloop
  endfacet
  facet normal -0.555212 0 0.831709
    outer loop
      vertex 115.961 82.4 23.8393
      vertex 115.474 84.8 23.5142
      vertex 115.474 82.4 23.5142
    endloop
  endfacet
  facet normal -0.19513 0 0.980777
    outer loop
      vertex 114.9 84.8 23.4
      vertex 115.474 82.4 23.5142
      vertex 115.474 84.8 23.5142
    endloop
  endfacet
  facet normal -0.19513 0 0.980777
    outer loop
      vertex 115.474 82.4 23.5142
      vertex 114.9 84.8 23.4
      vertex 114.9 82.4 23.4
    endloop
  endfacet
  facet normal 0.831629 0 -0.555331
    outer loop
      vertex 113.839 82.4 25.9607
      vertex 113.514 84.8 25.474
      vertex 113.839 84.8 25.9607
    endloop
  endfacet
  facet normal 0.831629 0 -0.555331
    outer loop
      vertex 113.514 84.8 25.474
      vertex 113.839 82.4 25.9607
      vertex 113.514 82.4 25.474
    endloop
  endfacet
  facet normal -0.831629 0 -0.555331
    outer loop
      vertex 116.286 82.4 25.474
      vertex 115.961 84.8 25.9607
      vertex 116.286 84.8 25.474
    endloop
  endfacet
  facet normal -0.831629 -0 -0.555331
    outer loop
      vertex 115.961 84.8 25.9607
      vertex 116.286 82.4 25.474
      vertex 115.961 82.4 25.9607
    endloop
  endfacet
  facet normal 0.555212 0 0.831709
    outer loop
      vertex 113.839 84.8 23.8393
      vertex 114.326 82.4 23.5142
      vertex 114.326 84.8 23.5142
    endloop
  endfacet
  facet normal 0.555212 0 0.831709
    outer loop
      vertex 114.326 82.4 23.5142
      vertex 113.839 84.8 23.8393
      vertex 113.839 82.4 23.8393
    endloop
  endfacet
  facet normal -0.555212 0 -0.831709
    outer loop
      vertex 115.474 82.4 26.2858
      vertex 115.961 84.8 25.9607
      vertex 115.961 82.4 25.9607
    endloop
  endfacet
  facet normal -0.555212 0 -0.831709
    outer loop
      vertex 115.961 84.8 25.9607
      vertex 115.474 82.4 26.2858
      vertex 115.474 84.8 26.2858
    endloop
  endfacet
  facet normal 0.555212 0 -0.831709
    outer loop
      vertex 113.839 82.4 25.9607
      vertex 114.326 84.8 26.2858
      vertex 114.326 82.4 26.2858
    endloop
  endfacet
  facet normal 0.555212 0 -0.831709
    outer loop
      vertex 114.326 84.8 26.2858
      vertex 113.839 82.4 25.9607
      vertex 113.839 84.8 25.9607
    endloop
  endfacet
  facet normal 0.831629 -0 0.555331
    outer loop
      vertex 113.514 82.4 24.326
      vertex 113.839 84.8 23.8393
      vertex 113.514 84.8 24.326
    endloop
  endfacet
  facet normal 0.831629 0 0.555331
    outer loop
      vertex 113.839 84.8 23.8393
      vertex 113.514 82.4 24.326
      vertex 113.839 82.4 23.8393
    endloop
  endfacet
  facet normal -0.19513 0 -0.980777
    outer loop
      vertex 114.9 82.4 26.4
      vertex 115.474 84.8 26.2858
      vertex 115.474 82.4 26.2858
    endloop
  endfacet
  facet normal -0.19513 0 -0.980777
    outer loop
      vertex 115.474 84.8 26.2858
      vertex 114.9 82.4 26.4
      vertex 114.9 84.8 26.4
    endloop
  endfacet
  facet normal -0.980843 0 -0.194802
    outer loop
      vertex 116.4 82.4 24.9
      vertex 116.286 84.8 25.474
      vertex 116.4 84.8 24.9
    endloop
  endfacet
  facet normal -0.980843 -0 -0.194802
    outer loop
      vertex 116.286 84.8 25.474
      vertex 116.4 82.4 24.9
      vertex 116.286 82.4 25.474
    endloop
  endfacet
  facet normal 0.980843 0 -0.194802
    outer loop
      vertex 113.514 82.4 25.474
      vertex 113.4 84.8 24.9
      vertex 113.514 84.8 25.474
    endloop
  endfacet
  facet normal 0.980843 0 -0.194802
    outer loop
      vertex 113.4 84.8 24.9
      vertex 113.514 82.4 25.474
      vertex 113.4 82.4 24.9
    endloop
  endfacet
  facet normal 0.19513 0 0.980777
    outer loop
      vertex 114.326 84.8 23.5142
      vertex 114.9 82.4 23.4
      vertex 114.9 84.8 23.4
    endloop
  endfacet
  facet normal 0.19513 0 0.980777
    outer loop
      vertex 114.9 82.4 23.4
      vertex 114.326 84.8 23.5142
      vertex 114.326 82.4 23.5142
    endloop
  endfacet
  facet normal 0.980843 -0 0.194802
    outer loop
      vertex 113.4 82.4 24.9
      vertex 113.514 84.8 24.326
      vertex 113.4 84.8 24.9
    endloop
  endfacet
  facet normal 0.980843 0 0.194802
    outer loop
      vertex 113.514 84.8 24.326
      vertex 113.4 82.4 24.9
      vertex 113.514 82.4 24.326
    endloop
  endfacet
  facet normal 0.19513 0 -0.980777
    outer loop
      vertex 114.326 82.4 26.2858
      vertex 114.9 84.8 26.4
      vertex 114.9 82.4 26.4
    endloop
  endfacet
  facet normal 0.19513 0 -0.980777
    outer loop
      vertex 114.9 84.8 26.4
      vertex 114.326 82.4 26.2858
      vertex 114.326 84.8 26.2858
    endloop
  endfacet
  facet normal -0.831629 0 0.555331
    outer loop
      vertex 120.461 82.4 23.8393
      vertex 120.786 84.8 24.326
      vertex 120.461 84.8 23.8393
    endloop
  endfacet
  facet normal -0.831629 0 0.555331
    outer loop
      vertex 120.786 84.8 24.326
      vertex 120.461 82.4 23.8393
      vertex 120.786 82.4 24.326
    endloop
  endfacet
  facet normal -0.980843 0 0.194802
    outer loop
      vertex 120.786 82.4 24.326
      vertex 120.9 84.8 24.9
      vertex 120.786 84.8 24.326
    endloop
  endfacet
  facet normal -0.980843 0 0.194802
    outer loop
      vertex 120.9 84.8 24.9
      vertex 120.786 82.4 24.326
      vertex 120.9 82.4 24.9
    endloop
  endfacet
  facet normal -0.555212 0 0.831709
    outer loop
      vertex 119.974 84.8 23.5142
      vertex 120.461 82.4 23.8393
      vertex 120.461 84.8 23.8393
    endloop
  endfacet
  facet normal -0.555212 0 0.831709
    outer loop
      vertex 120.461 82.4 23.8393
      vertex 119.974 84.8 23.5142
      vertex 119.974 82.4 23.5142
    endloop
  endfacet
  facet normal -0.19513 0 0.980777
    outer loop
      vertex 119.4 84.8 23.4
      vertex 119.974 82.4 23.5142
      vertex 119.974 84.8 23.5142
    endloop
  endfacet
  facet normal -0.19513 0 0.980777
    outer loop
      vertex 119.974 82.4 23.5142
      vertex 119.4 84.8 23.4
      vertex 119.4 82.4 23.4
    endloop
  endfacet
  facet normal 0.831629 0 -0.555331
    outer loop
      vertex 118.339 82.4 25.9607
      vertex 118.014 84.8 25.474
      vertex 118.339 84.8 25.9607
    endloop
  endfacet
  facet normal 0.831629 0 -0.555331
    outer loop
      vertex 118.014 84.8 25.474
      vertex 118.339 82.4 25.9607
      vertex 118.014 82.4 25.474
    endloop
  endfacet
  facet normal -0.831629 0 -0.555331
    outer loop
      vertex 120.786 82.4 25.474
      vertex 120.461 84.8 25.9607
      vertex 120.786 84.8 25.474
    endloop
  endfacet
  facet normal -0.831629 -0 -0.555331
    outer loop
      vertex 120.461 84.8 25.9607
      vertex 120.786 82.4 25.474
      vertex 120.461 82.4 25.9607
    endloop
  endfacet
  facet normal 0.555212 0 0.831709
    outer loop
      vertex 118.339 84.8 23.8393
      vertex 118.826 82.4 23.5142
      vertex 118.826 84.8 23.5142
    endloop
  endfacet
  facet normal 0.555212 0 0.831709
    outer loop
      vertex 118.826 82.4 23.5142
      vertex 118.339 84.8 23.8393
      vertex 118.339 82.4 23.8393
    endloop
  endfacet
  facet normal -0.555212 0 -0.831709
    outer loop
      vertex 119.974 82.4 26.2858
      vertex 120.461 84.8 25.9607
      vertex 120.461 82.4 25.9607
    endloop
  endfacet
  facet normal -0.555212 0 -0.831709
    outer loop
      vertex 120.461 84.8 25.9607
      vertex 119.974 82.4 26.2858
      vertex 119.974 84.8 26.2858
    endloop
  endfacet
  facet normal 0.555212 0 -0.831709
    outer loop
      vertex 118.339 82.4 25.9607
      vertex 118.826 84.8 26.2858
      vertex 118.826 82.4 26.2858
    endloop
  endfacet
  facet normal 0.555212 0 -0.831709
    outer loop
      vertex 118.826 84.8 26.2858
      vertex 118.339 82.4 25.9607
      vertex 118.339 84.8 25.9607
    endloop
  endfacet
  facet normal 0.831629 -0 0.555331
    outer loop
      vertex 118.014 82.4 24.326
      vertex 118.339 84.8 23.8393
      vertex 118.014 84.8 24.326
    endloop
  endfacet
  facet normal 0.831629 0 0.555331
    outer loop
      vertex 118.339 84.8 23.8393
      vertex 118.014 82.4 24.326
      vertex 118.339 82.4 23.8393
    endloop
  endfacet
  facet normal -0.19513 0 -0.980777
    outer loop
      vertex 119.4 82.4 26.4
      vertex 119.974 84.8 26.2858
      vertex 119.974 82.4 26.2858
    endloop
  endfacet
  facet normal -0.19513 0 -0.980777
    outer loop
      vertex 119.974 84.8 26.2858
      vertex 119.4 82.4 26.4
      vertex 119.4 84.8 26.4
    endloop
  endfacet
  facet normal -0.980843 0 -0.194802
    outer loop
      vertex 120.9 82.4 24.9
      vertex 120.786 84.8 25.474
      vertex 120.9 84.8 24.9
    endloop
  endfacet
  facet normal -0.980843 -0 -0.194802
    outer loop
      vertex 120.786 84.8 25.474
      vertex 120.9 82.4 24.9
      vertex 120.786 82.4 25.474
    endloop
  endfacet
  facet normal 0.980843 0 -0.194802
    outer loop
      vertex 118.014 82.4 25.474
      vertex 117.9 84.8 24.9
      vertex 118.014 84.8 25.474
    endloop
  endfacet
  facet normal 0.980843 0 -0.194802
    outer loop
      vertex 117.9 84.8 24.9
      vertex 118.014 82.4 25.474
      vertex 117.9 82.4 24.9
    endloop
  endfacet
  facet normal 0.19513 0 0.980777
    outer loop
      vertex 118.826 84.8 23.5142
      vertex 119.4 82.4 23.4
      vertex 119.4 84.8 23.4
    endloop
  endfacet
  facet normal 0.19513 0 0.980777
    outer loop
      vertex 119.4 82.4 23.4
      vertex 118.826 84.8 23.5142
      vertex 118.826 82.4 23.5142
    endloop
  endfacet
  facet normal 0.980843 -0 0.194802
    outer loop
      vertex 117.9 82.4 24.9
      vertex 118.014 84.8 24.326
      vertex 117.9 84.8 24.9
    endloop
  endfacet
  facet normal 0.980843 0 0.194802
    outer loop
      vertex 118.014 84.8 24.326
      vertex 117.9 82.4 24.9
      vertex 118.014 82.4 24.326
    endloop
  endfacet
  facet normal 0.19513 0 -0.980777
    outer loop
      vertex 118.826 82.4 26.2858
      vertex 119.4 84.8 26.4
      vertex 119.4 82.4 26.4
    endloop
  endfacet
  facet normal 0.19513 0 -0.980777
    outer loop
      vertex 119.4 84.8 26.4
      vertex 118.826 82.4 26.2858
      vertex 118.826 84.8 26.2858
    endloop
  endfacet
  facet normal 0.980777 -0 0.19513
    outer loop
      vertex 88.65 82.4 21.0029
      vertex 88.7642 84.8 20.4289
      vertex 88.65 84.8 21.0029
    endloop
  endfacet
  facet normal 0.980777 0 0.19513
    outer loop
      vertex 88.7642 84.8 20.4289
      vertex 88.65 82.4 21.0029
      vertex 88.7642 82.4 20.4289
    endloop
  endfacet
  facet normal -0.831551 0 0.555449
    outer loop
      vertex 91.2107 82.4 19.9422
      vertex 91.5358 84.8 20.4289
      vertex 91.2107 84.8 19.9422
    endloop
  endfacet
  facet normal -0.831551 0 0.555449
    outer loop
      vertex 91.5358 84.8 20.4289
      vertex 91.2107 82.4 19.9422
      vertex 91.5358 82.4 20.4289
    endloop
  endfacet
  facet normal -0.980777 0 0.19513
    outer loop
      vertex 91.5358 82.4 20.4289
      vertex 91.65 84.8 21.0029
      vertex 91.5358 84.8 20.4289
    endloop
  endfacet
  facet normal -0.980777 0 0.19513
    outer loop
      vertex 91.65 84.8 21.0029
      vertex 91.5358 82.4 20.4289
      vertex 91.65 82.4 21.0029
    endloop
  endfacet
  facet normal 0.19513 0 -0.980777
    outer loop
      vertex 89.576 82.4 22.3887
      vertex 90.15 84.8 22.5029
      vertex 90.15 82.4 22.5029
    endloop
  endfacet
  facet normal 0.19513 0 -0.980777
    outer loop
      vertex 90.15 84.8 22.5029
      vertex 89.576 82.4 22.3887
      vertex 89.576 84.8 22.3887
    endloop
  endfacet
  facet normal -0.555567 0 -0.831472
    outer loop
      vertex 90.724 82.4 22.3887
      vertex 91.2107 84.8 22.0635
      vertex 91.2107 82.4 22.0635
    endloop
  endfacet
  facet normal -0.555567 0 -0.831472
    outer loop
      vertex 91.2107 84.8 22.0635
      vertex 90.724 82.4 22.3887
      vertex 90.724 84.8 22.3887
    endloop
  endfacet
  facet normal 0.555449 0 0.831551
    outer loop
      vertex 89.0893 84.8 19.9422
      vertex 89.576 82.4 19.6171
      vertex 89.576 84.8 19.6171
    endloop
  endfacet
  facet normal 0.555449 0 0.831551
    outer loop
      vertex 89.576 82.4 19.6171
      vertex 89.0893 84.8 19.9422
      vertex 89.0893 82.4 19.9422
    endloop
  endfacet
  facet normal -0.980777 0 -0.19513
    outer loop
      vertex 91.65 82.4 21.0029
      vertex 91.5358 84.8 21.5769
      vertex 91.65 84.8 21.0029
    endloop
  endfacet
  facet normal -0.980777 -0 -0.19513
    outer loop
      vertex 91.5358 84.8 21.5769
      vertex 91.65 82.4 21.0029
      vertex 91.5358 82.4 21.5769
    endloop
  endfacet
  facet normal -0.19513 0 -0.980777
    outer loop
      vertex 90.15 82.4 22.5029
      vertex 90.724 84.8 22.3887
      vertex 90.724 82.4 22.3887
    endloop
  endfacet
  facet normal -0.19513 0 -0.980777
    outer loop
      vertex 90.724 84.8 22.3887
      vertex 90.15 82.4 22.5029
      vertex 90.15 84.8 22.5029
    endloop
  endfacet
  facet normal -0.831498 0 -0.555528
    outer loop
      vertex 91.5358 82.4 21.5769
      vertex 91.2107 84.8 22.0635
      vertex 91.5358 84.8 21.5769
    endloop
  endfacet
  facet normal -0.831498 -0 -0.555528
    outer loop
      vertex 91.2107 84.8 22.0635
      vertex 91.5358 82.4 21.5769
      vertex 91.2107 82.4 22.0635
    endloop
  endfacet
  facet normal -0.19513 0 0.980777
    outer loop
      vertex 90.15 84.8 19.5029
      vertex 90.724 82.4 19.6171
      vertex 90.724 84.8 19.6171
    endloop
  endfacet
  facet normal -0.19513 0 0.980777
    outer loop
      vertex 90.724 82.4 19.6171
      vertex 90.15 84.8 19.5029
      vertex 90.15 82.4 19.5029
    endloop
  endfacet
  facet normal 0.19513 0 0.980777
    outer loop
      vertex 89.576 84.8 19.6171
      vertex 90.15 82.4 19.5029
      vertex 90.15 84.8 19.5029
    endloop
  endfacet
  facet normal 0.19513 0 0.980777
    outer loop
      vertex 90.15 82.4 19.5029
      vertex 89.576 84.8 19.6171
      vertex 89.576 82.4 19.6171
    endloop
  endfacet
  facet normal 0.831551 -0 0.555449
    outer loop
      vertex 88.7642 82.4 20.4289
      vertex 89.0893 84.8 19.9422
      vertex 88.7642 84.8 20.4289
    endloop
  endfacet
  facet normal 0.831551 0 0.555449
    outer loop
      vertex 89.0893 84.8 19.9422
      vertex 88.7642 82.4 20.4289
      vertex 89.0893 82.4 19.9422
    endloop
  endfacet
  facet normal -0.555449 0 0.831551
    outer loop
      vertex 90.724 84.8 19.6171
      vertex 91.2107 82.4 19.9422
      vertex 91.2107 84.8 19.9422
    endloop
  endfacet
  facet normal -0.555449 0 0.831551
    outer loop
      vertex 91.2107 82.4 19.9422
      vertex 90.724 84.8 19.6171
      vertex 90.724 82.4 19.6171
    endloop
  endfacet
  facet normal 0.831498 0 -0.555528
    outer loop
      vertex 89.0893 82.4 22.0635
      vertex 88.7642 84.8 21.5769
      vertex 89.0893 84.8 22.0635
    endloop
  endfacet
  facet normal 0.831498 0 -0.555528
    outer loop
      vertex 88.7642 84.8 21.5769
      vertex 89.0893 82.4 22.0635
      vertex 88.7642 82.4 21.5769
    endloop
  endfacet
  facet normal 0.980777 0 -0.19513
    outer loop
      vertex 88.7642 82.4 21.5769
      vertex 88.65 84.8 21.0029
      vertex 88.7642 84.8 21.5769
    endloop
  endfacet
  facet normal 0.980777 0 -0.19513
    outer loop
      vertex 88.65 84.8 21.0029
      vertex 88.7642 82.4 21.5769
      vertex 88.65 82.4 21.0029
    endloop
  endfacet
  facet normal 0.555567 0 -0.831472
    outer loop
      vertex 89.0893 82.4 22.0635
      vertex 89.576 84.8 22.3887
      vertex 89.576 82.4 22.3887
    endloop
  endfacet
  facet normal 0.555567 0 -0.831472
    outer loop
      vertex 89.576 84.8 22.3887
      vertex 89.0893 82.4 22.0635
      vertex 89.0893 84.8 22.0635
    endloop
  endfacet
  facet normal 0.980777 -0 0.19513
    outer loop
      vertex 93.15 82.4 21.0029
      vertex 93.2642 84.8 20.4289
      vertex 93.15 84.8 21.0029
    endloop
  endfacet
  facet normal 0.980777 0 0.19513
    outer loop
      vertex 93.2642 84.8 20.4289
      vertex 93.15 82.4 21.0029
      vertex 93.2642 82.4 20.4289
    endloop
  endfacet
  facet normal -0.831551 0 0.555449
    outer loop
      vertex 95.7107 82.4 19.9422
      vertex 96.0358 84.8 20.4289
      vertex 95.7107 84.8 19.9422
    endloop
  endfacet
  facet normal -0.831551 0 0.555449
    outer loop
      vertex 96.0358 84.8 20.4289
      vertex 95.7107 82.4 19.9422
      vertex 96.0358 82.4 20.4289
    endloop
  endfacet
  facet normal -0.980777 0 0.19513
    outer loop
      vertex 96.0358 82.4 20.4289
      vertex 96.15 84.8 21.0029
      vertex 96.0358 84.8 20.4289
    endloop
  endfacet
  facet normal -0.980777 0 0.19513
    outer loop
      vertex 96.15 84.8 21.0029
      vertex 96.0358 82.4 20.4289
      vertex 96.15 82.4 21.0029
    endloop
  endfacet
  facet normal 0.19513 0 -0.980777
    outer loop
      vertex 94.076 82.4 22.3887
      vertex 94.65 84.8 22.5029
      vertex 94.65 82.4 22.5029
    endloop
  endfacet
  facet normal 0.19513 0 -0.980777
    outer loop
      vertex 94.65 84.8 22.5029
      vertex 94.076 82.4 22.3887
      vertex 94.076 84.8 22.3887
    endloop
  endfacet
  facet normal -0.555567 0 -0.831472
    outer loop
      vertex 95.224 82.4 22.3887
      vertex 95.7107 84.8 22.0635
      vertex 95.7107 82.4 22.0635
    endloop
  endfacet
  facet normal -0.555567 0 -0.831472
    outer loop
      vertex 95.7107 84.8 22.0635
      vertex 95.224 82.4 22.3887
      vertex 95.224 84.8 22.3887
    endloop
  endfacet
  facet normal 0.555449 0 0.831551
    outer loop
      vertex 93.5893 84.8 19.9422
      vertex 94.076 82.4 19.6171
      vertex 94.076 84.8 19.6171
    endloop
  endfacet
  facet normal 0.555449 0 0.831551
    outer loop
      vertex 94.076 82.4 19.6171
      vertex 93.5893 84.8 19.9422
      vertex 93.5893 82.4 19.9422
    endloop
  endfacet
  facet normal -0.980777 0 -0.19513
    outer loop
      vertex 96.15 82.4 21.0029
      vertex 96.0358 84.8 21.5769
      vertex 96.15 84.8 21.0029
    endloop
  endfacet
  facet normal -0.980777 -0 -0.19513
    outer loop
      vertex 96.0358 84.8 21.5769
      vertex 96.15 82.4 21.0029
      vertex 96.0358 82.4 21.5769
    endloop
  endfacet
  facet normal -0.19513 0 -0.980777
    outer loop
      vertex 94.65 82.4 22.5029
      vertex 95.224 84.8 22.3887
      vertex 95.224 82.4 22.3887
    endloop
  endfacet
  facet normal -0.19513 0 -0.980777
    outer loop
      vertex 95.224 84.8 22.3887
      vertex 94.65 82.4 22.5029
      vertex 94.65 84.8 22.5029
    endloop
  endfacet
  facet normal -0.831498 0 -0.555528
    outer loop
      vertex 96.0358 82.4 21.5769
      vertex 95.7107 84.8 22.0635
      vertex 96.0358 84.8 21.5769
    endloop
  endfacet
  facet normal -0.831498 -0 -0.555528
    outer loop
      vertex 95.7107 84.8 22.0635
      vertex 96.0358 82.4 21.5769
      vertex 95.7107 82.4 22.0635
    endloop
  endfacet
  facet normal -0.19513 0 0.980777
    outer loop
      vertex 94.65 84.8 19.5029
      vertex 95.224 82.4 19.6171
      vertex 95.224 84.8 19.6171
    endloop
  endfacet
  facet normal -0.19513 0 0.980777
    outer loop
      vertex 95.224 82.4 19.6171
      vertex 94.65 84.8 19.5029
      vertex 94.65 82.4 19.5029
    endloop
  endfacet
  facet normal 0.19513 0 0.980777
    outer loop
      vertex 94.076 84.8 19.6171
      vertex 94.65 82.4 19.5029
      vertex 94.65 84.8 19.5029
    endloop
  endfacet
  facet normal 0.19513 0 0.980777
    outer loop
      vertex 94.65 82.4 19.5029
      vertex 94.076 84.8 19.6171
      vertex 94.076 82.4 19.6171
    endloop
  endfacet
  facet normal 0.831551 -0 0.555449
    outer loop
      vertex 93.2642 82.4 20.4289
      vertex 93.5893 84.8 19.9422
      vertex 93.2642 84.8 20.4289
    endloop
  endfacet
  facet normal 0.831551 0 0.555449
    outer loop
      vertex 93.5893 84.8 19.9422
      vertex 93.2642 82.4 20.4289
      vertex 93.5893 82.4 19.9422
    endloop
  endfacet
  facet normal -0.555449 0 0.831551
    outer loop
      vertex 95.224 84.8 19.6171
      vertex 95.7107 82.4 19.9422
      vertex 95.7107 84.8 19.9422
    endloop
  endfacet
  facet normal -0.555449 0 0.831551
    outer loop
      vertex 95.7107 82.4 19.9422
      vertex 95.224 84.8 19.6171
      vertex 95.224 82.4 19.6171
    endloop
  endfacet
  facet normal 0.831498 0 -0.555528
    outer loop
      vertex 93.5893 82.4 22.0635
      vertex 93.2642 84.8 21.5769
      vertex 93.5893 84.8 22.0635
    endloop
  endfacet
  facet normal 0.831498 0 -0.555528
    outer loop
      vertex 93.2642 84.8 21.5769
      vertex 93.5893 82.4 22.0635
      vertex 93.2642 82.4 21.5769
    endloop
  endfacet
  facet normal 0.980777 0 -0.19513
    outer loop
      vertex 93.2642 82.4 21.5769
      vertex 93.15 84.8 21.0029
      vertex 93.2642 84.8 21.5769
    endloop
  endfacet
  facet normal 0.980777 0 -0.19513
    outer loop
      vertex 93.15 84.8 21.0029
      vertex 93.2642 82.4 21.5769
      vertex 93.15 82.4 21.0029
    endloop
  endfacet
  facet normal 0.555567 0 -0.831472
    outer loop
      vertex 93.5893 82.4 22.0635
      vertex 94.076 84.8 22.3887
      vertex 94.076 82.4 22.3887
    endloop
  endfacet
  facet normal 0.555567 0 -0.831472
    outer loop
      vertex 94.076 84.8 22.3887
      vertex 93.5893 82.4 22.0635
      vertex 93.5893 84.8 22.0635
    endloop
  endfacet
  facet normal 0.980777 -0 0.19513
    outer loop
      vertex 97.65 82.4 21.0029
      vertex 97.7642 84.8 20.4289
      vertex 97.65 84.8 21.0029
    endloop
  endfacet
  facet normal 0.980777 0 0.19513
    outer loop
      vertex 97.7642 84.8 20.4289
      vertex 97.65 82.4 21.0029
      vertex 97.7642 82.4 20.4289
    endloop
  endfacet
  facet normal -0.831629 0 0.555331
    outer loop
      vertex 100.211 82.4 19.9422
      vertex 100.536 84.8 20.4289
      vertex 100.211 84.8 19.9422
    endloop
  endfacet
  facet normal -0.831629 0 0.555331
    outer loop
      vertex 100.536 84.8 20.4289
      vertex 100.211 82.4 19.9422
      vertex 100.536 82.4 20.4289
    endloop
  endfacet
  facet normal -0.980843 0 0.194802
    outer loop
      vertex 100.536 82.4 20.4289
      vertex 100.65 84.8 21.0029
      vertex 100.536 84.8 20.4289
    endloop
  endfacet
  facet normal -0.980843 0 0.194802
    outer loop
      vertex 100.65 84.8 21.0029
      vertex 100.536 82.4 20.4289
      vertex 100.65 82.4 21.0029
    endloop
  endfacet
  facet normal 0.19513 0 -0.980777
    outer loop
      vertex 98.576 82.4 22.3887
      vertex 99.15 84.8 22.5029
      vertex 99.15 82.4 22.5029
    endloop
  endfacet
  facet normal 0.19513 0 -0.980777
    outer loop
      vertex 99.15 84.8 22.5029
      vertex 98.576 82.4 22.3887
      vertex 98.576 84.8 22.3887
    endloop
  endfacet
  facet normal -0.555331 0 -0.83163
    outer loop
      vertex 99.724 82.4 22.3887
      vertex 100.211 84.8 22.0635
      vertex 100.211 82.4 22.0635
    endloop
  endfacet
  facet normal -0.555331 0 -0.83163
    outer loop
      vertex 100.211 84.8 22.0635
      vertex 99.724 82.4 22.3887
      vertex 99.724 84.8 22.3887
    endloop
  endfacet
  facet normal 0.555449 0 0.831551
    outer loop
      vertex 98.0893 84.8 19.9422
      vertex 98.576 82.4 19.6171
      vertex 98.576 84.8 19.6171
    endloop
  endfacet
  facet normal 0.555449 0 0.831551
    outer loop
      vertex 98.576 82.4 19.6171
      vertex 98.0893 84.8 19.9422
      vertex 98.0893 82.4 19.9422
    endloop
  endfacet
  facet normal -0.980843 0 -0.194802
    outer loop
      vertex 100.65 82.4 21.0029
      vertex 100.536 84.8 21.5769
      vertex 100.65 84.8 21.0029
    endloop
  endfacet
  facet normal -0.980843 -0 -0.194802
    outer loop
      vertex 100.536 84.8 21.5769
      vertex 100.65 82.4 21.0029
      vertex 100.536 82.4 21.5769
    endloop
  endfacet
  facet normal -0.831577 0 -0.55541
    outer loop
      vertex 100.536 82.4 21.5769
      vertex 100.211 84.8 22.0635
      vertex 100.536 84.8 21.5769
    endloop
  endfacet
  facet normal -0.831577 -0 -0.55541
    outer loop
      vertex 100.211 84.8 22.0635
      vertex 100.536 82.4 21.5769
      vertex 100.211 82.4 22.0635
    endloop
  endfacet
  facet normal -0.19513 0 0.980777
    outer loop
      vertex 99.15 84.8 19.5029
      vertex 99.724 82.4 19.6171
      vertex 99.724 84.8 19.6171
    endloop
  endfacet
  facet normal -0.19513 0 0.980777
    outer loop
      vertex 99.724 82.4 19.6171
      vertex 99.15 84.8 19.5029
      vertex 99.15 82.4 19.5029
    endloop
  endfacet
  facet normal 0.19513 0 0.980777
    outer loop
      vertex 98.576 84.8 19.6171
      vertex 99.15 82.4 19.5029
      vertex 99.15 84.8 19.5029
    endloop
  endfacet
  facet normal 0.19513 0 0.980777
    outer loop
      vertex 99.15 82.4 19.5029
      vertex 98.576 84.8 19.6171
      vertex 98.576 82.4 19.6171
    endloop
  endfacet
  facet normal 0.831551 -0 0.555449
    outer loop
      vertex 97.7642 82.4 20.4289
      vertex 98.0893 84.8 19.9422
      vertex 97.7642 84.8 20.4289
    endloop
  endfacet
  facet normal 0.831551 0 0.555449
    outer loop
      vertex 98.0893 84.8 19.9422
      vertex 97.7642 82.4 20.4289
      vertex 98.0893 82.4 19.9422
    endloop
  endfacet
  facet normal -0.555212 0 0.831709
    outer loop
      vertex 99.724 84.8 19.6171
      vertex 100.211 82.4 19.9422
      vertex 100.211 84.8 19.9422
    endloop
  endfacet
  facet normal -0.555212 0 0.831709
    outer loop
      vertex 100.211 82.4 19.9422
      vertex 99.724 84.8 19.6171
      vertex 99.724 82.4 19.6171
    endloop
  endfacet
  facet normal -0.19513 0 -0.980777
    outer loop
      vertex 99.15 82.4 22.5029
      vertex 99.724 84.8 22.3887
      vertex 99.724 82.4 22.3887
    endloop
  endfacet
  facet normal -0.19513 0 -0.980777
    outer loop
      vertex 99.724 84.8 22.3887
      vertex 99.15 82.4 22.5029
      vertex 99.15 84.8 22.5029
    endloop
  endfacet
  facet normal 0.831498 0 -0.555528
    outer loop
      vertex 98.0893 82.4 22.0635
      vertex 97.7642 84.8 21.5769
      vertex 98.0893 84.8 22.0635
    endloop
  endfacet
  facet normal 0.831498 0 -0.555528
    outer loop
      vertex 97.7642 84.8 21.5769
      vertex 98.0893 82.4 22.0635
      vertex 97.7642 82.4 21.5769
    endloop
  endfacet
  facet normal 0.980777 0 -0.19513
    outer loop
      vertex 97.7642 82.4 21.5769
      vertex 97.65 84.8 21.0029
      vertex 97.7642 84.8 21.5769
    endloop
  endfacet
  facet normal 0.980777 0 -0.19513
    outer loop
      vertex 97.65 84.8 21.0029
      vertex 97.7642 82.4 21.5769
      vertex 97.65 82.4 21.0029
    endloop
  endfacet
  facet normal 0.555567 0 -0.831472
    outer loop
      vertex 98.0893 82.4 22.0635
      vertex 98.576 84.8 22.3887
      vertex 98.576 82.4 22.3887
    endloop
  endfacet
  facet normal 0.555567 0 -0.831472
    outer loop
      vertex 98.576 84.8 22.3887
      vertex 98.0893 82.4 22.0635
      vertex 98.0893 84.8 22.0635
    endloop
  endfacet
  facet normal 0.980843 -0 0.194802
    outer loop
      vertex 102.15 82.4 21.0029
      vertex 102.264 84.8 20.4289
      vertex 102.15 84.8 21.0029
    endloop
  endfacet
  facet normal 0.980843 0 0.194802
    outer loop
      vertex 102.264 84.8 20.4289
      vertex 102.15 82.4 21.0029
      vertex 102.264 82.4 20.4289
    endloop
  endfacet
  facet normal -0.831629 0 0.555331
    outer loop
      vertex 104.711 82.4 19.9422
      vertex 105.036 84.8 20.4289
      vertex 104.711 84.8 19.9422
    endloop
  endfacet
  facet normal -0.831629 0 0.555331
    outer loop
      vertex 105.036 84.8 20.4289
      vertex 104.711 82.4 19.9422
      vertex 105.036 82.4 20.4289
    endloop
  endfacet
  facet normal -0.980843 0 0.194802
    outer loop
      vertex 105.036 82.4 20.4289
      vertex 105.15 84.8 21.0029
      vertex 105.036 84.8 20.4289
    endloop
  endfacet
  facet normal -0.980843 0 0.194802
    outer loop
      vertex 105.15 84.8 21.0029
      vertex 105.036 82.4 20.4289
      vertex 105.15 82.4 21.0029
    endloop
  endfacet
  facet normal 0.19513 0 -0.980777
    outer loop
      vertex 103.076 82.4 22.3887
      vertex 103.65 84.8 22.5029
      vertex 103.65 82.4 22.5029
    endloop
  endfacet
  facet normal 0.19513 0 -0.980777
    outer loop
      vertex 103.65 84.8 22.5029
      vertex 103.076 82.4 22.3887
      vertex 103.076 84.8 22.3887
    endloop
  endfacet
  facet normal -0.555331 0 -0.83163
    outer loop
      vertex 104.224 82.4 22.3887
      vertex 104.711 84.8 22.0635
      vertex 104.711 82.4 22.0635
    endloop
  endfacet
  facet normal -0.555331 0 -0.83163
    outer loop
      vertex 104.711 84.8 22.0635
      vertex 104.224 82.4 22.3887
      vertex 104.224 84.8 22.3887
    endloop
  endfacet
  facet normal 0.555212 0 0.831709
    outer loop
      vertex 102.589 84.8 19.9422
      vertex 103.076 82.4 19.6171
      vertex 103.076 84.8 19.6171
    endloop
  endfacet
  facet normal 0.555212 0 0.831709
    outer loop
      vertex 103.076 82.4 19.6171
      vertex 102.589 84.8 19.9422
      vertex 102.589 82.4 19.9422
    endloop
  endfacet
  facet normal -0.980843 0 -0.194802
    outer loop
      vertex 105.15 82.4 21.0029
      vertex 105.036 84.8 21.5769
      vertex 105.15 84.8 21.0029
    endloop
  endfacet
  facet normal -0.980843 -0 -0.194802
    outer loop
      vertex 105.036 84.8 21.5769
      vertex 105.15 82.4 21.0029
      vertex 105.036 82.4 21.5769
    endloop
  endfacet
  facet normal -0.19513 0 -0.980777
    outer loop
      vertex 103.65 82.4 22.5029
      vertex 104.224 84.8 22.3887
      vertex 104.224 82.4 22.3887
    endloop
  endfacet
  facet normal -0.19513 0 -0.980777
    outer loop
      vertex 104.224 84.8 22.3887
      vertex 103.65 82.4 22.5029
      vertex 103.65 84.8 22.5029
    endloop
  endfacet
  facet normal -0.831577 0 -0.55541
    outer loop
      vertex 105.036 82.4 21.5769
      vertex 104.711 84.8 22.0635
      vertex 105.036 84.8 21.5769
    endloop
  endfacet
  facet normal -0.831577 -0 -0.55541
    outer loop
      vertex 104.711 84.8 22.0635
      vertex 105.036 82.4 21.5769
      vertex 104.711 82.4 22.0635
    endloop
  endfacet
  facet normal -0.19513 0 0.980777
    outer loop
      vertex 103.65 84.8 19.5029
      vertex 104.224 82.4 19.6171
      vertex 104.224 84.8 19.6171
    endloop
  endfacet
  facet normal -0.19513 0 0.980777
    outer loop
      vertex 104.224 82.4 19.6171
      vertex 103.65 84.8 19.5029
      vertex 103.65 82.4 19.5029
    endloop
  endfacet
  facet normal 0.19513 0 0.980777
    outer loop
      vertex 103.076 84.8 19.6171
      vertex 103.65 82.4 19.5029
      vertex 103.65 84.8 19.5029
    endloop
  endfacet
  facet normal 0.19513 0 0.980777
    outer loop
      vertex 103.65 82.4 19.5029
      vertex 103.076 84.8 19.6171
      vertex 103.076 82.4 19.6171
    endloop
  endfacet
  facet normal 0.831629 -0 0.555331
    outer loop
      vertex 102.264 82.4 20.4289
      vertex 102.589 84.8 19.9422
      vertex 102.264 84.8 20.4289
    endloop
  endfacet
  facet normal 0.831629 0 0.555331
    outer loop
      vertex 102.589 84.8 19.9422
      vertex 102.264 82.4 20.4289
      vertex 102.589 82.4 19.9422
    endloop
  endfacet
  facet normal -0.555212 0 0.831709
    outer loop
      vertex 104.224 84.8 19.6171
      vertex 104.711 82.4 19.9422
      vertex 104.711 84.8 19.9422
    endloop
  endfacet
  facet normal -0.555212 0 0.831709
    outer loop
      vertex 104.711 82.4 19.9422
      vertex 104.224 84.8 19.6171
      vertex 104.224 82.4 19.6171
    endloop
  endfacet
  facet normal 0.831577 0 -0.55541
    outer loop
      vertex 102.589 82.4 22.0635
      vertex 102.264 84.8 21.5769
      vertex 102.589 84.8 22.0635
    endloop
  endfacet
  facet normal 0.831577 0 -0.55541
    outer loop
      vertex 102.264 84.8 21.5769
      vertex 102.589 82.4 22.0635
      vertex 102.264 82.4 21.5769
    endloop
  endfacet
  facet normal 0.980843 0 -0.194802
    outer loop
      vertex 102.264 82.4 21.5769
      vertex 102.15 84.8 21.0029
      vertex 102.264 84.8 21.5769
    endloop
  endfacet
  facet normal 0.980843 0 -0.194802
    outer loop
      vertex 102.15 84.8 21.0029
      vertex 102.264 82.4 21.5769
      vertex 102.15 82.4 21.0029
    endloop
  endfacet
  facet normal 0.555331 0 -0.83163
    outer loop
      vertex 102.589 82.4 22.0635
      vertex 103.076 84.8 22.3887
      vertex 103.076 82.4 22.3887
    endloop
  endfacet
  facet normal 0.555331 0 -0.83163
    outer loop
      vertex 103.076 84.8 22.3887
      vertex 102.589 82.4 22.0635
      vertex 102.589 84.8 22.0635
    endloop
  endfacet
  facet normal 0.19513 0 -0.980777
    outer loop
      vertex 107.576 82.4 22.3887
      vertex 108.15 84.8 22.5029
      vertex 108.15 82.4 22.5029
    endloop
  endfacet
  facet normal 0.19513 0 -0.980777
    outer loop
      vertex 108.15 84.8 22.5029
      vertex 107.576 82.4 22.3887
      vertex 107.576 84.8 22.3887
    endloop
  endfacet
  facet normal -0.831577 0 -0.55541
    outer loop
      vertex 109.536 82.4 21.5769
      vertex 109.211 84.8 22.0635
      vertex 109.536 84.8 21.5769
    endloop
  endfacet
  facet normal -0.831577 -0 -0.55541
    outer loop
      vertex 109.211 84.8 22.0635
      vertex 109.536 82.4 21.5769
      vertex 109.211 82.4 22.0635
    endloop
  endfacet
  facet normal -0.831629 0 0.555331
    outer loop
      vertex 109.211 82.4 19.9422
      vertex 109.536 84.8 20.4289
      vertex 109.211 84.8 19.9422
    endloop
  endfacet
  facet normal -0.831629 0 0.555331
    outer loop
      vertex 109.536 84.8 20.4289
      vertex 109.211 82.4 19.9422
      vertex 109.536 82.4 20.4289
    endloop
  endfacet
  facet normal -0.980843 0 0.194802
    outer loop
      vertex 109.536 82.4 20.4289
      vertex 109.65 84.8 21.0029
      vertex 109.536 84.8 20.4289
    endloop
  endfacet
  facet normal -0.980843 0 0.194802
    outer loop
      vertex 109.65 84.8 21.0029
      vertex 109.536 82.4 20.4289
      vertex 109.65 82.4 21.0029
    endloop
  endfacet
  facet normal -0.555212 0 0.831709
    outer loop
      vertex 108.724 84.8 19.6171
      vertex 109.211 82.4 19.9422
      vertex 109.211 84.8 19.9422
    endloop
  endfacet
  facet normal -0.555212 0 0.831709
    outer loop
      vertex 109.211 82.4 19.9422
      vertex 108.724 84.8 19.6171
      vertex 108.724 82.4 19.6171
    endloop
  endfacet
  facet normal -0.19513 0 0.980777
    outer loop
      vertex 108.15 84.8 19.5029
      vertex 108.724 82.4 19.6171
      vertex 108.724 84.8 19.6171
    endloop
  endfacet
  facet normal -0.19513 0 0.980777
    outer loop
      vertex 108.724 82.4 19.6171
      vertex 108.15 84.8 19.5029
      vertex 108.15 82.4 19.5029
    endloop
  endfacet
  facet normal 0.980843 0 -0.194802
    outer loop
      vertex 106.764 82.4 21.5769
      vertex 106.65 84.8 21.0029
      vertex 106.764 84.8 21.5769
    endloop
  endfacet
  facet normal 0.980843 0 -0.194802
    outer loop
      vertex 106.65 84.8 21.0029
      vertex 106.764 82.4 21.5769
      vertex 106.65 82.4 21.0029
    endloop
  endfacet
  facet normal -0.555331 0 -0.83163
    outer loop
      vertex 108.724 82.4 22.3887
      vertex 109.211 84.8 22.0635
      vertex 109.211 82.4 22.0635
    endloop
  endfacet
  facet normal -0.555331 0 -0.83163
    outer loop
      vertex 109.211 84.8 22.0635
      vertex 108.724 82.4 22.3887
      vertex 108.724 84.8 22.3887
    endloop
  endfacet
  facet normal 0.831629 -0 0.555331
    outer loop
      vertex 106.764 82.4 20.4289
      vertex 107.089 84.8 19.9422
      vertex 106.764 84.8 20.4289
    endloop
  endfacet
  facet normal 0.831629 0 0.555331
    outer loop
      vertex 107.089 84.8 19.9422
      vertex 106.764 82.4 20.4289
      vertex 107.089 82.4 19.9422
    endloop
  endfacet
  facet normal 0.19513 0 0.980777
    outer loop
      vertex 107.576 84.8 19.6171
      vertex 108.15 82.4 19.5029
      vertex 108.15 84.8 19.5029
    endloop
  endfacet
  facet normal 0.19513 0 0.980777
    outer loop
      vertex 108.15 82.4 19.5029
      vertex 107.576 84.8 19.6171
      vertex 107.576 82.4 19.6171
    endloop
  endfacet
  facet normal 0.555212 0 0.831709
    outer loop
      vertex 107.089 84.8 19.9422
      vertex 107.576 82.4 19.6171
      vertex 107.576 84.8 19.6171
    endloop
  endfacet
  facet normal 0.555212 0 0.831709
    outer loop
      vertex 107.576 82.4 19.6171
      vertex 107.089 84.8 19.9422
      vertex 107.089 82.4 19.9422
    endloop
  endfacet
  facet normal -0.980843 0 -0.194802
    outer loop
      vertex 109.65 82.4 21.0029
      vertex 109.536 84.8 21.5769
      vertex 109.65 84.8 21.0029
    endloop
  endfacet
  facet normal -0.980843 -0 -0.194802
    outer loop
      vertex 109.536 84.8 21.5769
      vertex 109.65 82.4 21.0029
      vertex 109.536 82.4 21.5769
    endloop
  endfacet
  facet normal 0.980843 -0 0.194802
    outer loop
      vertex 106.65 82.4 21.0029
      vertex 106.764 84.8 20.4289
      vertex 106.65 84.8 21.0029
    endloop
  endfacet
  facet normal 0.980843 0 0.194802
    outer loop
      vertex 106.764 84.8 20.4289
      vertex 106.65 82.4 21.0029
      vertex 106.764 82.4 20.4289
    endloop
  endfacet
  facet normal 0.831577 0 -0.55541
    outer loop
      vertex 107.089 82.4 22.0635
      vertex 106.764 84.8 21.5769
      vertex 107.089 84.8 22.0635
    endloop
  endfacet
  facet normal 0.831577 0 -0.55541
    outer loop
      vertex 106.764 84.8 21.5769
      vertex 107.089 82.4 22.0635
      vertex 106.764 82.4 21.5769
    endloop
  endfacet
  facet normal -0.19513 0 -0.980777
    outer loop
      vertex 108.15 82.4 22.5029
      vertex 108.724 84.8 22.3887
      vertex 108.724 82.4 22.3887
    endloop
  endfacet
  facet normal -0.19513 0 -0.980777
    outer loop
      vertex 108.724 84.8 22.3887
      vertex 108.15 82.4 22.5029
      vertex 108.15 84.8 22.5029
    endloop
  endfacet
  facet normal 0.555331 0 -0.83163
    outer loop
      vertex 107.089 82.4 22.0635
      vertex 107.576 84.8 22.3887
      vertex 107.576 82.4 22.3887
    endloop
  endfacet
  facet normal 0.555331 0 -0.83163
    outer loop
      vertex 107.576 84.8 22.3887
      vertex 107.089 82.4 22.0635
      vertex 107.089 84.8 22.0635
    endloop
  endfacet
  facet normal 0.19513 0 -0.980777
    outer loop
      vertex 112.076 82.4 22.3887
      vertex 112.65 84.8 22.5029
      vertex 112.65 82.4 22.5029
    endloop
  endfacet
  facet normal 0.19513 0 -0.980777
    outer loop
      vertex 112.65 84.8 22.5029
      vertex 112.076 82.4 22.3887
      vertex 112.076 84.8 22.3887
    endloop
  endfacet
  facet normal -0.831577 0 -0.55541
    outer loop
      vertex 114.036 82.4 21.5769
      vertex 113.711 84.8 22.0635
      vertex 114.036 84.8 21.5769
    endloop
  endfacet
  facet normal -0.831577 -0 -0.55541
    outer loop
      vertex 113.711 84.8 22.0635
      vertex 114.036 82.4 21.5769
      vertex 113.711 82.4 22.0635
    endloop
  endfacet
  facet normal -0.831629 0 0.555331
    outer loop
      vertex 113.711 82.4 19.9422
      vertex 114.036 84.8 20.4289
      vertex 113.711 84.8 19.9422
    endloop
  endfacet
  facet normal -0.831629 0 0.555331
    outer loop
      vertex 114.036 84.8 20.4289
      vertex 113.711 82.4 19.9422
      vertex 114.036 82.4 20.4289
    endloop
  endfacet
  facet normal -0.980843 0 0.194802
    outer loop
      vertex 114.036 82.4 20.4289
      vertex 114.15 84.8 21.0029
      vertex 114.036 84.8 20.4289
    endloop
  endfacet
  facet normal -0.980843 0 0.194802
    outer loop
      vertex 114.15 84.8 21.0029
      vertex 114.036 82.4 20.4289
      vertex 114.15 82.4 21.0029
    endloop
  endfacet
  facet normal -0.555212 0 0.831709
    outer loop
      vertex 113.224 84.8 19.6171
      vertex 113.711 82.4 19.9422
      vertex 113.711 84.8 19.9422
    endloop
  endfacet
  facet normal -0.555212 0 0.831709
    outer loop
      vertex 113.711 82.4 19.9422
      vertex 113.224 84.8 19.6171
      vertex 113.224 82.4 19.6171
    endloop
  endfacet
  facet normal -0.19513 0 0.980777
    outer loop
      vertex 112.65 84.8 19.5029
      vertex 113.224 82.4 19.6171
      vertex 113.224 84.8 19.6171
    endloop
  endfacet
  facet normal -0.19513 0 0.980777
    outer loop
      vertex 113.224 82.4 19.6171
      vertex 112.65 84.8 19.5029
      vertex 112.65 82.4 19.5029
    endloop
  endfacet
  facet normal 0.980843 0 -0.194802
    outer loop
      vertex 111.264 82.4 21.5769
      vertex 111.15 84.8 21.0029
      vertex 111.264 84.8 21.5769
    endloop
  endfacet
  facet normal 0.980843 0 -0.194802
    outer loop
      vertex 111.15 84.8 21.0029
      vertex 111.264 82.4 21.5769
      vertex 111.15 82.4 21.0029
    endloop
  endfacet
  facet normal -0.555331 0 -0.83163
    outer loop
      vertex 113.224 82.4 22.3887
      vertex 113.711 84.8 22.0635
      vertex 113.711 82.4 22.0635
    endloop
  endfacet
  facet normal -0.555331 0 -0.83163
    outer loop
      vertex 113.711 84.8 22.0635
      vertex 113.224 82.4 22.3887
      vertex 113.224 84.8 22.3887
    endloop
  endfacet
  facet normal 0.831629 -0 0.555331
    outer loop
      vertex 111.264 82.4 20.4289
      vertex 111.589 84.8 19.9422
      vertex 111.264 84.8 20.4289
    endloop
  endfacet
  facet normal 0.831629 0 0.555331
    outer loop
      vertex 111.589 84.8 19.9422
      vertex 111.264 82.4 20.4289
      vertex 111.589 82.4 19.9422
    endloop
  endfacet
  facet normal 0.19513 0 0.980777
    outer loop
      vertex 112.076 84.8 19.6171
      vertex 112.65 82.4 19.5029
      vertex 112.65 84.8 19.5029
    endloop
  endfacet
  facet normal 0.19513 0 0.980777
    outer loop
      vertex 112.65 82.4 19.5029
      vertex 112.076 84.8 19.6171
      vertex 112.076 82.4 19.6171
    endloop
  endfacet
  facet normal 0.555212 0 0.831709
    outer loop
      vertex 111.589 84.8 19.9422
      vertex 112.076 82.4 19.6171
      vertex 112.076 84.8 19.6171
    endloop
  endfacet
  facet normal 0.555212 0 0.831709
    outer loop
      vertex 112.076 82.4 19.6171
      vertex 111.589 84.8 19.9422
      vertex 111.589 82.4 19.9422
    endloop
  endfacet
  facet normal -0.980843 0 -0.194802
    outer loop
      vertex 114.15 82.4 21.0029
      vertex 114.036 84.8 21.5769
      vertex 114.15 84.8 21.0029
    endloop
  endfacet
  facet normal -0.980843 -0 -0.194802
    outer loop
      vertex 114.036 84.8 21.5769
      vertex 114.15 82.4 21.0029
      vertex 114.036 82.4 21.5769
    endloop
  endfacet
  facet normal 0.980843 -0 0.194802
    outer loop
      vertex 111.15 82.4 21.0029
      vertex 111.264 84.8 20.4289
      vertex 111.15 84.8 21.0029
    endloop
  endfacet
  facet normal 0.980843 0 0.194802
    outer loop
      vertex 111.264 84.8 20.4289
      vertex 111.15 82.4 21.0029
      vertex 111.264 82.4 20.4289
    endloop
  endfacet
  facet normal 0.831577 0 -0.55541
    outer loop
      vertex 111.589 82.4 22.0635
      vertex 111.264 84.8 21.5769
      vertex 111.589 84.8 22.0635
    endloop
  endfacet
  facet normal 0.831577 0 -0.55541
    outer loop
      vertex 111.264 84.8 21.5769
      vertex 111.589 82.4 22.0635
      vertex 111.264 82.4 21.5769
    endloop
  endfacet
  facet normal -0.19513 0 -0.980777
    outer loop
      vertex 112.65 82.4 22.5029
      vertex 113.224 84.8 22.3887
      vertex 113.224 82.4 22.3887
    endloop
  endfacet
  facet normal -0.19513 0 -0.980777
    outer loop
      vertex 113.224 84.8 22.3887
      vertex 112.65 82.4 22.5029
      vertex 112.65 84.8 22.5029
    endloop
  endfacet
  facet normal 0.555331 0 -0.83163
    outer loop
      vertex 111.589 82.4 22.0635
      vertex 112.076 84.8 22.3887
      vertex 112.076 82.4 22.3887
    endloop
  endfacet
  facet normal 0.555331 0 -0.83163
    outer loop
      vertex 112.076 84.8 22.3887
      vertex 111.589 82.4 22.0635
      vertex 111.589 84.8 22.0635
    endloop
  endfacet
  facet normal 0.19513 0 -0.980777
    outer loop
      vertex 116.576 82.4 22.3887
      vertex 117.15 84.8 22.5029
      vertex 117.15 82.4 22.5029
    endloop
  endfacet
  facet normal 0.19513 0 -0.980777
    outer loop
      vertex 117.15 84.8 22.5029
      vertex 116.576 82.4 22.3887
      vertex 116.576 84.8 22.3887
    endloop
  endfacet
  facet normal -0.831577 0 -0.55541
    outer loop
      vertex 118.536 82.4 21.5769
      vertex 118.211 84.8 22.0635
      vertex 118.536 84.8 21.5769
    endloop
  endfacet
  facet normal -0.831577 -0 -0.55541
    outer loop
      vertex 118.211 84.8 22.0635
      vertex 118.536 82.4 21.5769
      vertex 118.211 82.4 22.0635
    endloop
  endfacet
  facet normal -0.831629 0 0.555331
    outer loop
      vertex 118.211 82.4 19.9422
      vertex 118.536 84.8 20.4289
      vertex 118.211 84.8 19.9422
    endloop
  endfacet
  facet normal -0.831629 0 0.555331
    outer loop
      vertex 118.536 84.8 20.4289
      vertex 118.211 82.4 19.9422
      vertex 118.536 82.4 20.4289
    endloop
  endfacet
  facet normal -0.980843 0 0.194802
    outer loop
      vertex 118.536 82.4 20.4289
      vertex 118.65 84.8 21.0029
      vertex 118.536 84.8 20.4289
    endloop
  endfacet
  facet normal -0.980843 0 0.194802
    outer loop
      vertex 118.65 84.8 21.0029
      vertex 118.536 82.4 20.4289
      vertex 118.65 82.4 21.0029
    endloop
  endfacet
  facet normal -0.555212 0 0.831709
    outer loop
      vertex 117.724 84.8 19.6171
      vertex 118.211 82.4 19.9422
      vertex 118.211 84.8 19.9422
    endloop
  endfacet
  facet normal -0.555212 0 0.831709
    outer loop
      vertex 118.211 82.4 19.9422
      vertex 117.724 84.8 19.6171
      vertex 117.724 82.4 19.6171
    endloop
  endfacet
  facet normal -0.19513 0 0.980777
    outer loop
      vertex 117.15 84.8 19.5029
      vertex 117.724 82.4 19.6171
      vertex 117.724 84.8 19.6171
    endloop
  endfacet
  facet normal -0.19513 0 0.980777
    outer loop
      vertex 117.724 82.4 19.6171
      vertex 117.15 84.8 19.5029
      vertex 117.15 82.4 19.5029
    endloop
  endfacet
  facet normal 0.980843 0 -0.194802
    outer loop
      vertex 115.764 82.4 21.5769
      vertex 115.65 84.8 21.0029
      vertex 115.764 84.8 21.5769
    endloop
  endfacet
  facet normal 0.980843 0 -0.194802
    outer loop
      vertex 115.65 84.8 21.0029
      vertex 115.764 82.4 21.5769
      vertex 115.65 82.4 21.0029
    endloop
  endfacet
  facet normal -0.555331 0 -0.83163
    outer loop
      vertex 117.724 82.4 22.3887
      vertex 118.211 84.8 22.0635
      vertex 118.211 82.4 22.0635
    endloop
  endfacet
  facet normal -0.555331 0 -0.83163
    outer loop
      vertex 118.211 84.8 22.0635
      vertex 117.724 82.4 22.3887
      vertex 117.724 84.8 22.3887
    endloop
  endfacet
  facet normal 0.831629 -0 0.555331
    outer loop
      vertex 115.764 82.4 20.4289
      vertex 116.089 84.8 19.9422
      vertex 115.764 84.8 20.4289
    endloop
  endfacet
  facet normal 0.831629 0 0.555331
    outer loop
      vertex 116.089 84.8 19.9422
      vertex 115.764 82.4 20.4289
      vertex 116.089 82.4 19.9422
    endloop
  endfacet
  facet normal 0.19513 0 0.980777
    outer loop
      vertex 116.576 84.8 19.6171
      vertex 117.15 82.4 19.5029
      vertex 117.15 84.8 19.5029
    endloop
  endfacet
  facet normal 0.19513 0 0.980777
    outer loop
      vertex 117.15 82.4 19.5029
      vertex 116.576 84.8 19.6171
      vertex 116.576 82.4 19.6171
    endloop
  endfacet
  facet normal 0.555212 0 0.831709
    outer loop
      vertex 116.089 84.8 19.9422
      vertex 116.576 82.4 19.6171
      vertex 116.576 84.8 19.6171
    endloop
  endfacet
  facet normal 0.555212 0 0.831709
    outer loop
      vertex 116.576 82.4 19.6171
      vertex 116.089 84.8 19.9422
      vertex 116.089 82.4 19.9422
    endloop
  endfacet
  facet normal -0.980843 0 -0.194802
    outer loop
      vertex 118.65 82.4 21.0029
      vertex 118.536 84.8 21.5769
      vertex 118.65 84.8 21.0029
    endloop
  endfacet
  facet normal -0.980843 -0 -0.194802
    outer loop
      vertex 118.536 84.8 21.5769
      vertex 118.65 82.4 21.0029
      vertex 118.536 82.4 21.5769
    endloop
  endfacet
  facet normal 0.980843 -0 0.194802
    outer loop
      vertex 115.65 82.4 21.0029
      vertex 115.764 84.8 20.4289
      vertex 115.65 84.8 21.0029
    endloop
  endfacet
  facet normal 0.980843 0 0.194802
    outer loop
      vertex 115.764 84.8 20.4289
      vertex 115.65 82.4 21.0029
      vertex 115.764 82.4 20.4289
    endloop
  endfacet
  facet normal 0.831577 0 -0.55541
    outer loop
      vertex 116.089 82.4 22.0635
      vertex 115.764 84.8 21.5769
      vertex 116.089 84.8 22.0635
    endloop
  endfacet
  facet normal 0.831577 0 -0.55541
    outer loop
      vertex 115.764 84.8 21.5769
      vertex 116.089 82.4 22.0635
      vertex 115.764 82.4 21.5769
    endloop
  endfacet
  facet normal -0.19513 0 -0.980777
    outer loop
      vertex 117.15 82.4 22.5029
      vertex 117.724 84.8 22.3887
      vertex 117.724 82.4 22.3887
    endloop
  endfacet
  facet normal -0.19513 0 -0.980777
    outer loop
      vertex 117.724 84.8 22.3887
      vertex 117.15 82.4 22.5029
      vertex 117.15 84.8 22.5029
    endloop
  endfacet
  facet normal 0.555331 0 -0.83163
    outer loop
      vertex 116.089 82.4 22.0635
      vertex 116.576 84.8 22.3887
      vertex 116.576 82.4 22.3887
    endloop
  endfacet
  facet normal 0.555331 0 -0.83163
    outer loop
      vertex 116.576 84.8 22.3887
      vertex 116.089 82.4 22.0635
      vertex 116.089 84.8 22.0635
    endloop
  endfacet
  facet normal 0.19513 0 -0.980777
    outer loop
      vertex 121.076 82.4 22.3887
      vertex 121.65 84.8 22.5029
      vertex 121.65 82.4 22.5029
    endloop
  endfacet
  facet normal 0.19513 0 -0.980777
    outer loop
      vertex 121.65 84.8 22.5029
      vertex 121.076 82.4 22.3887
      vertex 121.076 84.8 22.3887
    endloop
  endfacet
  facet normal -0.831577 0 -0.55541
    outer loop
      vertex 123.036 82.4 21.5769
      vertex 122.711 84.8 22.0635
      vertex 123.036 84.8 21.5769
    endloop
  endfacet
  facet normal -0.831577 -0 -0.55541
    outer loop
      vertex 122.711 84.8 22.0635
      vertex 123.036 82.4 21.5769
      vertex 122.711 82.4 22.0635
    endloop
  endfacet
  facet normal -0.831629 0 0.555331
    outer loop
      vertex 122.711 82.4 19.9422
      vertex 123.036 84.8 20.4289
      vertex 122.711 84.8 19.9422
    endloop
  endfacet
  facet normal -0.831629 0 0.555331
    outer loop
      vertex 123.036 84.8 20.4289
      vertex 122.711 82.4 19.9422
      vertex 123.036 82.4 20.4289
    endloop
  endfacet
  facet normal -0.980843 0 0.194802
    outer loop
      vertex 123.036 82.4 20.4289
      vertex 123.15 84.8 21.0029
      vertex 123.036 84.8 20.4289
    endloop
  endfacet
  facet normal -0.980843 0 0.194802
    outer loop
      vertex 123.15 84.8 21.0029
      vertex 123.036 82.4 20.4289
      vertex 123.15 82.4 21.0029
    endloop
  endfacet
  facet normal -0.555212 0 0.831709
    outer loop
      vertex 122.224 84.8 19.6171
      vertex 122.711 82.4 19.9422
      vertex 122.711 84.8 19.9422
    endloop
  endfacet
  facet normal -0.555212 0 0.831709
    outer loop
      vertex 122.711 82.4 19.9422
      vertex 122.224 84.8 19.6171
      vertex 122.224 82.4 19.6171
    endloop
  endfacet
  facet normal -0.19513 0 0.980777
    outer loop
      vertex 121.65 84.8 19.5029
      vertex 122.224 82.4 19.6171
      vertex 122.224 84.8 19.6171
    endloop
  endfacet
  facet normal -0.19513 0 0.980777
    outer loop
      vertex 122.224 82.4 19.6171
      vertex 121.65 84.8 19.5029
      vertex 121.65 82.4 19.5029
    endloop
  endfacet
  facet normal 0.980843 0 -0.194802
    outer loop
      vertex 120.264 82.4 21.5769
      vertex 120.15 84.8 21.0029
      vertex 120.264 84.8 21.5769
    endloop
  endfacet
  facet normal 0.980843 0 -0.194802
    outer loop
      vertex 120.15 84.8 21.0029
      vertex 120.264 82.4 21.5769
      vertex 120.15 82.4 21.0029
    endloop
  endfacet
  facet normal -0.555331 0 -0.83163
    outer loop
      vertex 122.224 82.4 22.3887
      vertex 122.711 84.8 22.0635
      vertex 122.711 82.4 22.0635
    endloop
  endfacet
  facet normal -0.555331 0 -0.83163
    outer loop
      vertex 122.711 84.8 22.0635
      vertex 122.224 82.4 22.3887
      vertex 122.224 84.8 22.3887
    endloop
  endfacet
  facet normal 0.831629 -0 0.555331
    outer loop
      vertex 120.264 82.4 20.4289
      vertex 120.589 84.8 19.9422
      vertex 120.264 84.8 20.4289
    endloop
  endfacet
  facet normal 0.831629 0 0.555331
    outer loop
      vertex 120.589 84.8 19.9422
      vertex 120.264 82.4 20.4289
      vertex 120.589 82.4 19.9422
    endloop
  endfacet
  facet normal -0.19513 0 -0.980777
    outer loop
      vertex 121.65 82.4 22.5029
      vertex 122.224 84.8 22.3887
      vertex 122.224 82.4 22.3887
    endloop
  endfacet
  facet normal -0.19513 0 -0.980777
    outer loop
      vertex 122.224 84.8 22.3887
      vertex 121.65 82.4 22.5029
      vertex 121.65 84.8 22.5029
    endloop
  endfacet
  facet normal 0.19513 0 0.980777
    outer loop
      vertex 121.076 84.8 19.6171
      vertex 121.65 82.4 19.5029
      vertex 121.65 84.8 19.5029
    endloop
  endfacet
  facet normal 0.19513 0 0.980777
    outer loop
      vertex 121.65 82.4 19.5029
      vertex 121.076 84.8 19.6171
      vertex 121.076 82.4 19.6171
    endloop
  endfacet
  facet normal 0.555212 0 0.831709
    outer loop
      vertex 120.589 84.8 19.9422
      vertex 121.076 82.4 19.6171
      vertex 121.076 84.8 19.6171
    endloop
  endfacet
  facet normal 0.555212 0 0.831709
    outer loop
      vertex 121.076 82.4 19.6171
      vertex 120.589 84.8 19.9422
      vertex 120.589 82.4 19.9422
    endloop
  endfacet
  facet normal -0.980843 0 -0.194802
    outer loop
      vertex 123.15 82.4 21.0029
      vertex 123.036 84.8 21.5769
      vertex 123.15 84.8 21.0029
    endloop
  endfacet
  facet normal -0.980843 -0 -0.194802
    outer loop
      vertex 123.036 84.8 21.5769
      vertex 123.15 82.4 21.0029
      vertex 123.036 82.4 21.5769
    endloop
  endfacet
  facet normal 0.980843 -0 0.194802
    outer loop
      vertex 120.15 82.4 21.0029
      vertex 120.264 84.8 20.4289
      vertex 120.15 84.8 21.0029
    endloop
  endfacet
  facet normal 0.980843 0 0.194802
    outer loop
      vertex 120.264 84.8 20.4289
      vertex 120.15 82.4 21.0029
      vertex 120.264 82.4 20.4289
    endloop
  endfacet
  facet normal 0.831577 0 -0.55541
    outer loop
      vertex 120.589 82.4 22.0635
      vertex 120.264 84.8 21.5769
      vertex 120.589 84.8 22.0635
    endloop
  endfacet
  facet normal 0.831577 0 -0.55541
    outer loop
      vertex 120.264 84.8 21.5769
      vertex 120.589 82.4 22.0635
      vertex 120.264 82.4 21.5769
    endloop
  endfacet
  facet normal 0.555331 0 -0.83163
    outer loop
      vertex 120.589 82.4 22.0635
      vertex 121.076 84.8 22.3887
      vertex 121.076 82.4 22.3887
    endloop
  endfacet
  facet normal 0.555331 0 -0.83163
    outer loop
      vertex 121.076 84.8 22.3887
      vertex 120.589 82.4 22.0635
      vertex 120.589 84.8 22.0635
    endloop
  endfacet
  facet normal 0.980784 -0 0.195098
    outer loop
      vertex 90.9 82.4 17.1058
      vertex 91.0142 84.8 16.5317
      vertex 90.9 84.8 17.1058
    endloop
  endfacet
  facet normal 0.980784 0 0.195098
    outer loop
      vertex 91.0142 84.8 16.5317
      vertex 90.9 82.4 17.1058
      vertex 91.0142 82.4 16.5317
    endloop
  endfacet
  facet normal -0.831498 0 0.555528
    outer loop
      vertex 93.4607 82.4 16.0451
      vertex 93.7858 84.8 16.5317
      vertex 93.4607 84.8 16.0451
    endloop
  endfacet
  facet normal -0.831498 0 0.555528
    outer loop
      vertex 93.7858 84.8 16.5317
      vertex 93.4607 82.4 16.0451
      vertex 93.7858 82.4 16.5317
    endloop
  endfacet
  facet normal -0.980784 0 0.195098
    outer loop
      vertex 93.7858 82.4 16.5317
      vertex 93.9 84.8 17.1058
      vertex 93.7858 84.8 16.5317
    endloop
  endfacet
  facet normal -0.980784 0 0.195098
    outer loop
      vertex 93.9 84.8 17.1058
      vertex 93.7858 82.4 16.5317
      vertex 93.9 82.4 17.1058
    endloop
  endfacet
  facet normal 0.19513 0 -0.980777
    outer loop
      vertex 91.826 82.4 18.4916
      vertex 92.4 84.8 18.6058
      vertex 92.4 82.4 18.6058
    endloop
  endfacet
  facet normal 0.19513 0 -0.980777
    outer loop
      vertex 92.4 84.8 18.6058
      vertex 91.826 82.4 18.4916
      vertex 91.826 84.8 18.4916
    endloop
  endfacet
  facet normal -0.555567 0 -0.831472
    outer loop
      vertex 92.974 82.4 18.4916
      vertex 93.4607 84.8 18.1664
      vertex 93.4607 82.4 18.1664
    endloop
  endfacet
  facet normal -0.555567 0 -0.831472
    outer loop
      vertex 93.4607 84.8 18.1664
      vertex 92.974 82.4 18.4916
      vertex 92.974 84.8 18.4916
    endloop
  endfacet
  facet normal 0.555449 0 0.831551
    outer loop
      vertex 91.3393 84.8 16.0451
      vertex 91.826 82.4 15.72
      vertex 91.826 84.8 15.72
    endloop
  endfacet
  facet normal 0.555449 0 0.831551
    outer loop
      vertex 91.826 82.4 15.72
      vertex 91.3393 84.8 16.0451
      vertex 91.3393 82.4 16.0451
    endloop
  endfacet
  facet normal -0.980777 0 -0.19513
    outer loop
      vertex 93.9 82.4 17.1058
      vertex 93.7858 84.8 17.6798
      vertex 93.9 84.8 17.1058
    endloop
  endfacet
  facet normal -0.980777 -0 -0.19513
    outer loop
      vertex 93.7858 84.8 17.6798
      vertex 93.9 82.4 17.1058
      vertex 93.7858 82.4 17.6798
    endloop
  endfacet
  facet normal -0.831498 0 -0.555528
    outer loop
      vertex 93.7858 82.4 17.6798
      vertex 93.4607 84.8 18.1664
      vertex 93.7858 84.8 17.6798
    endloop
  endfacet
  facet normal -0.831498 -0 -0.555528
    outer loop
      vertex 93.4607 84.8 18.1664
      vertex 93.7858 82.4 17.6798
      vertex 93.4607 82.4 18.1664
    endloop
  endfacet
  facet normal -0.19513 0 0.980777
    outer loop
      vertex 92.4 84.8 15.6058
      vertex 92.974 82.4 15.72
      vertex 92.974 84.8 15.72
    endloop
  endfacet
  facet normal -0.19513 0 0.980777
    outer loop
      vertex 92.974 82.4 15.72
      vertex 92.4 84.8 15.6058
      vertex 92.4 82.4 15.6058
    endloop
  endfacet
  facet normal 0.19513 0 0.980777
    outer loop
      vertex 91.826 84.8 15.72
      vertex 92.4 82.4 15.6058
      vertex 92.4 84.8 15.6058
    endloop
  endfacet
  facet normal 0.19513 0 0.980777
    outer loop
      vertex 92.4 82.4 15.6058
      vertex 91.826 84.8 15.72
      vertex 91.826 82.4 15.72
    endloop
  endfacet
  facet normal 0.831498 -0 0.555528
    outer loop
      vertex 91.0142 82.4 16.5317
      vertex 91.3393 84.8 16.0451
      vertex 91.0142 84.8 16.5317
    endloop
  endfacet
  facet normal 0.831498 0 0.555528
    outer loop
      vertex 91.3393 84.8 16.0451
      vertex 91.0142 82.4 16.5317
      vertex 91.3393 82.4 16.0451
    endloop
  endfacet
  facet normal -0.555449 0 0.831551
    outer loop
      vertex 92.974 84.8 15.72
      vertex 93.4607 82.4 16.0451
      vertex 93.4607 84.8 16.0451
    endloop
  endfacet
  facet normal -0.555449 0 0.831551
    outer loop
      vertex 93.4607 82.4 16.0451
      vertex 92.974 84.8 15.72
      vertex 92.974 82.4 15.72
    endloop
  endfacet
  facet normal -0.19513 0 -0.980777
    outer loop
      vertex 92.4 82.4 18.6058
      vertex 92.974 84.8 18.4916
      vertex 92.974 82.4 18.4916
    endloop
  endfacet
  facet normal -0.19513 0 -0.980777
    outer loop
      vertex 92.974 84.8 18.4916
      vertex 92.4 82.4 18.6058
      vertex 92.4 84.8 18.6058
    endloop
  endfacet
  facet normal 0.831498 0 -0.555528
    outer loop
      vertex 91.3393 82.4 18.1664
      vertex 91.0142 84.8 17.6798
      vertex 91.3393 84.8 18.1664
    endloop
  endfacet
  facet normal 0.831498 0 -0.555528
    outer loop
      vertex 91.0142 84.8 17.6798
      vertex 91.3393 82.4 18.1664
      vertex 91.0142 82.4 17.6798
    endloop
  endfacet
  facet normal 0.980777 0 -0.19513
    outer loop
      vertex 91.0142 82.4 17.6798
      vertex 90.9 84.8 17.1058
      vertex 91.0142 84.8 17.6798
    endloop
  endfacet
  facet normal 0.980777 0 -0.19513
    outer loop
      vertex 90.9 84.8 17.1058
      vertex 91.0142 82.4 17.6798
      vertex 90.9 82.4 17.1058
    endloop
  endfacet
  facet normal 0.555567 0 -0.831472
    outer loop
      vertex 91.3393 82.4 18.1664
      vertex 91.826 84.8 18.4916
      vertex 91.826 82.4 18.4916
    endloop
  endfacet
  facet normal 0.555567 0 -0.831472
    outer loop
      vertex 91.826 84.8 18.4916
      vertex 91.3393 82.4 18.1664
      vertex 91.3393 84.8 18.1664
    endloop
  endfacet
  facet normal 0.980784 -0 0.195098
    outer loop
      vertex 95.4 82.4 17.1058
      vertex 95.5142 84.8 16.5317
      vertex 95.4 84.8 17.1058
    endloop
  endfacet
  facet normal 0.980784 0 0.195098
    outer loop
      vertex 95.5142 84.8 16.5317
      vertex 95.4 82.4 17.1058
      vertex 95.5142 82.4 16.5317
    endloop
  endfacet
  facet normal -0.831498 0 0.555528
    outer loop
      vertex 97.9607 82.4 16.0451
      vertex 98.2858 84.8 16.5317
      vertex 97.9607 84.8 16.0451
    endloop
  endfacet
  facet normal -0.831498 0 0.555528
    outer loop
      vertex 98.2858 84.8 16.5317
      vertex 97.9607 82.4 16.0451
      vertex 98.2858 82.4 16.5317
    endloop
  endfacet
  facet normal -0.980784 0 0.195098
    outer loop
      vertex 98.2858 82.4 16.5317
      vertex 98.4 84.8 17.1058
      vertex 98.2858 84.8 16.5317
    endloop
  endfacet
  facet normal -0.980784 0 0.195098
    outer loop
      vertex 98.4 84.8 17.1058
      vertex 98.2858 82.4 16.5317
      vertex 98.4 82.4 17.1058
    endloop
  endfacet
  facet normal 0.19513 0 -0.980777
    outer loop
      vertex 96.326 82.4 18.4916
      vertex 96.9 84.8 18.6058
      vertex 96.9 82.4 18.6058
    endloop
  endfacet
  facet normal 0.19513 0 -0.980777
    outer loop
      vertex 96.9 84.8 18.6058
      vertex 96.326 82.4 18.4916
      vertex 96.326 84.8 18.4916
    endloop
  endfacet
  facet normal -0.555567 0 -0.831472
    outer loop
      vertex 97.474 82.4 18.4916
      vertex 97.9607 84.8 18.1664
      vertex 97.9607 82.4 18.1664
    endloop
  endfacet
  facet normal -0.555567 0 -0.831472
    outer loop
      vertex 97.9607 84.8 18.1664
      vertex 97.474 82.4 18.4916
      vertex 97.474 84.8 18.4916
    endloop
  endfacet
  facet normal 0.555449 0 0.831551
    outer loop
      vertex 95.8393 84.8 16.0451
      vertex 96.326 82.4 15.72
      vertex 96.326 84.8 15.72
    endloop
  endfacet
  facet normal 0.555449 0 0.831551
    outer loop
      vertex 96.326 82.4 15.72
      vertex 95.8393 84.8 16.0451
      vertex 95.8393 82.4 16.0451
    endloop
  endfacet
  facet normal -0.980777 0 -0.19513
    outer loop
      vertex 98.4 82.4 17.1058
      vertex 98.2858 84.8 17.6798
      vertex 98.4 84.8 17.1058
    endloop
  endfacet
  facet normal -0.980777 -0 -0.19513
    outer loop
      vertex 98.2858 84.8 17.6798
      vertex 98.4 82.4 17.1058
      vertex 98.2858 82.4 17.6798
    endloop
  endfacet
  facet normal -0.831498 0 -0.555528
    outer loop
      vertex 98.2858 82.4 17.6798
      vertex 97.9607 84.8 18.1664
      vertex 98.2858 84.8 17.6798
    endloop
  endfacet
  facet normal -0.831498 -0 -0.555528
    outer loop
      vertex 97.9607 84.8 18.1664
      vertex 98.2858 82.4 17.6798
      vertex 97.9607 82.4 18.1664
    endloop
  endfacet
  facet normal -0.19513 0 0.980777
    outer loop
      vertex 96.9 84.8 15.6058
      vertex 97.474 82.4 15.72
      vertex 97.474 84.8 15.72
    endloop
  endfacet
  facet normal -0.19513 0 0.980777
    outer loop
      vertex 97.474 82.4 15.72
      vertex 96.9 84.8 15.6058
      vertex 96.9 82.4 15.6058
    endloop
  endfacet
  facet normal 0.19513 0 0.980777
    outer loop
      vertex 96.326 84.8 15.72
      vertex 96.9 82.4 15.6058
      vertex 96.9 84.8 15.6058
    endloop
  endfacet
  facet normal 0.19513 0 0.980777
    outer loop
      vertex 96.9 82.4 15.6058
      vertex 96.326 84.8 15.72
      vertex 96.326 82.4 15.72
    endloop
  endfacet
  facet normal 0.831498 -0 0.555528
    outer loop
      vertex 95.5142 82.4 16.5317
      vertex 95.8393 84.8 16.0451
      vertex 95.5142 84.8 16.5317
    endloop
  endfacet
  facet normal 0.831498 0 0.555528
    outer loop
      vertex 95.8393 84.8 16.0451
      vertex 95.5142 82.4 16.5317
      vertex 95.8393 82.4 16.0451
    endloop
  endfacet
  facet normal -0.555449 0 0.831551
    outer loop
      vertex 97.474 84.8 15.72
      vertex 97.9607 82.4 16.0451
      vertex 97.9607 84.8 16.0451
    endloop
  endfacet
  facet normal -0.555449 0 0.831551
    outer loop
      vertex 97.9607 82.4 16.0451
      vertex 97.474 84.8 15.72
      vertex 97.474 82.4 15.72
    endloop
  endfacet
  facet normal -0.19513 0 -0.980777
    outer loop
      vertex 96.9 82.4 18.6058
      vertex 97.474 84.8 18.4916
      vertex 97.474 82.4 18.4916
    endloop
  endfacet
  facet normal -0.19513 0 -0.980777
    outer loop
      vertex 97.474 84.8 18.4916
      vertex 96.9 82.4 18.6058
      vertex 96.9 84.8 18.6058
    endloop
  endfacet
  facet normal 0.831498 0 -0.555528
    outer loop
      vertex 95.8393 82.4 18.1664
      vertex 95.5142 84.8 17.6798
      vertex 95.8393 84.8 18.1664
    endloop
  endfacet
  facet normal 0.831498 0 -0.555528
    outer loop
      vertex 95.5142 84.8 17.6798
      vertex 95.8393 82.4 18.1664
      vertex 95.5142 82.4 17.6798
    endloop
  endfacet
  facet normal 0.980777 0 -0.19513
    outer loop
      vertex 95.5142 82.4 17.6798
      vertex 95.4 84.8 17.1058
      vertex 95.5142 84.8 17.6798
    endloop
  endfacet
  facet normal 0.980777 0 -0.19513
    outer loop
      vertex 95.4 84.8 17.1058
      vertex 95.5142 82.4 17.6798
      vertex 95.4 82.4 17.1058
    endloop
  endfacet
  facet normal 0.555567 0 -0.831472
    outer loop
      vertex 95.8393 82.4 18.1664
      vertex 96.326 84.8 18.4916
      vertex 96.326 82.4 18.4916
    endloop
  endfacet
  facet normal 0.555567 0 -0.831472
    outer loop
      vertex 96.326 84.8 18.4916
      vertex 95.8393 82.4 18.1664
      vertex 95.8393 84.8 18.1664
    endloop
  endfacet
  facet normal 0.980849 -0 0.194769
    outer loop
      vertex 99.9 82.4 17.1058
      vertex 100.014 84.8 16.5317
      vertex 99.9 84.8 17.1058
    endloop
  endfacet
  facet normal 0.980849 0 0.194769
    outer loop
      vertex 100.014 84.8 16.5317
      vertex 99.9 82.4 17.1058
      vertex 100.014 82.4 16.5317
    endloop
  endfacet
  facet normal -0.831577 0 0.55541
    outer loop
      vertex 102.461 82.4 16.0451
      vertex 102.786 84.8 16.5317
      vertex 102.461 84.8 16.0451
    endloop
  endfacet
  facet normal -0.831577 0 0.55541
    outer loop
      vertex 102.786 84.8 16.5317
      vertex 102.461 82.4 16.0451
      vertex 102.786 82.4 16.5317
    endloop
  endfacet
  facet normal -0.980849 0 0.194769
    outer loop
      vertex 102.786 82.4 16.5317
      vertex 102.9 84.8 17.1058
      vertex 102.786 84.8 16.5317
    endloop
  endfacet
  facet normal -0.980849 0 0.194769
    outer loop
      vertex 102.9 84.8 17.1058
      vertex 102.786 82.4 16.5317
      vertex 102.9 82.4 17.1058
    endloop
  endfacet
  facet normal 0.19513 0 -0.980777
    outer loop
      vertex 100.826 82.4 18.4916
      vertex 101.4 84.8 18.6058
      vertex 101.4 82.4 18.6058
    endloop
  endfacet
  facet normal 0.19513 0 -0.980777
    outer loop
      vertex 101.4 84.8 18.6058
      vertex 100.826 82.4 18.4916
      vertex 100.826 84.8 18.4916
    endloop
  endfacet
  facet normal -0.555331 0 -0.83163
    outer loop
      vertex 101.974 82.4 18.4916
      vertex 102.461 84.8 18.1664
      vertex 102.461 82.4 18.1664
    endloop
  endfacet
  facet normal -0.555331 0 -0.83163
    outer loop
      vertex 102.461 84.8 18.1664
      vertex 101.974 82.4 18.4916
      vertex 101.974 84.8 18.4916
    endloop
  endfacet
  facet normal 0.555212 0 0.831709
    outer loop
      vertex 100.339 84.8 16.0451
      vertex 100.826 82.4 15.72
      vertex 100.826 84.8 15.72
    endloop
  endfacet
  facet normal 0.555212 0 0.831709
    outer loop
      vertex 100.826 82.4 15.72
      vertex 100.339 84.8 16.0451
      vertex 100.339 82.4 16.0451
    endloop
  endfacet
  facet normal -0.980843 0 -0.194802
    outer loop
      vertex 102.9 82.4 17.1058
      vertex 102.786 84.8 17.6798
      vertex 102.9 84.8 17.1058
    endloop
  endfacet
  facet normal -0.980843 -0 -0.194802
    outer loop
      vertex 102.786 84.8 17.6798
      vertex 102.9 82.4 17.1058
      vertex 102.786 82.4 17.6798
    endloop
  endfacet
  facet normal -0.19513 0 -0.980777
    outer loop
      vertex 101.4 82.4 18.6058
      vertex 101.974 84.8 18.4916
      vertex 101.974 82.4 18.4916
    endloop
  endfacet
  facet normal -0.19513 0 -0.980777
    outer loop
      vertex 101.974 84.8 18.4916
      vertex 101.4 82.4 18.6058
      vertex 101.4 84.8 18.6058
    endloop
  endfacet
  facet normal -0.831577 0 -0.55541
    outer loop
      vertex 102.786 82.4 17.6798
      vertex 102.461 84.8 18.1664
      vertex 102.786 84.8 17.6798
    endloop
  endfacet
  facet normal -0.831577 -0 -0.55541
    outer loop
      vertex 102.461 84.8 18.1664
      vertex 102.786 82.4 17.6798
      vertex 102.461 82.4 18.1664
    endloop
  endfacet
  facet normal -0.19513 0 0.980777
    outer loop
      vertex 101.4 84.8 15.6058
      vertex 101.974 82.4 15.72
      vertex 101.974 84.8 15.72
    endloop
  endfacet
  facet normal -0.19513 0 0.980777
    outer loop
      vertex 101.974 82.4 15.72
      vertex 101.4 84.8 15.6058
      vertex 101.4 82.4 15.6058
    endloop
  endfacet
  facet normal 0.19513 0 0.980777
    outer loop
      vertex 100.826 84.8 15.72
      vertex 101.4 82.4 15.6058
      vertex 101.4 84.8 15.6058
    endloop
  endfacet
  facet normal 0.19513 0 0.980777
    outer loop
      vertex 101.4 82.4 15.6058
      vertex 100.826 84.8 15.72
      vertex 100.826 82.4 15.72
    endloop
  endfacet
  facet normal 0.831577 -0 0.55541
    outer loop
      vertex 100.014 82.4 16.5317
      vertex 100.339 84.8 16.0451
      vertex 100.014 84.8 16.5317
    endloop
  endfacet
  facet normal 0.831577 0 0.55541
    outer loop
      vertex 100.339 84.8 16.0451
      vertex 100.014 82.4 16.5317
      vertex 100.339 82.4 16.0451
    endloop
  endfacet
  facet normal -0.555212 0 0.831709
    outer loop
      vertex 101.974 84.8 15.72
      vertex 102.461 82.4 16.0451
      vertex 102.461 84.8 16.0451
    endloop
  endfacet
  facet normal -0.555212 0 0.831709
    outer loop
      vertex 102.461 82.4 16.0451
      vertex 101.974 84.8 15.72
      vertex 101.974 82.4 15.72
    endloop
  endfacet
  facet normal 0.831577 0 -0.55541
    outer loop
      vertex 100.339 82.4 18.1664
      vertex 100.014 84.8 17.6798
      vertex 100.339 84.8 18.1664
    endloop
  endfacet
  facet normal 0.831577 0 -0.55541
    outer loop
      vertex 100.014 84.8 17.6798
      vertex 100.339 82.4 18.1664
      vertex 100.014 82.4 17.6798
    endloop
  endfacet
  facet normal 0.980843 0 -0.194802
    outer loop
      vertex 100.014 82.4 17.6798
      vertex 99.9 84.8 17.1058
      vertex 100.014 84.8 17.6798
    endloop
  endfacet
  facet normal 0.980843 0 -0.194802
    outer loop
      vertex 99.9 84.8 17.1058
      vertex 100.014 82.4 17.6798
      vertex 99.9 82.4 17.1058
    endloop
  endfacet
  facet normal 0.555331 0 -0.83163
    outer loop
      vertex 100.339 82.4 18.1664
      vertex 100.826 84.8 18.4916
      vertex 100.826 82.4 18.4916
    endloop
  endfacet
  facet normal 0.555331 0 -0.83163
    outer loop
      vertex 100.826 84.8 18.4916
      vertex 100.339 82.4 18.1664
      vertex 100.339 84.8 18.1664
    endloop
  endfacet
  facet normal 0.980849 -0 0.194769
    outer loop
      vertex 104.4 82.4 17.1058
      vertex 104.514 84.8 16.5317
      vertex 104.4 84.8 17.1058
    endloop
  endfacet
  facet normal 0.980849 0 0.194769
    outer loop
      vertex 104.514 84.8 16.5317
      vertex 104.4 82.4 17.1058
      vertex 104.514 82.4 16.5317
    endloop
  endfacet
  facet normal -0.831577 0 0.55541
    outer loop
      vertex 106.961 82.4 16.0451
      vertex 107.286 84.8 16.5317
      vertex 106.961 84.8 16.0451
    endloop
  endfacet
  facet normal -0.831577 0 0.55541
    outer loop
      vertex 107.286 84.8 16.5317
      vertex 106.961 82.4 16.0451
      vertex 107.286 82.4 16.5317
    endloop
  endfacet
  facet normal -0.980849 0 0.194769
    outer loop
      vertex 107.286 82.4 16.5317
      vertex 107.4 84.8 17.1058
      vertex 107.286 84.8 16.5317
    endloop
  endfacet
  facet normal -0.980849 0 0.194769
    outer loop
      vertex 107.4 84.8 17.1058
      vertex 107.286 82.4 16.5317
      vertex 107.4 82.4 17.1058
    endloop
  endfacet
  facet normal 0.831577 -0 0.55541
    outer loop
      vertex 104.514 82.4 16.5317
      vertex 104.839 84.8 16.0451
      vertex 104.514 84.8 16.5317
    endloop
  endfacet
  facet normal 0.831577 0 0.55541
    outer loop
      vertex 104.839 84.8 16.0451
      vertex 104.514 82.4 16.5317
      vertex 104.839 82.4 16.0451
    endloop
  endfacet
  facet normal 0.19513 0 -0.980777
    outer loop
      vertex 105.326 82.4 18.4916
      vertex 105.9 84.8 18.6058
      vertex 105.9 82.4 18.6058
    endloop
  endfacet
  facet normal 0.19513 0 -0.980777
    outer loop
      vertex 105.9 84.8 18.6058
      vertex 105.326 82.4 18.4916
      vertex 105.326 84.8 18.4916
    endloop
  endfacet
  facet normal -0.980843 0 -0.194802
    outer loop
      vertex 107.4 82.4 17.1058
      vertex 107.286 84.8 17.6798
      vertex 107.4 84.8 17.1058
    endloop
  endfacet
  facet normal -0.980843 -0 -0.194802
    outer loop
      vertex 107.286 84.8 17.6798
      vertex 107.4 82.4 17.1058
      vertex 107.286 82.4 17.6798
    endloop
  endfacet
  facet normal -0.19513 0 0.980777
    outer loop
      vertex 105.9 84.8 15.6058
      vertex 106.474 82.4 15.72
      vertex 106.474 84.8 15.72
    endloop
  endfacet
  facet normal -0.19513 0 0.980777
    outer loop
      vertex 106.474 82.4 15.72
      vertex 105.9 84.8 15.6058
      vertex 105.9 82.4 15.6058
    endloop
  endfacet
  facet normal -0.555331 0 -0.83163
    outer loop
      vertex 106.474 82.4 18.4916
      vertex 106.961 84.8 18.1664
      vertex 106.961 82.4 18.1664
    endloop
  endfacet
  facet normal -0.555331 0 -0.83163
    outer loop
      vertex 106.961 84.8 18.1664
      vertex 106.474 82.4 18.4916
      vertex 106.474 84.8 18.4916
    endloop
  endfacet
  facet normal -0.19513 0 -0.980777
    outer loop
      vertex 105.9 82.4 18.6058
      vertex 106.474 84.8 18.4916
      vertex 106.474 82.4 18.4916
    endloop
  endfacet
  facet normal -0.19513 0 -0.980777
    outer loop
      vertex 106.474 84.8 18.4916
      vertex 105.9 82.4 18.6058
      vertex 105.9 84.8 18.6058
    endloop
  endfacet
  facet normal 0.555212 0 0.831709
    outer loop
      vertex 104.839 84.8 16.0451
      vertex 105.326 82.4 15.72
      vertex 105.326 84.8 15.72
    endloop
  endfacet
  facet normal 0.555212 0 0.831709
    outer loop
      vertex 105.326 82.4 15.72
      vertex 104.839 84.8 16.0451
      vertex 104.839 82.4 16.0451
    endloop
  endfacet
  facet normal 0.19513 0 0.980777
    outer loop
      vertex 105.326 84.8 15.72
      vertex 105.9 82.4 15.6058
      vertex 105.9 84.8 15.6058
    endloop
  endfacet
  facet normal 0.19513 0 0.980777
    outer loop
      vertex 105.9 82.4 15.6058
      vertex 105.326 84.8 15.72
      vertex 105.326 82.4 15.72
    endloop
  endfacet
  facet normal -0.831577 0 -0.55541
    outer loop
      vertex 107.286 82.4 17.6798
      vertex 106.961 84.8 18.1664
      vertex 107.286 84.8 17.6798
    endloop
  endfacet
  facet normal -0.831577 -0 -0.55541
    outer loop
      vertex 106.961 84.8 18.1664
      vertex 107.286 82.4 17.6798
      vertex 106.961 82.4 18.1664
    endloop
  endfacet
  facet normal -0.555212 0 0.831709
    outer loop
      vertex 106.474 84.8 15.72
      vertex 106.961 82.4 16.0451
      vertex 106.961 84.8 16.0451
    endloop
  endfacet
  facet normal -0.555212 0 0.831709
    outer loop
      vertex 106.961 82.4 16.0451
      vertex 106.474 84.8 15.72
      vertex 106.474 82.4 15.72
    endloop
  endfacet
  facet normal 0.831577 0 -0.55541
    outer loop
      vertex 104.839 82.4 18.1664
      vertex 104.514 84.8 17.6798
      vertex 104.839 84.8 18.1664
    endloop
  endfacet
  facet normal 0.831577 0 -0.55541
    outer loop
      vertex 104.514 84.8 17.6798
      vertex 104.839 82.4 18.1664
      vertex 104.514 82.4 17.6798
    endloop
  endfacet
  facet normal 0.980843 0 -0.194802
    outer loop
      vertex 104.514 82.4 17.6798
      vertex 104.4 84.8 17.1058
      vertex 104.514 84.8 17.6798
    endloop
  endfacet
  facet normal 0.980843 0 -0.194802
    outer loop
      vertex 104.4 84.8 17.1058
      vertex 104.514 82.4 17.6798
      vertex 104.4 82.4 17.1058
    endloop
  endfacet
  facet normal 0.555331 0 -0.83163
    outer loop
      vertex 104.839 82.4 18.1664
      vertex 105.326 84.8 18.4916
      vertex 105.326 82.4 18.4916
    endloop
  endfacet
  facet normal 0.555331 0 -0.83163
    outer loop
      vertex 105.326 84.8 18.4916
      vertex 104.839 82.4 18.1664
      vertex 104.839 84.8 18.1664
    endloop
  endfacet
  facet normal 0.19513 0 -0.980777
    outer loop
      vertex 109.826 82.4 18.4916
      vertex 110.4 84.8 18.6058
      vertex 110.4 82.4 18.6058
    endloop
  endfacet
  facet normal 0.19513 0 -0.980777
    outer loop
      vertex 110.4 84.8 18.6058
      vertex 109.826 82.4 18.4916
      vertex 109.826 84.8 18.4916
    endloop
  endfacet
  facet normal -0.831577 0 -0.55541
    outer loop
      vertex 111.786 82.4 17.6798
      vertex 111.461 84.8 18.1664
      vertex 111.786 84.8 17.6798
    endloop
  endfacet
  facet normal -0.831577 -0 -0.55541
    outer loop
      vertex 111.461 84.8 18.1664
      vertex 111.786 82.4 17.6798
      vertex 111.461 82.4 18.1664
    endloop
  endfacet
  facet normal -0.831577 0 0.55541
    outer loop
      vertex 111.461 82.4 16.0451
      vertex 111.786 84.8 16.5317
      vertex 111.461 84.8 16.0451
    endloop
  endfacet
  facet normal -0.831577 0 0.55541
    outer loop
      vertex 111.786 84.8 16.5317
      vertex 111.461 82.4 16.0451
      vertex 111.786 82.4 16.5317
    endloop
  endfacet
  facet normal -0.980849 0 0.194769
    outer loop
      vertex 111.786 82.4 16.5317
      vertex 111.9 84.8 17.1058
      vertex 111.786 84.8 16.5317
    endloop
  endfacet
  facet normal -0.980849 0 0.194769
    outer loop
      vertex 111.9 84.8 17.1058
      vertex 111.786 82.4 16.5317
      vertex 111.9 82.4 17.1058
    endloop
  endfacet
  facet normal -0.555212 0 0.831709
    outer loop
      vertex 110.974 84.8 15.72
      vertex 111.461 82.4 16.0451
      vertex 111.461 84.8 16.0451
    endloop
  endfacet
  facet normal -0.555212 0 0.831709
    outer loop
      vertex 111.461 82.4 16.0451
      vertex 110.974 84.8 15.72
      vertex 110.974 82.4 15.72
    endloop
  endfacet
  facet normal -0.19513 0 0.980777
    outer loop
      vertex 110.4 84.8 15.6058
      vertex 110.974 82.4 15.72
      vertex 110.974 84.8 15.72
    endloop
  endfacet
  facet normal -0.19513 0 0.980777
    outer loop
      vertex 110.974 82.4 15.72
      vertex 110.4 84.8 15.6058
      vertex 110.4 82.4 15.6058
    endloop
  endfacet
  facet normal 0.980843 0 -0.194802
    outer loop
      vertex 109.014 82.4 17.6798
      vertex 108.9 84.8 17.1058
      vertex 109.014 84.8 17.6798
    endloop
  endfacet
  facet normal 0.980843 0 -0.194802
    outer loop
      vertex 108.9 84.8 17.1058
      vertex 109.014 82.4 17.6798
      vertex 108.9 82.4 17.1058
    endloop
  endfacet
  facet normal -0.555331 0 -0.83163
    outer loop
      vertex 110.974 82.4 18.4916
      vertex 111.461 84.8 18.1664
      vertex 111.461 82.4 18.1664
    endloop
  endfacet
  facet normal -0.555331 0 -0.83163
    outer loop
      vertex 111.461 84.8 18.1664
      vertex 110.974 82.4 18.4916
      vertex 110.974 84.8 18.4916
    endloop
  endfacet
  facet normal 0.831577 -0 0.55541
    outer loop
      vertex 109.014 82.4 16.5317
      vertex 109.339 84.8 16.0451
      vertex 109.014 84.8 16.5317
    endloop
  endfacet
  facet normal 0.831577 0 0.55541
    outer loop
      vertex 109.339 84.8 16.0451
      vertex 109.014 82.4 16.5317
      vertex 109.339 82.4 16.0451
    endloop
  endfacet
  facet normal 0.19513 0 0.980777
    outer loop
      vertex 109.826 84.8 15.72
      vertex 110.4 82.4 15.6058
      vertex 110.4 84.8 15.6058
    endloop
  endfacet
  facet normal 0.19513 0 0.980777
    outer loop
      vertex 110.4 82.4 15.6058
      vertex 109.826 84.8 15.72
      vertex 109.826 82.4 15.72
    endloop
  endfacet
  facet normal 0.555212 0 0.831709
    outer loop
      vertex 109.339 84.8 16.0451
      vertex 109.826 82.4 15.72
      vertex 109.826 84.8 15.72
    endloop
  endfacet
  facet normal 0.555212 0 0.831709
    outer loop
      vertex 109.826 82.4 15.72
      vertex 109.339 84.8 16.0451
      vertex 109.339 82.4 16.0451
    endloop
  endfacet
  facet normal -0.980843 0 -0.194802
    outer loop
      vertex 111.9 82.4 17.1058
      vertex 111.786 84.8 17.6798
      vertex 111.9 84.8 17.1058
    endloop
  endfacet
  facet normal -0.980843 -0 -0.194802
    outer loop
      vertex 111.786 84.8 17.6798
      vertex 111.9 82.4 17.1058
      vertex 111.786 82.4 17.6798
    endloop
  endfacet
  facet normal 0.980849 -0 0.194769
    outer loop
      vertex 108.9 82.4 17.1058
      vertex 109.014 84.8 16.5317
      vertex 108.9 84.8 17.1058
    endloop
  endfacet
  facet normal 0.980849 0 0.194769
    outer loop
      vertex 109.014 84.8 16.5317
      vertex 108.9 82.4 17.1058
      vertex 109.014 82.4 16.5317
    endloop
  endfacet
  facet normal 0.831577 0 -0.55541
    outer loop
      vertex 109.339 82.4 18.1664
      vertex 109.014 84.8 17.6798
      vertex 109.339 84.8 18.1664
    endloop
  endfacet
  facet normal 0.831577 0 -0.55541
    outer loop
      vertex 109.014 84.8 17.6798
      vertex 109.339 82.4 18.1664
      vertex 109.014 82.4 17.6798
    endloop
  endfacet
  facet normal -0.19513 0 -0.980777
    outer loop
      vertex 110.4 82.4 18.6058
      vertex 110.974 84.8 18.4916
      vertex 110.974 82.4 18.4916
    endloop
  endfacet
  facet normal -0.19513 0 -0.980777
    outer loop
      vertex 110.974 84.8 18.4916
      vertex 110.4 82.4 18.6058
      vertex 110.4 84.8 18.6058
    endloop
  endfacet
  facet normal 0.555331 0 -0.83163
    outer loop
      vertex 109.339 82.4 18.1664
      vertex 109.826 84.8 18.4916
      vertex 109.826 82.4 18.4916
    endloop
  endfacet
  facet normal 0.555331 0 -0.83163
    outer loop
      vertex 109.826 84.8 18.4916
      vertex 109.339 82.4 18.1664
      vertex 109.339 84.8 18.1664
    endloop
  endfacet
  facet normal 0.19513 0 -0.980777
    outer loop
      vertex 114.326 82.4 18.4916
      vertex 114.9 84.8 18.6058
      vertex 114.9 82.4 18.6058
    endloop
  endfacet
  facet normal 0.19513 0 -0.980777
    outer loop
      vertex 114.9 84.8 18.6058
      vertex 114.326 82.4 18.4916
      vertex 114.326 84.8 18.4916
    endloop
  endfacet
  facet normal -0.831577 0 -0.55541
    outer loop
      vertex 116.286 82.4 17.6798
      vertex 115.961 84.8 18.1664
      vertex 116.286 84.8 17.6798
    endloop
  endfacet
  facet normal -0.831577 -0 -0.55541
    outer loop
      vertex 115.961 84.8 18.1664
      vertex 116.286 82.4 17.6798
      vertex 115.961 82.4 18.1664
    endloop
  endfacet
  facet normal -0.831577 0 0.55541
    outer loop
      vertex 115.961 82.4 16.0451
      vertex 116.286 84.8 16.5317
      vertex 115.961 84.8 16.0451
    endloop
  endfacet
  facet normal -0.831577 0 0.55541
    outer loop
      vertex 116.286 84.8 16.5317
      vertex 115.961 82.4 16.0451
      vertex 116.286 82.4 16.5317
    endloop
  endfacet
  facet normal -0.980849 0 0.194769
    outer loop
      vertex 116.286 82.4 16.5317
      vertex 116.4 84.8 17.1058
      vertex 116.286 84.8 16.5317
    endloop
  endfacet
  facet normal -0.980849 0 0.194769
    outer loop
      vertex 116.4 84.8 17.1058
      vertex 116.286 82.4 16.5317
      vertex 116.4 82.4 17.1058
    endloop
  endfacet
  facet normal -0.555212 0 0.831709
    outer loop
      vertex 115.474 84.8 15.72
      vertex 115.961 82.4 16.0451
      vertex 115.961 84.8 16.0451
    endloop
  endfacet
  facet normal -0.555212 0 0.831709
    outer loop
      vertex 115.961 82.4 16.0451
      vertex 115.474 84.8 15.72
      vertex 115.474 82.4 15.72
    endloop
  endfacet
  facet normal -0.19513 0 0.980777
    outer loop
      vertex 114.9 84.8 15.6058
      vertex 115.474 82.4 15.72
      vertex 115.474 84.8 15.72
    endloop
  endfacet
  facet normal -0.19513 0 0.980777
    outer loop
      vertex 115.474 82.4 15.72
      vertex 114.9 84.8 15.6058
      vertex 114.9 82.4 15.6058
    endloop
  endfacet
  facet normal 0.980843 0 -0.194802
    outer loop
      vertex 113.514 82.4 17.6798
      vertex 113.4 84.8 17.1058
      vertex 113.514 84.8 17.6798
    endloop
  endfacet
  facet normal 0.980843 0 -0.194802
    outer loop
      vertex 113.4 84.8 17.1058
      vertex 113.514 82.4 17.6798
      vertex 113.4 82.4 17.1058
    endloop
  endfacet
  facet normal -0.555331 0 -0.83163
    outer loop
      vertex 115.474 82.4 18.4916
      vertex 115.961 84.8 18.1664
      vertex 115.961 82.4 18.1664
    endloop
  endfacet
  facet normal -0.555331 0 -0.83163
    outer loop
      vertex 115.961 84.8 18.1664
      vertex 115.474 82.4 18.4916
      vertex 115.474 84.8 18.4916
    endloop
  endfacet
  facet normal 0.831577 -0 0.55541
    outer loop
      vertex 113.514 82.4 16.5317
      vertex 113.839 84.8 16.0451
      vertex 113.514 84.8 16.5317
    endloop
  endfacet
  facet normal 0.831577 0 0.55541
    outer loop
      vertex 113.839 84.8 16.0451
      vertex 113.514 82.4 16.5317
      vertex 113.839 82.4 16.0451
    endloop
  endfacet
  facet normal 0.19513 0 0.980777
    outer loop
      vertex 114.326 84.8 15.72
      vertex 114.9 82.4 15.6058
      vertex 114.9 84.8 15.6058
    endloop
  endfacet
  facet normal 0.19513 0 0.980777
    outer loop
      vertex 114.9 82.4 15.6058
      vertex 114.326 84.8 15.72
      vertex 114.326 82.4 15.72
    endloop
  endfacet
  facet normal 0.555212 0 0.831709
    outer loop
      vertex 113.839 84.8 16.0451
      vertex 114.326 82.4 15.72
      vertex 114.326 84.8 15.72
    endloop
  endfacet
  facet normal 0.555212 0 0.831709
    outer loop
      vertex 114.326 82.4 15.72
      vertex 113.839 84.8 16.0451
      vertex 113.839 82.4 16.0451
    endloop
  endfacet
  facet normal -0.980843 0 -0.194802
    outer loop
      vertex 116.4 82.4 17.1058
      vertex 116.286 84.8 17.6798
      vertex 116.4 84.8 17.1058
    endloop
  endfacet
  facet normal -0.980843 -0 -0.194802
    outer loop
      vertex 116.286 84.8 17.6798
      vertex 116.4 82.4 17.1058
      vertex 116.286 82.4 17.6798
    endloop
  endfacet
  facet normal 0.980849 -0 0.194769
    outer loop
      vertex 113.4 82.4 17.1058
      vertex 113.514 84.8 16.5317
      vertex 113.4 84.8 17.1058
    endloop
  endfacet
  facet normal 0.980849 0 0.194769
    outer loop
      vertex 113.514 84.8 16.5317
      vertex 113.4 82.4 17.1058
      vertex 113.514 82.4 16.5317
    endloop
  endfacet
  facet normal 0.831577 0 -0.55541
    outer loop
      vertex 113.839 82.4 18.1664
      vertex 113.514 84.8 17.6798
      vertex 113.839 84.8 18.1664
    endloop
  endfacet
  facet normal 0.831577 0 -0.55541
    outer loop
      vertex 113.514 84.8 17.6798
      vertex 113.839 82.4 18.1664
      vertex 113.514 82.4 17.6798
    endloop
  endfacet
  facet normal -0.19513 0 -0.980777
    outer loop
      vertex 114.9 82.4 18.6058
      vertex 115.474 84.8 18.4916
      vertex 115.474 82.4 18.4916
    endloop
  endfacet
  facet normal -0.19513 0 -0.980777
    outer loop
      vertex 115.474 84.8 18.4916
      vertex 114.9 82.4 18.6058
      vertex 114.9 84.8 18.6058
    endloop
  endfacet
  facet normal 0.555331 0 -0.83163
    outer loop
      vertex 113.839 82.4 18.1664
      vertex 114.326 84.8 18.4916
      vertex 114.326 82.4 18.4916
    endloop
  endfacet
  facet normal 0.555331 0 -0.83163
    outer loop
      vertex 114.326 84.8 18.4916
      vertex 113.839 82.4 18.1664
      vertex 113.839 84.8 18.1664
    endloop
  endfacet
  facet normal 0.19513 0 -0.980777
    outer loop
      vertex 118.826 82.4 18.4916
      vertex 119.4 84.8 18.6058
      vertex 119.4 82.4 18.6058
    endloop
  endfacet
  facet normal 0.19513 0 -0.980777
    outer loop
      vertex 119.4 84.8 18.6058
      vertex 118.826 82.4 18.4916
      vertex 118.826 84.8 18.4916
    endloop
  endfacet
  facet normal -0.831577 0 -0.55541
    outer loop
      vertex 120.786 82.4 17.6798
      vertex 120.461 84.8 18.1664
      vertex 120.786 84.8 17.6798
    endloop
  endfacet
  facet normal -0.831577 -0 -0.55541
    outer loop
      vertex 120.461 84.8 18.1664
      vertex 120.786 82.4 17.6798
      vertex 120.461 82.4 18.1664
    endloop
  endfacet
  facet normal -0.831577 0 0.55541
    outer loop
      vertex 120.461 82.4 16.0451
      vertex 120.786 84.8 16.5317
      vertex 120.461 84.8 16.0451
    endloop
  endfacet
  facet normal -0.831577 0 0.55541
    outer loop
      vertex 120.786 84.8 16.5317
      vertex 120.461 82.4 16.0451
      vertex 120.786 82.4 16.5317
    endloop
  endfacet
  facet normal -0.980849 0 0.194769
    outer loop
      vertex 120.786 82.4 16.5317
      vertex 120.9 84.8 17.1058
      vertex 120.786 84.8 16.5317
    endloop
  endfacet
  facet normal -0.980849 0 0.194769
    outer loop
      vertex 120.9 84.8 17.1058
      vertex 120.786 82.4 16.5317
      vertex 120.9 82.4 17.1058
    endloop
  endfacet
  facet normal -0.555212 0 0.831709
    outer loop
      vertex 119.974 84.8 15.72
      vertex 120.461 82.4 16.0451
      vertex 120.461 84.8 16.0451
    endloop
  endfacet
  facet normal -0.555212 0 0.831709
    outer loop
      vertex 120.461 82.4 16.0451
      vertex 119.974 84.8 15.72
      vertex 119.974 82.4 15.72
    endloop
  endfacet
  facet normal -0.19513 0 0.980777
    outer loop
      vertex 119.4 84.8 15.6058
      vertex 119.974 82.4 15.72
      vertex 119.974 84.8 15.72
    endloop
  endfacet
  facet normal -0.19513 0 0.980777
    outer loop
      vertex 119.974 82.4 15.72
      vertex 119.4 84.8 15.6058
      vertex 119.4 82.4 15.6058
    endloop
  endfacet
  facet normal 0.980843 0 -0.194802
    outer loop
      vertex 118.014 82.4 17.6798
      vertex 117.9 84.8 17.1058
      vertex 118.014 84.8 17.6798
    endloop
  endfacet
  facet normal 0.980843 0 -0.194802
    outer loop
      vertex 117.9 84.8 17.1058
      vertex 118.014 82.4 17.6798
      vertex 117.9 82.4 17.1058
    endloop
  endfacet
  facet normal -0.555331 0 -0.83163
    outer loop
      vertex 119.974 82.4 18.4916
      vertex 120.461 84.8 18.1664
      vertex 120.461 82.4 18.1664
    endloop
  endfacet
  facet normal -0.555331 0 -0.83163
    outer loop
      vertex 120.461 84.8 18.1664
      vertex 119.974 82.4 18.4916
      vertex 119.974 84.8 18.4916
    endloop
  endfacet
  facet normal 0.831577 -0 0.55541
    outer loop
      vertex 118.014 82.4 16.5317
      vertex 118.339 84.8 16.0451
      vertex 118.014 84.8 16.5317
    endloop
  endfacet
  facet normal 0.831577 0 0.55541
    outer loop
      vertex 118.339 84.8 16.0451
      vertex 118.014 82.4 16.5317
      vertex 118.339 82.4 16.0451
    endloop
  endfacet
  facet normal -0.19513 0 -0.980777
    outer loop
      vertex 119.4 82.4 18.6058
      vertex 119.974 84.8 18.4916
      vertex 119.974 82.4 18.4916
    endloop
  endfacet
  facet normal -0.19513 0 -0.980777
    outer loop
      vertex 119.974 84.8 18.4916
      vertex 119.4 82.4 18.6058
      vertex 119.4 84.8 18.6058
    endloop
  endfacet
  facet normal 0.19513 0 0.980777
    outer loop
      vertex 118.826 84.8 15.72
      vertex 119.4 82.4 15.6058
      vertex 119.4 84.8 15.6058
    endloop
  endfacet
  facet normal 0.19513 0 0.980777
    outer loop
      vertex 119.4 82.4 15.6058
      vertex 118.826 84.8 15.72
      vertex 118.826 82.4 15.72
    endloop
  endfacet
  facet normal 0.555212 0 0.831709
    outer loop
      vertex 118.339 84.8 16.0451
      vertex 118.826 82.4 15.72
      vertex 118.826 84.8 15.72
    endloop
  endfacet
  facet normal 0.555212 0 0.831709
    outer loop
      vertex 118.826 82.4 15.72
      vertex 118.339 84.8 16.0451
      vertex 118.339 82.4 16.0451
    endloop
  endfacet
  facet normal -0.980843 0 -0.194802
    outer loop
      vertex 120.9 82.4 17.1058
      vertex 120.786 84.8 17.6798
      vertex 120.9 84.8 17.1058
    endloop
  endfacet
  facet normal -0.980843 -0 -0.194802
    outer loop
      vertex 120.786 84.8 17.6798
      vertex 120.9 82.4 17.1058
      vertex 120.786 82.4 17.6798
    endloop
  endfacet
  facet normal 0.980849 -0 0.194769
    outer loop
      vertex 117.9 82.4 17.1058
      vertex 118.014 84.8 16.5317
      vertex 117.9 84.8 17.1058
    endloop
  endfacet
  facet normal 0.980849 0 0.194769
    outer loop
      vertex 118.014 84.8 16.5317
      vertex 117.9 82.4 17.1058
      vertex 118.014 82.4 16.5317
    endloop
  endfacet
  facet normal 0.831577 0 -0.55541
    outer loop
      vertex 118.339 82.4 18.1664
      vertex 118.014 84.8 17.6798
      vertex 118.339 84.8 18.1664
    endloop
  endfacet
  facet normal 0.831577 0 -0.55541
    outer loop
      vertex 118.014 84.8 17.6798
      vertex 118.339 82.4 18.1664
      vertex 118.014 82.4 17.6798
    endloop
  endfacet
  facet normal 0.555331 0 -0.83163
    outer loop
      vertex 118.339 82.4 18.1664
      vertex 118.826 84.8 18.4916
      vertex 118.826 82.4 18.4916
    endloop
  endfacet
  facet normal 0.555331 0 -0.83163
    outer loop
      vertex 118.826 84.8 18.4916
      vertex 118.339 82.4 18.1664
      vertex 118.339 84.8 18.1664
    endloop
  endfacet
  facet normal 0.980784 -0 0.195098
    outer loop
      vertex 93.15 82.4 13.2087
      vertex 93.2642 84.8 12.6346
      vertex 93.15 84.8 13.2087
    endloop
  endfacet
  facet normal 0.980784 0 0.195098
    outer loop
      vertex 93.2642 84.8 12.6346
      vertex 93.15 82.4 13.2087
      vertex 93.2642 82.4 12.6346
    endloop
  endfacet
  facet normal -0.831498 0 0.555528
    outer loop
      vertex 95.7107 82.4 12.148
      vertex 96.0358 84.8 12.6346
      vertex 95.7107 84.8 12.148
    endloop
  endfacet
  facet normal -0.831498 0 0.555528
    outer loop
      vertex 96.0358 84.8 12.6346
      vertex 95.7107 82.4 12.148
      vertex 96.0358 82.4 12.6346
    endloop
  endfacet
  facet normal -0.980784 0 0.195098
    outer loop
      vertex 96.0358 82.4 12.6346
      vertex 96.15 84.8 13.2087
      vertex 96.0358 84.8 12.6346
    endloop
  endfacet
  facet normal -0.980784 0 0.195098
    outer loop
      vertex 96.15 84.8 13.2087
      vertex 96.0358 82.4 12.6346
      vertex 96.15 82.4 13.2087
    endloop
  endfacet
  facet normal 0.19513 0 -0.980777
    outer loop
      vertex 94.076 82.4 14.5945
      vertex 94.65 84.8 14.7087
      vertex 94.65 82.4 14.7087
    endloop
  endfacet
  facet normal 0.19513 0 -0.980777
    outer loop
      vertex 94.65 84.8 14.7087
      vertex 94.076 82.4 14.5945
      vertex 94.076 84.8 14.5945
    endloop
  endfacet
  facet normal -0.555567 0 -0.831472
    outer loop
      vertex 95.224 82.4 14.5945
      vertex 95.7107 84.8 14.2693
      vertex 95.7107 82.4 14.2693
    endloop
  endfacet
  facet normal -0.555567 0 -0.831472
    outer loop
      vertex 95.7107 84.8 14.2693
      vertex 95.224 82.4 14.5945
      vertex 95.224 84.8 14.5945
    endloop
  endfacet
  facet normal 0.555567 0 0.831472
    outer loop
      vertex 93.5893 84.8 12.148
      vertex 94.076 82.4 11.8228
      vertex 94.076 84.8 11.8228
    endloop
  endfacet
  facet normal 0.555567 0 0.831472
    outer loop
      vertex 94.076 82.4 11.8228
      vertex 93.5893 84.8 12.148
      vertex 93.5893 82.4 12.148
    endloop
  endfacet
  facet normal -0.980777 0 -0.19513
    outer loop
      vertex 96.15 82.4 13.2087
      vertex 96.0358 84.8 13.7827
      vertex 96.15 84.8 13.2087
    endloop
  endfacet
  facet normal -0.980777 -0 -0.19513
    outer loop
      vertex 96.0358 84.8 13.7827
      vertex 96.15 82.4 13.2087
      vertex 96.0358 82.4 13.7827
    endloop
  endfacet
  facet normal -0.19513 0 -0.980777
    outer loop
      vertex 94.65 82.4 14.7087
      vertex 95.224 84.8 14.5945
      vertex 95.224 82.4 14.5945
    endloop
  endfacet
  facet normal -0.19513 0 -0.980777
    outer loop
      vertex 95.224 84.8 14.5945
      vertex 94.65 82.4 14.7087
      vertex 94.65 84.8 14.7087
    endloop
  endfacet
  facet normal -0.831498 0 -0.555528
    outer loop
      vertex 96.0358 82.4 13.7827
      vertex 95.7107 84.8 14.2693
      vertex 96.0358 84.8 13.7827
    endloop
  endfacet
  facet normal -0.831498 -0 -0.555528
    outer loop
      vertex 95.7107 84.8 14.2693
      vertex 96.0358 82.4 13.7827
      vertex 95.7107 82.4 14.2693
    endloop
  endfacet
  facet normal -0.194966 0 0.98081
    outer loop
      vertex 94.65 84.8 11.7087
      vertex 95.224 82.4 11.8228
      vertex 95.224 84.8 11.8228
    endloop
  endfacet
  facet normal -0.194966 0 0.98081
    outer loop
      vertex 95.224 82.4 11.8228
      vertex 94.65 84.8 11.7087
      vertex 94.65 82.4 11.7087
    endloop
  endfacet
  facet normal 0.194966 0 0.98081
    outer loop
      vertex 94.076 84.8 11.8228
      vertex 94.65 82.4 11.7087
      vertex 94.65 84.8 11.7087
    endloop
  endfacet
  facet normal 0.194966 0 0.98081
    outer loop
      vertex 94.65 82.4 11.7087
      vertex 94.076 84.8 11.8228
      vertex 94.076 82.4 11.8228
    endloop
  endfacet
  facet normal 0.831498 -0 0.555528
    outer loop
      vertex 93.2642 82.4 12.6346
      vertex 93.5893 84.8 12.148
      vertex 93.2642 84.8 12.6346
    endloop
  endfacet
  facet normal 0.831498 0 0.555528
    outer loop
      vertex 93.5893 84.8 12.148
      vertex 93.2642 82.4 12.6346
      vertex 93.5893 82.4 12.148
    endloop
  endfacet
  facet normal -0.555567 0 0.831472
    outer loop
      vertex 95.224 84.8 11.8228
      vertex 95.7107 82.4 12.148
      vertex 95.7107 84.8 12.148
    endloop
  endfacet
  facet normal -0.555567 0 0.831472
    outer loop
      vertex 95.7107 82.4 12.148
      vertex 95.224 84.8 11.8228
      vertex 95.224 82.4 11.8228
    endloop
  endfacet
  facet normal 0.831498 0 -0.555528
    outer loop
      vertex 93.5893 82.4 14.2693
      vertex 93.2642 84.8 13.7827
      vertex 93.5893 84.8 14.2693
    endloop
  endfacet
  facet normal 0.831498 0 -0.555528
    outer loop
      vertex 93.2642 84.8 13.7827
      vertex 93.5893 82.4 14.2693
      vertex 93.2642 82.4 13.7827
    endloop
  endfacet
  facet normal 0.980777 0 -0.19513
    outer loop
      vertex 93.2642 82.4 13.7827
      vertex 93.15 84.8 13.2087
      vertex 93.2642 84.8 13.7827
    endloop
  endfacet
  facet normal 0.980777 0 -0.19513
    outer loop
      vertex 93.15 84.8 13.2087
      vertex 93.2642 82.4 13.7827
      vertex 93.15 82.4 13.2087
    endloop
  endfacet
  facet normal 0.555567 0 -0.831472
    outer loop
      vertex 93.5893 82.4 14.2693
      vertex 94.076 84.8 14.5945
      vertex 94.076 82.4 14.5945
    endloop
  endfacet
  facet normal 0.555567 0 -0.831472
    outer loop
      vertex 94.076 84.8 14.5945
      vertex 93.5893 82.4 14.2693
      vertex 93.5893 84.8 14.2693
    endloop
  endfacet
  facet normal 0.980784 -0 0.195098
    outer loop
      vertex 97.65 82.4 13.2087
      vertex 97.7642 84.8 12.6346
      vertex 97.65 84.8 13.2087
    endloop
  endfacet
  facet normal 0.980784 0 0.195098
    outer loop
      vertex 97.7642 84.8 12.6346
      vertex 97.65 82.4 13.2087
      vertex 97.7642 82.4 12.6346
    endloop
  endfacet
  facet normal -0.831577 0 0.55541
    outer loop
      vertex 100.211 82.4 12.148
      vertex 100.536 84.8 12.6346
      vertex 100.211 84.8 12.148
    endloop
  endfacet
  facet normal -0.831577 0 0.55541
    outer loop
      vertex 100.536 84.8 12.6346
      vertex 100.211 82.4 12.148
      vertex 100.536 82.4 12.6346
    endloop
  endfacet
  facet normal -0.980849 0 0.194769
    outer loop
      vertex 100.536 82.4 12.6346
      vertex 100.65 84.8 13.2087
      vertex 100.536 84.8 12.6346
    endloop
  endfacet
  facet normal -0.980849 0 0.194769
    outer loop
      vertex 100.65 84.8 13.2087
      vertex 100.536 82.4 12.6346
      vertex 100.65 82.4 13.2087
    endloop
  endfacet
  facet normal 0.19513 0 -0.980777
    outer loop
      vertex 98.576 82.4 14.5945
      vertex 99.15 84.8 14.7087
      vertex 99.15 82.4 14.7087
    endloop
  endfacet
  facet normal 0.19513 0 -0.980777
    outer loop
      vertex 99.15 84.8 14.7087
      vertex 98.576 82.4 14.5945
      vertex 98.576 84.8 14.5945
    endloop
  endfacet
  facet normal -0.555331 0 -0.83163
    outer loop
      vertex 99.724 82.4 14.5945
      vertex 100.211 84.8 14.2693
      vertex 100.211 82.4 14.2693
    endloop
  endfacet
  facet normal -0.555331 0 -0.83163
    outer loop
      vertex 100.211 84.8 14.2693
      vertex 99.724 82.4 14.5945
      vertex 99.724 84.8 14.5945
    endloop
  endfacet
  facet normal 0.555567 0 0.831472
    outer loop
      vertex 98.0893 84.8 12.148
      vertex 98.576 82.4 11.8228
      vertex 98.576 84.8 11.8228
    endloop
  endfacet
  facet normal 0.555567 0 0.831472
    outer loop
      vertex 98.576 82.4 11.8228
      vertex 98.0893 84.8 12.148
      vertex 98.0893 82.4 12.148
    endloop
  endfacet
  facet normal -0.980843 0 -0.194802
    outer loop
      vertex 100.65 82.4 13.2087
      vertex 100.536 84.8 13.7827
      vertex 100.65 84.8 13.2087
    endloop
  endfacet
  facet normal -0.980843 -0 -0.194802
    outer loop
      vertex 100.536 84.8 13.7827
      vertex 100.65 82.4 13.2087
      vertex 100.536 82.4 13.7827
    endloop
  endfacet
  facet normal -0.19513 0 -0.980777
    outer loop
      vertex 99.15 82.4 14.7087
      vertex 99.724 84.8 14.5945
      vertex 99.724 82.4 14.5945
    endloop
  endfacet
  facet normal -0.19513 0 -0.980777
    outer loop
      vertex 99.724 84.8 14.5945
      vertex 99.15 82.4 14.7087
      vertex 99.15 84.8 14.7087
    endloop
  endfacet
  facet normal -0.831577 0 -0.55541
    outer loop
      vertex 100.536 82.4 13.7827
      vertex 100.211 84.8 14.2693
      vertex 100.536 84.8 13.7827
    endloop
  endfacet
  facet normal -0.831577 -0 -0.55541
    outer loop
      vertex 100.211 84.8 14.2693
      vertex 100.536 82.4 13.7827
      vertex 100.211 82.4 14.2693
    endloop
  endfacet
  facet normal -0.194966 0 0.98081
    outer loop
      vertex 99.15 84.8 11.7087
      vertex 99.724 82.4 11.8228
      vertex 99.724 84.8 11.8228
    endloop
  endfacet
  facet normal -0.194966 0 0.98081
    outer loop
      vertex 99.724 82.4 11.8228
      vertex 99.15 84.8 11.7087
      vertex 99.15 82.4 11.7087
    endloop
  endfacet
  facet normal 0.194966 0 0.98081
    outer loop
      vertex 98.576 84.8 11.8228
      vertex 99.15 82.4 11.7087
      vertex 99.15 84.8 11.7087
    endloop
  endfacet
  facet normal 0.194966 0 0.98081
    outer loop
      vertex 99.15 82.4 11.7087
      vertex 98.576 84.8 11.8228
      vertex 98.576 82.4 11.8228
    endloop
  endfacet
  facet normal 0.831498 -0 0.555528
    outer loop
      vertex 97.7642 82.4 12.6346
      vertex 98.0893 84.8 12.148
      vertex 97.7642 84.8 12.6346
    endloop
  endfacet
  facet normal 0.831498 0 0.555528
    outer loop
      vertex 98.0893 84.8 12.148
      vertex 97.7642 82.4 12.6346
      vertex 98.0893 82.4 12.148
    endloop
  endfacet
  facet normal -0.555331 0 0.83163
    outer loop
      vertex 99.724 84.8 11.8228
      vertex 100.211 82.4 12.148
      vertex 100.211 84.8 12.148
    endloop
  endfacet
  facet normal -0.555331 0 0.83163
    outer loop
      vertex 100.211 82.4 12.148
      vertex 99.724 84.8 11.8228
      vertex 99.724 82.4 11.8228
    endloop
  endfacet
  facet normal 0.831498 0 -0.555528
    outer loop
      vertex 98.0893 82.4 14.2693
      vertex 97.7642 84.8 13.7827
      vertex 98.0893 84.8 14.2693
    endloop
  endfacet
  facet normal 0.831498 0 -0.555528
    outer loop
      vertex 97.7642 84.8 13.7827
      vertex 98.0893 82.4 14.2693
      vertex 97.7642 82.4 13.7827
    endloop
  endfacet
  facet normal 0.980777 0 -0.19513
    outer loop
      vertex 97.7642 82.4 13.7827
      vertex 97.65 84.8 13.2087
      vertex 97.7642 84.8 13.7827
    endloop
  endfacet
  facet normal 0.980777 0 -0.19513
    outer loop
      vertex 97.65 84.8 13.2087
      vertex 97.7642 82.4 13.7827
      vertex 97.65 82.4 13.2087
    endloop
  endfacet
  facet normal 0.555567 0 -0.831472
    outer loop
      vertex 98.0893 82.4 14.2693
      vertex 98.576 84.8 14.5945
      vertex 98.576 82.4 14.5945
    endloop
  endfacet
  facet normal 0.555567 0 -0.831472
    outer loop
      vertex 98.576 84.8 14.5945
      vertex 98.0893 82.4 14.2693
      vertex 98.0893 84.8 14.2693
    endloop
  endfacet
  facet normal 0.980849 -0 0.194769
    outer loop
      vertex 102.15 82.4 13.2087
      vertex 102.264 84.8 12.6346
      vertex 102.15 84.8 13.2087
    endloop
  endfacet
  facet normal 0.980849 0 0.194769
    outer loop
      vertex 102.264 84.8 12.6346
      vertex 102.15 82.4 13.2087
      vertex 102.264 82.4 12.6346
    endloop
  endfacet
  facet normal -0.831577 0 0.55541
    outer loop
      vertex 104.711 82.4 12.148
      vertex 105.036 84.8 12.6346
      vertex 104.711 84.8 12.148
    endloop
  endfacet
  facet normal -0.831577 0 0.55541
    outer loop
      vertex 105.036 84.8 12.6346
      vertex 104.711 82.4 12.148
      vertex 105.036 82.4 12.6346
    endloop
  endfacet
  facet normal -0.980849 0 0.194769
    outer loop
      vertex 105.036 82.4 12.6346
      vertex 105.15 84.8 13.2087
      vertex 105.036 84.8 12.6346
    endloop
  endfacet
  facet normal -0.980849 0 0.194769
    outer loop
      vertex 105.15 84.8 13.2087
      vertex 105.036 82.4 12.6346
      vertex 105.15 82.4 13.2087
    endloop
  endfacet
  facet normal 0.19513 0 -0.980777
    outer loop
      vertex 103.076 82.4 14.5945
      vertex 103.65 84.8 14.7087
      vertex 103.65 82.4 14.7087
    endloop
  endfacet
  facet normal 0.19513 0 -0.980777
    outer loop
      vertex 103.65 84.8 14.7087
      vertex 103.076 82.4 14.5945
      vertex 103.076 84.8 14.5945
    endloop
  endfacet
  facet normal -0.555331 0 -0.83163
    outer loop
      vertex 104.224 82.4 14.5945
      vertex 104.711 84.8 14.2693
      vertex 104.711 82.4 14.2693
    endloop
  endfacet
  facet normal -0.555331 0 -0.83163
    outer loop
      vertex 104.711 84.8 14.2693
      vertex 104.224 82.4 14.5945
      vertex 104.224 84.8 14.5945
    endloop
  endfacet
  facet normal 0.555331 0 0.83163
    outer loop
      vertex 102.589 84.8 12.148
      vertex 103.076 82.4 11.8228
      vertex 103.076 84.8 11.8228
    endloop
  endfacet
  facet normal 0.555331 0 0.83163
    outer loop
      vertex 103.076 82.4 11.8228
      vertex 102.589 84.8 12.148
      vertex 102.589 82.4 12.148
    endloop
  endfacet
  facet normal -0.980843 0 -0.194802
    outer loop
      vertex 105.15 82.4 13.2087
      vertex 105.036 84.8 13.7827
      vertex 105.15 84.8 13.2087
    endloop
  endfacet
  facet normal -0.980843 -0 -0.194802
    outer loop
      vertex 105.036 84.8 13.7827
      vertex 105.15 82.4 13.2087
      vertex 105.036 82.4 13.7827
    endloop
  endfacet
  facet normal -0.19513 0 -0.980777
    outer loop
      vertex 103.65 82.4 14.7087
      vertex 104.224 84.8 14.5945
      vertex 104.224 82.4 14.5945
    endloop
  endfacet
  facet normal -0.19513 0 -0.980777
    outer loop
      vertex 104.224 84.8 14.5945
      vertex 103.65 82.4 14.7087
      vertex 103.65 84.8 14.7087
    endloop
  endfacet
  facet normal -0.831577 0 -0.55541
    outer loop
      vertex 105.036 82.4 13.7827
      vertex 104.711 84.8 14.2693
      vertex 105.036 84.8 13.7827
    endloop
  endfacet
  facet normal -0.831577 -0 -0.55541
    outer loop
      vertex 104.711 84.8 14.2693
      vertex 105.036 82.4 13.7827
      vertex 104.711 82.4 14.2693
    endloop
  endfacet
  facet normal -0.194966 0 0.98081
    outer loop
      vertex 103.65 84.8 11.7087
      vertex 104.224 82.4 11.8228
      vertex 104.224 84.8 11.8228
    endloop
  endfacet
  facet normal -0.194966 0 0.98081
    outer loop
      vertex 104.224 82.4 11.8228
      vertex 103.65 84.8 11.7087
      vertex 103.65 82.4 11.7087
    endloop
  endfacet
  facet normal 0.194966 0 0.98081
    outer loop
      vertex 103.076 84.8 11.8228
      vertex 103.65 82.4 11.7087
      vertex 103.65 84.8 11.7087
    endloop
  endfacet
  facet normal 0.194966 0 0.98081
    outer loop
      vertex 103.65 82.4 11.7087
      vertex 103.076 84.8 11.8228
      vertex 103.076 82.4 11.8228
    endloop
  endfacet
  facet normal 0.831577 -0 0.55541
    outer loop
      vertex 102.264 82.4 12.6346
      vertex 102.589 84.8 12.148
      vertex 102.264 84.8 12.6346
    endloop
  endfacet
  facet normal 0.831577 0 0.55541
    outer loop
      vertex 102.589 84.8 12.148
      vertex 102.264 82.4 12.6346
      vertex 102.589 82.4 12.148
    endloop
  endfacet
  facet normal -0.555331 0 0.83163
    outer loop
      vertex 104.224 84.8 11.8228
      vertex 104.711 82.4 12.148
      vertex 104.711 84.8 12.148
    endloop
  endfacet
  facet normal -0.555331 0 0.83163
    outer loop
      vertex 104.711 82.4 12.148
      vertex 104.224 84.8 11.8228
      vertex 104.224 82.4 11.8228
    endloop
  endfacet
  facet normal 0.831577 0 -0.55541
    outer loop
      vertex 102.589 82.4 14.2693
      vertex 102.264 84.8 13.7827
      vertex 102.589 84.8 14.2693
    endloop
  endfacet
  facet normal 0.831577 0 -0.55541
    outer loop
      vertex 102.264 84.8 13.7827
      vertex 102.589 82.4 14.2693
      vertex 102.264 82.4 13.7827
    endloop
  endfacet
  facet normal 0.980843 0 -0.194802
    outer loop
      vertex 102.264 82.4 13.7827
      vertex 102.15 84.8 13.2087
      vertex 102.264 84.8 13.7827
    endloop
  endfacet
  facet normal 0.980843 0 -0.194802
    outer loop
      vertex 102.15 84.8 13.2087
      vertex 102.264 82.4 13.7827
      vertex 102.15 82.4 13.2087
    endloop
  endfacet
  facet normal 0.555331 0 -0.83163
    outer loop
      vertex 102.589 82.4 14.2693
      vertex 103.076 84.8 14.5945
      vertex 103.076 82.4 14.5945
    endloop
  endfacet
  facet normal 0.555331 0 -0.83163
    outer loop
      vertex 103.076 84.8 14.5945
      vertex 102.589 82.4 14.2693
      vertex 102.589 84.8 14.2693
    endloop
  endfacet
  facet normal 0.19513 0 -0.980777
    outer loop
      vertex 107.576 82.4 14.5945
      vertex 108.15 84.8 14.7087
      vertex 108.15 82.4 14.7087
    endloop
  endfacet
  facet normal 0.19513 0 -0.980777
    outer loop
      vertex 108.15 84.8 14.7087
      vertex 107.576 82.4 14.5945
      vertex 107.576 84.8 14.5945
    endloop
  endfacet
  facet normal -0.831577 0 -0.55541
    outer loop
      vertex 109.536 82.4 13.7827
      vertex 109.211 84.8 14.2693
      vertex 109.536 84.8 13.7827
    endloop
  endfacet
  facet normal -0.831577 -0 -0.55541
    outer loop
      vertex 109.211 84.8 14.2693
      vertex 109.536 82.4 13.7827
      vertex 109.211 82.4 14.2693
    endloop
  endfacet
  facet normal -0.831577 0 0.55541
    outer loop
      vertex 109.211 82.4 12.148
      vertex 109.536 84.8 12.6346
      vertex 109.211 84.8 12.148
    endloop
  endfacet
  facet normal -0.831577 0 0.55541
    outer loop
      vertex 109.536 84.8 12.6346
      vertex 109.211 82.4 12.148
      vertex 109.536 82.4 12.6346
    endloop
  endfacet
  facet normal -0.980849 0 0.194769
    outer loop
      vertex 109.536 82.4 12.6346
      vertex 109.65 84.8 13.2087
      vertex 109.536 84.8 12.6346
    endloop
  endfacet
  facet normal -0.980849 0 0.194769
    outer loop
      vertex 109.65 84.8 13.2087
      vertex 109.536 82.4 12.6346
      vertex 109.65 82.4 13.2087
    endloop
  endfacet
  facet normal -0.555331 0 0.83163
    outer loop
      vertex 108.724 84.8 11.8228
      vertex 109.211 82.4 12.148
      vertex 109.211 84.8 12.148
    endloop
  endfacet
  facet normal -0.555331 0 0.83163
    outer loop
      vertex 109.211 82.4 12.148
      vertex 108.724 84.8 11.8228
      vertex 108.724 82.4 11.8228
    endloop
  endfacet
  facet normal -0.194966 0 0.98081
    outer loop
      vertex 108.15 84.8 11.7087
      vertex 108.724 82.4 11.8228
      vertex 108.724 84.8 11.8228
    endloop
  endfacet
  facet normal -0.194966 0 0.98081
    outer loop
      vertex 108.724 82.4 11.8228
      vertex 108.15 84.8 11.7087
      vertex 108.15 82.4 11.7087
    endloop
  endfacet
  facet normal 0.980843 0 -0.194802
    outer loop
      vertex 106.764 82.4 13.7827
      vertex 106.65 84.8 13.2087
      vertex 106.764 84.8 13.7827
    endloop
  endfacet
  facet normal 0.980843 0 -0.194802
    outer loop
      vertex 106.65 84.8 13.2087
      vertex 106.764 82.4 13.7827
      vertex 106.65 82.4 13.2087
    endloop
  endfacet
  facet normal -0.555331 0 -0.83163
    outer loop
      vertex 108.724 82.4 14.5945
      vertex 109.211 84.8 14.2693
      vertex 109.211 82.4 14.2693
    endloop
  endfacet
  facet normal -0.555331 0 -0.83163
    outer loop
      vertex 109.211 84.8 14.2693
      vertex 108.724 82.4 14.5945
      vertex 108.724 84.8 14.5945
    endloop
  endfacet
  facet normal 0.831577 -0 0.55541
    outer loop
      vertex 106.764 82.4 12.6346
      vertex 107.089 84.8 12.148
      vertex 106.764 84.8 12.6346
    endloop
  endfacet
  facet normal 0.831577 0 0.55541
    outer loop
      vertex 107.089 84.8 12.148
      vertex 106.764 82.4 12.6346
      vertex 107.089 82.4 12.148
    endloop
  endfacet
  facet normal 0.194966 0 0.98081
    outer loop
      vertex 107.576 84.8 11.8228
      vertex 108.15 82.4 11.7087
      vertex 108.15 84.8 11.7087
    endloop
  endfacet
  facet normal 0.194966 0 0.98081
    outer loop
      vertex 108.15 82.4 11.7087
      vertex 107.576 84.8 11.8228
      vertex 107.576 82.4 11.8228
    endloop
  endfacet
  facet normal 0.555331 0 0.83163
    outer loop
      vertex 107.089 84.8 12.148
      vertex 107.576 82.4 11.8228
      vertex 107.576 84.8 11.8228
    endloop
  endfacet
  facet normal 0.555331 0 0.83163
    outer loop
      vertex 107.576 82.4 11.8228
      vertex 107.089 84.8 12.148
      vertex 107.089 82.4 12.148
    endloop
  endfacet
  facet normal -0.980843 0 -0.194802
    outer loop
      vertex 109.65 82.4 13.2087
      vertex 109.536 84.8 13.7827
      vertex 109.65 84.8 13.2087
    endloop
  endfacet
  facet normal -0.980843 -0 -0.194802
    outer loop
      vertex 109.536 84.8 13.7827
      vertex 109.65 82.4 13.2087
      vertex 109.536 82.4 13.7827
    endloop
  endfacet
  facet normal 0.980849 -0 0.194769
    outer loop
      vertex 106.65 82.4 13.2087
      vertex 106.764 84.8 12.6346
      vertex 106.65 84.8 13.2087
    endloop
  endfacet
  facet normal 0.980849 0 0.194769
    outer loop
      vertex 106.764 84.8 12.6346
      vertex 106.65 82.4 13.2087
      vertex 106.764 82.4 12.6346
    endloop
  endfacet
  facet normal 0.831577 0 -0.55541
    outer loop
      vertex 107.089 82.4 14.2693
      vertex 106.764 84.8 13.7827
      vertex 107.089 84.8 14.2693
    endloop
  endfacet
  facet normal 0.831577 0 -0.55541
    outer loop
      vertex 106.764 84.8 13.7827
      vertex 107.089 82.4 14.2693
      vertex 106.764 82.4 13.7827
    endloop
  endfacet
  facet normal -0.19513 0 -0.980777
    outer loop
      vertex 108.15 82.4 14.7087
      vertex 108.724 84.8 14.5945
      vertex 108.724 82.4 14.5945
    endloop
  endfacet
  facet normal -0.19513 0 -0.980777
    outer loop
      vertex 108.724 84.8 14.5945
      vertex 108.15 82.4 14.7087
      vertex 108.15 84.8 14.7087
    endloop
  endfacet
  facet normal 0.555331 0 -0.83163
    outer loop
      vertex 107.089 82.4 14.2693
      vertex 107.576 84.8 14.5945
      vertex 107.576 82.4 14.5945
    endloop
  endfacet
  facet normal 0.555331 0 -0.83163
    outer loop
      vertex 107.576 84.8 14.5945
      vertex 107.089 82.4 14.2693
      vertex 107.089 84.8 14.2693
    endloop
  endfacet
  facet normal 0.19513 0 -0.980777
    outer loop
      vertex 112.076 82.4 14.5945
      vertex 112.65 84.8 14.7087
      vertex 112.65 82.4 14.7087
    endloop
  endfacet
  facet normal 0.19513 0 -0.980777
    outer loop
      vertex 112.65 84.8 14.7087
      vertex 112.076 82.4 14.5945
      vertex 112.076 84.8 14.5945
    endloop
  endfacet
  facet normal -0.831577 0 -0.55541
    outer loop
      vertex 114.036 82.4 13.7827
      vertex 113.711 84.8 14.2693
      vertex 114.036 84.8 13.7827
    endloop
  endfacet
  facet normal -0.831577 -0 -0.55541
    outer loop
      vertex 113.711 84.8 14.2693
      vertex 114.036 82.4 13.7827
      vertex 113.711 82.4 14.2693
    endloop
  endfacet
  facet normal -0.831577 0 0.55541
    outer loop
      vertex 113.711 82.4 12.148
      vertex 114.036 84.8 12.6346
      vertex 113.711 84.8 12.148
    endloop
  endfacet
  facet normal -0.831577 0 0.55541
    outer loop
      vertex 114.036 84.8 12.6346
      vertex 113.711 82.4 12.148
      vertex 114.036 82.4 12.6346
    endloop
  endfacet
  facet normal -0.980849 0 0.194769
    outer loop
      vertex 114.036 82.4 12.6346
      vertex 114.15 84.8 13.2087
      vertex 114.036 84.8 12.6346
    endloop
  endfacet
  facet normal -0.980849 0 0.194769
    outer loop
      vertex 114.15 84.8 13.2087
      vertex 114.036 82.4 12.6346
      vertex 114.15 82.4 13.2087
    endloop
  endfacet
  facet normal -0.555331 0 0.83163
    outer loop
      vertex 113.224 84.8 11.8228
      vertex 113.711 82.4 12.148
      vertex 113.711 84.8 12.148
    endloop
  endfacet
  facet normal -0.555331 0 0.83163
    outer loop
      vertex 113.711 82.4 12.148
      vertex 113.224 84.8 11.8228
      vertex 113.224 82.4 11.8228
    endloop
  endfacet
  facet normal -0.194966 0 0.98081
    outer loop
      vertex 112.65 84.8 11.7087
      vertex 113.224 82.4 11.8228
      vertex 113.224 84.8 11.8228
    endloop
  endfacet
  facet normal -0.194966 0 0.98081
    outer loop
      vertex 113.224 82.4 11.8228
      vertex 112.65 84.8 11.7087
      vertex 112.65 82.4 11.7087
    endloop
  endfacet
  facet normal 0.980843 0 -0.194802
    outer loop
      vertex 111.264 82.4 13.7827
      vertex 111.15 84.8 13.2087
      vertex 111.264 84.8 13.7827
    endloop
  endfacet
  facet normal 0.980843 0 -0.194802
    outer loop
      vertex 111.15 84.8 13.2087
      vertex 111.264 82.4 13.7827
      vertex 111.15 82.4 13.2087
    endloop
  endfacet
  facet normal -0.555331 0 -0.83163
    outer loop
      vertex 113.224 82.4 14.5945
      vertex 113.711 84.8 14.2693
      vertex 113.711 82.4 14.2693
    endloop
  endfacet
  facet normal -0.555331 0 -0.83163
    outer loop
      vertex 113.711 84.8 14.2693
      vertex 113.224 82.4 14.5945
      vertex 113.224 84.8 14.5945
    endloop
  endfacet
  facet normal 0.831577 -0 0.55541
    outer loop
      vertex 111.264 82.4 12.6346
      vertex 111.589 84.8 12.148
      vertex 111.264 84.8 12.6346
    endloop
  endfacet
  facet normal 0.831577 0 0.55541
    outer loop
      vertex 111.589 84.8 12.148
      vertex 111.264 82.4 12.6346
      vertex 111.589 82.4 12.148
    endloop
  endfacet
  facet normal 0.194966 0 0.98081
    outer loop
      vertex 112.076 84.8 11.8228
      vertex 112.65 82.4 11.7087
      vertex 112.65 84.8 11.7087
    endloop
  endfacet
  facet normal 0.194966 0 0.98081
    outer loop
      vertex 112.65 82.4 11.7087
      vertex 112.076 84.8 11.8228
      vertex 112.076 82.4 11.8228
    endloop
  endfacet
  facet normal 0.555331 0 0.83163
    outer loop
      vertex 111.589 84.8 12.148
      vertex 112.076 82.4 11.8228
      vertex 112.076 84.8 11.8228
    endloop
  endfacet
  facet normal 0.555331 0 0.83163
    outer loop
      vertex 112.076 82.4 11.8228
      vertex 111.589 84.8 12.148
      vertex 111.589 82.4 12.148
    endloop
  endfacet
  facet normal -0.980843 0 -0.194802
    outer loop
      vertex 114.15 82.4 13.2087
      vertex 114.036 84.8 13.7827
      vertex 114.15 84.8 13.2087
    endloop
  endfacet
  facet normal -0.980843 -0 -0.194802
    outer loop
      vertex 114.036 84.8 13.7827
      vertex 114.15 82.4 13.2087
      vertex 114.036 82.4 13.7827
    endloop
  endfacet
  facet normal 0.980849 -0 0.194769
    outer loop
      vertex 111.15 82.4 13.2087
      vertex 111.264 84.8 12.6346
      vertex 111.15 84.8 13.2087
    endloop
  endfacet
  facet normal 0.980849 0 0.194769
    outer loop
      vertex 111.264 84.8 12.6346
      vertex 111.15 82.4 13.2087
      vertex 111.264 82.4 12.6346
    endloop
  endfacet
  facet normal 0.831577 0 -0.55541
    outer loop
      vertex 111.589 82.4 14.2693
      vertex 111.264 84.8 13.7827
      vertex 111.589 84.8 14.2693
    endloop
  endfacet
  facet normal 0.831577 0 -0.55541
    outer loop
      vertex 111.264 84.8 13.7827
      vertex 111.589 82.4 14.2693
      vertex 111.264 82.4 13.7827
    endloop
  endfacet
  facet normal -0.19513 0 -0.980777
    outer loop
      vertex 112.65 82.4 14.7087
      vertex 113.224 84.8 14.5945
      vertex 113.224 82.4 14.5945
    endloop
  endfacet
  facet normal -0.19513 0 -0.980777
    outer loop
      vertex 113.224 84.8 14.5945
      vertex 112.65 82.4 14.7087
      vertex 112.65 84.8 14.7087
    endloop
  endfacet
  facet normal 0.555331 0 -0.83163
    outer loop
      vertex 111.589 82.4 14.2693
      vertex 112.076 84.8 14.5945
      vertex 112.076 82.4 14.5945
    endloop
  endfacet
  facet normal 0.555331 0 -0.83163
    outer loop
      vertex 112.076 84.8 14.5945
      vertex 111.589 82.4 14.2693
      vertex 111.589 84.8 14.2693
    endloop
  endfacet
  facet normal 0.19513 0 -0.980777
    outer loop
      vertex 116.576 82.4 14.5945
      vertex 117.15 84.8 14.7087
      vertex 117.15 82.4 14.7087
    endloop
  endfacet
  facet normal 0.19513 0 -0.980777
    outer loop
      vertex 117.15 84.8 14.7087
      vertex 116.576 82.4 14.5945
      vertex 116.576 84.8 14.5945
    endloop
  endfacet
  facet normal -0.831577 0 -0.55541
    outer loop
      vertex 118.536 82.4 13.7827
      vertex 118.211 84.8 14.2693
      vertex 118.536 84.8 13.7827
    endloop
  endfacet
  facet normal -0.831577 -0 -0.55541
    outer loop
      vertex 118.211 84.8 14.2693
      vertex 118.536 82.4 13.7827
      vertex 118.211 82.4 14.2693
    endloop
  endfacet
  facet normal -0.831577 0 0.55541
    outer loop
      vertex 118.211 82.4 12.148
      vertex 118.536 84.8 12.6346
      vertex 118.211 84.8 12.148
    endloop
  endfacet
  facet normal -0.831577 0 0.55541
    outer loop
      vertex 118.536 84.8 12.6346
      vertex 118.211 82.4 12.148
      vertex 118.536 82.4 12.6346
    endloop
  endfacet
  facet normal -0.980849 0 0.194769
    outer loop
      vertex 118.536 82.4 12.6346
      vertex 118.65 84.8 13.2087
      vertex 118.536 84.8 12.6346
    endloop
  endfacet
  facet normal -0.980849 0 0.194769
    outer loop
      vertex 118.65 84.8 13.2087
      vertex 118.536 82.4 12.6346
      vertex 118.65 82.4 13.2087
    endloop
  endfacet
  facet normal -0.555331 0 0.83163
    outer loop
      vertex 117.724 84.8 11.8228
      vertex 118.211 82.4 12.148
      vertex 118.211 84.8 12.148
    endloop
  endfacet
  facet normal -0.555331 0 0.83163
    outer loop
      vertex 118.211 82.4 12.148
      vertex 117.724 84.8 11.8228
      vertex 117.724 82.4 11.8228
    endloop
  endfacet
  facet normal -0.194966 0 0.98081
    outer loop
      vertex 117.15 84.8 11.7087
      vertex 117.724 82.4 11.8228
      vertex 117.724 84.8 11.8228
    endloop
  endfacet
  facet normal -0.194966 0 0.98081
    outer loop
      vertex 117.724 82.4 11.8228
      vertex 117.15 84.8 11.7087
      vertex 117.15 82.4 11.7087
    endloop
  endfacet
  facet normal 0.980843 0 -0.194802
    outer loop
      vertex 115.764 82.4 13.7827
      vertex 115.65 84.8 13.2087
      vertex 115.764 84.8 13.7827
    endloop
  endfacet
  facet normal 0.980843 0 -0.194802
    outer loop
      vertex 115.65 84.8 13.2087
      vertex 115.764 82.4 13.7827
      vertex 115.65 82.4 13.2087
    endloop
  endfacet
  facet normal -0.555331 0 -0.83163
    outer loop
      vertex 117.724 82.4 14.5945
      vertex 118.211 84.8 14.2693
      vertex 118.211 82.4 14.2693
    endloop
  endfacet
  facet normal -0.555331 0 -0.83163
    outer loop
      vertex 118.211 84.8 14.2693
      vertex 117.724 82.4 14.5945
      vertex 117.724 84.8 14.5945
    endloop
  endfacet
  facet normal 0.831577 -0 0.55541
    outer loop
      vertex 115.764 82.4 12.6346
      vertex 116.089 84.8 12.148
      vertex 115.764 84.8 12.6346
    endloop
  endfacet
  facet normal 0.831577 0 0.55541
    outer loop
      vertex 116.089 84.8 12.148
      vertex 115.764 82.4 12.6346
      vertex 116.089 82.4 12.148
    endloop
  endfacet
  facet normal 0.194966 0 0.98081
    outer loop
      vertex 116.576 84.8 11.8228
      vertex 117.15 82.4 11.7087
      vertex 117.15 84.8 11.7087
    endloop
  endfacet
  facet normal 0.194966 0 0.98081
    outer loop
      vertex 117.15 82.4 11.7087
      vertex 116.576 84.8 11.8228
      vertex 116.576 82.4 11.8228
    endloop
  endfacet
  facet normal 0.555331 0 0.83163
    outer loop
      vertex 116.089 84.8 12.148
      vertex 116.576 82.4 11.8228
      vertex 116.576 84.8 11.8228
    endloop
  endfacet
  facet normal 0.555331 0 0.83163
    outer loop
      vertex 116.576 82.4 11.8228
      vertex 116.089 84.8 12.148
      vertex 116.089 82.4 12.148
    endloop
  endfacet
  facet normal -0.980843 0 -0.194802
    outer loop
      vertex 118.65 82.4 13.2087
      vertex 118.536 84.8 13.7827
      vertex 118.65 84.8 13.2087
    endloop
  endfacet
  facet normal -0.980843 -0 -0.194802
    outer loop
      vertex 118.536 84.8 13.7827
      vertex 118.65 82.4 13.2087
      vertex 118.536 82.4 13.7827
    endloop
  endfacet
  facet normal 0.980849 -0 0.194769
    outer loop
      vertex 115.65 82.4 13.2087
      vertex 115.764 84.8 12.6346
      vertex 115.65 84.8 13.2087
    endloop
  endfacet
  facet normal 0.980849 0 0.194769
    outer loop
      vertex 115.764 84.8 12.6346
      vertex 115.65 82.4 13.2087
      vertex 115.764 82.4 12.6346
    endloop
  endfacet
  facet normal 0.831577 0 -0.55541
    outer loop
      vertex 116.089 82.4 14.2693
      vertex 115.764 84.8 13.7827
      vertex 116.089 84.8 14.2693
    endloop
  endfacet
  facet normal 0.831577 0 -0.55541
    outer loop
      vertex 115.764 84.8 13.7827
      vertex 116.089 82.4 14.2693
      vertex 115.764 82.4 13.7827
    endloop
  endfacet
  facet normal -0.19513 0 -0.980777
    outer loop
      vertex 117.15 82.4 14.7087
      vertex 117.724 84.8 14.5945
      vertex 117.724 82.4 14.5945
    endloop
  endfacet
  facet normal -0.19513 0 -0.980777
    outer loop
      vertex 117.724 84.8 14.5945
      vertex 117.15 82.4 14.7087
      vertex 117.15 84.8 14.7087
    endloop
  endfacet
  facet normal 0.555331 0 -0.83163
    outer loop
      vertex 116.089 82.4 14.2693
      vertex 116.576 84.8 14.5945
      vertex 116.576 82.4 14.5945
    endloop
  endfacet
  facet normal 0.555331 0 -0.83163
    outer loop
      vertex 116.576 84.8 14.5945
      vertex 116.089 82.4 14.2693
      vertex 116.089 84.8 14.2693
    endloop
  endfacet
  facet normal 0.980844 -0 0.194795
    outer loop
      vertex 99.9 82.4 9.31154
      vertex 100.014 84.8 8.73752
      vertex 99.9 84.8 9.31154
    endloop
  endfacet
  facet normal 0.980844 0 0.194795
    outer loop
      vertex 100.014 84.8 8.73752
      vertex 99.9 82.4 9.31154
      vertex 100.014 82.4 8.73752
    endloop
  endfacet
  facet normal -0.831598 0 0.555378
    outer loop
      vertex 102.461 82.4 8.25088
      vertex 102.786 84.8 8.73752
      vertex 102.461 84.8 8.25088
    endloop
  endfacet
  facet normal -0.831598 0 0.555378
    outer loop
      vertex 102.786 84.8 8.73752
      vertex 102.461 82.4 8.25088
      vertex 102.786 82.4 8.73752
    endloop
  endfacet
  facet normal -0.980844 0 0.194795
    outer loop
      vertex 102.786 82.4 8.73752
      vertex 102.9 84.8 9.31154
      vertex 102.786 84.8 8.73752
    endloop
  endfacet
  facet normal -0.980844 0 0.194795
    outer loop
      vertex 102.9 84.8 9.31154
      vertex 102.786 82.4 8.73752
      vertex 102.9 82.4 9.31154
    endloop
  endfacet
  facet normal -0.555283 0 0.831661
    outer loop
      vertex 101.974 84.8 7.92572
      vertex 102.461 82.4 8.25088
      vertex 102.461 84.8 8.25088
    endloop
  endfacet
  facet normal -0.555283 0 0.831661
    outer loop
      vertex 102.461 82.4 8.25088
      vertex 101.974 84.8 7.92572
      vertex 101.974 82.4 7.92572
    endloop
  endfacet
  facet normal -0.831593 0 -0.555386
    outer loop
      vertex 102.786 82.4 9.88557
      vertex 102.461 84.8 10.3722
      vertex 102.786 84.8 9.88557
    endloop
  endfacet
  facet normal -0.831593 -0 -0.555386
    outer loop
      vertex 102.461 84.8 10.3722
      vertex 102.786 82.4 9.88557
      vertex 102.461 82.4 10.3722
    endloop
  endfacet
  facet normal -0.195097 0 0.980784
    outer loop
      vertex 101.4 84.8 7.81154
      vertex 101.974 82.4 7.92572
      vertex 101.974 84.8 7.92572
    endloop
  endfacet
  facet normal -0.195097 0 0.980784
    outer loop
      vertex 101.974 82.4 7.92572
      vertex 101.4 84.8 7.81154
      vertex 101.4 82.4 7.81154
    endloop
  endfacet
  facet normal -0.555331 0 -0.83163
    outer loop
      vertex 101.974 82.4 10.6974
      vertex 102.461 84.8 10.3722
      vertex 102.461 82.4 10.3722
    endloop
  endfacet
  facet normal -0.555331 0 -0.83163
    outer loop
      vertex 102.461 84.8 10.3722
      vertex 101.974 82.4 10.6974
      vertex 101.974 84.8 10.6974
    endloop
  endfacet
  facet normal 0.555283 0 0.831661
    outer loop
      vertex 100.339 84.8 8.25088
      vertex 100.826 82.4 7.92572
      vertex 100.826 84.8 7.92572
    endloop
  endfacet
  facet normal 0.555283 0 0.831661
    outer loop
      vertex 100.826 82.4 7.92572
      vertex 100.339 84.8 8.25088
      vertex 100.339 82.4 8.25088
    endloop
  endfacet
  facet normal -0.980845 0 -0.194792
    outer loop
      vertex 102.9 82.4 9.31154
      vertex 102.786 84.8 9.88557
      vertex 102.9 84.8 9.31154
    endloop
  endfacet
  facet normal -0.980845 -0 -0.194792
    outer loop
      vertex 102.786 84.8 9.88557
      vertex 102.9 82.4 9.31154
      vertex 102.786 82.4 9.88557
    endloop
  endfacet
  facet normal 0.831598 -0 0.555378
    outer loop
      vertex 100.014 82.4 8.73752
      vertex 100.339 84.8 8.25088
      vertex 100.014 84.8 8.73752
    endloop
  endfacet
  facet normal 0.831598 0 0.555378
    outer loop
      vertex 100.339 84.8 8.25088
      vertex 100.014 82.4 8.73752
      vertex 100.339 82.4 8.25088
    endloop
  endfacet
  facet normal 0.195097 0 0.980784
    outer loop
      vertex 100.826 84.8 7.92572
      vertex 101.4 82.4 7.81154
      vertex 101.4 84.8 7.81154
    endloop
  endfacet
  facet normal 0.195097 0 0.980784
    outer loop
      vertex 101.4 82.4 7.81154
      vertex 100.826 84.8 7.92572
      vertex 100.826 82.4 7.92572
    endloop
  endfacet
  facet normal 0.194966 0 -0.98081
    outer loop
      vertex 100.826 82.4 10.6974
      vertex 101.4 84.8 10.8115
      vertex 101.4 82.4 10.8115
    endloop
  endfacet
  facet normal 0.194966 0 -0.98081
    outer loop
      vertex 101.4 84.8 10.8115
      vertex 100.826 82.4 10.6974
      vertex 100.826 84.8 10.6974
    endloop
  endfacet
  facet normal -0.194966 0 -0.98081
    outer loop
      vertex 101.4 82.4 10.8115
      vertex 101.974 84.8 10.6974
      vertex 101.974 82.4 10.6974
    endloop
  endfacet
  facet normal -0.194966 0 -0.98081
    outer loop
      vertex 101.974 84.8 10.6974
      vertex 101.4 82.4 10.8115
      vertex 101.4 84.8 10.8115
    endloop
  endfacet
  facet normal 0.831593 0 -0.555386
    outer loop
      vertex 100.339 82.4 10.3722
      vertex 100.014 84.8 9.88557
      vertex 100.339 84.8 10.3722
    endloop
  endfacet
  facet normal 0.831593 0 -0.555386
    outer loop
      vertex 100.014 84.8 9.88557
      vertex 100.339 82.4 10.3722
      vertex 100.014 82.4 9.88557
    endloop
  endfacet
  facet normal 0.980845 0 -0.194792
    outer loop
      vertex 100.014 82.4 9.88557
      vertex 99.9 84.8 9.31154
      vertex 100.014 84.8 9.88557
    endloop
  endfacet
  facet normal 0.980845 0 -0.194792
    outer loop
      vertex 99.9 84.8 9.31154
      vertex 100.014 82.4 9.88557
      vertex 99.9 82.4 9.31154
    endloop
  endfacet
  facet normal 0.555331 0 -0.83163
    outer loop
      vertex 100.339 82.4 10.3722
      vertex 100.826 84.8 10.6974
      vertex 100.826 82.4 10.6974
    endloop
  endfacet
  facet normal 0.555331 0 -0.83163
    outer loop
      vertex 100.826 84.8 10.6974
      vertex 100.339 82.4 10.3722
      vertex 100.339 84.8 10.3722
    endloop
  endfacet
  facet normal 0.980844 -0 0.194795
    outer loop
      vertex 104.4 82.4 9.31154
      vertex 104.514 84.8 8.73752
      vertex 104.4 84.8 9.31154
    endloop
  endfacet
  facet normal 0.980844 0 0.194795
    outer loop
      vertex 104.514 84.8 8.73752
      vertex 104.4 82.4 9.31154
      vertex 104.514 82.4 8.73752
    endloop
  endfacet
  facet normal -0.831598 0 0.555378
    outer loop
      vertex 106.961 82.4 8.25088
      vertex 107.286 84.8 8.73752
      vertex 106.961 84.8 8.25088
    endloop
  endfacet
  facet normal -0.831598 0 0.555378
    outer loop
      vertex 107.286 84.8 8.73752
      vertex 106.961 82.4 8.25088
      vertex 107.286 82.4 8.73752
    endloop
  endfacet
  facet normal -0.980844 0 0.194795
    outer loop
      vertex 107.286 82.4 8.73752
      vertex 107.4 84.8 9.31154
      vertex 107.286 84.8 8.73752
    endloop
  endfacet
  facet normal -0.980844 0 0.194795
    outer loop
      vertex 107.4 84.8 9.31154
      vertex 107.286 82.4 8.73752
      vertex 107.4 82.4 9.31154
    endloop
  endfacet
  facet normal -0.555283 0 0.831661
    outer loop
      vertex 106.474 84.8 7.92572
      vertex 106.961 82.4 8.25088
      vertex 106.961 84.8 8.25088
    endloop
  endfacet
  facet normal -0.555283 0 0.831661
    outer loop
      vertex 106.961 82.4 8.25088
      vertex 106.474 84.8 7.92572
      vertex 106.474 82.4 7.92572
    endloop
  endfacet
  facet normal -0.195097 0 0.980784
    outer loop
      vertex 105.9 84.8 7.81154
      vertex 106.474 82.4 7.92572
      vertex 106.474 84.8 7.92572
    endloop
  endfacet
  facet normal -0.195097 0 0.980784
    outer loop
      vertex 106.474 82.4 7.92572
      vertex 105.9 84.8 7.81154
      vertex 105.9 82.4 7.81154
    endloop
  endfacet
  facet normal 0.194966 0 -0.98081
    outer loop
      vertex 105.326 82.4 10.6974
      vertex 105.9 84.8 10.8115
      vertex 105.9 82.4 10.8115
    endloop
  endfacet
  facet normal 0.194966 0 -0.98081
    outer loop
      vertex 105.9 84.8 10.8115
      vertex 105.326 82.4 10.6974
      vertex 105.326 84.8 10.6974
    endloop
  endfacet
  facet normal -0.980845 0 -0.194792
    outer loop
      vertex 107.4 82.4 9.31154
      vertex 107.286 84.8 9.88557
      vertex 107.4 84.8 9.31154
    endloop
  endfacet
  facet normal -0.980845 -0 -0.194792
    outer loop
      vertex 107.286 84.8 9.88557
      vertex 107.4 82.4 9.31154
      vertex 107.286 82.4 9.88557
    endloop
  endfacet
  facet normal -0.555331 0 -0.83163
    outer loop
      vertex 106.474 82.4 10.6974
      vertex 106.961 84.8 10.3722
      vertex 106.961 82.4 10.3722
    endloop
  endfacet
  facet normal -0.555331 0 -0.83163
    outer loop
      vertex 106.961 84.8 10.3722
      vertex 106.474 82.4 10.6974
      vertex 106.474 84.8 10.6974
    endloop
  endfacet
  facet normal -0.194966 0 -0.98081
    outer loop
      vertex 105.9 82.4 10.8115
      vertex 106.474 84.8 10.6974
      vertex 106.474 82.4 10.6974
    endloop
  endfacet
  facet normal -0.194966 0 -0.98081
    outer loop
      vertex 106.474 84.8 10.6974
      vertex 105.9 82.4 10.8115
      vertex 105.9 84.8 10.8115
    endloop
  endfacet
  facet normal 0.195097 0 0.980784
    outer loop
      vertex 105.326 84.8 7.92572
      vertex 105.9 82.4 7.81154
      vertex 105.9 84.8 7.81154
    endloop
  endfacet
  facet normal 0.195097 0 0.980784
    outer loop
      vertex 105.9 82.4 7.81154
      vertex 105.326 84.8 7.92572
      vertex 105.326 82.4 7.92572
    endloop
  endfacet
  facet normal 0.555283 0 0.831661
    outer loop
      vertex 104.839 84.8 8.25088
      vertex 105.326 82.4 7.92572
      vertex 105.326 84.8 7.92572
    endloop
  endfacet
  facet normal 0.555283 0 0.831661
    outer loop
      vertex 105.326 82.4 7.92572
      vertex 104.839 84.8 8.25088
      vertex 104.839 82.4 8.25088
    endloop
  endfacet
  facet normal 0.831598 -0 0.555378
    outer loop
      vertex 104.514 82.4 8.73752
      vertex 104.839 84.8 8.25088
      vertex 104.514 84.8 8.73752
    endloop
  endfacet
  facet normal 0.831598 0 0.555378
    outer loop
      vertex 104.839 84.8 8.25088
      vertex 104.514 82.4 8.73752
      vertex 104.839 82.4 8.25088
    endloop
  endfacet
  facet normal -0.831593 0 -0.555386
    outer loop
      vertex 107.286 82.4 9.88557
      vertex 106.961 84.8 10.3722
      vertex 107.286 84.8 9.88557
    endloop
  endfacet
  facet normal -0.831593 -0 -0.555386
    outer loop
      vertex 106.961 84.8 10.3722
      vertex 107.286 82.4 9.88557
      vertex 106.961 82.4 10.3722
    endloop
  endfacet
  facet normal 0.831593 0 -0.555386
    outer loop
      vertex 104.839 82.4 10.3722
      vertex 104.514 84.8 9.88557
      vertex 104.839 84.8 10.3722
    endloop
  endfacet
  facet normal 0.831593 0 -0.555386
    outer loop
      vertex 104.514 84.8 9.88557
      vertex 104.839 82.4 10.3722
      vertex 104.514 82.4 9.88557
    endloop
  endfacet
  facet normal 0.980845 0 -0.194792
    outer loop
      vertex 104.514 82.4 9.88557
      vertex 104.4 84.8 9.31154
      vertex 104.514 84.8 9.88557
    endloop
  endfacet
  facet normal 0.980845 0 -0.194792
    outer loop
      vertex 104.4 84.8 9.31154
      vertex 104.514 82.4 9.88557
      vertex 104.4 82.4 9.31154
    endloop
  endfacet
  facet normal 0.555331 0 -0.83163
    outer loop
      vertex 104.839 82.4 10.3722
      vertex 105.326 84.8 10.6974
      vertex 105.326 82.4 10.6974
    endloop
  endfacet
  facet normal 0.555331 0 -0.83163
    outer loop
      vertex 105.326 84.8 10.6974
      vertex 104.839 82.4 10.3722
      vertex 104.839 84.8 10.3722
    endloop
  endfacet
  facet normal 0.194966 0 -0.98081
    outer loop
      vertex 109.826 82.4 10.6974
      vertex 110.4 84.8 10.8115
      vertex 110.4 82.4 10.8115
    endloop
  endfacet
  facet normal 0.194966 0 -0.98081
    outer loop
      vertex 110.4 84.8 10.8115
      vertex 109.826 82.4 10.6974
      vertex 109.826 84.8 10.6974
    endloop
  endfacet
  facet normal -0.831593 0 -0.555386
    outer loop
      vertex 111.786 82.4 9.88557
      vertex 111.461 84.8 10.3722
      vertex 111.786 84.8 9.88557
    endloop
  endfacet
  facet normal -0.831593 -0 -0.555386
    outer loop
      vertex 111.461 84.8 10.3722
      vertex 111.786 82.4 9.88557
      vertex 111.461 82.4 10.3722
    endloop
  endfacet
  facet normal -0.831598 0 0.555378
    outer loop
      vertex 111.461 82.4 8.25088
      vertex 111.786 84.8 8.73752
      vertex 111.461 84.8 8.25088
    endloop
  endfacet
  facet normal -0.831598 0 0.555378
    outer loop
      vertex 111.786 84.8 8.73752
      vertex 111.461 82.4 8.25088
      vertex 111.786 82.4 8.73752
    endloop
  endfacet
  facet normal -0.980844 0 0.194795
    outer loop
      vertex 111.786 82.4 8.73752
      vertex 111.9 84.8 9.31154
      vertex 111.786 84.8 8.73752
    endloop
  endfacet
  facet normal -0.980844 0 0.194795
    outer loop
      vertex 111.9 84.8 9.31154
      vertex 111.786 82.4 8.73752
      vertex 111.9 82.4 9.31154
    endloop
  endfacet
  facet normal -0.555283 0 0.831661
    outer loop
      vertex 110.974 84.8 7.92572
      vertex 111.461 82.4 8.25088
      vertex 111.461 84.8 8.25088
    endloop
  endfacet
  facet normal -0.555283 0 0.831661
    outer loop
      vertex 111.461 82.4 8.25088
      vertex 110.974 84.8 7.92572
      vertex 110.974 82.4 7.92572
    endloop
  endfacet
  facet normal -0.195097 0 0.980784
    outer loop
      vertex 110.4 84.8 7.81154
      vertex 110.974 82.4 7.92572
      vertex 110.974 84.8 7.92572
    endloop
  endfacet
  facet normal -0.195097 0 0.980784
    outer loop
      vertex 110.974 82.4 7.92572
      vertex 110.4 84.8 7.81154
      vertex 110.4 82.4 7.81154
    endloop
  endfacet
  facet normal 0.980845 0 -0.194792
    outer loop
      vertex 109.014 82.4 9.88557
      vertex 108.9 84.8 9.31154
      vertex 109.014 84.8 9.88557
    endloop
  endfacet
  facet normal 0.980845 0 -0.194792
    outer loop
      vertex 108.9 84.8 9.31154
      vertex 109.014 82.4 9.88557
      vertex 108.9 82.4 9.31154
    endloop
  endfacet
  facet normal -0.555331 0 -0.83163
    outer loop
      vertex 110.974 82.4 10.6974
      vertex 111.461 84.8 10.3722
      vertex 111.461 82.4 10.3722
    endloop
  endfacet
  facet normal -0.555331 0 -0.83163
    outer loop
      vertex 111.461 84.8 10.3722
      vertex 110.974 82.4 10.6974
      vertex 110.974 84.8 10.6974
    endloop
  endfacet
  facet normal 0.831598 -0 0.555378
    outer loop
      vertex 109.014 82.4 8.73752
      vertex 109.339 84.8 8.25088
      vertex 109.014 84.8 8.73752
    endloop
  endfacet
  facet normal 0.831598 0 0.555378
    outer loop
      vertex 109.339 84.8 8.25088
      vertex 109.014 82.4 8.73752
      vertex 109.339 82.4 8.25088
    endloop
  endfacet
  facet normal 0.195097 0 0.980784
    outer loop
      vertex 109.826 84.8 7.92572
      vertex 110.4 82.4 7.81154
      vertex 110.4 84.8 7.81154
    endloop
  endfacet
  facet normal 0.195097 0 0.980784
    outer loop
      vertex 110.4 82.4 7.81154
      vertex 109.826 84.8 7.92572
      vertex 109.826 82.4 7.92572
    endloop
  endfacet
  facet normal 0.555283 0 0.831661
    outer loop
      vertex 109.339 84.8 8.25088
      vertex 109.826 82.4 7.92572
      vertex 109.826 84.8 7.92572
    endloop
  endfacet
  facet normal 0.555283 0 0.831661
    outer loop
      vertex 109.826 82.4 7.92572
      vertex 109.339 84.8 8.25088
      vertex 109.339 82.4 8.25088
    endloop
  endfacet
  facet normal -0.980845 0 -0.194792
    outer loop
      vertex 111.9 82.4 9.31154
      vertex 111.786 84.8 9.88557
      vertex 111.9 84.8 9.31154
    endloop
  endfacet
  facet normal -0.980845 -0 -0.194792
    outer loop
      vertex 111.786 84.8 9.88557
      vertex 111.9 82.4 9.31154
      vertex 111.786 82.4 9.88557
    endloop
  endfacet
  facet normal 0.980844 -0 0.194795
    outer loop
      vertex 108.9 82.4 9.31154
      vertex 109.014 84.8 8.73752
      vertex 108.9 84.8 9.31154
    endloop
  endfacet
  facet normal 0.980844 0 0.194795
    outer loop
      vertex 109.014 84.8 8.73752
      vertex 108.9 82.4 9.31154
      vertex 109.014 82.4 8.73752
    endloop
  endfacet
  facet normal 0.831593 0 -0.555386
    outer loop
      vertex 109.339 82.4 10.3722
      vertex 109.014 84.8 9.88557
      vertex 109.339 84.8 10.3722
    endloop
  endfacet
  facet normal 0.831593 0 -0.555386
    outer loop
      vertex 109.014 84.8 9.88557
      vertex 109.339 82.4 10.3722
      vertex 109.014 82.4 9.88557
    endloop
  endfacet
  facet normal -0.194966 0 -0.98081
    outer loop
      vertex 110.4 82.4 10.8115
      vertex 110.974 84.8 10.6974
      vertex 110.974 82.4 10.6974
    endloop
  endfacet
  facet normal -0.194966 0 -0.98081
    outer loop
      vertex 110.974 84.8 10.6974
      vertex 110.4 82.4 10.8115
      vertex 110.4 84.8 10.8115
    endloop
  endfacet
  facet normal 0.555331 0 -0.83163
    outer loop
      vertex 109.339 82.4 10.3722
      vertex 109.826 84.8 10.6974
      vertex 109.826 82.4 10.6974
    endloop
  endfacet
  facet normal 0.555331 0 -0.83163
    outer loop
      vertex 109.826 84.8 10.6974
      vertex 109.339 82.4 10.3722
      vertex 109.339 84.8 10.3722
    endloop
  endfacet
  facet normal 0 -0.659341 0.751844
    outer loop
      vertex 0 50.1782 17.1218
      vertex 2.4 49.0964 16.1731
      vertex 2.4 50.1782 17.1218
    endloop
  endfacet
  facet normal 0 -0.659341 0.751844
    outer loop
      vertex 2.4 49.0964 16.1731
      vertex 0 50.1782 17.1218
      vertex 0 49.0964 16.1731
    endloop
  endfacet
  facet normal 0 0.321435 -0.946931
    outer loop
      vertex 0 38.1905 35.0627
      vertex 2.4 39.553 35.5252
      vertex 2.4 38.1905 35.0627
    endloop
  endfacet
  facet normal 0 0.321435 -0.946931
    outer loop
      vertex 2.4 39.553 35.5252
      vertex 0 38.1905 35.0627
      vertex 0 39.553 35.5252
    endloop
  endfacet
  facet normal 0 0.831472 0.555566
    outer loop
      vertex 2.4 33.6731 18.2036
      vertex 0 32.8737 19.4
      vertex 2.4 32.8737 19.4
    endloop
  endfacet
  facet normal 0 0.831472 0.555566
    outer loop
      vertex 0 32.8737 19.4
      vertex 2.4 33.6731 18.2036
      vertex 0 33.6731 18.2036
    endloop
  endfacet
  facet normal 0 -0.751844 0.659341
    outer loop
      vertex 0 50.1782 17.1218
      vertex 2.4 51.1269 18.2036
      vertex 0 51.1269 18.2036
    endloop
  endfacet
  facet normal 0 -0.751844 0.659341
    outer loop
      vertex 2.4 51.1269 18.2036
      vertex 0 50.1782 17.1218
      vertex 2.4 50.1782 17.1218
    endloop
  endfacet
  facet normal 0 -0.0653981 0.997859
    outer loop
      vertex 0 43.8358 13.9941
      vertex 2.4 42.4 13.9
      vertex 2.4 43.8358 13.9941
    endloop
  endfacet
  facet normal 0 -0.0653981 0.997859
    outer loop
      vertex 2.4 42.4 13.9
      vertex 0 43.8358 13.9941
      vertex 0 42.4 13.9
    endloop
  endfacet
  facet normal -0 0.659341 0.751844
    outer loop
      vertex 0 35.7036 16.1731
      vertex 2.4 34.6218 17.1218
      vertex 2.4 35.7036 16.1731
    endloop
  endfacet
  facet normal 0 0.659341 0.751844
    outer loop
      vertex 2.4 34.6218 17.1218
      vertex 0 35.7036 16.1731
      vertex 0 34.6218 17.1218
    endloop
  endfacet
  facet normal 0 -0.321435 -0.946931
    outer loop
      vertex 0 45.247 35.5252
      vertex 2.4 46.6095 35.0627
      vertex 2.4 45.247 35.5252
    endloop
  endfacet
  facet normal -0 -0.321435 -0.946931
    outer loop
      vertex 2.4 46.6095 35.0627
      vertex 0 45.247 35.5252
      vertex 0 46.6095 35.0627
    endloop
  endfacet
  facet normal 0 -0.997859 0.0653981
    outer loop
      vertex 0 53.3059 23.4642
      vertex 2.4 53.4 24.9
      vertex 0 53.4 24.9
    endloop
  endfacet
  facet normal 0 -0.997859 0.0653981
    outer loop
      vertex 2.4 53.4 24.9
      vertex 0 53.3059 23.4642
      vertex 2.4 53.3059 23.4642
    endloop
  endfacet
  facet normal 0 -0.946931 -0.321435
    outer loop
      vertex 0 53.0252 27.747
      vertex 2.4 52.5627 29.1095
      vertex 0 52.5627 29.1095
    endloop
  endfacet
  facet normal 0 -0.946931 -0.321435
    outer loop
      vertex 2.4 52.5627 29.1095
      vertex 0 53.0252 27.747
      vertex 2.4 53.0252 27.747
    endloop
  endfacet
  facet normal 0 0.946931 -0.321435
    outer loop
      vertex 2.4 31.7748 27.747
      vertex 0 32.2373 29.1095
      vertex 2.4 32.2373 29.1095
    endloop
  endfacet
  facet normal 0 0.946931 -0.321435
    outer loop
      vertex 0 32.2373 29.1095
      vertex 2.4 31.7748 27.747
      vertex 0 31.7748 27.747
    endloop
  endfacet
  facet normal 0 0.0653981 -0.997859
    outer loop
      vertex 0 40.9642 35.8059
      vertex 2.4 42.4 35.9
      vertex 2.4 40.9642 35.8059
    endloop
  endfacet
  facet normal 0 0.0653981 -0.997859
    outer loop
      vertex 2.4 42.4 35.9
      vertex 0 40.9642 35.8059
      vertex 0 42.4 35.9
    endloop
  endfacet
  facet normal 0 0.997859 -0.0653981
    outer loop
      vertex 2.4 31.4 24.9
      vertex 0 31.4941 26.3358
      vertex 2.4 31.4941 26.3358
    endloop
  endfacet
  facet normal 0 0.997859 -0.0653981
    outer loop
      vertex 0 31.4941 26.3358
      vertex 2.4 31.4 24.9
      vertex 0 31.4 24.9
    endloop
  endfacet
  facet normal -0 0.0653981 0.997859
    outer loop
      vertex 0 42.4 13.9
      vertex 2.4 40.9642 13.9941
      vertex 2.4 42.4 13.9
    endloop
  endfacet
  facet normal 0 0.0653981 0.997859
    outer loop
      vertex 2.4 40.9642 13.9941
      vertex 0 42.4 13.9
      vertex 0 40.9642 13.9941
    endloop
  endfacet
  facet normal 0 0.980786 -0.195087
    outer loop
      vertex 2.4 31.4941 26.3358
      vertex 0 31.7748 27.747
      vertex 2.4 31.7748 27.747
    endloop
  endfacet
  facet normal 0 0.980786 -0.195087
    outer loop
      vertex 0 31.7748 27.747
      vertex 2.4 31.4941 26.3358
      vertex 0 31.4941 26.3358
    endloop
  endfacet
  facet normal 0 -0.195087 0.980786
    outer loop
      vertex 0 45.247 14.2748
      vertex 2.4 43.8358 13.9941
      vertex 2.4 45.247 14.2748
    endloop
  endfacet
  facet normal 0 -0.195087 0.980786
    outer loop
      vertex 2.4 43.8358 13.9941
      vertex 0 45.247 14.2748
      vertex 0 43.8358 13.9941
    endloop
  endfacet
  facet normal 0 -0.751844 -0.659341
    outer loop
      vertex 0 51.1269 31.5964
      vertex 2.4 50.1782 32.6782
      vertex 0 50.1782 32.6782
    endloop
  endfacet
  facet normal 0 -0.751844 -0.659341
    outer loop
      vertex 2.4 50.1782 32.6782
      vertex 0 51.1269 31.5964
      vertex 2.4 51.1269 31.5964
    endloop
  endfacet
  facet normal 0 -0.442286 -0.896874
    outer loop
      vertex 0 46.6095 35.0627
      vertex 2.4 47.9 34.4263
      vertex 2.4 46.6095 35.0627
    endloop
  endfacet
  facet normal -0 -0.442286 -0.896874
    outer loop
      vertex 2.4 47.9 34.4263
      vertex 0 46.6095 35.0627
      vertex 0 47.9 34.4263
    endloop
  endfacet
  facet normal 0 0.195087 -0.980786
    outer loop
      vertex 0 39.553 35.5252
      vertex 2.4 40.9642 35.8059
      vertex 2.4 39.553 35.5252
    endloop
  endfacet
  facet normal 0 0.195087 -0.980786
    outer loop
      vertex 2.4 40.9642 35.8059
      vertex 0 39.553 35.5252
      vertex 0 40.9642 35.8059
    endloop
  endfacet
  facet normal -0 0.555566 0.831472
    outer loop
      vertex 0 36.9 15.3737
      vertex 2.4 35.7036 16.1731
      vertex 2.4 36.9 15.3737
    endloop
  endfacet
  facet normal 0 0.555566 0.831472
    outer loop
      vertex 2.4 35.7036 16.1731
      vertex 0 36.9 15.3737
      vertex 0 35.7036 16.1731
    endloop
  endfacet
  facet normal 0 -0.555566 0.831472
    outer loop
      vertex 0 49.0964 16.1731
      vertex 2.4 47.9 15.3737
      vertex 2.4 49.0964 16.1731
    endloop
  endfacet
  facet normal 0 -0.555566 0.831472
    outer loop
      vertex 2.4 47.9 15.3737
      vertex 0 49.0964 16.1731
      vertex 0 47.9 15.3737
    endloop
  endfacet
  facet normal 0 -0.659341 -0.751844
    outer loop
      vertex 0 49.0964 33.6269
      vertex 2.4 50.1782 32.6782
      vertex 2.4 49.0964 33.6269
    endloop
  endfacet
  facet normal -0 -0.659341 -0.751844
    outer loop
      vertex 2.4 50.1782 32.6782
      vertex 0 49.0964 33.6269
      vertex 0 50.1782 32.6782
    endloop
  endfacet
  facet normal 0 0.751844 0.659341
    outer loop
      vertex 2.4 34.6218 17.1218
      vertex 0 33.6731 18.2036
      vertex 2.4 33.6731 18.2036
    endloop
  endfacet
  facet normal 0 0.751844 0.659341
    outer loop
      vertex 0 33.6731 18.2036
      vertex 2.4 34.6218 17.1218
      vertex 0 34.6218 17.1218
    endloop
  endfacet
  facet normal 0 0.555566 -0.831472
    outer loop
      vertex 0 35.7036 33.6269
      vertex 2.4 36.9 34.4263
      vertex 2.4 35.7036 33.6269
    endloop
  endfacet
  facet normal 0 0.555566 -0.831472
    outer loop
      vertex 2.4 36.9 34.4263
      vertex 0 35.7036 33.6269
      vertex 0 36.9 34.4263
    endloop
  endfacet
  facet normal 0 -0.980786 -0.195087
    outer loop
      vertex 0 53.3059 26.3358
      vertex 2.4 53.0252 27.747
      vertex 0 53.0252 27.747
    endloop
  endfacet
  facet normal 0 -0.980786 -0.195087
    outer loop
      vertex 2.4 53.0252 27.747
      vertex 0 53.3059 26.3358
      vertex 2.4 53.3059 26.3358
    endloop
  endfacet
  facet normal -0 0.321435 0.946931
    outer loop
      vertex 0 39.553 14.2748
      vertex 2.4 38.1905 14.7373
      vertex 2.4 39.553 14.2748
    endloop
  endfacet
  facet normal 0 0.321435 0.946931
    outer loop
      vertex 2.4 38.1905 14.7373
      vertex 0 39.553 14.2748
      vertex 0 38.1905 14.7373
    endloop
  endfacet
  facet normal 0 -0.896874 0.442286
    outer loop
      vertex 0 51.9263 19.4
      vertex 2.4 52.5627 20.6905
      vertex 0 52.5627 20.6905
    endloop
  endfacet
  facet normal 0 -0.896874 0.442286
    outer loop
      vertex 2.4 52.5627 20.6905
      vertex 0 51.9263 19.4
      vertex 2.4 51.9263 19.4
    endloop
  endfacet
  facet normal 0 -0.997859 -0.0653981
    outer loop
      vertex 0 53.4 24.9
      vertex 2.4 53.3059 26.3358
      vertex 0 53.3059 26.3358
    endloop
  endfacet
  facet normal 0 -0.997859 -0.0653981
    outer loop
      vertex 2.4 53.3059 26.3358
      vertex 0 53.4 24.9
      vertex 2.4 53.4 24.9
    endloop
  endfacet
  facet normal 0 0.997859 0.0653981
    outer loop
      vertex 2.4 31.4941 23.4642
      vertex 0 31.4 24.9
      vertex 2.4 31.4 24.9
    endloop
  endfacet
  facet normal 0 0.997859 0.0653981
    outer loop
      vertex 0 31.4 24.9
      vertex 2.4 31.4941 23.4642
      vertex 0 31.4941 23.4642
    endloop
  endfacet
  facet normal 0 -0.831472 0.555566
    outer loop
      vertex 0 51.1269 18.2036
      vertex 2.4 51.9263 19.4
      vertex 0 51.9263 19.4
    endloop
  endfacet
  facet normal 0 -0.831472 0.555566
    outer loop
      vertex 2.4 51.9263 19.4
      vertex 0 51.1269 18.2036
      vertex 2.4 51.1269 18.2036
    endloop
  endfacet
  facet normal 0 0.442286 -0.896874
    outer loop
      vertex 0 36.9 34.4263
      vertex 2.4 38.1905 35.0627
      vertex 2.4 36.9 34.4263
    endloop
  endfacet
  facet normal 0 0.442286 -0.896874
    outer loop
      vertex 2.4 38.1905 35.0627
      vertex 0 36.9 34.4263
      vertex 0 38.1905 35.0627
    endloop
  endfacet
  facet normal 0 -0.980786 0.195087
    outer loop
      vertex 0 53.0252 22.053
      vertex 2.4 53.3059 23.4642
      vertex 0 53.3059 23.4642
    endloop
  endfacet
  facet normal 0 -0.980786 0.195087
    outer loop
      vertex 2.4 53.3059 23.4642
      vertex 0 53.0252 22.053
      vertex 2.4 53.0252 22.053
    endloop
  endfacet
  facet normal 0 -0.442286 0.896874
    outer loop
      vertex 0 47.9 15.3737
      vertex 2.4 46.6095 14.7373
      vertex 2.4 47.9 15.3737
    endloop
  endfacet
  facet normal 0 -0.442286 0.896874
    outer loop
      vertex 2.4 46.6095 14.7373
      vertex 0 47.9 15.3737
      vertex 0 46.6095 14.7373
    endloop
  endfacet
  facet normal 0 0.751844 -0.659341
    outer loop
      vertex 2.4 33.6731 31.5964
      vertex 0 34.6218 32.6782
      vertex 2.4 34.6218 32.6782
    endloop
  endfacet
  facet normal 0 0.751844 -0.659341
    outer loop
      vertex 0 34.6218 32.6782
      vertex 2.4 33.6731 31.5964
      vertex 0 33.6731 31.5964
    endloop
  endfacet
  facet normal 0 -0.195087 -0.980786
    outer loop
      vertex 0 43.8358 35.8059
      vertex 2.4 45.247 35.5252
      vertex 2.4 43.8358 35.8059
    endloop
  endfacet
  facet normal -0 -0.195087 -0.980786
    outer loop
      vertex 2.4 45.247 35.5252
      vertex 0 43.8358 35.8059
      vertex 0 45.247 35.5252
    endloop
  endfacet
  facet normal 0 -0.946931 0.321435
    outer loop
      vertex 0 52.5627 20.6905
      vertex 2.4 53.0252 22.053
      vertex 0 53.0252 22.053
    endloop
  endfacet
  facet normal 0 -0.946931 0.321435
    outer loop
      vertex 2.4 53.0252 22.053
      vertex 0 52.5627 20.6905
      vertex 2.4 52.5627 20.6905
    endloop
  endfacet
  facet normal 0 0.659341 -0.751844
    outer loop
      vertex 0 34.6218 32.6782
      vertex 2.4 35.7036 33.6269
      vertex 2.4 34.6218 32.6782
    endloop
  endfacet
  facet normal 0 0.659341 -0.751844
    outer loop
      vertex 2.4 35.7036 33.6269
      vertex 0 34.6218 32.6782
      vertex 0 35.7036 33.6269
    endloop
  endfacet
  facet normal 0 0.980786 0.195087
    outer loop
      vertex 2.4 31.7748 22.053
      vertex 0 31.4941 23.4642
      vertex 2.4 31.4941 23.4642
    endloop
  endfacet
  facet normal 0 0.980786 0.195087
    outer loop
      vertex 0 31.4941 23.4642
      vertex 2.4 31.7748 22.053
      vertex 0 31.7748 22.053
    endloop
  endfacet
  facet normal -0 0.442286 0.896874
    outer loop
      vertex 0 38.1905 14.7373
      vertex 2.4 36.9 15.3737
      vertex 2.4 38.1905 14.7373
    endloop
  endfacet
  facet normal 0 0.442286 0.896874
    outer loop
      vertex 2.4 36.9 15.3737
      vertex 0 38.1905 14.7373
      vertex 0 36.9 15.3737
    endloop
  endfacet
  facet normal -0 0.195087 0.980786
    outer loop
      vertex 0 40.9642 13.9941
      vertex 2.4 39.553 14.2748
      vertex 2.4 40.9642 13.9941
    endloop
  endfacet
  facet normal 0 0.195087 0.980786
    outer loop
      vertex 2.4 39.553 14.2748
      vertex 0 40.9642 13.9941
      vertex 0 39.553 14.2748
    endloop
  endfacet
  facet normal 0 -0.831472 -0.555566
    outer loop
      vertex 0 51.9263 30.4
      vertex 2.4 51.1269 31.5964
      vertex 0 51.1269 31.5964
    endloop
  endfacet
  facet normal 0 -0.831472 -0.555566
    outer loop
      vertex 2.4 51.1269 31.5964
      vertex 0 51.9263 30.4
      vertex 2.4 51.9263 30.4
    endloop
  endfacet
  facet normal 0 -0.321435 0.946931
    outer loop
      vertex 0 46.6095 14.7373
      vertex 2.4 45.247 14.2748
      vertex 2.4 46.6095 14.7373
    endloop
  endfacet
  facet normal 0 -0.321435 0.946931
    outer loop
      vertex 2.4 45.247 14.2748
      vertex 0 46.6095 14.7373
      vertex 0 45.247 14.2748
    endloop
  endfacet
  facet normal 0 0.946931 0.321435
    outer loop
      vertex 2.4 32.2373 20.6905
      vertex 0 31.7748 22.053
      vertex 2.4 31.7748 22.053
    endloop
  endfacet
  facet normal 0 0.946931 0.321435
    outer loop
      vertex 0 31.7748 22.053
      vertex 2.4 32.2373 20.6905
      vertex 0 32.2373 20.6905
    endloop
  endfacet
  facet normal 0 0.896874 0.442286
    outer loop
      vertex 2.4 32.8737 19.4
      vertex 0 32.2373 20.6905
      vertex 2.4 32.2373 20.6905
    endloop
  endfacet
  facet normal 0 0.896874 0.442286
    outer loop
      vertex 0 32.2373 20.6905
      vertex 2.4 32.8737 19.4
      vertex 0 32.8737 19.4
    endloop
  endfacet
  facet normal 0 -0.0653981 -0.997859
    outer loop
      vertex 0 42.4 35.9
      vertex 2.4 43.8358 35.8059
      vertex 2.4 42.4 35.9
    endloop
  endfacet
  facet normal -0 -0.0653981 -0.997859
    outer loop
      vertex 2.4 43.8358 35.8059
      vertex 0 42.4 35.9
      vertex 0 43.8358 35.8059
    endloop
  endfacet
  facet normal 0 -0.896874 -0.442286
    outer loop
      vertex 0 52.5627 29.1095
      vertex 2.4 51.9263 30.4
      vertex 0 51.9263 30.4
    endloop
  endfacet
  facet normal 0 -0.896874 -0.442286
    outer loop
      vertex 2.4 51.9263 30.4
      vertex 0 52.5627 29.1095
      vertex 2.4 52.5627 29.1095
    endloop
  endfacet
  facet normal 0 -0.555566 -0.831472
    outer loop
      vertex 0 47.9 34.4263
      vertex 2.4 49.0964 33.6269
      vertex 2.4 47.9 34.4263
    endloop
  endfacet
  facet normal -0 -0.555566 -0.831472
    outer loop
      vertex 2.4 49.0964 33.6269
      vertex 0 47.9 34.4263
      vertex 0 49.0964 33.6269
    endloop
  endfacet
  facet normal 0 0.896874 -0.442286
    outer loop
      vertex 2.4 32.2373 29.1095
      vertex 0 32.8737 30.4
      vertex 2.4 32.8737 30.4
    endloop
  endfacet
  facet normal 0 0.896874 -0.442286
    outer loop
      vertex 0 32.8737 30.4
      vertex 2.4 32.2373 29.1095
      vertex 0 32.2373 29.1095
    endloop
  endfacet
  facet normal 0 0.831472 -0.555566
    outer loop
      vertex 2.4 32.8737 30.4
      vertex 0 33.6731 31.5964
      vertex 2.4 33.6731 31.5964
    endloop
  endfacet
  facet normal 0 0.831472 -0.555566
    outer loop
      vertex 0 33.6731 31.5964
      vertex 2.4 32.8737 30.4
      vertex 0 32.8737 30.4
    endloop
  endfacet
  facet normal -0.980815 0 0.19494
    outer loop
      vertex 77.5978 82.4 24.1235
      vertex 77.6743 84.8 24.5084
      vertex 77.5978 84.8 24.1235
    endloop
  endfacet
  facet normal -0.980815 0 0.19494
    outer loop
      vertex 77.6743 84.8 24.5084
      vertex 77.5978 82.4 24.1235
      vertex 77.6743 82.4 24.5084
    endloop
  endfacet
  facet normal -0.997853 0 0.0654873
    outer loop
      vertex 77.6743 82.4 24.5084
      vertex 77.7 84.8 24.9
      vertex 77.6743 84.8 24.5084
    endloop
  endfacet
  facet normal -0.997853 0 0.0654873
    outer loop
      vertex 77.7 84.8 24.9
      vertex 77.6743 82.4 24.5084
      vertex 77.7 82.4 24.9
    endloop
  endfacet
  facet normal -0.751724 0 0.659478
    outer loop
      vertex 76.8213 82.4 22.7787
      vertex 77.0801 84.8 23.0737
      vertex 76.8213 84.8 22.7787
    endloop
  endfacet
  facet normal -0.751724 0 0.659478
    outer loop
      vertex 77.0801 84.8 23.0737
      vertex 76.8213 82.4 22.7787
      vertex 77.0801 82.4 23.0737
    endloop
  endfacet
  facet normal 0.0654873 0 0.997853
    outer loop
      vertex 74.3084 84.8 21.9257
      vertex 74.7 82.4 21.9
      vertex 74.7 84.8 21.9
    endloop
  endfacet
  facet normal 0.0654873 0 0.997853
    outer loop
      vertex 74.7 82.4 21.9
      vertex 74.3084 84.8 21.9257
      vertex 74.3084 82.4 21.9257
    endloop
  endfacet
  facet normal -0.555523 0 0.831501
    outer loop
      vertex 76.2 84.8 22.3019
      vertex 76.5263 82.4 22.5199
      vertex 76.5263 84.8 22.5199
    endloop
  endfacet
  facet normal -0.555523 0 0.831501
    outer loop
      vertex 76.5263 82.4 22.5199
      vertex 76.2 84.8 22.3019
      vertex 76.2 82.4 22.3019
    endloop
  endfacet
  facet normal -0.442211 0 0.896911
    outer loop
      vertex 75.8481 84.8 22.1284
      vertex 76.2 82.4 22.3019
      vertex 76.2 84.8 22.3019
    endloop
  endfacet
  facet normal -0.442211 0 0.896911
    outer loop
      vertex 76.2 82.4 22.3019
      vertex 75.8481 84.8 22.1284
      vertex 75.8481 82.4 22.1284
    endloop
  endfacet
  facet normal -0.980815 0 -0.19494
    outer loop
      vertex 77.6743 82.4 25.2916
      vertex 77.5978 84.8 25.6765
      vertex 77.6743 84.8 25.2916
    endloop
  endfacet
  facet normal -0.980815 -0 -0.19494
    outer loop
      vertex 77.5978 84.8 25.6765
      vertex 77.6743 82.4 25.2916
      vertex 77.5978 82.4 25.6765
    endloop
  endfacet
  facet normal -0.0654873 0 0.997853
    outer loop
      vertex 74.7 84.8 21.9
      vertex 75.0916 82.4 21.9257
      vertex 75.0916 84.8 21.9257
    endloop
  endfacet
  facet normal -0.0654873 0 0.997853
    outer loop
      vertex 75.0916 82.4 21.9257
      vertex 74.7 84.8 21.9
      vertex 74.7 82.4 21.9
    endloop
  endfacet
  facet normal -0.831501 0 0.555523
    outer loop
      vertex 77.0801 82.4 23.0737
      vertex 77.2981 84.8 23.4
      vertex 77.0801 84.8 23.0737
    endloop
  endfacet
  facet normal -0.831501 0 0.555523
    outer loop
      vertex 77.2981 84.8 23.4
      vertex 77.0801 82.4 23.0737
      vertex 77.2981 82.4 23.4
    endloop
  endfacet
  facet normal 0.321574 0 -0.946885
    outer loop
      vertex 73.5519 82.4 27.6716
      vertex 73.9235 84.8 27.7978
      vertex 73.9235 82.4 27.7978
    endloop
  endfacet
  facet normal 0.321574 0 -0.946885
    outer loop
      vertex 73.9235 84.8 27.7978
      vertex 73.5519 82.4 27.6716
      vertex 73.5519 84.8 27.6716
    endloop
  endfacet
  facet normal -0.831501 0 -0.555523
    outer loop
      vertex 77.2981 82.4 26.4
      vertex 77.0801 84.8 26.7263
      vertex 77.2981 84.8 26.4
    endloop
  endfacet
  facet normal -0.831501 -0 -0.555523
    outer loop
      vertex 77.0801 84.8 26.7263
      vertex 77.2981 82.4 26.4
      vertex 77.0801 82.4 26.7263
    endloop
  endfacet
  facet normal -0.997853 0 -0.0654873
    outer loop
      vertex 77.7 82.4 24.9
      vertex 77.6743 84.8 25.2916
      vertex 77.7 84.8 24.9
    endloop
  endfacet
  facet normal -0.997853 -0 -0.0654873
    outer loop
      vertex 77.6743 84.8 25.2916
      vertex 77.7 82.4 24.9
      vertex 77.6743 82.4 25.2916
    endloop
  endfacet
  facet normal -0.321574 0 -0.946885
    outer loop
      vertex 75.4765 82.4 27.7978
      vertex 75.8481 84.8 27.6716
      vertex 75.8481 82.4 27.6716
    endloop
  endfacet
  facet normal -0.321574 0 -0.946885
    outer loop
      vertex 75.8481 84.8 27.6716
      vertex 75.4765 82.4 27.7978
      vertex 75.4765 84.8 27.7978
    endloop
  endfacet
  facet normal 0.831501 -0 0.555523
    outer loop
      vertex 72.1019 82.4 23.4
      vertex 72.3199 84.8 23.0737
      vertex 72.1019 84.8 23.4
    endloop
  endfacet
  facet normal 0.831501 0 0.555523
    outer loop
      vertex 72.3199 84.8 23.0737
      vertex 72.1019 82.4 23.4
      vertex 72.3199 82.4 23.0737
    endloop
  endfacet
  facet normal -0.896911 0 0.442211
    outer loop
      vertex 77.2981 82.4 23.4
      vertex 77.4716 84.8 23.7519
      vertex 77.2981 84.8 23.4
    endloop
  endfacet
  facet normal -0.896911 0 0.442211
    outer loop
      vertex 77.4716 84.8 23.7519
      vertex 77.2981 82.4 23.4
      vertex 77.4716 82.4 23.7519
    endloop
  endfacet
  facet normal -0.659478 0 0.751724
    outer loop
      vertex 76.5263 84.8 22.5199
      vertex 76.8213 82.4 22.7787
      vertex 76.8213 84.8 22.7787
    endloop
  endfacet
  facet normal -0.659478 0 0.751724
    outer loop
      vertex 76.8213 82.4 22.7787
      vertex 76.5263 84.8 22.5199
      vertex 76.5263 82.4 22.5199
    endloop
  endfacet
  facet normal 0.946858 0 -0.321651
    outer loop
      vertex 71.9284 82.4 26.048
      vertex 71.8022 84.8 25.6765
      vertex 71.9284 84.8 26.048
    endloop
  endfacet
  facet normal 0.946858 0 -0.321651
    outer loop
      vertex 71.8022 84.8 25.6765
      vertex 71.9284 82.4 26.048
      vertex 71.8022 82.4 25.6765
    endloop
  endfacet
  facet normal -0.321574 0 0.946885
    outer loop
      vertex 75.4765 84.8 22.0022
      vertex 75.8481 82.4 22.1284
      vertex 75.8481 84.8 22.1284
    endloop
  endfacet
  facet normal -0.321574 0 0.946885
    outer loop
      vertex 75.8481 82.4 22.1284
      vertex 75.4765 84.8 22.0022
      vertex 75.4765 82.4 22.0022
    endloop
  endfacet
  facet normal -0.946858 0 -0.321651
    outer loop
      vertex 77.5978 82.4 25.6765
      vertex 77.4716 84.8 26.048
      vertex 77.5978 84.8 25.6765
    endloop
  endfacet
  facet normal -0.946858 -0 -0.321651
    outer loop
      vertex 77.4716 84.8 26.048
      vertex 77.5978 82.4 25.6765
      vertex 77.4716 82.4 26.048
    endloop
  endfacet
  facet normal -0.896961 0 -0.44211
    outer loop
      vertex 77.4716 82.4 26.048
      vertex 77.2981 84.8 26.4
      vertex 77.4716 84.8 26.048
    endloop
  endfacet
  facet normal -0.896961 -0 -0.44211
    outer loop
      vertex 77.2981 84.8 26.4
      vertex 77.4716 82.4 26.048
      vertex 77.2981 82.4 26.4
    endloop
  endfacet
  facet normal -0.19494 0 -0.980815
    outer loop
      vertex 75.0916 82.4 27.8743
      vertex 75.4765 84.8 27.7978
      vertex 75.4765 82.4 27.7978
    endloop
  endfacet
  facet normal -0.19494 0 -0.980815
    outer loop
      vertex 75.4765 84.8 27.7978
      vertex 75.0916 82.4 27.8743
      vertex 75.0916 84.8 27.8743
    endloop
  endfacet
  facet normal 0.659478 0 0.751724
    outer loop
      vertex 72.5787 84.8 22.7787
      vertex 72.8737 82.4 22.5199
      vertex 72.8737 84.8 22.5199
    endloop
  endfacet
  facet normal 0.659478 0 0.751724
    outer loop
      vertex 72.8737 82.4 22.5199
      vertex 72.5787 84.8 22.7787
      vertex 72.5787 82.4 22.7787
    endloop
  endfacet
  facet normal -0.0654873 0 -0.997853
    outer loop
      vertex 74.7 82.4 27.9
      vertex 75.0916 84.8 27.8743
      vertex 75.0916 82.4 27.8743
    endloop
  endfacet
  facet normal -0.0654873 0 -0.997853
    outer loop
      vertex 75.0916 84.8 27.8743
      vertex 74.7 82.4 27.9
      vertex 74.7 84.8 27.9
    endloop
  endfacet
  facet normal 0.751724 -0 0.659478
    outer loop
      vertex 72.3199 82.4 23.0737
      vertex 72.5787 84.8 22.7787
      vertex 72.3199 84.8 23.0737
    endloop
  endfacet
  facet normal 0.751724 0 0.659478
    outer loop
      vertex 72.5787 84.8 22.7787
      vertex 72.3199 82.4 23.0737
      vertex 72.5787 82.4 22.7787
    endloop
  endfacet
  facet normal 0.442211 0 -0.896911
    outer loop
      vertex 73.2 82.4 27.4981
      vertex 73.5519 84.8 27.6716
      vertex 73.5519 82.4 27.6716
    endloop
  endfacet
  facet normal 0.442211 0 -0.896911
    outer loop
      vertex 73.5519 84.8 27.6716
      vertex 73.2 82.4 27.4981
      vertex 73.2 84.8 27.4981
    endloop
  endfacet
  facet normal 0.751724 0 -0.659478
    outer loop
      vertex 72.5787 82.4 27.0213
      vertex 72.3199 84.8 26.7263
      vertex 72.5787 84.8 27.0213
    endloop
  endfacet
  facet normal 0.751724 0 -0.659478
    outer loop
      vertex 72.3199 84.8 26.7263
      vertex 72.5787 82.4 27.0213
      vertex 72.3199 82.4 26.7263
    endloop
  endfacet
  facet normal 0.659478 0 -0.751724
    outer loop
      vertex 72.5787 82.4 27.0213
      vertex 72.8737 84.8 27.2801
      vertex 72.8737 82.4 27.2801
    endloop
  endfacet
  facet normal 0.659478 0 -0.751724
    outer loop
      vertex 72.8737 84.8 27.2801
      vertex 72.5787 82.4 27.0213
      vertex 72.5787 84.8 27.0213
    endloop
  endfacet
  facet normal -0.555523 0 -0.831501
    outer loop
      vertex 76.2 82.4 27.4981
      vertex 76.5263 84.8 27.2801
      vertex 76.5263 82.4 27.2801
    endloop
  endfacet
  facet normal -0.555523 0 -0.831501
    outer loop
      vertex 76.5263 84.8 27.2801
      vertex 76.2 82.4 27.4981
      vertex 76.2 84.8 27.4981
    endloop
  endfacet
  facet normal -0.442211 0 -0.896911
    outer loop
      vertex 75.8481 82.4 27.6716
      vertex 76.2 84.8 27.4981
      vertex 76.2 82.4 27.4981
    endloop
  endfacet
  facet normal -0.442211 0 -0.896911
    outer loop
      vertex 76.2 84.8 27.4981
      vertex 75.8481 82.4 27.6716
      vertex 75.8481 84.8 27.6716
    endloop
  endfacet
  facet normal 0.321574 0 0.946885
    outer loop
      vertex 73.5519 84.8 22.1284
      vertex 73.9235 82.4 22.0022
      vertex 73.9235 84.8 22.0022
    endloop
  endfacet
  facet normal 0.321574 0 0.946885
    outer loop
      vertex 73.9235 82.4 22.0022
      vertex 73.5519 84.8 22.1284
      vertex 73.5519 82.4 22.1284
    endloop
  endfacet
  facet normal 0.896911 -0 0.442211
    outer loop
      vertex 71.9284 82.4 23.7519
      vertex 72.1019 84.8 23.4
      vertex 71.9284 84.8 23.7519
    endloop
  endfacet
  facet normal 0.896911 0 0.442211
    outer loop
      vertex 72.1019 84.8 23.4
      vertex 71.9284 82.4 23.7519
      vertex 72.1019 82.4 23.4
    endloop
  endfacet
  facet normal 0.555523 0 -0.831501
    outer loop
      vertex 72.8737 82.4 27.2801
      vertex 73.2 84.8 27.4981
      vertex 73.2 82.4 27.4981
    endloop
  endfacet
  facet normal 0.555523 0 -0.831501
    outer loop
      vertex 73.2 84.8 27.4981
      vertex 72.8737 82.4 27.2801
      vertex 72.8737 84.8 27.2801
    endloop
  endfacet
  facet normal 0.19494 0 0.980815
    outer loop
      vertex 73.9235 84.8 22.0022
      vertex 74.3084 82.4 21.9257
      vertex 74.3084 84.8 21.9257
    endloop
  endfacet
  facet normal 0.19494 0 0.980815
    outer loop
      vertex 74.3084 82.4 21.9257
      vertex 73.9235 84.8 22.0022
      vertex 73.9235 82.4 22.0022
    endloop
  endfacet
  facet normal 0.980815 0 -0.19494
    outer loop
      vertex 71.8022 82.4 25.6765
      vertex 71.7257 84.8 25.2916
      vertex 71.8022 84.8 25.6765
    endloop
  endfacet
  facet normal 0.980815 0 -0.19494
    outer loop
      vertex 71.7257 84.8 25.2916
      vertex 71.8022 82.4 25.6765
      vertex 71.7257 82.4 25.2916
    endloop
  endfacet
  facet normal 0.997853 -0 0.0654873
    outer loop
      vertex 71.7 82.4 24.9
      vertex 71.7257 84.8 24.5084
      vertex 71.7 84.8 24.9
    endloop
  endfacet
  facet normal 0.997853 0 0.0654873
    outer loop
      vertex 71.7257 84.8 24.5084
      vertex 71.7 82.4 24.9
      vertex 71.7257 82.4 24.5084
    endloop
  endfacet
  facet normal 0.980815 -0 0.19494
    outer loop
      vertex 71.7257 82.4 24.5084
      vertex 71.8022 84.8 24.1235
      vertex 71.7257 84.8 24.5084
    endloop
  endfacet
  facet normal 0.980815 0 0.19494
    outer loop
      vertex 71.8022 84.8 24.1235
      vertex 71.7257 82.4 24.5084
      vertex 71.8022 82.4 24.1235
    endloop
  endfacet
  facet normal 0.896961 0 -0.44211
    outer loop
      vertex 72.1019 82.4 26.4
      vertex 71.9284 84.8 26.048
      vertex 72.1019 84.8 26.4
    endloop
  endfacet
  facet normal 0.896961 0 -0.44211
    outer loop
      vertex 71.9284 84.8 26.048
      vertex 72.1019 82.4 26.4
      vertex 71.9284 82.4 26.048
    endloop
  endfacet
  facet normal -0.19494 0 0.980815
    outer loop
      vertex 75.0916 84.8 21.9257
      vertex 75.4765 82.4 22.0022
      vertex 75.4765 84.8 22.0022
    endloop
  endfacet
  facet normal -0.19494 0 0.980815
    outer loop
      vertex 75.4765 82.4 22.0022
      vertex 75.0916 84.8 21.9257
      vertex 75.0916 82.4 21.9257
    endloop
  endfacet
  facet normal 0.442211 0 0.896911
    outer loop
      vertex 73.2 84.8 22.3019
      vertex 73.5519 82.4 22.1284
      vertex 73.5519 84.8 22.1284
    endloop
  endfacet
  facet normal 0.442211 0 0.896911
    outer loop
      vertex 73.5519 82.4 22.1284
      vertex 73.2 84.8 22.3019
      vertex 73.2 82.4 22.3019
    endloop
  endfacet
  facet normal 0.997853 0 -0.0654873
    outer loop
      vertex 71.7257 82.4 25.2916
      vertex 71.7 84.8 24.9
      vertex 71.7257 84.8 25.2916
    endloop
  endfacet
  facet normal 0.997853 0 -0.0654873
    outer loop
      vertex 71.7 84.8 24.9
      vertex 71.7257 82.4 25.2916
      vertex 71.7 82.4 24.9
    endloop
  endfacet
  facet normal -0.946885 0 0.321574
    outer loop
      vertex 77.4716 82.4 23.7519
      vertex 77.5978 84.8 24.1235
      vertex 77.4716 84.8 23.7519
    endloop
  endfacet
  facet normal -0.946885 0 0.321574
    outer loop
      vertex 77.5978 84.8 24.1235
      vertex 77.4716 82.4 23.7519
      vertex 77.5978 82.4 24.1235
    endloop
  endfacet
  facet normal 0.831501 0 -0.555523
    outer loop
      vertex 72.3199 82.4 26.7263
      vertex 72.1019 84.8 26.4
      vertex 72.3199 84.8 26.7263
    endloop
  endfacet
  facet normal 0.831501 0 -0.555523
    outer loop
      vertex 72.1019 84.8 26.4
      vertex 72.3199 82.4 26.7263
      vertex 72.1019 82.4 26.4
    endloop
  endfacet
  facet normal 0.555523 0 0.831501
    outer loop
      vertex 72.8737 84.8 22.5199
      vertex 73.2 82.4 22.3019
      vertex 73.2 84.8 22.3019
    endloop
  endfacet
  facet normal 0.555523 0 0.831501
    outer loop
      vertex 73.2 82.4 22.3019
      vertex 72.8737 84.8 22.5199
      vertex 72.8737 82.4 22.5199
    endloop
  endfacet
  facet normal -0.659478 0 -0.751724
    outer loop
      vertex 76.5263 82.4 27.2801
      vertex 76.8213 84.8 27.0213
      vertex 76.8213 82.4 27.0213
    endloop
  endfacet
  facet normal -0.659478 0 -0.751724
    outer loop
      vertex 76.8213 84.8 27.0213
      vertex 76.5263 82.4 27.2801
      vertex 76.5263 84.8 27.2801
    endloop
  endfacet
  facet normal -0.751724 0 -0.659478
    outer loop
      vertex 77.0801 82.4 26.7263
      vertex 76.8213 84.8 27.0213
      vertex 77.0801 84.8 26.7263
    endloop
  endfacet
  facet normal -0.751724 -0 -0.659478
    outer loop
      vertex 76.8213 84.8 27.0213
      vertex 77.0801 82.4 26.7263
      vertex 76.8213 82.4 27.0213
    endloop
  endfacet
  facet normal 0.946885 -0 0.321574
    outer loop
      vertex 71.8022 82.4 24.1235
      vertex 71.9284 84.8 23.7519
      vertex 71.8022 84.8 24.1235
    endloop
  endfacet
  facet normal 0.946885 0 0.321574
    outer loop
      vertex 71.9284 84.8 23.7519
      vertex 71.8022 82.4 24.1235
      vertex 71.9284 82.4 23.7519
    endloop
  endfacet
  facet normal 0.0654873 0 -0.997853
    outer loop
      vertex 74.3084 82.4 27.8743
      vertex 74.7 84.8 27.9
      vertex 74.7 82.4 27.9
    endloop
  endfacet
  facet normal 0.0654873 0 -0.997853
    outer loop
      vertex 74.7 84.8 27.9
      vertex 74.3084 82.4 27.8743
      vertex 74.3084 84.8 27.8743
    endloop
  endfacet
  facet normal 0.19494 0 -0.980815
    outer loop
      vertex 73.9235 82.4 27.7978
      vertex 74.3084 84.8 27.8743
      vertex 74.3084 82.4 27.8743
    endloop
  endfacet
  facet normal 0.19494 0 -0.980815
    outer loop
      vertex 74.3084 84.8 27.8743
      vertex 73.9235 82.4 27.7978
      vertex 73.9235 84.8 27.7978
    endloop
  endfacet
  facet normal 0 -0.242962 0.970036
    outer loop
      vertex 0 45.0126 53.7875
      vertex 2.4 44.1558 53.5729
      vertex 2.4 45.0126 53.7875
    endloop
  endfacet
  facet normal 0 -0.242962 0.970036
    outer loop
      vertex 2.4 44.1558 53.5729
      vertex 0 45.0126 53.7875
      vertex 0 44.1558 53.5729
    endloop
  endfacet
  facet normal 0 0.941527 0.336939
    outer loop
      vertex 2.4 34.0851 58.9558
      vertex 0 33.7875 59.7874
      vertex 2.4 33.7875 59.7874
    endloop
  endfacet
  facet normal 0 0.941527 0.336939
    outer loop
      vertex 0 33.7875 59.7874
      vertex 2.4 34.0851 58.9558
      vertex 0 34.0851 58.9558
    endloop
  endfacet
  facet normal -0 0.427541 0.903996
    outer loop
      vertex 0 38.9558 54.0851
      vertex 2.4 38.1574 54.4627
      vertex 2.4 38.9558 54.0851
    endloop
  endfacet
  facet normal 0 0.427541 0.903996
    outer loop
      vertex 2.4 38.1574 54.4627
      vertex 0 38.9558 54.0851
      vertex 0 38.1574 54.4627
    endloop
  endfacet
  facet normal 0 -0.0490228 0.998798
    outer loop
      vertex 0 43.2822 53.4433
      vertex 2.4 42.4 53.4
      vertex 2.4 43.2822 53.4433
    endloop
  endfacet
  facet normal 0 -0.0490228 0.998798
    outer loop
      vertex 2.4 42.4 53.4
      vertex 0 43.2822 53.4433
      vertex 0 42.4 53.4
    endloop
  endfacet
  facet normal 0 -0.803222 0.59568
    outer loop
      vertex 0 49.3571 56.6905
      vertex 2.4 49.8832 57.3999
      vertex 0 49.8832 57.3999
    endloop
  endfacet
  facet normal 0 -0.803222 0.59568
    outer loop
      vertex 2.4 49.8832 57.3999
      vertex 0 49.3571 56.6905
      vertex 2.4 49.3571 56.6905
    endloop
  endfacet
  facet normal 0 -0.74101 0.671494
    outer loop
      vertex 0 48.764 56.036
      vertex 2.4 49.3571 56.6905
      vertex 0 49.3571 56.6905
    endloop
  endfacet
  facet normal 0 -0.74101 0.671494
    outer loop
      vertex 2.4 49.3571 56.6905
      vertex 0 48.764 56.036
      vertex 2.4 48.764 56.036
    endloop
  endfacet
  facet normal 0 -0.336939 0.941527
    outer loop
      vertex 0 45.8442 54.0851
      vertex 2.4 45.0126 53.7875
      vertex 2.4 45.8442 54.0851
    endloop
  endfacet
  facet normal 0 -0.336939 0.941527
    outer loop
      vertex 2.4 45.0126 53.7875
      vertex 0 45.8442 54.0851
      vertex 0 45.0126 53.7875
    endloop
  endfacet
  facet normal 0 0.998798 0.0490228
    outer loop
      vertex 2.4 33.4433 61.5178
      vertex 0 33.4 62.4
      vertex 2.4 33.4 62.4
    endloop
  endfacet
  facet normal 0 0.998798 0.0490228
    outer loop
      vertex 0 33.4 62.4
      vertex 2.4 33.4433 61.5178
      vertex 0 33.4433 61.5178
    endloop
  endfacet
  facet normal 0 -0.998798 0.0490228
    outer loop
      vertex 0 51.3567 61.5178
      vertex 2.4 51.4 62.4
      vertex 0 51.4 62.4
    endloop
  endfacet
  facet normal 0 -0.998798 0.0490228
    outer loop
      vertex 2.4 51.4 62.4
      vertex 0 51.3567 61.5178
      vertex 2.4 51.3567 61.5178
    endloop
  endfacet
  facet normal -0 0.514163 0.857693
    outer loop
      vertex 0 38.1574 54.4627
      vertex 2.4 37.3999 54.9168
      vertex 2.4 38.1574 54.4627
    endloop
  endfacet
  facet normal 0 0.514163 0.857693
    outer loop
      vertex 2.4 37.3999 54.9168
      vertex 0 38.1574 54.4627
      vertex 0 37.3999 54.9168
    endloop
  endfacet
  facet normal 0 -0.514163 0.857693
    outer loop
      vertex 0 47.4001 54.9168
      vertex 2.4 46.6426 54.4627
      vertex 2.4 47.4001 54.9168
    endloop
  endfacet
  facet normal 0 -0.514163 0.857693
    outer loop
      vertex 2.4 46.6426 54.4627
      vertex 0 47.4001 54.9168
      vertex 0 46.6426 54.4627
    endloop
  endfacet
  facet normal 0 -0.59568 0.803222
    outer loop
      vertex 0 48.1095 55.4429
      vertex 2.4 47.4001 54.9168
      vertex 2.4 48.1095 55.4429
    endloop
  endfacet
  facet normal 0 -0.59568 0.803222
    outer loop
      vertex 2.4 47.4001 54.9168
      vertex 0 48.1095 55.4429
      vertex 0 47.4001 54.9168
    endloop
  endfacet
  facet normal 0 -0.427541 0.903996
    outer loop
      vertex 0 46.6426 54.4627
      vertex 2.4 45.8442 54.0851
      vertex 2.4 46.6426 54.4627
    endloop
  endfacet
  facet normal 0 -0.427541 0.903996
    outer loop
      vertex 2.4 45.8442 54.0851
      vertex 0 46.6426 54.4627
      vertex 0 45.8442 54.0851
    endloop
  endfacet
  facet normal -0 0.242962 0.970036
    outer loop
      vertex 0 40.6442 53.5729
      vertex 2.4 39.7874 53.7875
      vertex 2.4 40.6442 53.5729
    endloop
  endfacet
  facet normal 0 0.242962 0.970036
    outer loop
      vertex 2.4 39.7874 53.7875
      vertex 0 40.6442 53.5729
      vertex 0 39.7874 53.7875
    endloop
  endfacet
  facet normal 0 -0.903996 0.427541
    outer loop
      vertex 0 50.3373 58.1574
      vertex 2.4 50.7149 58.9558
      vertex 0 50.7149 58.9558
    endloop
  endfacet
  facet normal 0 -0.903996 0.427541
    outer loop
      vertex 2.4 50.7149 58.9558
      vertex 0 50.3373 58.1574
      vertex 2.4 50.3373 58.1574
    endloop
  endfacet
  facet normal 0 -0.941527 0.336939
    outer loop
      vertex 0 50.7149 58.9558
      vertex 2.4 51.0125 59.7874
      vertex 0 51.0125 59.7874
    endloop
  endfacet
  facet normal 0 -0.941527 0.336939
    outer loop
      vertex 2.4 51.0125 59.7874
      vertex 0 50.7149 58.9558
      vertex 2.4 50.7149 58.9558
    endloop
  endfacet
  facet normal -0 0.146746 0.989174
    outer loop
      vertex 0 41.5178 53.4433
      vertex 2.4 40.6442 53.5729
      vertex 2.4 41.5178 53.4433
    endloop
  endfacet
  facet normal 0 0.146746 0.989174
    outer loop
      vertex 2.4 40.6442 53.5729
      vertex 0 41.5178 53.4433
      vertex 0 40.6442 53.5729
    endloop
  endfacet
  facet normal 0 -0.146746 0.989174
    outer loop
      vertex 0 44.1558 53.5729
      vertex 2.4 43.2822 53.4433
      vertex 2.4 44.1558 53.5729
    endloop
  endfacet
  facet normal 0 -0.146746 0.989174
    outer loop
      vertex 2.4 43.2822 53.4433
      vertex 0 44.1558 53.5729
      vertex 0 43.2822 53.4433
    endloop
  endfacet
  facet normal 0 0.903996 0.427541
    outer loop
      vertex 2.4 34.4627 58.1574
      vertex 0 34.0851 58.9558
      vertex 2.4 34.0851 58.9558
    endloop
  endfacet
  facet normal 0 0.903996 0.427541
    outer loop
      vertex 0 34.0851 58.9558
      vertex 2.4 34.4627 58.1574
      vertex 0 34.4627 58.1574
    endloop
  endfacet
  facet normal -0 0.0490228 0.998798
    outer loop
      vertex 0 42.4 53.4
      vertex 2.4 41.5178 53.4433
      vertex 2.4 42.4 53.4
    endloop
  endfacet
  facet normal 0 0.0490228 0.998798
    outer loop
      vertex 2.4 41.5178 53.4433
      vertex 0 42.4 53.4
      vertex 0 41.5178 53.4433
    endloop
  endfacet
  facet normal 0 -0.857693 0.514163
    outer loop
      vertex 0 49.8832 57.3999
      vertex 2.4 50.3373 58.1574
      vertex 0 50.3373 58.1574
    endloop
  endfacet
  facet normal 0 -0.857693 0.514163
    outer loop
      vertex 2.4 50.3373 58.1574
      vertex 0 49.8832 57.3999
      vertex 2.4 49.8832 57.3999
    endloop
  endfacet
  facet normal 0 0.989174 0.146746
    outer loop
      vertex 2.4 33.5729 60.6442
      vertex 0 33.4433 61.5178
      vertex 2.4 33.4433 61.5178
    endloop
  endfacet
  facet normal 0 0.989174 0.146746
    outer loop
      vertex 0 33.4433 61.5178
      vertex 2.4 33.5729 60.6442
      vertex 0 33.5729 60.6442
    endloop
  endfacet
  facet normal -0 0.671494 0.74101
    outer loop
      vertex 0 36.6905 55.4429
      vertex 2.4 36.036 56.036
      vertex 2.4 36.6905 55.4429
    endloop
  endfacet
  facet normal 0 0.671494 0.74101
    outer loop
      vertex 2.4 36.036 56.036
      vertex 0 36.6905 55.4429
      vertex 0 36.036 56.036
    endloop
  endfacet
  facet normal -0 0.59568 0.803222
    outer loop
      vertex 0 37.3999 54.9168
      vertex 2.4 36.6905 55.4429
      vertex 2.4 37.3999 54.9168
    endloop
  endfacet
  facet normal 0 0.59568 0.803222
    outer loop
      vertex 2.4 36.6905 55.4429
      vertex 0 37.3999 54.9168
      vertex 0 36.6905 55.4429
    endloop
  endfacet
  facet normal 0 0.970036 0.242962
    outer loop
      vertex 2.4 33.7875 59.7874
      vertex 0 33.5729 60.6442
      vertex 2.4 33.5729 60.6442
    endloop
  endfacet
  facet normal 0 0.970036 0.242962
    outer loop
      vertex 0 33.5729 60.6442
      vertex 2.4 33.7875 59.7874
      vertex 0 33.7875 59.7874
    endloop
  endfacet
  facet normal -0 0.336939 0.941527
    outer loop
      vertex 0 39.7874 53.7875
      vertex 2.4 38.9558 54.0851
      vertex 2.4 39.7874 53.7875
    endloop
  endfacet
  facet normal 0 0.336939 0.941527
    outer loop
      vertex 2.4 38.9558 54.0851
      vertex 0 39.7874 53.7875
      vertex 0 38.9558 54.0851
    endloop
  endfacet
  facet normal 0 -0.989174 0.146746
    outer loop
      vertex 0 51.2271 60.6442
      vertex 2.4 51.3567 61.5178
      vertex 0 51.3567 61.5178
    endloop
  endfacet
  facet normal 0 -0.989174 0.146746
    outer loop
      vertex 2.4 51.3567 61.5178
      vertex 0 51.2271 60.6442
      vertex 2.4 51.2271 60.6442
    endloop
  endfacet
  facet normal 0 0.803222 0.59568
    outer loop
      vertex 2.4 35.4429 56.6905
      vertex 0 34.9168 57.3999
      vertex 2.4 34.9168 57.3999
    endloop
  endfacet
  facet normal 0 0.803222 0.59568
    outer loop
      vertex 0 34.9168 57.3999
      vertex 2.4 35.4429 56.6905
      vertex 0 35.4429 56.6905
    endloop
  endfacet
  facet normal 0 -0.671494 0.74101
    outer loop
      vertex 0 48.764 56.036
      vertex 2.4 48.1095 55.4429
      vertex 2.4 48.764 56.036
    endloop
  endfacet
  facet normal 0 -0.671494 0.74101
    outer loop
      vertex 2.4 48.1095 55.4429
      vertex 0 48.764 56.036
      vertex 0 48.1095 55.4429
    endloop
  endfacet
  facet normal 0 -0.970036 0.242962
    outer loop
      vertex 0 51.0125 59.7874
      vertex 2.4 51.2271 60.6442
      vertex 0 51.2271 60.6442
    endloop
  endfacet
  facet normal 0 -0.970036 0.242962
    outer loop
      vertex 2.4 51.2271 60.6442
      vertex 0 51.0125 59.7874
      vertex 2.4 51.0125 59.7874
    endloop
  endfacet
  facet normal 0 0.857693 0.514163
    outer loop
      vertex 2.4 34.9168 57.3999
      vertex 0 34.4627 58.1574
      vertex 2.4 34.4627 58.1574
    endloop
  endfacet
  facet normal 0 0.857693 0.514163
    outer loop
      vertex 0 34.4627 58.1574
      vertex 2.4 34.9168 57.3999
      vertex 0 34.9168 57.3999
    endloop
  endfacet
  facet normal 0 0.74101 0.671494
    outer loop
      vertex 2.4 36.036 56.036
      vertex 0 35.4429 56.6905
      vertex 2.4 35.4429 56.6905
    endloop
  endfacet
  facet normal 0 0.74101 0.671494
    outer loop
      vertex 0 35.4429 56.6905
      vertex 2.4 36.036 56.036
      vertex 0 36.036 56.036
    endloop
  endfacet
  facet normal 1 0 0
    outer loop
      vertex 163.4 2.4 62.4
      vertex 163.4 0 62.4
      vertex 163.4 2.4 46.4
    endloop
  endfacet
  facet normal 1 0 0
    outer loop
      vertex 163.4 9.04207 39.56
      vertex 163.4 12.4 46.4
      vertex 163.4 9.1 40
    endloop
  endfacet
  facet normal 1 0 0
    outer loop
      vertex 163.4 12.4 46.4
      vertex 163.4 9.04207 40.44
      vertex 163.4 9.1 40
    endloop
  endfacet
  facet normal 1 0 0
    outer loop
      vertex 163.4 12.4 46.4
      vertex 163.4 8.87224 40.85
      vertex 163.4 9.04207 40.44
    endloop
  endfacet
  facet normal 1 0 0
    outer loop
      vertex 163.4 12.4 46.4
      vertex 163.4 8.60208 41.2021
      vertex 163.4 8.87224 40.85
    endloop
  endfacet
  facet normal 1 0 0
    outer loop
      vertex 163.4 12.4 46.4
      vertex 163.4 8.25 41.4722
      vertex 163.4 8.60208 41.2021
    endloop
  endfacet
  facet normal 1 0 0
    outer loop
      vertex 163.4 12.4 46.4
      vertex 163.4 7.83999 41.6421
      vertex 163.4 8.25 41.4722
    endloop
  endfacet
  facet normal 1 0 0
    outer loop
      vertex 163.4 12.4 46.4
      vertex 163.4 7.4 41.7
      vertex 163.4 7.83999 41.6421
    endloop
  endfacet
  facet normal 1 -0 0
    outer loop
      vertex 163.4 2.4 46.4
      vertex 163.4 7.4 41.7
      vertex 163.4 12.4 46.4
    endloop
  endfacet
  facet normal 1 0 0
    outer loop
      vertex 163.4 7.4 41.7
      vertex 163.4 2.4 46.4
      vertex 163.4 6.96001 41.6421
    endloop
  endfacet
  facet normal 1 0 0
    outer loop
      vertex 163.4 6.96001 41.6421
      vertex 163.4 2.4 46.4
      vertex 163.4 6.55 41.4722
    endloop
  endfacet
  facet normal 1 0 0
    outer loop
      vertex 163.4 5.75793 40.44
      vertex 163.4 2.4 46.4
      vertex 163.4 5.7 40
    endloop
  endfacet
  facet normal 1 0 0
    outer loop
      vertex 163.4 5.92776 40.85
      vertex 163.4 2.4 46.4
      vertex 163.4 5.75793 40.44
    endloop
  endfacet
  facet normal 1 0 0
    outer loop
      vertex 163.4 6.19792 41.2021
      vertex 163.4 2.4 46.4
      vertex 163.4 5.92776 40.85
    endloop
  endfacet
  facet normal 1 0 0
    outer loop
      vertex 163.4 6.55 41.4722
      vertex 163.4 2.4 46.4
      vertex 163.4 6.19792 41.2021
    endloop
  endfacet
  facet normal 1 0 0
    outer loop
      vertex 163.4 72.4 12.4
      vertex 163.4 64.6421 7.83999
      vertex 163.4 64.7 7.4
    endloop
  endfacet
  facet normal 1 0 0
    outer loop
      vertex 163.4 72.4 12.4
      vertex 163.4 64.4722 8.25
      vertex 163.4 64.6421 7.83999
    endloop
  endfacet
  facet normal 1 0 0
    outer loop
      vertex 163.4 72.4 12.4
      vertex 163.4 64.2021 8.60208
      vertex 163.4 64.4722 8.25
    endloop
  endfacet
  facet normal 1 0 0
    outer loop
      vertex 163.4 72.4 12.4
      vertex 163.4 63.85 8.87224
      vertex 163.4 64.2021 8.60208
    endloop
  endfacet
  facet normal 1 0 0
    outer loop
      vertex 163.4 72.4 12.4
      vertex 163.4 63.44 9.04207
      vertex 163.4 63.85 8.87224
    endloop
  endfacet
  facet normal 1 0 0
    outer loop
      vertex 163.4 72.4 12.4
      vertex 163.4 63 9.1
      vertex 163.4 63.44 9.04207
    endloop
  endfacet
  facet normal 1 0 0
    outer loop
      vertex 163.4 72.4 12.4
      vertex 163.4 62.56 9.04207
      vertex 163.4 63 9.1
    endloop
  endfacet
  facet normal 1 0 0
    outer loop
      vertex 163.4 61.3579 7.83999
      vertex 163.4 44.1 7.4
      vertex 163.4 61.3 7.4
    endloop
  endfacet
  facet normal 1 0 0
    outer loop
      vertex 163.4 44.0421 7.83999
      vertex 163.4 61.3579 7.83999
      vertex 163.4 61.5278 8.25
    endloop
  endfacet
  facet normal 1 0 0
    outer loop
      vertex 163.4 43.8722 8.25
      vertex 163.4 61.5278 8.25
      vertex 163.4 61.7979 8.60208
    endloop
  endfacet
  facet normal 1 0 0
    outer loop
      vertex 163.4 43.6021 8.60208
      vertex 163.4 61.7979 8.60208
      vertex 163.4 62.15 8.87224
    endloop
  endfacet
  facet normal 1 0 0
    outer loop
      vertex 163.4 43.25 8.87224
      vertex 163.4 62.15 8.87224
      vertex 163.4 62.56 9.04207
    endloop
  endfacet
  facet normal 1 0 0
    outer loop
      vertex 163.4 42.84 9.04207
      vertex 163.4 62.56 9.04207
      vertex 163.4 72.4 12.4
    endloop
  endfacet
  facet normal 1 0 0
    outer loop
      vertex 163.4 61.3579 7.83999
      vertex 163.4 44.0421 7.83999
      vertex 163.4 44.1 7.4
    endloop
  endfacet
  facet normal 1 0 0
    outer loop
      vertex 163.4 61.5278 8.25
      vertex 163.4 43.8722 8.25
      vertex 163.4 44.0421 7.83999
    endloop
  endfacet
  facet normal 1 0 0
    outer loop
      vertex 163.4 61.7979 8.60208
      vertex 163.4 43.6021 8.60208
      vertex 163.4 43.8722 8.25
    endloop
  endfacet
  facet normal 1 0 0
    outer loop
      vertex 163.4 62.15 8.87224
      vertex 163.4 43.25 8.87224
      vertex 163.4 43.6021 8.60208
    endloop
  endfacet
  facet normal 1 0 0
    outer loop
      vertex 163.4 62.56 9.04207
      vertex 163.4 42.84 9.04207
      vertex 163.4 43.25 8.87224
    endloop
  endfacet
  facet normal 1 0 0
    outer loop
      vertex 163.4 72.4 12.4
      vertex 163.4 42.4 9.1
      vertex 163.4 42.84 9.04207
    endloop
  endfacet
  facet normal 1 0 0
    outer loop
      vertex 163.4 40.7579 7.83999
      vertex 163.4 23.7 7.4
      vertex 163.4 40.7 7.4
    endloop
  endfacet
  facet normal 1 0 0
    outer loop
      vertex 163.4 23.6421 7.83999
      vertex 163.4 40.7579 7.83999
      vertex 163.4 40.9278 8.25
    endloop
  endfacet
  facet normal 1 0 0
    outer loop
      vertex 163.4 23.4722 8.25
      vertex 163.4 40.9278 8.25
      vertex 163.4 41.1979 8.60208
    endloop
  endfacet
  facet normal 1 0 0
    outer loop
      vertex 163.4 23.2021 8.60208
      vertex 163.4 41.1979 8.60208
      vertex 163.4 41.55 8.87224
    endloop
  endfacet
  facet normal 1 0 0
    outer loop
      vertex 163.4 22.85 8.87224
      vertex 163.4 41.55 8.87224
      vertex 163.4 41.96 9.04207
    endloop
  endfacet
  facet normal 1 0 0
    outer loop
      vertex 163.4 12.4 12.4
      vertex 163.4 41.96 9.04207
      vertex 163.4 42.4 9.1
    endloop
  endfacet
  facet normal 1 -0 0
    outer loop
      vertex 163.4 12.4 12.4
      vertex 163.4 42.4 9.1
      vertex 163.4 72.4 12.4
    endloop
  endfacet
  facet normal 1 0 0
    outer loop
      vertex 163.4 40.7579 7.83999
      vertex 163.4 23.6421 7.83999
      vertex 163.4 23.7 7.4
    endloop
  endfacet
  facet normal 1 0 0
    outer loop
      vertex 163.4 40.9278 8.25
      vertex 163.4 23.4722 8.25
      vertex 163.4 23.6421 7.83999
    endloop
  endfacet
  facet normal 1 0 0
    outer loop
      vertex 163.4 41.1979 8.60208
      vertex 163.4 23.2021 8.60208
      vertex 163.4 23.4722 8.25
    endloop
  endfacet
  facet normal 1 0 0
    outer loop
      vertex 163.4 41.55 8.87224
      vertex 163.4 22.85 8.87224
      vertex 163.4 23.2021 8.60208
    endloop
  endfacet
  facet normal 1 0 0
    outer loop
      vertex 163.4 41.96 9.04207
      vertex 163.4 22.44 9.04207
      vertex 163.4 22.85 8.87224
    endloop
  endfacet
  facet normal 1 0 0
    outer loop
      vertex 163.4 41.96 9.04207
      vertex 163.4 12.4 12.4
      vertex 163.4 22.44 9.04207
    endloop
  endfacet
  facet normal 1 0 0
    outer loop
      vertex 163.4 20.3579 7.83999
      vertex 163.4 12.4 12.4
      vertex 163.4 20.3 7.4
    endloop
  endfacet
  facet normal 1 0 0
    outer loop
      vertex 163.4 20.5278 8.25
      vertex 163.4 12.4 12.4
      vertex 163.4 20.3579 7.83999
    endloop
  endfacet
  facet normal 1 0 0
    outer loop
      vertex 163.4 20.7979 8.60208
      vertex 163.4 12.4 12.4
      vertex 163.4 20.5278 8.25
    endloop
  endfacet
  facet normal 1 0 0
    outer loop
      vertex 163.4 21.15 8.87224
      vertex 163.4 12.4 12.4
      vertex 163.4 20.7979 8.60208
    endloop
  endfacet
  facet normal 1 0 0
    outer loop
      vertex 163.4 21.56 9.04207
      vertex 163.4 12.4 12.4
      vertex 163.4 21.15 8.87224
    endloop
  endfacet
  facet normal 1 0 0
    outer loop
      vertex 163.4 22 9.1
      vertex 163.4 12.4 12.4
      vertex 163.4 21.56 9.04207
    endloop
  endfacet
  facet normal 1 0 0
    outer loop
      vertex 163.4 22.44 9.04207
      vertex 163.4 12.4 12.4
      vertex 163.4 22 9.1
    endloop
  endfacet
  facet normal 1 0 0
    outer loop
      vertex 163.4 82.4 46.4
      vertex 163.4 79.0421 40.44
      vertex 163.4 79.1 40
    endloop
  endfacet
  facet normal 1 0 0
    outer loop
      vertex 163.4 82.4 46.4
      vertex 163.4 78.8722 40.85
      vertex 163.4 79.0421 40.44
    endloop
  endfacet
  facet normal 1 0 0
    outer loop
      vertex 163.4 82.4 46.4
      vertex 163.4 78.6021 41.2021
      vertex 163.4 78.8722 40.85
    endloop
  endfacet
  facet normal 1 0 0
    outer loop
      vertex 163.4 82.4 46.4
      vertex 163.4 78.25 41.4722
      vertex 163.4 78.6021 41.2021
    endloop
  endfacet
  facet normal 1 0 0
    outer loop
      vertex 163.4 82.4 46.4
      vertex 163.4 77.84 41.6421
      vertex 163.4 78.25 41.4722
    endloop
  endfacet
  facet normal 1 0 0
    outer loop
      vertex 163.4 82.4 46.4
      vertex 163.4 77.4 41.7
      vertex 163.4 77.84 41.6421
    endloop
  endfacet
  facet normal 1 -0 0
    outer loop
      vertex 163.4 72.4 46.4
      vertex 163.4 77.4 41.7
      vertex 163.4 82.4 46.4
    endloop
  endfacet
  facet normal 1 0 0
    outer loop
      vertex 163.4 77.4 41.7
      vertex 163.4 72.4 46.4
      vertex 163.4 76.96 41.6421
    endloop
  endfacet
  facet normal 1 0 0
    outer loop
      vertex 163.4 76.96 41.6421
      vertex 163.4 72.4 46.4
      vertex 163.4 76.55 41.4722
    endloop
  endfacet
  facet normal 1 0 0
    outer loop
      vertex 163.4 75.7579 40.44
      vertex 163.4 72.4 46.4
      vertex 163.4 75.7 40
    endloop
  endfacet
  facet normal 1 0 0
    outer loop
      vertex 163.4 75.9278 40.85
      vertex 163.4 72.4 46.4
      vertex 163.4 75.7579 40.44
    endloop
  endfacet
  facet normal 1 0 0
    outer loop
      vertex 163.4 76.1979 41.2021
      vertex 163.4 72.4 46.4
      vertex 163.4 75.9278 40.85
    endloop
  endfacet
  facet normal 1 0 0
    outer loop
      vertex 163.4 76.55 41.4722
      vertex 163.4 72.4 46.4
      vertex 163.4 76.1979 41.2021
    endloop
  endfacet
  facet normal 1 0 0
    outer loop
      vertex 163.4 82.4 46.4
      vertex 163.4 84.8 62.4
      vertex 163.4 82.4 62.4
    endloop
  endfacet
  facet normal 1 0 0
    outer loop
      vertex 163.4 84.8 62.4
      vertex 163.4 82.4 46.4
      vertex 163.4 84.8 0
    endloop
  endfacet
  facet normal 1 0 0
    outer loop
      vertex 163.4 79.0421 39.56
      vertex 163.4 82.4 46.4
      vertex 163.4 79.1 40
    endloop
  endfacet
  facet normal 1 0 0
    outer loop
      vertex 163.4 82.4 46.4
      vertex 163.4 79.0421 39.56
      vertex 163.4 84.8 0
    endloop
  endfacet
  facet normal 1 -0 0
    outer loop
      vertex 163.4 78.8722 39.15
      vertex 163.4 84.8 0
      vertex 163.4 79.0421 39.56
    endloop
  endfacet
  facet normal 1 -0 0
    outer loop
      vertex 163.4 78.6021 38.7979
      vertex 163.4 84.8 0
      vertex 163.4 78.8722 39.15
    endloop
  endfacet
  facet normal 1 0 0
    outer loop
      vertex 163.4 72.4 12.4
      vertex 163.4 78.6021 38.7979
      vertex 163.4 78.25 38.5278
    endloop
  endfacet
  facet normal 1 0 0
    outer loop
      vertex 163.4 72.4 12.4
      vertex 163.4 78.25 38.5278
      vertex 163.4 77.84 38.3579
    endloop
  endfacet
  facet normal 1 0 0
    outer loop
      vertex 163.4 72.4 12.4
      vertex 163.4 77.84 38.3579
      vertex 163.4 77.4 38.3
    endloop
  endfacet
  facet normal 1 0 0
    outer loop
      vertex 163.4 72.4 12.4
      vertex 163.4 77.4 38.3
      vertex 163.4 76.96 38.3579
    endloop
  endfacet
  facet normal 1 0 0
    outer loop
      vertex 163.4 72.4 12.4
      vertex 163.4 76.96 38.3579
      vertex 163.4 76.55 38.5278
    endloop
  endfacet
  facet normal 1 0 0
    outer loop
      vertex 163.4 72.4 12.4
      vertex 163.4 76.55 38.5278
      vertex 163.4 76.1979 38.7979
    endloop
  endfacet
  facet normal 1 0 0
    outer loop
      vertex 163.4 72.4 12.4
      vertex 163.4 76.1979 38.7979
      vertex 163.4 75.9278 39.15
    endloop
  endfacet
  facet normal 1 0 0
    outer loop
      vertex 163.4 72.4 12.4
      vertex 163.4 75.9278 39.15
      vertex 163.4 75.7579 39.56
    endloop
  endfacet
  facet normal 1 0 0
    outer loop
      vertex 163.4 72.4 46.4
      vertex 163.4 75.7579 39.56
      vertex 163.4 75.7 40
    endloop
  endfacet
  facet normal 1 0 0
    outer loop
      vertex 163.4 72.4 12.4
      vertex 163.4 75.7579 39.56
      vertex 163.4 72.4 46.4
    endloop
  endfacet
  facet normal 1 0 0
    outer loop
      vertex 163.4 78.6021 38.7979
      vertex 163.4 72.4 12.4
      vertex 163.4 84.8 0
    endloop
  endfacet
  facet normal 1 0 0
    outer loop
      vertex 163.4 64.6421 6.96001
      vertex 163.4 72.4 12.4
      vertex 163.4 64.7 7.4
    endloop
  endfacet
  facet normal 1 0 0
    outer loop
      vertex 163.4 64.4722 6.55
      vertex 163.4 72.4 12.4
      vertex 163.4 64.6421 6.96001
    endloop
  endfacet
  facet normal 1 0 0
    outer loop
      vertex 163.4 72.4 12.4
      vertex 163.4 64.4722 6.55
      vertex 163.4 84.8 0
    endloop
  endfacet
  facet normal 1 -0 0
    outer loop
      vertex 163.4 64.2021 6.19792
      vertex 163.4 84.8 0
      vertex 163.4 64.4722 6.55
    endloop
  endfacet
  facet normal 1 -0 0
    outer loop
      vertex 163.4 63.85 5.92776
      vertex 163.4 84.8 0
      vertex 163.4 64.2021 6.19792
    endloop
  endfacet
  facet normal 1 -0 0
    outer loop
      vertex 163.4 63.44 5.75793
      vertex 163.4 84.8 0
      vertex 163.4 63.85 5.92776
    endloop
  endfacet
  facet normal 1 -0 0
    outer loop
      vertex 163.4 63 5.7
      vertex 163.4 84.8 0
      vertex 163.4 63.44 5.75793
    endloop
  endfacet
  facet normal 1 0 0
    outer loop
      vertex 163.4 42.4 5.7
      vertex 163.4 63 5.7
      vertex 163.4 62.56 5.75793
    endloop
  endfacet
  facet normal 1 -0 0
    outer loop
      vertex 163.4 44.1 7.4
      vertex 163.4 61.3579 6.96001
      vertex 163.4 61.3 7.4
    endloop
  endfacet
  facet normal 1 0 0
    outer loop
      vertex 163.4 44.0421 6.96001
      vertex 163.4 61.3579 6.96001
      vertex 163.4 44.1 7.4
    endloop
  endfacet
  facet normal 1 0 0
    outer loop
      vertex 163.4 61.3579 6.96001
      vertex 163.4 44.0421 6.96001
      vertex 163.4 61.5278 6.55
    endloop
  endfacet
  facet normal 1 0 0
    outer loop
      vertex 163.4 43.8722 6.55
      vertex 163.4 61.5278 6.55
      vertex 163.4 44.0421 6.96001
    endloop
  endfacet
  facet normal 1 0 0
    outer loop
      vertex 163.4 61.5278 6.55
      vertex 163.4 43.8722 6.55
      vertex 163.4 61.7979 6.19792
    endloop
  endfacet
  facet normal 1 0 0
    outer loop
      vertex 163.4 43.6021 6.19792
      vertex 163.4 61.7979 6.19792
      vertex 163.4 43.8722 6.55
    endloop
  endfacet
  facet normal 1 0 0
    outer loop
      vertex 163.4 61.7979 6.19792
      vertex 163.4 43.6021 6.19792
      vertex 163.4 62.15 5.92776
    endloop
  endfacet
  facet normal 1 0 0
    outer loop
      vertex 163.4 43.25 5.92776
      vertex 163.4 62.15 5.92776
      vertex 163.4 43.6021 6.19792
    endloop
  endfacet
  facet normal 1 0 0
    outer loop
      vertex 163.4 62.15 5.92776
      vertex 163.4 43.25 5.92776
      vertex 163.4 62.56 5.75793
    endloop
  endfacet
  facet normal 1 0 0
    outer loop
      vertex 163.4 42.84 5.75793
      vertex 163.4 62.56 5.75793
      vertex 163.4 43.25 5.92776
    endloop
  endfacet
  facet normal 1 0 0
    outer loop
      vertex 163.4 42.4 5.7
      vertex 163.4 62.56 5.75793
      vertex 163.4 42.84 5.75793
    endloop
  endfacet
  facet normal 1 0 0
    outer loop
      vertex 163.4 63 5.7
      vertex 163.4 42.4 5.7
      vertex 163.4 84.8 0
    endloop
  endfacet
  facet normal 1 0 0
    outer loop
      vertex 163.4 22 5.7
      vertex 163.4 42.4 5.7
      vertex 163.4 41.96 5.75793
    endloop
  endfacet
  facet normal 1 -0 0
    outer loop
      vertex 163.4 23.7 7.4
      vertex 163.4 40.7579 6.96001
      vertex 163.4 40.7 7.4
    endloop
  endfacet
  facet normal 1 0 0
    outer loop
      vertex 163.4 23.6421 6.96001
      vertex 163.4 40.7579 6.96001
      vertex 163.4 23.7 7.4
    endloop
  endfacet
  facet normal 1 0 0
    outer loop
      vertex 163.4 40.7579 6.96001
      vertex 163.4 23.6421 6.96001
      vertex 163.4 40.9278 6.55
    endloop
  endfacet
  facet normal 1 0 0
    outer loop
      vertex 163.4 23.4722 6.55
      vertex 163.4 40.9278 6.55
      vertex 163.4 23.6421 6.96001
    endloop
  endfacet
  facet normal 1 0 0
    outer loop
      vertex 163.4 40.9278 6.55
      vertex 163.4 23.4722 6.55
      vertex 163.4 41.1979 6.19792
    endloop
  endfacet
  facet normal 1 0 0
    outer loop
      vertex 163.4 23.2021 6.19792
      vertex 163.4 41.1979 6.19792
      vertex 163.4 23.4722 6.55
    endloop
  endfacet
  facet normal 1 0 0
    outer loop
      vertex 163.4 41.1979 6.19792
      vertex 163.4 23.2021 6.19792
      vertex 163.4 41.55 5.92776
    endloop
  endfacet
  facet normal 1 0 0
    outer loop
      vertex 163.4 22.85 5.92776
      vertex 163.4 41.55 5.92776
      vertex 163.4 23.2021 6.19792
    endloop
  endfacet
  facet normal 1 0 0
    outer loop
      vertex 163.4 41.55 5.92776
      vertex 163.4 22.85 5.92776
      vertex 163.4 41.96 5.75793
    endloop
  endfacet
  facet normal 1 0 0
    outer loop
      vertex 163.4 22.44 5.75793
      vertex 163.4 41.96 5.75793
      vertex 163.4 22.85 5.92776
    endloop
  endfacet
  facet normal 1 0 0
    outer loop
      vertex 163.4 22 5.7
      vertex 163.4 41.96 5.75793
      vertex 163.4 22.44 5.75793
    endloop
  endfacet
  facet normal 1 0 0
    outer loop
      vertex 163.4 42.4 5.7
      vertex 163.4 22 5.7
      vertex 163.4 0 0
    endloop
  endfacet
  facet normal 1 0 0
    outer loop
      vertex 163.4 12.4 12.4
      vertex 163.4 20.3579 6.96001
      vertex 163.4 20.3 7.4
    endloop
  endfacet
  facet normal 1 0 0
    outer loop
      vertex 163.4 12.4 12.4
      vertex 163.4 20.5278 6.55
      vertex 163.4 20.3579 6.96001
    endloop
  endfacet
  facet normal 1 0 0
    outer loop
      vertex 163.4 0 0
      vertex 163.4 20.5278 6.55
      vertex 163.4 12.4 12.4
    endloop
  endfacet
  facet normal 1 0 0
    outer loop
      vertex 163.4 20.5278 6.55
      vertex 163.4 0 0
      vertex 163.4 20.7979 6.19792
    endloop
  endfacet
  facet normal 1 0 0
    outer loop
      vertex 163.4 12.4 46.4
      vertex 163.4 9.04207 39.56
      vertex 163.4 12.4 12.4
    endloop
  endfacet
  facet normal 1 -0 0
    outer loop
      vertex 163.4 8.87224 39.15
      vertex 163.4 12.4 12.4
      vertex 163.4 9.04207 39.56
    endloop
  endfacet
  facet normal 1 -0 0
    outer loop
      vertex 163.4 8.60208 38.7979
      vertex 163.4 12.4 12.4
      vertex 163.4 8.87224 39.15
    endloop
  endfacet
  facet normal 1 -0 0
    outer loop
      vertex 163.4 8.25 38.5278
      vertex 163.4 12.4 12.4
      vertex 163.4 8.60208 38.7979
    endloop
  endfacet
  facet normal 1 -0 0
    outer loop
      vertex 163.4 7.83999 38.3579
      vertex 163.4 12.4 12.4
      vertex 163.4 8.25 38.5278
    endloop
  endfacet
  facet normal 1 -0 0
    outer loop
      vertex 163.4 7.4 38.3
      vertex 163.4 12.4 12.4
      vertex 163.4 7.83999 38.3579
    endloop
  endfacet
  facet normal 1 0 0
    outer loop
      vertex 163.4 6.96001 38.3579
      vertex 163.4 12.4 12.4
      vertex 163.4 7.4 38.3
    endloop
  endfacet
  facet normal 1 0 0
    outer loop
      vertex 163.4 6.55 38.5278
      vertex 163.4 12.4 12.4
      vertex 163.4 6.96001 38.3579
    endloop
  endfacet
  facet normal 1 0 0
    outer loop
      vertex 163.4 6.19792 38.7979
      vertex 163.4 12.4 12.4
      vertex 163.4 6.55 38.5278
    endloop
  endfacet
  facet normal 1 0 0
    outer loop
      vertex 163.4 0 0
      vertex 163.4 6.19792 38.7979
      vertex 163.4 5.92776 39.15
    endloop
  endfacet
  facet normal 1 0 0
    outer loop
      vertex 163.4 0 0
      vertex 163.4 5.92776 39.15
      vertex 163.4 5.75793 39.56
    endloop
  endfacet
  facet normal 1 0 0
    outer loop
      vertex 163.4 2.4 46.4
      vertex 163.4 5.75793 39.56
      vertex 163.4 5.7 40
    endloop
  endfacet
  facet normal 1 0 0
    outer loop
      vertex 163.4 0 0
      vertex 163.4 5.75793 39.56
      vertex 163.4 2.4 46.4
    endloop
  endfacet
  facet normal 1 0 0
    outer loop
      vertex 163.4 42.4 5.7
      vertex 163.4 0 0
      vertex 163.4 84.8 0
    endloop
  endfacet
  facet normal 1 0 0
    outer loop
      vertex 163.4 21.56 5.75793
      vertex 163.4 0 0
      vertex 163.4 22 5.7
    endloop
  endfacet
  facet normal 1 0 0
    outer loop
      vertex 163.4 21.15 5.92776
      vertex 163.4 0 0
      vertex 163.4 21.56 5.75793
    endloop
  endfacet
  facet normal 1 0 0
    outer loop
      vertex 163.4 20.7979 6.19792
      vertex 163.4 0 0
      vertex 163.4 21.15 5.92776
    endloop
  endfacet
  facet normal 1 0 0
    outer loop
      vertex 163.4 6.19792 38.7979
      vertex 163.4 0 0
      vertex 163.4 12.4 12.4
    endloop
  endfacet
  facet normal 1 0 0
    outer loop
      vertex 163.4 0 0
      vertex 163.4 2.4 46.4
      vertex 163.4 0 62.4
    endloop
  endfacet
endsolid OpenSCAD_Model
