solid OpenSCAD_Model
  facet normal 0.699569 -0.699569 -0.145624
    outer loop
      vertex 17.9076 -13.3616 77.19
      vertex 10.584 -5.65793 5
      vertex 10.5841 -5.65783 5
    endloop
  endfacet
  facet normal 0.895608 -0.423527 -0.136055
    outer loop
      vertex 10.584 -5.65793 5
      vertex 17.9076 -13.3616 77.19
      vertex 17.5552 -14.1068 77.19
    endloop
  endfacet
  facet normal 0.424705 0.897874 0.115966
    outer loop
      vertex 5.65676 10.5831 5
      vertex 13.3645 -2.38732 77.1961
      vertex 14.1063 -2.7382 77.1961
    endloop
  endfacet
  facet normal 0.418524 0.900622 0.117119
    outer loop
      vertex 13.3645 -2.38732 77.1961
      vertex 5.65676 10.5831 5
      vertex 13.3628 -2.38653 77.1961
    endloop
  endfacet
  facet normal 0.433695 0.893784 0.114272
    outer loop
      vertex 13.3613 -2.38593 77.1971
      vertex 13.3628 -2.38653 77.1961
      vertex 5.65676 10.5831 5
    endloop
  endfacet
  facet normal 0.593851 0.800715 0.07872
    outer loop
      vertex 15.4752 -3.65266 77.1942
      vertex 6.66684 9.97763 5
      vertex 14.8147 -3.1628 77.1942
    endloop
  endfacet
  facet normal 0.60741 0.790804 0.0753857
    outer loop
      vertex 14.8133 -3.16182 77.1952
      vertex 14.8147 -3.1628 77.1942
      vertex 6.66684 9.97763 5
    endloop
  endfacet
  facet normal 0.794692 -0.589379 -0.145245
    outer loop
      vertex 16.6403 -15.476 77.19
      vertex 9.27715 -7.61381 5
      vertex 9.97856 -6.66806 5
    endloop
  endfacet
  facet normal 0.424671 0.897889 0.115972
    outer loop
      vertex 4.5922 11.0866 5
      vertex 13.3613 -2.38593 77.1971
      vertex 5.65676 10.5831 5
    endloop
  endfacet
  facet normal 0.0980375 0.980375 0.171038
    outer loop
      vertex 13.3613 -2.38593 77.1971
      vertex 4.5922 11.0866 5
      vertex 13.3612 -2.38592 77.1971
    endloop
  endfacet
  facet normal -0.931016 -0.340119 0.132391
    outer loop
      vertex -11.4833 -3.48342 5
      vertex 2.10879 -12.5867 77.1971
      vertex 2.10837 -12.5852 77.198
    endloop
  endfacet
  facet normal -0.933104 -0.333878 0.133571
    outer loop
      vertex -11.4833 -3.48342 5
      vertex 2.38581 -13.3609 77.1971
      vertex 2.10879 -12.5867 77.1971
    endloop
  endfacet
  facet normal -0.947955 -0.284387 0.143195
    outer loop
      vertex 2.38581 -13.3609 77.1971
      vertex -11.4833 -3.48342 5
      vertex 2.3859 -13.3612 77.1971
    endloop
  endfacet
  facet normal 0.145796 -0.983272 -0.109177
    outer loop
      vertex 10.9704 -18.5066 77.19
      vertex 1.17756 -11.9431 5
      vertex 2.34228 -11.7704 5
    endloop
  endfacet
  facet normal 0.992704 0 -0.120573
    outer loop
      vertex 4.5922 11.0866 5
      vertex 13.3612 -2.3859 77.1971
      vertex 13.3612 -2.38592 77.1971
    endloop
  endfacet
  facet normal 0.33385 0.933114 0.133577
    outer loop
      vertex 13.3612 -2.3859 77.1971
      vertex 4.5922 11.0866 5
      vertex 3.48342 11.4833 5
    endloop
  endfacet
  facet normal -0.499642 0.833531 0.235763
    outer loop
      vertex -5.65676 10.5831 5
      vertex -6.66684 9.97763 5
      vertex 6.18731 -2.73891 77.2
    endloop
  endfacet
  facet normal -0.578398 0.779882 0.239249
    outer loop
      vertex -6.66684 9.97763 5
      vertex -7.61272 9.27612 5
      vertex 4.81814 -3.65376 77.2
    endloop
  endfacet
  facet normal 0.284387 0.947955 0.143195
    outer loop
      vertex 3.48342 11.4833 5
      vertex 13.3609 -2.38581 77.1971
      vertex 13.3612 -2.3859 77.1971
    endloop
  endfacet
  facet normal 0.333878 0.933104 0.133571
    outer loop
      vertex 13.3609 -2.38581 77.1971
      vertex 3.48342 11.4833 5
      vertex 12.5867 -2.10879 77.1971
    endloop
  endfacet
  facet normal 0.340119 0.931016 0.132391
    outer loop
      vertex 12.5852 -2.10837 77.198
      vertex 12.5867 -2.10879 77.1971
      vertex 3.48342 11.4833 5
    endloop
  endfacet
  facet normal -0.0481555 0.979947 0.193352
    outer loop
      vertex 0 12 5
      vertex -1.17621 11.9422 5
      vertex 9.3237 -1.7875 77.2
    endloop
  endfacet
  facet normal 0.857914 0.513791 0.00143708
    outer loop
      vertex 17.1314 -5.48026 77.1901
      vertex 9.97763 6.66684 5
      vertex 17.1305 -5.47876 77.1911
    endloop
  endfacet
  facet normal 0.857746 0.514071 0.00150098
    outer loop
      vertex 9.97763 6.66684 5
      vertex 17.1314 -5.48026 77.1901
      vertex 17.5541 -6.18555 77.1901
    endloop
  endfacet
  facet normal -0.933114 -0.33385 0.133577
    outer loop
      vertex -11.0866 -4.5922 5
      vertex 2.3859 -13.3612 77.1971
      vertex -11.4833 -3.48342 5
    endloop
  endfacet
  facet normal 0 -0.992704 -0.120573
    outer loop
      vertex 2.3859 -13.3612 77.1971
      vertex -11.0866 -4.5922 5
      vertex 2.38592 -13.3612 77.1971
    endloop
  endfacet
  facet normal -0.897889 -0.424671 0.115972
    outer loop
      vertex 2.38593 -13.3613 77.1971
      vertex -11.0866 -4.5922 5
      vertex -10.5831 -5.65676 5
    endloop
  endfacet
  facet normal -0.980375 -0.0980375 0.171038
    outer loop
      vertex -11.0866 -4.5922 5
      vertex 2.38593 -13.3613 77.1971
      vertex 2.38592 -13.3612 77.1971
    endloop
  endfacet
  facet normal 0.732888 -0.664257 -0.147096
    outer loop
      vertex 16.6403 -15.476 77.19
      vertex 8.48641 -8.48625 5
      vertex 9.27715 -7.61381 5
    endloop
  endfacet
  facet normal -0.514071 -0.857746 0.00150098
    outer loop
      vertex 5.48026 -17.1314 77.1901
      vertex -6.66684 -9.97763 5
      vertex 6.18555 -17.5541 77.1901
    endloop
  endfacet
  facet normal -0.513791 -0.857914 0.00143708
    outer loop
      vertex -6.66684 -9.97763 5
      vertex 5.48026 -17.1314 77.1901
      vertex 5.47876 -17.1305 77.1911
    endloop
  endfacet
  facet normal 0.933696 -0.334103 -0.12879
    outer loop
      vertex 17.9076 -13.3616 77.19
      vertex 11.0875 -4.59341 5
      vertex 11.4842 -3.48478 5
    endloop
  endfacet
  facet normal 0.739531 0.672301 0.0332569
    outer loop
      vertex 18.3856 -8.50829 77.19
      vertex 11.7704 2.33947 5
      vertex 11.7703 2.33958 5
    endloop
  endfacet
  facet normal 0.98685 0.14644 -0.0684258
    outer loop
      vertex 11.7704 2.33947 5
      vertex 18.3856 -8.50829 77.19
      vertex 18.5066 -9.3237 77.19
    endloop
  endfacet
  facet normal -0.726916 -0.684443 0.0559465
    outer loop
      vertex -8.48528 -8.48528 5
      vertex 3.65321 -15.4759 77.1937
      vertex 3.65277 -15.4754 77.1941
    endloop
  endfacet
  facet normal -0.751079 -0.657234 0.0626438
    outer loop
      vertex -8.48528 -8.48528 5
      vertex 3.65386 -15.4767 77.1931
      vertex 3.65321 -15.4759 77.1937
    endloop
  endfacet
  facet normal -0.736758 -0.673608 0.0586502
    outer loop
      vertex -8.48528 -8.48528 5
      vertex 3.6545 -15.4774 77.1931
      vertex 3.65386 -15.4767 77.1931
    endloop
  endfacet
  facet normal -0.739618 -0.670396 0.0594422
    outer loop
      vertex 3.6545 -15.4774 77.1931
      vertex -8.48528 -8.48528 5
      vertex 4.20614 -16.086 77.1931
    endloop
  endfacet
  facet normal 0.748526 0.66204 0.0375784
    outer loop
      vertex 16.0872 -4.20744 77.1921
      vertex 8.48528 8.48528 5
      vertex 16.086 -4.20614 77.1931
    endloop
  endfacet
  facet normal 0.740353 0.671026 0.0400189
    outer loop
      vertex 8.48528 8.48528 5
      vertex 16.0872 -4.20744 77.1921
      vertex 16.6394 -4.81669 77.1921
    endloop
  endfacet
  facet normal 0.699454 -0.699454 -0.146728
    outer loop
      vertex 8.48633 -8.48633 5
      vertex 15.476 -16.6403 77.19
      vertex 8.48625 -8.48641 5
    endloop
  endfacet
  facet normal 0.664316 -0.732835 -0.147096
    outer loop
      vertex 15.476 -16.6403 77.19
      vertex 8.48633 -8.48633 5
      vertex 16.0867 -16.0867 77.19
    endloop
  endfacet
  facet normal 0.699454 -0.699454 -0.146728
    outer loop
      vertex 16.6403 -15.476 77.19
      vertex 8.48633 -8.48633 5
      vertex 8.48641 -8.48625 5
    endloop
  endfacet
  facet normal 0.732835 -0.664316 -0.147096
    outer loop
      vertex 8.48633 -8.48633 5
      vertex 16.6403 -15.476 77.19
      vertex 16.0867 -16.0867 77.19
    endloop
  endfacet
  facet normal -0.879637 0.416033 0.230555
    outer loop
      vertex 2.73891 -6.18731 77.2
      vertex -10.5831 5.65676 5
      vertex 2.38646 -6.93251 77.2
    endloop
  endfacet
  facet normal -0.9177 0.328335 0.223659
    outer loop
      vertex -11.0866 4.5922 5
      vertex -11.4833 3.48342 5
      vertex 2.38646 -6.93251 77.2
    endloop
  endfacet
  facet normal 0.940955 0.336701 -0.0351512
    outer loop
      vertex 11.4842 3.48197 5
      vertex 11.0875 4.5906 5
      vertex 17.9076 -6.93251 77.19
    endloop
  endfacet
  facet normal -0.427469 -0.903867 -0.0171587
    outer loop
      vertex 6.93251 -17.9076 77.19
      vertex -5.65502 -10.5841 5
      vertex -4.5906 -11.0875 5
    endloop
  endfacet
  facet normal -0.578398 0.779882 0.239249
    outer loop
      vertex 5.48026 -3.1627 77.2
      vertex -6.66684 9.97763 5
      vertex 4.81814 -3.65376 77.2
    endloop
  endfacet
  facet normal -0.893784 -0.433695 0.114272
    outer loop
      vertex -10.5831 -5.65676 5
      vertex 2.38653 -13.3628 77.1961
      vertex 2.38593 -13.3613 77.1971
    endloop
  endfacet
  facet normal -0.900622 -0.418524 0.117119
    outer loop
      vertex -10.5831 -5.65676 5
      vertex 2.38732 -13.3645 77.1961
      vertex 2.38653 -13.3628 77.1961
    endloop
  endfacet
  facet normal -0.897874 -0.424705 0.115966
    outer loop
      vertex 2.38732 -13.3645 77.1961
      vertex -10.5831 -5.65676 5
      vertex 2.7382 -14.1063 77.1961
    endloop
  endfacet
  facet normal -0.146328 -0.986865 -0.0684453
    outer loop
      vertex 9.3237 -18.5066 77.19
      vertex -2.33947 -11.7704 5
      vertex -1.17475 -11.9431 5
    endloop
  endfacet
  facet normal -0.672301 -0.739531 0.0332569
    outer loop
      vertex -2.33947 -11.7704 5
      vertex 8.50829 -18.3856 77.19
      vertex -2.33958 -11.7703 5
    endloop
  endfacet
  facet normal -0.14644 -0.98685 -0.0684258
    outer loop
      vertex 8.50829 -18.3856 77.19
      vertex -2.33947 -11.7704 5
      vertex 9.3237 -18.5066 77.19
    endloop
  endfacet
  facet normal 0.903867 0.427469 -0.0171587
    outer loop
      vertex 11.0875 4.5906 5
      vertex 10.5841 5.65502 5
      vertex 17.9076 -6.93251 77.19
    endloop
  endfacet
  facet normal -0 -0.995719 -0.0924285
    outer loop
      vertex 3.48478 -11.4842 5
      vertex 12.5854 -18.1853 77.19
      vertex 3.48468 -11.4842 5
    endloop
  endfacet
  facet normal 0.334054 -0.933714 -0.128785
    outer loop
      vertex 12.5854 -18.1853 77.19
      vertex 3.48478 -11.4842 5
      vertex 13.3616 -17.9076 77.19
    endloop
  endfacet
  facet normal 0.0488572 -0.994084 -0.0970095
    outer loop
      vertex 10.9704 -18.5066 77.19
      vertex 0.00151948 -12.0009 5
      vertex 1.17756 -11.9431 5
    endloop
  endfacet
  facet normal -0.833531 0.499642 0.235763
    outer loop
      vertex -9.97763 6.66684 5
      vertex -10.5831 5.65676 5
      vertex 2.73891 -6.18731 77.2
    endloop
  endfacet
  facet normal 0.780905 -0.60737 -0.145909
    outer loop
      vertex 17.1314 -14.8138 77.19
      vertex 9.97856 -6.66806 5
      vertex 9.97863 -6.66797 5
    endloop
  endfacet
  facet normal 0.794702 -0.589366 -0.145245
    outer loop
      vertex 9.97856 -6.66806 5
      vertex 17.1314 -14.8138 77.19
      vertex 16.6403 -15.476 77.19
    endloop
  endfacet
  facet normal -0.328355 0.917692 0.223661
    outer loop
      vertex 7.70866 -2.10875 77.2
      vertex -3.48342 11.4833 5
      vertex 6.93251 -2.38646 77.2
    endloop
  endfacet
  facet normal -0.917692 0.328355 0.223661
    outer loop
      vertex 2.38646 -6.93251 77.2
      vertex -11.4833 3.48342 5
      vertex 2.10875 -7.70866 77.2
    endloop
  endfacet
  facet normal -0.979948 0.0481463 0.193351
    outer loop
      vertex 1.7875 -9.3237 77.2
      vertex -12 0 5
      vertex 1.74705 -10.147 77.2
    endloop
  endfacet
  facet normal -0.237295 0.947319 0.215122
    outer loop
      vertex 8.50829 -1.90845 77.2
      vertex -3.48342 11.4833 5
      vertex 7.70866 -2.10875 77.2
    endloop
  endfacet
  facet normal 0.895594 -0.423557 -0.136056
    outer loop
      vertex 17.9076 -13.3616 77.19
      vertex 10.5841 -5.65783 5
      vertex 11.0875 -4.59341 5
    endloop
  endfacet
  facet normal 0.986865 0.146328 -0.0684453
    outer loop
      vertex 11.9431 1.17475 5
      vertex 11.7704 2.33947 5
      vertex 18.5066 -9.3237 77.19
    endloop
  endfacet
  facet normal -0.651764 0.719113 0.240998
    outer loop
      vertex -7.61272 9.27612 5
      vertex -8.48528 8.48528 5
      vertex 4.81814 -3.65376 77.2
    endloop
  endfacet
  facet normal 0.240219 0.959019 0.150257
    outer loop
      vertex 3.48342 11.4833 5
      vertex 11.7895 -1.90906 77.198
      vertex 12.5852 -2.10837 77.198
    endloop
  endfacet
  facet normal 0.245688 0.957767 0.149396
    outer loop
      vertex 11.7895 -1.90906 77.198
      vertex 3.48342 11.4833 5
      vertex 11.7872 -1.90847 77.198
    endloop
  endfacet
  facet normal 0.228549 0.961581 0.152074
    outer loop
      vertex 11.7857 -1.90824 77.1988
      vertex 11.7872 -1.90847 77.198
      vertex 3.48342 11.4833 5
    endloop
  endfacet
  facet normal -0.800716 -0.593849 0.0787203
    outer loop
      vertex -9.27612 -7.61272 5
      vertex 3.65266 -15.4752 77.1942
      vertex -9.97763 -6.66684 5
    endloop
  endfacet
  facet normal -0.888921 -0.444461 0.110786
    outer loop
      vertex 3.65266 -15.4752 77.1942
      vertex -9.27612 -7.61272 5
      vertex 3.65271 -15.4753 77.1942
    endloop
  endfacet
  facet normal -0.853613 -0.511679 0.0976195
    outer loop
      vertex 2.73822 -14.1064 77.1961
      vertex -10.5831 -5.65676 5
      vertex -9.97763 -6.66684 5
    endloop
  endfacet
  facet normal -0.968569 -0.193714 0.156044
    outer loop
      vertex -10.5831 -5.65676 5
      vertex 2.73822 -14.1064 77.1961
      vertex 2.7382 -14.1063 77.1961
    endloop
  endfacet
  facet normal -0.982431 -0.0482775 0.180272
    outer loop
      vertex -11.9422 -1.17621 5
      vertex 1.78743 -10.9703 77.1996
      vertex -12 0 5
    endloop
  endfacet
  facet normal 0.664257 -0.732888 -0.147096
    outer loop
      vertex 15.476 -16.6403 77.19
      vertex 7.61381 -9.27715 5
      vertex 8.48625 -8.48641 5
    endloop
  endfacet
  facet normal 0.995719 0 -0.0924285
    outer loop
      vertex 18.1853 -12.5854 77.19
      vertex 11.4842 -3.48478 5
      vertex 11.4842 -3.48468 5
    endloop
  endfacet
  facet normal 0.933714 -0.334054 -0.128785
    outer loop
      vertex 11.4842 -3.48478 5
      vertex 18.1853 -12.5854 77.19
      vertex 17.9076 -13.3616 77.19
    endloop
  endfacet
  facet normal 0.963045 -0.241229 -0.119807
    outer loop
      vertex 18.3856 -11.7858 77.19
      vertex 11.4842 -3.48457 5
      vertex 11.7703 -2.34239 5
    endloop
  endfacet
  facet normal 0.706303 0.706303 0.0476599
    outer loop
      vertex 17.5552 -6.18731 77.19
      vertex 10.5841 5.65502 5
      vertex 10.584 5.65512 5
    endloop
  endfacet
  facet normal 0.903881 0.427439 -0.0171654
    outer loop
      vertex 10.5841 5.65502 5
      vertex 17.5552 -6.18731 77.19
      vertex 17.9076 -6.93251 77.19
    endloop
  endfacet
  facet normal 0.144704 0.975473 0.165869
    outer loop
      vertex 10.9703 -1.78743 77.1996
      vertex 2.34108 11.7694 5
      vertex 1.17621 11.9422 5
    endloop
  endfacet
  facet normal -0.842844 -0.529913 0.0938438
    outer loop
      vertex -9.97763 -6.66684 5
      vertex 2.739 -14.1078 77.1952
      vertex 2.73822 -14.1064 77.1961
    endloop
  endfacet
  facet normal -0.863779 -0.493588 0.101275
    outer loop
      vertex -9.97763 -6.66684 5
      vertex 2.7398 -14.1092 77.1952
      vertex 2.739 -14.1078 77.1952
    endloop
  endfacet
  facet normal -0.853632 -0.511646 0.0976263
    outer loop
      vertex 2.7398 -14.1092 77.1952
      vertex -9.97763 -6.66684 5
      vertex 3.16182 -14.8133 77.1952
    endloop
  endfacet
  facet normal -0.779882 0.578398 0.239249
    outer loop
      vertex 3.65376 -4.81814 77.2
      vertex -9.97763 6.66684 5
      vertex 3.1627 -5.48026 77.2
    endloop
  endfacet
  facet normal -0.0481463 0.979948 0.193351
    outer loop
      vertex 10.147 -1.74705 77.2
      vertex 0 12 5
      vertex 9.3237 -1.7875 77.2
    endloop
  endfacet
  facet normal -0.947329 0.237259 0.215118
    outer loop
      vertex -11.4833 3.48342 5
      vertex -11.7694 2.34108 5
      vertex 1.90845 -8.50829 77.2
    endloop
  endfacet
  facet normal 0.699569 -0.699569 -0.145624
    outer loop
      vertex 5.65793 -10.584 5
      vertex 13.3616 -17.9076 77.19
      vertex 5.65783 -10.5841 5
    endloop
  endfacet
  facet normal 0.423527 -0.895608 -0.136055
    outer loop
      vertex 13.3616 -17.9076 77.19
      vertex 5.65793 -10.584 5
      vertex 14.1068 -17.5552 77.19
    endloop
  endfacet
  facet normal 0.423557 -0.895594 -0.136056
    outer loop
      vertex 13.3616 -17.9076 77.19
      vertex 4.59341 -11.0875 5
      vertex 5.65783 -10.5841 5
    endloop
  endfacet
  facet normal -0.671026 -0.740353 0.0400189
    outer loop
      vertex 4.20744 -16.0872 77.1921
      vertex -8.48528 -8.48528 5
      vertex 4.81669 -16.6394 77.1921
    endloop
  endfacet
  facet normal -0.66204 -0.748526 0.0375784
    outer loop
      vertex -8.48528 -8.48528 5
      vertex 4.20744 -16.0872 77.1921
      vertex 4.20614 -16.086 77.1931
    endloop
  endfacet
  facet normal 0.240189 0.959026 0.150262
    outer loop
      vertex 2.34108 11.7694 5
      vertex 11.7857 -1.90824 77.1988
      vertex 3.48342 11.4833 5
    endloop
  endfacet
  facet normal 0.910484 0.411493 -0.0411493
    outer loop
      vertex 11.7857 -1.90824 77.1988
      vertex 2.34108 11.7694 5
      vertex 11.7857 -1.90823 77.1989
    endloop
  endfacet
  facet normal 0.0528945 0.982326 0.179551
    outer loop
      vertex 0 12 5
      vertex 10.969 -1.78736 77.1996
      vertex 10.9703 -1.78743 77.1996
    endloop
  endfacet
  facet normal 0.0482596 0.982432 0.180275
    outer loop
      vertex 10.969 -1.78736 77.1996
      vertex 0 12 5
      vertex 10.1484 -1.74705 77.1996
    endloop
  endfacet
  facet normal 0.0513778 0.982356 0.179822
    outer loop
      vertex 10.147 -1.74705 77.2
      vertex 10.1484 -1.74705 77.1996
      vertex 0 12 5
    endloop
  endfacet
  facet normal 0.849078 -0.508948 -0.141558
    outer loop
      vertex 17.1314 -14.8138 77.19
      vertex 9.97863 -6.66797 5
      vertex 10.584 -5.65803 5
    endloop
  endfacet
  facet normal -0.67102 -0.740359 0.040017
    outer loop
      vertex -7.61272 -9.27612 5
      vertex 4.81669 -16.6394 77.1921
      vertex -8.48528 -8.48528 5
    endloop
  endfacet
  facet normal -0.741971 -0.667774 0.0596361
    outer loop
      vertex 4.81669 -16.6394 77.1921
      vertex -7.61272 -9.27612 5
      vertex 4.81678 -16.6395 77.1921
    endloop
  endfacet
  facet normal 0 0 -1
    outer loop
      vertex 4.8182 -16.6406 77.1911
      vertex 5.47876 -17.1305 77.1911
      vertex 4.81846 -16.6408 77.1911
    endloop
  endfacet
  facet normal -0.595569 -0.803039 0.0206328
    outer loop
      vertex 4.8182 -16.6406 77.1911
      vertex -6.66684 -9.97763 5
      vertex 5.47876 -17.1305 77.1911
    endloop
  endfacet
  facet normal -0.57372 -0.818901 0.0156929
    outer loop
      vertex 4.81792 -16.6404 77.1913
      vertex -6.66684 -9.97763 5
      vertex 4.8182 -16.6406 77.1911
    endloop
  endfacet
  facet normal -0.60034 -0.79945 0.021723
    outer loop
      vertex -6.66684 -9.97763 5
      vertex 4.81792 -16.6404 77.1913
      vertex 4.81688 -16.6396 77.192
    endloop
  endfacet
  facet normal -0.242649 -0.968703 -0.052307
    outer loop
      vertex 8.50829 -18.3856 77.19
      vertex -3.48175 -11.4842 5
      vertex -2.33958 -11.7703 5
    endloop
  endfacet
  facet normal 0.67037 0.739642 0.0594486
    outer loop
      vertex 7.61272 9.27612 5
      vertex 15.4754 -3.65277 77.1941
      vertex 8.48528 8.48528 5
    endloop
  endfacet
  facet normal 0.572858 0.815377 0.0836318
    outer loop
      vertex 15.4754 -3.65277 77.1941
      vertex 7.61272 9.27612 5
      vertex 15.4753 -3.65271 77.1942
    endloop
  endfacet
  facet normal 0 0 1
    outer loop
      vertex 16.086 -4.20614 77.1931
      vertex 15.4767 -3.65386 77.1931
      vertex 15.4774 -3.6545 77.1931
    endloop
  endfacet
  facet normal 0.6704 0.739615 0.0594412
    outer loop
      vertex 15.4767 -3.65386 77.1931
      vertex 16.086 -4.20614 77.1931
      vertex 8.48528 8.48528 5
    endloop
  endfacet
  facet normal 0.118211 -0.591054 0.797923
    outer loop
      vertex 15.4767 -3.65386 77.1931
      vertex 15.4754 -3.65277 77.1941
      vertex 15.4759 -3.65321 77.1937
    endloop
  endfacet
  facet normal 0.668049 0.741693 0.0600183
    outer loop
      vertex 15.4754 -3.65277 77.1941
      vertex 15.4767 -3.65386 77.1931
      vertex 8.48528 8.48528 5
    endloop
  endfacet
  facet normal -0.977784 -0.124372 0.168732
    outer loop
      vertex -11.7694 -2.34108 5
      vertex 1.7875 -10.9718 77.1989
      vertex 1.78743 -10.9703 77.1996
    endloop
  endfacet
  facet normal -0.974806 -0.14997 0.165113
    outer loop
      vertex -11.7694 -2.34108 5
      vertex 1.7879 -10.9744 77.1989
      vertex 1.7875 -10.9718 77.1989
    endloop
  endfacet
  facet normal -0.975476 -0.14468 0.165872
    outer loop
      vertex 1.7879 -10.9744 77.1989
      vertex -11.7694 -2.34108 5
      vertex 1.90823 -11.7857 77.1989
    endloop
  endfacet
  facet normal -0.48109 -0.876653 -0.00573417
    outer loop
      vertex -5.65512 -10.584 5
      vertex 6.18569 -17.5542 77.1901
      vertex -5.65676 -10.5831 5
    endloop
  endfacet
  facet normal -0.525088 -0.851039 0.00395569
    outer loop
      vertex 6.18569 -17.5542 77.1901
      vertex -5.65512 -10.584 5
      vertex 6.18731 -17.5552 77.19
    endloop
  endfacet
  facet normal -0.68431 -0.727888 0.0435771
    outer loop
      vertex -7.61272 -9.27612 5
      vertex 4.81688 -16.6396 77.192
      vertex 4.81678 -16.6395 77.1921
    endloop
  endfacet
  facet normal -0.595571 -0.803038 0.0206333
    outer loop
      vertex 4.81688 -16.6396 77.192
      vertex -7.61272 -9.27612 5
      vertex -6.66684 -9.97763 5
    endloop
  endfacet
  facet normal -0.0489177 -0.995316 -0.08338
    outer loop
      vertex 9.3237 -18.5066 77.19
      vertex -1.17475 -11.9431 5
      vertex 0.0012914 -12.0009 5
    endloop
  endfacet
  facet normal -0.328335 0.9177 0.223659
    outer loop
      vertex -3.48342 11.4833 5
      vertex -4.5922 11.0866 5
      vertex 6.93251 -2.38646 77.2
    endloop
  endfacet
  facet normal 0.99537 0 -0.0961203
    outer loop
      vertex 17.5552 -14.1068 77.19
      vertex 10.584 -5.65803 5
      vertex 10.584 -5.65793 5
    endloop
  endfacet
  facet normal 0.84907 -0.508961 -0.141559
    outer loop
      vertex 10.584 -5.65803 5
      vertex 17.5552 -14.1068 77.19
      vertex 17.1314 -14.8138 77.19
    endloop
  endfacet
  facet normal -0 -0.995461 -0.0951666
    outer loop
      vertex 3.48468 -11.4842 5
      vertex 11.7858 -18.3856 77.19
      vertex 3.48457 -11.4842 5
    endloop
  endfacet
  facet normal 0.241242 -0.963041 -0.119808
    outer loop
      vertex 11.7858 -18.3856 77.19
      vertex 3.48468 -11.4842 5
      vertex 12.5854 -18.1853 77.19
    endloop
  endfacet
  facet normal 0.444461 0.888921 0.110786
    outer loop
      vertex 7.61272 9.27612 5
      vertex 15.4752 -3.65266 77.1942
      vertex 15.4753 -3.65271 77.1942
    endloop
  endfacet
  facet normal 0.593849 0.800716 0.0787203
    outer loop
      vertex 15.4752 -3.65266 77.1942
      vertex 7.61272 9.27612 5
      vertex 6.66684 9.97763 5
    endloop
  endfacet
  facet normal -0.651767 0.719111 0.240998
    outer loop
      vertex 4.81814 -3.65376 77.2
      vertex -8.48528 8.48528 5
      vertex 4.20735 -4.20735 77.2
    endloop
  endfacet
  facet normal -0.790804 -0.60741 0.0753857
    outer loop
      vertex -9.97763 -6.66684 5
      vertex 3.1628 -14.8147 77.1942
      vertex 3.16182 -14.8133 77.1952
    endloop
  endfacet
  facet normal -0.800715 -0.593851 0.07872
    outer loop
      vertex 3.1628 -14.8147 77.1942
      vertex -9.97763 -6.66684 5
      vertex 3.65266 -15.4752 77.1942
    endloop
  endfacet
  facet normal -0.499611 0.83355 0.235761
    outer loop
      vertex 6.18731 -2.73891 77.2
      vertex -6.66684 9.97763 5
      vertex 5.48026 -3.1627 77.2
    endloop
  endfacet
  facet normal 0.995964 0 -0.0897554
    outer loop
      vertex 18.5066 -9.3237 77.19
      vertex 12.0009 -0.00140544 5
      vertex 12.0009 -0.0012914 5
    endloop
  endfacet
  facet normal 0.995319 0.0488411 -0.0833902
    outer loop
      vertex 12.0009 -0.00140544 5
      vertex 18.5066 -9.3237 77.19
      vertex 18.547 -10.147 77.19
    endloop
  endfacet
  facet normal -0.143621 0.968168 0.204995
    outer loop
      vertex -1.17621 11.9422 5
      vertex -2.34108 11.7694 5
      vertex 9.3237 -1.7875 77.2
    endloop
  endfacet
  facet normal 0.876653 0.48109 -0.00573417
    outer loop
      vertex 17.5542 -6.18569 77.1901
      vertex 10.584 5.65512 5
      vertex 10.5831 5.65676 5
    endloop
  endfacet
  facet normal 0.851039 0.525088 0.00395569
    outer loop
      vertex 10.584 5.65512 5
      vertex 17.5542 -6.18569 77.1901
      vertex 17.5552 -6.18731 77.19
    endloop
  endfacet
  facet normal 0.511679 0.853613 0.0976195
    outer loop
      vertex 5.65676 10.5831 5
      vertex 14.1064 -2.73822 77.1961
      vertex 6.66684 9.97763 5
    endloop
  endfacet
  facet normal 0.193714 0.968569 0.156044
    outer loop
      vertex 14.1064 -2.73822 77.1961
      vertex 5.65676 10.5831 5
      vertex 14.1063 -2.7382 77.1961
    endloop
  endfacet
  facet normal 0.334103 -0.933696 -0.12879
    outer loop
      vertex 13.3616 -17.9076 77.19
      vertex 3.48478 -11.4842 5
      vertex 4.59341 -11.0875 5
    endloop
  endfacet
  facet normal -0.83355 0.499611 0.235761
    outer loop
      vertex 3.1627 -5.48026 77.2
      vertex -9.97763 6.66684 5
      vertex 2.73891 -6.18731 77.2
    endloop
  endfacet
  facet normal -0.719111 0.651767 0.240998
    outer loop
      vertex 4.20735 -4.20735 77.2
      vertex -8.48528 8.48528 5
      vertex 3.65376 -4.81814 77.2
    endloop
  endfacet
  facet normal -0.979947 0.0481555 0.193352
    outer loop
      vertex -11.9422 1.17621 5
      vertex -12 0 5
      vertex 1.7875 -9.3237 77.2
    endloop
  endfacet
  facet normal -0.779882 0.578398 0.239249
    outer loop
      vertex -9.27612 7.61272 5
      vertex -9.97763 6.66684 5
      vertex 3.65376 -4.81814 77.2
    endloop
  endfacet
  facet normal -0.719113 0.651764 0.240998
    outer loop
      vertex -8.48528 8.48528 5
      vertex -9.27612 7.61272 5
      vertex 3.65376 -4.81814 77.2
    endloop
  endfacet
  facet normal -0.879635 0.416037 0.230555
    outer loop
      vertex -10.5831 5.65676 5
      vertex -11.0866 4.5922 5
      vertex 2.38646 -6.93251 77.2
    endloop
  endfacet
  facet normal 0.995316 0.0489177 -0.08338
    outer loop
      vertex 12.0009 -0.0012914 5
      vertex 11.9431 1.17475 5
      vertex 18.5066 -9.3237 77.19
    endloop
  endfacet
  facet normal 0.14468 0.975476 0.165872
    outer loop
      vertex 2.34108 11.7694 5
      vertex 10.9744 -1.7879 77.1989
      vertex 11.7857 -1.90823 77.1989
    endloop
  endfacet
  facet normal 0.14997 0.974806 0.165113
    outer loop
      vertex 10.9744 -1.7879 77.1989
      vertex 2.34108 11.7694 5
      vertex 10.9718 -1.7875 77.1989
    endloop
  endfacet
  facet normal 0.124372 0.977784 0.168732
    outer loop
      vertex 10.9703 -1.78743 77.1996
      vertex 10.9718 -1.7875 77.1989
      vertex 2.34108 11.7694 5
    endloop
  endfacet
  facet normal -0.959026 -0.240189 0.150262
    outer loop
      vertex 1.90824 -11.7857 77.1988
      vertex -11.7694 -2.34108 5
      vertex -11.4833 -3.48342 5
    endloop
  endfacet
  facet normal -0.411493 -0.910484 -0.0411493
    outer loop
      vertex -11.7694 -2.34108 5
      vertex 1.90824 -11.7857 77.1988
      vertex 1.90823 -11.7857 77.1989
    endloop
  endfacet
  facet normal -0.336701 -0.940955 -0.0351512
    outer loop
      vertex 6.93251 -17.9076 77.19
      vertex -4.5906 -11.0875 5
      vertex -3.48197 -11.4842 5
    endloop
  endfacet
  facet normal -0.706303 -0.706303 0.0476599
    outer loop
      vertex -5.65502 -10.5841 5
      vertex 6.18731 -17.5552 77.19
      vertex -5.65512 -10.584 5
    endloop
  endfacet
  facet normal -0.427439 -0.903881 -0.0171654
    outer loop
      vertex 6.18731 -17.5552 77.19
      vertex -5.65502 -10.5841 5
      vertex 6.93251 -17.9076 77.19
    endloop
  endfacet
  facet normal -0 -0.995719 -0.0924285
    outer loop
      vertex -3.48175 -11.4842 5
      vertex 7.70866 -18.1853 77.19
      vertex -3.48187 -11.4842 5
    endloop
  endfacet
  facet normal -0.242651 -0.968702 -0.0523065
    outer loop
      vertex 7.70866 -18.1853 77.19
      vertex -3.48175 -11.4842 5
      vertex 8.50829 -18.3856 77.19
    endloop
  endfacet
  facet normal 0.589379 -0.794692 -0.145245
    outer loop
      vertex 15.476 -16.6403 77.19
      vertex 6.66806 -9.97856 5
      vertex 7.61381 -9.27715 5
    endloop
  endfacet
  facet normal -0 -0.995964 -0.0897554
    outer loop
      vertex 0.00140544 -12.0009 5
      vertex 9.3237 -18.5066 77.19
      vertex 0.0012914 -12.0009 5
    endloop
  endfacet
  facet normal -0.0488411 -0.995319 -0.0833902
    outer loop
      vertex 9.3237 -18.5066 77.19
      vertex 0.00140544 -12.0009 5
      vertex 10.147 -18.547 77.19
    endloop
  endfacet
  facet normal -0 -0.995914 -0.0903082
    outer loop
      vertex 0.00151948 -12.0009 5
      vertex 10.147 -18.547 77.19
      vertex 0.00140544 -12.0009 5
    endloop
  endfacet
  facet normal 0.0487748 -0.994089 -0.0969975
    outer loop
      vertex 10.147 -18.547 77.19
      vertex 0.00151948 -12.0009 5
      vertex 10.9704 -18.5066 77.19
    endloop
  endfacet
  facet normal -0 -0.99537 -0.0961203
    outer loop
      vertex 5.65803 -10.584 5
      vertex 14.1068 -17.5552 77.19
      vertex 5.65793 -10.584 5
    endloop
  endfacet
  facet normal 0.508961 -0.84907 -0.141559
    outer loop
      vertex 14.1068 -17.5552 77.19
      vertex 5.65803 -10.584 5
      vertex 14.8138 -17.1314 77.19
    endloop
  endfacet
  facet normal 0.665285 -0.731813 -0.147802
    outer loop
      vertex 2.34239 -11.7703 5
      vertex 10.9704 -18.5066 77.19
      vertex 2.34228 -11.7704 5
    endloop
  endfacet
  facet normal 0.145908 -0.983254 -0.10919
    outer loop
      vertex 10.9704 -18.5066 77.19
      vertex 2.34239 -11.7703 5
      vertex 11.7858 -18.3856 77.19
    endloop
  endfacet
  facet normal 0.241229 -0.963045 -0.119807
    outer loop
      vertex 11.7858 -18.3856 77.19
      vertex 2.34239 -11.7703 5
      vertex 3.48457 -11.4842 5
    endloop
  endfacet
  facet normal -0.947319 0.237295 0.215122
    outer loop
      vertex 2.10875 -7.70866 77.2
      vertex -11.4833 3.48342 5
      vertex 1.90845 -8.50829 77.2
    endloop
  endfacet
  facet normal 0.968703 0.242649 -0.052307
    outer loop
      vertex 11.7703 2.33958 5
      vertex 11.4842 3.48175 5
      vertex 18.3856 -8.50829 77.19
    endloop
  endfacet
  facet normal -0.96817 0.143609 0.204994
    outer loop
      vertex 1.90845 -8.50829 77.2
      vertex -11.7694 2.34108 5
      vertex 1.7875 -9.3237 77.2
    endloop
  endfacet
  facet normal 0.731813 -0.665285 -0.147802
    outer loop
      vertex 18.5066 -10.9704 77.19
      vertex 11.7703 -2.34239 5
      vertex 11.7704 -2.34228 5
    endloop
  endfacet
  facet normal 0.983254 -0.145908 -0.10919
    outer loop
      vertex 11.7703 -2.34239 5
      vertex 18.5066 -10.9704 77.19
      vertex 18.3856 -11.7858 77.19
    endloop
  endfacet
  facet normal 0.79945 0.60034 0.021723
    outer loop
      vertex 16.6404 -4.81792 77.1913
      vertex 9.97763 6.66684 5
      vertex 16.6396 -4.81688 77.192
    endloop
  endfacet
  facet normal 0.818901 0.57372 0.0156929
    outer loop
      vertex 16.6406 -4.8182 77.1911
      vertex 9.97763 6.66684 5
      vertex 16.6404 -4.81792 77.1913
    endloop
  endfacet
  facet normal 0.792399 0.609538 0.0238372
    outer loop
      vertex 16.6408 -4.81846 77.1911
      vertex 9.97763 6.66684 5
      vertex 16.6406 -4.8182 77.1911
    endloop
  endfacet
  facet normal 0.803043 0.595563 0.0206314
    outer loop
      vertex 9.97763 6.66684 5
      vertex 16.6408 -4.81846 77.1911
      vertex 17.1305 -5.47876 77.1911
    endloop
  endfacet
  facet normal -0.982356 -0.0513778 0.179822
    outer loop
      vertex -12 0 5
      vertex 1.74705 -10.1484 77.1996
      vertex 1.74705 -10.147 77.2
    endloop
  endfacet
  facet normal -0.982432 -0.0482596 0.180275
    outer loop
      vertex -12 0 5
      vertex 1.78736 -10.969 77.1996
      vertex 1.74705 -10.1484 77.1996
    endloop
  endfacet
  facet normal -0.982326 -0.0528945 0.179551
    outer loop
      vertex 1.78736 -10.969 77.1996
      vertex -12 0 5
      vertex 1.78743 -10.9703 77.1996
    endloop
  endfacet
  facet normal 0.727888 0.68431 0.0435771
    outer loop
      vertex 16.6396 -4.81688 77.192
      vertex 9.27612 7.61272 5
      vertex 16.6395 -4.81678 77.1921
    endloop
  endfacet
  facet normal 0.803038 0.595571 0.0206333
    outer loop
      vertex 9.27612 7.61272 5
      vertex 16.6396 -4.81688 77.192
      vertex 9.97763 6.66684 5
    endloop
  endfacet
  facet normal -0.961581 -0.228549 0.152074
    outer loop
      vertex -11.4833 -3.48342 5
      vertex 1.90847 -11.7872 77.198
      vertex 1.90824 -11.7857 77.1988
    endloop
  endfacet
  facet normal -0.957767 -0.245688 0.149396
    outer loop
      vertex -11.4833 -3.48342 5
      vertex 1.90906 -11.7895 77.198
      vertex 1.90847 -11.7872 77.198
    endloop
  endfacet
  facet normal -0.959019 -0.240219 0.150257
    outer loop
      vertex 1.90906 -11.7895 77.198
      vertex -11.4833 -3.48342 5
      vertex 2.10837 -12.5852 77.198
    endloop
  endfacet
  facet normal 0.857708 0.514134 0.00151616
    outer loop
      vertex 17.5541 -6.18555 77.1901
      vertex 10.5831 5.65676 5
      vertex 9.97763 6.66684 5
    endloop
  endfacet
  facet normal 0.813619 0.581156 0.0167682
    outer loop
      vertex 10.5831 5.65676 5
      vertex 17.5541 -6.18555 77.1901
      vertex 17.5542 -6.18569 77.1901
    endloop
  endfacet
  facet normal -0.416033 0.879637 0.230555
    outer loop
      vertex 6.93251 -2.38646 77.2
      vertex -5.65676 10.5831 5
      vertex 6.18731 -2.73891 77.2
    endloop
  endfacet
  facet normal -0.416037 0.879635 0.230555
    outer loop
      vertex -4.5922 11.0866 5
      vertex -5.65676 10.5831 5
      vertex 6.93251 -2.38646 77.2
    endloop
  endfacet
  facet normal 0.0482775 0.982431 0.180272
    outer loop
      vertex 10.9703 -1.78743 77.1996
      vertex 1.17621 11.9422 5
      vertex 0 12 5
    endloop
  endfacet
  facet normal 0.995914 0 -0.0903082
    outer loop
      vertex 18.547 -10.147 77.19
      vertex 12.0009 -0.00151948 5
      vertex 12.0009 -0.00140544 5
    endloop
  endfacet
  facet normal 0.994089 -0.0487748 -0.0969975
    outer loop
      vertex 12.0009 -0.00151948 5
      vertex 18.547 -10.147 77.19
      vertex 18.5066 -10.9704 77.19
    endloop
  endfacet
  facet normal -0.514134 -0.857708 0.00151616
    outer loop
      vertex -5.65676 -10.5831 5
      vertex 6.18555 -17.5541 77.1901
      vertex -6.66684 -9.97763 5
    endloop
  endfacet
  facet normal -0.581156 -0.813619 0.0167682
    outer loop
      vertex 6.18555 -17.5541 77.1901
      vertex -5.65676 -10.5831 5
      vertex 6.18569 -17.5542 77.1901
    endloop
  endfacet
  facet normal -0 -0.996065 -0.0886289
    outer loop
      vertex -3.48187 -11.4842 5
      vertex 6.93251 -17.9076 77.19
      vertex -3.48197 -11.4842 5
    endloop
  endfacet
  facet normal -0.33667 -0.940966 -0.0351571
    outer loop
      vertex 6.93251 -17.9076 77.19
      vertex -3.48187 -11.4842 5
      vertex 7.70866 -18.1853 77.19
    endloop
  endfacet
  facet normal -0.968168 0.143621 0.204995
    outer loop
      vertex -11.7694 2.34108 5
      vertex -11.9422 1.17621 5
      vertex 1.7875 -9.3237 77.2
    endloop
  endfacet
  facet normal 0.508948 -0.849078 -0.141558
    outer loop
      vertex 14.8138 -17.1314 77.19
      vertex 5.65803 -10.584 5
      vertex 6.66797 -9.97863 5
    endloop
  endfacet
  facet normal 0.60737 -0.780905 -0.145909
    outer loop
      vertex 6.66806 -9.97856 5
      vertex 14.8138 -17.1314 77.19
      vertex 6.66797 -9.97863 5
    endloop
  endfacet
  facet normal 0.589366 -0.794702 -0.145245
    outer loop
      vertex 14.8138 -17.1314 77.19
      vertex 6.66806 -9.97856 5
      vertex 15.476 -16.6403 77.19
    endloop
  endfacet
  facet normal 0.995719 0 -0.0924285
    outer loop
      vertex 18.1853 -7.70866 77.19
      vertex 11.4842 3.48175 5
      vertex 11.4842 3.48187 5
    endloop
  endfacet
  facet normal 0.968702 0.242651 -0.0523065
    outer loop
      vertex 11.4842 3.48175 5
      vertex 18.1853 -7.70866 77.19
      vertex 18.3856 -8.50829 77.19
    endloop
  endfacet
  facet normal 0.996065 0 -0.0886289
    outer loop
      vertex 17.9076 -6.93251 77.19
      vertex 11.4842 3.48187 5
      vertex 11.4842 3.48197 5
    endloop
  endfacet
  facet normal 0.940966 0.33667 -0.0351571
    outer loop
      vertex 11.4842 3.48187 5
      vertex 17.9076 -6.93251 77.19
      vertex 18.1853 -7.70866 77.19
    endloop
  endfacet
  facet normal 0 0 -1
    outer loop
      vertex 14.8133 -3.16182 77.1952
      vertex 14.1078 -2.739 77.1952
      vertex 14.1092 -2.7398 77.1952
    endloop
  endfacet
  facet normal 0.511611 0.853652 0.097634
    outer loop
      vertex 14.1078 -2.739 77.1952
      vertex 14.8133 -3.16182 77.1952
      vertex 6.66684 9.97763 5
    endloop
  endfacet
  facet normal 0.529913 0.842844 0.0938438
    outer loop
      vertex 14.1064 -2.73822 77.1961
      vertex 14.1078 -2.739 77.1952
      vertex 6.66684 9.97763 5
    endloop
  endfacet
  facet normal -0.975473 -0.144704 0.165869
    outer loop
      vertex -11.7694 -2.34108 5
      vertex 1.78743 -10.9703 77.1996
      vertex -11.9422 -1.17621 5
    endloop
  endfacet
  facet normal 0.740359 0.67102 0.040017
    outer loop
      vertex 16.6394 -4.81669 77.1921
      vertex 9.27612 7.61272 5
      vertex 8.48528 8.48528 5
    endloop
  endfacet
  facet normal 0.667774 0.741971 0.0596361
    outer loop
      vertex 9.27612 7.61272 5
      vertex 16.6394 -4.81669 77.1921
      vertex 16.6395 -4.81678 77.1921
    endloop
  endfacet
  facet normal -0.237259 0.947329 0.215118
    outer loop
      vertex -2.34108 11.7694 5
      vertex -3.48342 11.4833 5
      vertex 8.50829 -1.90845 77.2
    endloop
  endfacet
  facet normal -0.143609 0.96817 0.204994
    outer loop
      vertex 9.3237 -1.7875 77.2
      vertex -2.34108 11.7694 5
      vertex 8.50829 -1.90845 77.2
    endloop
  endfacet
  facet normal -0.739642 -0.67037 0.0594486
    outer loop
      vertex 3.65277 -15.4754 77.1941
      vertex -9.27612 -7.61272 5
      vertex -8.48528 -8.48528 5
    endloop
  endfacet
  facet normal -0.815377 -0.572858 0.0836318
    outer loop
      vertex -9.27612 -7.61272 5
      vertex 3.65277 -15.4754 77.1941
      vertex 3.65271 -15.4753 77.1942
    endloop
  endfacet
  facet normal 0.983272 -0.145796 -0.109177
    outer loop
      vertex 18.5066 -10.9704 77.19
      vertex 11.7704 -2.34228 5
      vertex 11.9431 -1.17756 5
    endloop
  endfacet
  facet normal 0.994084 -0.0488572 -0.0970095
    outer loop
      vertex 18.5066 -10.9704 77.19
      vertex 11.9431 -1.17756 5
      vertex 12.0009 -0.00151948 5
    endloop
  endfacet
  facet normal 0.995461 0 -0.0951666
    outer loop
      vertex 18.3856 -11.7858 77.19
      vertex 11.4842 -3.48468 5
      vertex 11.4842 -3.48457 5
    endloop
  endfacet
  facet normal 0.963041 -0.241242 -0.119808
    outer loop
      vertex 11.4842 -3.48468 5
      vertex 18.3856 -11.7858 77.19
      vertex 18.1853 -12.5854 77.19
    endloop
  endfacet
  facet normal -0.146707 0.988989 0.0194541
    outer loop
      vertex 9.3237 -1.7875 77.2
      vertex 8.83079 -1.91668 80.05
      vertex 9.68504 -1.78996 80.05
    endloop
  endfacet
  facet normal -0.739696 0.670417 0.0582366
    outer loop
      vertex 4.32505 -4.32505 80.05
      vertex 3.65376 -4.81814 77.2
      vertex 3.7451 -4.96493 80.05
    endloop
  endfacet
  facet normal -0.998535 -0.0537673 -0.00600416
    outer loop
      vertex 1.78743 -10.9703 77.1996
      vertex 1.74759 -10.5476 80.04
      vertex 1.78736 -10.969 77.1996
    endloop
  endfacet
  facet normal -0.99902 -0.0438665 -0.00590233
    outer loop
      vertex 1.78996 -11.4101 80.04
      vertex 1.78743 -10.9703 77.1996
      vertex 1.7875 -10.9718 77.1989
    endloop
  endfacet
  facet normal -0.998773 -0.0490644 -0.00670737
    outer loop
      vertex 1.78743 -10.9703 77.1996
      vertex 1.78996 -11.4101 80.04
      vertex 1.74759 -10.5476 80.04
    endloop
  endfacet
  facet normal 0.732735 0.664165 -0.148272
    outer loop
      vertex 17.3501 -4.96493 80.04
      vertex 16.6404 -4.81792 77.1913
      vertex 16.7701 -4.32505 80.04
    endloop
  endfacet
  facet normal 0.749027 0.64455 -0.153343
    outer loop
      vertex 16.6404 -4.81792 77.1913
      vertex 17.3501 -4.96493 80.04
      vertex 16.6406 -4.8182 77.1911
    endloop
  endfacet
  facet normal 0.792313 0.586787 -0.167099
    outer loop
      vertex 17.1305 -5.47876 77.1911
      vertex 17.8645 -5.65857 80.04
      vertex 17.1314 -5.48026 77.1901
    endloop
  endfacet
  facet normal 0.791939 0.587328 -0.166968
    outer loop
      vertex 17.8645 -5.65857 80.04
      vertex 17.1305 -5.47876 77.1911
      vertex 16.6408 -4.81846 77.1911
    endloop
  endfacet
  facet normal -0.418615 -0.885221 -0.20284
    outer loop
      vertex 6.3993 -18.3085 80.04
      vertex 6.18731 -17.5552 77.19
      vertex 6.93251 -17.9076 77.19
    endloop
  endfacet
  facet normal -0.998796 -0.0490655 0
    outer loop
      vertex 1.78996 -11.4101 80.04
      vertex 1.74759 -10.5476 80.05
      vertex 1.74759 -10.5476 80.04
    endloop
  endfacet
  facet normal -0.998796 -0.0490655 0
    outer loop
      vertex 1.74759 -10.5476 80.05
      vertex 1.78996 -11.4101 80.04
      vertex 1.78996 -11.4101 80.05
    endloop
  endfacet
  facet normal 0.963375 0.0473557 -0.263944
    outer loop
      vertex 19.3476 -10.5476 80.04
      vertex 18.5066 -9.3237 77.19
      vertex 19.3052 -9.68504 80.04
    endloop
  endfacet
  facet normal 0.336898 0.941541 -0
    outer loop
      vertex 13.9152 -2.41745 80.04
      vertex 13.1021 -2.12651 80.05
      vertex 13.9152 -2.41745 80.05
    endloop
  endfacet
  facet normal 0.336898 0.941541 0
    outer loop
      vertex 13.1021 -2.12651 80.05
      vertex 13.9152 -2.41745 80.04
      vertex 13.1021 -2.12651 80.04
    endloop
  endfacet
  facet normal -0.988119 -0.152018 -0.0225965
    outer loop
      vertex 1.7879 -10.9744 77.1989
      vertex 1.78996 -11.4101 80.04
      vertex 1.7875 -10.9718 77.1989
    endloop
  endfacet
  facet normal -0.988942 -0.146692 -0.021779
    outer loop
      vertex 1.78996 -11.4101 80.04
      vertex 1.7879 -10.9744 77.1989
      vertex 1.91668 -12.2644 80.04
    endloop
  endfacet
  facet normal -0.857718 -0.514121 0
    outer loop
      vertex 3.23066 -15.4366 80.04
      vertex 2.78668 -14.6959 80.05
      vertex 2.78668 -14.6959 80.04
    endloop
  endfacet
  facet normal -0.857718 -0.514121 0
    outer loop
      vertex 2.78668 -14.6959 80.05
      vertex 3.23066 -15.4366 80.04
      vertex 3.23066 -15.4366 80.05
    endloop
  endfacet
  facet normal 0.427542 0.903995 -0
    outer loop
      vertex 14.6959 -2.78668 80.04
      vertex 13.9152 -2.41745 80.05
      vertex 14.6959 -2.78668 80.05
    endloop
  endfacet
  facet normal 0.427542 0.903995 0
    outer loop
      vertex 13.9152 -2.41745 80.05
      vertex 14.6959 -2.78668 80.04
      vertex 13.9152 -2.41745 80.04
    endloop
  endfacet
  facet normal -0.8649 -0.494228 -0.0876748
    outer loop
      vertex 2.7398 -14.1092 77.1952
      vertex 2.78668 -14.6959 80.04
      vertex 2.739 -14.1078 77.1952
    endloop
  endfacet
  facet normal -0.854119 -0.511964 -0.0915102
    outer loop
      vertex 2.78668 -14.6959 80.04
      vertex 2.7398 -14.1092 77.1952
      vertex 3.23066 -15.4366 80.04
    endloop
  endfacet
  facet normal -0.142111 -0.957673 -0.250333
    outer loop
      vertex 9.68504 -19.3052 80.04
      vertex 8.50829 -18.3856 77.19
      vertex 9.3237 -18.5066 77.19
    endloop
  endfacet
  facet normal 0.942743 0.236105 -0.235564
    outer loop
      vertex 19.1785 -8.83079 80.04
      vertex 18.3856 -8.50829 77.19
      vertex 18.9687 -7.99308 80.04
    endloop
  endfacet
  facet normal -0.941541 -0.336898 0
    outer loop
      vertex 2.41745 -13.9152 80.04
      vertex 2.12651 -13.1021 80.05
      vertex 2.12651 -13.1021 80.04
    endloop
  endfacet
  facet normal -0.941541 -0.336898 0
    outer loop
      vertex 2.12651 -13.1021 80.05
      vertex 2.41745 -13.9152 80.04
      vertex 2.41745 -13.9152 80.05
    endloop
  endfacet
  facet normal -0.904522 -0.420337 -0.071812
    outer loop
      vertex 2.38732 -13.3645 77.1961
      vertex 2.41745 -13.9152 80.04
      vertex 2.38653 -13.3628 77.1961
    endloop
  endfacet
  facet normal -0.901582 -0.426401 -0.0730175
    outer loop
      vertex 2.41745 -13.9152 80.04
      vertex 2.38732 -13.3645 77.1961
      vertex 2.78668 -14.6959 80.04
    endloop
  endfacet
  facet normal 0.336386 0.940109 -0.0551255
    outer loop
      vertex 13.9152 -2.41745 80.04
      vertex 13.3612 -2.38592 77.1971
      vertex 13.1021 -2.12651 80.04
    endloop
  endfacet
  facet normal 0.326549 0.943684 -0.0531689
    outer loop
      vertex 13.3628 -2.38653 77.1961
      vertex 13.3612 -2.38592 77.1971
      vertex 13.9152 -2.41745 80.04
    endloop
  endfacet
  facet normal -0.0908153 -0.908153 0.408669
    outer loop
      vertex 13.3612 -2.38592 77.1971
      vertex 13.3628 -2.38653 77.1961
      vertex 13.3613 -2.38593 77.1971
    endloop
  endfacet
  facet normal 0.995873 0 0.0907632
    outer loop
      vertex 13.3612 -2.3859 77.1971
      vertex 13.1021 -2.12651 80.04
      vertex 13.3612 -2.38592 77.1971
    endloop
  endfacet
  facet normal 0.286811 0.956037 -0.0610903
    outer loop
      vertex 13.1021 -2.12651 80.04
      vertex 13.3612 -2.3859 77.1971
      vertex 13.3609 -2.38581 77.1971
    endloop
  endfacet
  facet normal 0.671545 0.740964 -0
    outer loop
      vertex 16.7701 -4.32505 80.04
      vertex 16.1302 -3.7451 80.05
      vertex 16.7701 -4.32505 80.05
    endloop
  endfacet
  facet normal 0.671545 0.740964 0
    outer loop
      vertex 16.1302 -3.7451 80.05
      vertex 16.7701 -4.32505 80.04
      vertex 16.1302 -3.7451 80.04
    endloop
  endfacet
  facet normal 0.732755 0.66414 -0.148281
    outer loop
      vertex 16.7701 -4.32505 80.04
      vertex 16.6394 -4.81669 77.1921
      vertex 16.0872 -4.20744 77.1921
    endloop
  endfacet
  facet normal 0.660664 0.734071 -0.157045
    outer loop
      vertex 16.7701 -4.32505 80.04
      vertex 16.6395 -4.81678 77.1921
      vertex 16.6394 -4.81669 77.1921
    endloop
  endfacet
  facet normal 0.612244 0.773955 -0.161711
    outer loop
      vertex 16.7701 -4.32505 80.04
      vertex 16.6396 -4.81688 77.192
      vertex 16.6395 -4.81678 77.1921
    endloop
  endfacet
  facet normal 0.733149 0.66372 -0.148214
    outer loop
      vertex 16.6396 -4.81688 77.192
      vertex 16.7701 -4.32505 80.04
      vertex 16.6404 -4.81792 77.1913
    endloop
  endfacet
  facet normal 0.320843 -0.89679 -0.304675
    outer loop
      vertex 13.1021 -18.9687 80.04
      vertex 12.5854 -18.1853 77.19
      vertex 13.3616 -17.9076 77.19
    endloop
  endfacet
  facet normal 0.926348 -0.23205 -0.296702
    outer loop
      vertex 18.9687 -13.1021 80.04
      vertex 18.1853 -12.5854 77.19
      vertex 18.3856 -11.7858 77.19
    endloop
  endfacet
  facet normal -0.988945 -0.146678 -0.0217726
    outer loop
      vertex 1.90823 -11.7857 77.1989
      vertex 1.91668 -12.2644 80.04
      vertex 1.7879 -10.9744 77.1989
    endloop
  endfacet
  facet normal -0.850176 -0.519589 -0.0850176
    outer loop
      vertex 1.90824 -11.7857 77.1988
      vertex 1.91668 -12.2644 80.04
      vertex 1.90823 -11.7857 77.1989
    endloop
  endfacet
  facet normal -0.989835 -0.1407 -0.0207654
    outer loop
      vertex 1.91668 -12.2644 80.04
      vertex 1.90824 -11.7857 77.1988
      vertex 1.90847 -11.7872 77.198
    endloop
  endfacet
  facet normal 0.885209 0.418639 -0.202843
    outer loop
      vertex 18.6777 -7.17997 80.04
      vertex 17.9076 -6.93251 77.19
      vertex 18.3085 -6.3993 80.04
    endloop
  endfacet
  facet normal -0.969332 -0.242802 -0.0379735
    outer loop
      vertex 2.10837 -12.5852 77.198
      vertex 2.12651 -13.1021 80.04
      vertex 1.90906 -11.7895 77.198
    endloop
  endfacet
  facet normal -0.968049 -0.247727 -0.0388775
    outer loop
      vertex 2.12651 -13.1021 80.04
      vertex 2.10837 -12.5852 77.198
      vertex 2.10879 -12.5867 77.1971
    endloop
  endfacet
  facet normal -0.80319 -0.595723 0
    outer loop
      vertex 3.7451 -16.1302 80.04
      vertex 3.23066 -15.4366 80.05
      vertex 3.23066 -15.4366 80.04
    endloop
  endfacet
  facet normal -0.80319 -0.595723 0
    outer loop
      vertex 3.23066 -15.4366 80.05
      vertex 3.7451 -16.1302 80.04
      vertex 3.7451 -16.1302 80.05
    endloop
  endfacet
  facet normal -0.989177 -0.146727 0
    outer loop
      vertex 1.91668 -12.2644 80.04
      vertex 1.78996 -11.4101 80.05
      vertex 1.78996 -11.4101 80.04
    endloop
  endfacet
  facet normal -0.989177 -0.146727 0
    outer loop
      vertex 1.78996 -11.4101 80.05
      vertex 1.91668 -12.2644 80.04
      vertex 1.91668 -12.2644 80.05
    endloop
  endfacet
  facet normal 0.885221 0.418615 -0.20284
    outer loop
      vertex 17.9076 -6.93251 77.19
      vertex 17.5552 -6.18731 77.19
      vertex 18.3085 -6.3993 80.04
    endloop
  endfacet
  facet normal -0.0490608 0.998771 0.00708232
    outer loop
      vertex 10.5476 -1.74759 80.05
      vertex 9.3237 -1.7875 77.2
      vertex 9.68504 -1.78996 80.05
    endloop
  endfacet
  facet normal -0.427085 0.902994 0.0469031
    outer loop
      vertex 7.17997 -2.41745 80.05
      vertex 6.18731 -2.73891 77.2
      vertex 6.3993 -2.78668 80.05
    endloop
  endfacet
  facet normal 0.781924 0.60148 -0.163754
    outer loop
      vertex 17.3501 -4.96493 80.04
      vertex 16.6408 -4.81846 77.1911
      vertex 16.6406 -4.8182 77.1911
    endloop
  endfacet
  facet normal 0.791952 0.587308 -0.16698
    outer loop
      vertex 16.6408 -4.81846 77.1911
      vertex 17.3501 -4.96493 80.04
      vertex 17.8645 -5.65857 80.04
    endloop
  endfacet
  facet normal 0.146692 0.988942 -0.021779
    outer loop
      vertex 10.9744 -1.7879 77.1989
      vertex 11.4101 -1.78996 80.04
      vertex 12.2644 -1.91668 80.04
    endloop
  endfacet
  facet normal 0.152018 0.988119 -0.0225965
    outer loop
      vertex 11.4101 -1.78996 80.04
      vertex 10.9744 -1.7879 77.1989
      vertex 10.9718 -1.7875 77.1989
    endloop
  endfacet
  facet normal 0.412914 0.901714 -0.128115
    outer loop
      vertex 15.4366 -3.23066 80.04
      vertex 15.4754 -3.65277 77.1941
      vertex 15.4753 -3.65271 77.1942
    endloop
  endfacet
  facet normal 0.606357 0.787745 -0.108573
    outer loop
      vertex 15.4754 -3.65277 77.1941
      vertex 15.4366 -3.23066 80.04
      vertex 15.4759 -3.65321 77.1937
    endloop
  endfacet
  facet normal 0.443674 0.887348 -0.125566
    outer loop
      vertex 15.4752 -3.65266 77.1942
      vertex 15.4366 -3.23066 80.04
      vertex 15.4753 -3.65271 77.1942
    endloop
  endfacet
  facet normal 0.592061 0.798302 -0.110349
    outer loop
      vertex 15.4366 -3.23066 80.04
      vertex 15.4752 -3.65266 77.1942
      vertex 14.8147 -3.1628 77.1942
    endloop
  endfacet
  facet normal 0.406303 -0.859157 -0.311076
    outer loop
      vertex 13.9152 -18.6777 80.04
      vertex 13.3616 -17.9076 77.19
      vertex 14.6959 -18.3085 80.04
    endloop
  endfacet
  facet normal -0.970032 -0.242977 0
    outer loop
      vertex 2.12651 -13.1021 80.04
      vertex 1.91668 -12.2644 80.05
      vertex 1.91668 -12.2644 80.04
    endloop
  endfacet
  facet normal -0.970032 -0.242977 0
    outer loop
      vertex 1.91668 -12.2644 80.05
      vertex 2.12651 -13.1021 80.04
      vertex 2.12651 -13.1021 80.05
    endloop
  endfacet
  facet normal -0.594754 0.801931 0.0563342
    outer loop
      vertex 5.65857 -3.23066 80.05
      vertex 4.81814 -3.65376 77.2
      vertex 4.96493 -3.7451 80.05
    endloop
  endfacet
  facet normal 0.76121 -0.564527 -0.319169
    outer loop
      vertex 17.8645 -15.4366 80.04
      vertex 16.6403 -15.476 77.19
      vertex 17.1314 -14.8138 77.19
    endloop
  endfacet
  facet normal -0.513393 0.856543 0.0525452
    outer loop
      vertex 6.18731 -2.73891 77.2
      vertex 5.48026 -3.1627 77.2
      vertex 5.65857 -3.23066 80.05
    endloop
  endfacet
  facet normal -0.513396 0.856542 0.0525445
    outer loop
      vertex 6.18731 -2.73891 77.2
      vertex 5.65857 -3.23066 80.05
      vertex 6.3993 -2.78668 80.05
    endloop
  endfacet
  facet normal -0.670417 0.739696 0.0582366
    outer loop
      vertex 4.81814 -3.65376 77.2
      vertex 4.32505 -4.32505 80.05
      vertex 4.96493 -3.7451 80.05
    endloop
  endfacet
  facet normal -0.236105 -0.942743 -0.235564
    outer loop
      vertex 8.83079 -19.1785 80.04
      vertex 7.99308 -18.9687 80.04
      vertex 8.50829 -18.3856 77.19
    endloop
  endfacet
  facet normal -0.740964 -0.671545 0
    outer loop
      vertex 4.32505 -16.7701 80.04
      vertex 3.7451 -16.1302 80.05
      vertex 3.7451 -16.1302 80.04
    endloop
  endfacet
  facet normal -0.740964 -0.671545 0
    outer loop
      vertex 3.7451 -16.1302 80.05
      vertex 4.32505 -16.7701 80.04
      vertex 4.32505 -16.7701 80.05
    endloop
  endfacet
  facet normal 0.242977 0.970032 -0
    outer loop
      vertex 13.1021 -2.12651 80.04
      vertex 12.2644 -1.91668 80.05
      vertex 13.1021 -2.12651 80.05
    endloop
  endfacet
  facet normal 0.242977 0.970032 0
    outer loop
      vertex 12.2644 -1.91668 80.05
      vertex 13.1021 -2.12651 80.04
      vertex 12.2644 -1.91668 80.04
    endloop
  endfacet
  facet normal 0.942731 0.236146 -0.235569
    outer loop
      vertex 18.3856 -8.50829 77.19
      vertex 18.1853 -7.70866 77.19
      vertex 18.9687 -7.99308 80.04
    endloop
  endfacet
  facet normal -0.967905 -0.248289 -0.038894
    outer loop
      vertex 1.90906 -11.7895 77.198
      vertex 1.91668 -12.2644 80.04
      vertex 1.90847 -11.7872 77.198
    endloop
  endfacet
  facet normal -0.969332 -0.242802 -0.0379733
    outer loop
      vertex 1.91668 -12.2644 80.04
      vertex 1.90906 -11.7895 77.198
      vertex 2.12651 -13.1021 80.04
    endloop
  endfacet
  facet normal -0.901558 -0.426448 -0.0730426
    outer loop
      vertex 2.7382 -14.1063 77.1961
      vertex 2.78668 -14.6959 80.04
      vertex 2.38732 -13.3645 77.1961
    endloop
  endfacet
  facet normal -0.9803 -0.19606 -0.0239361
    outer loop
      vertex 2.73822 -14.1064 77.1961
      vertex 2.78668 -14.6959 80.04
      vertex 2.7382 -14.1063 77.1961
    endloop
  endfacet
  facet normal -0.891279 -0.446795 -0.077427
    outer loop
      vertex 2.78668 -14.6959 80.04
      vertex 2.73822 -14.1064 77.1961
      vertex 2.739 -14.1078 77.1952
    endloop
  endfacet
  facet normal 0.336385 0.94011 -0.0551247
    outer loop
      vertex 13.3609 -2.38581 77.1971
      vertex 12.5867 -2.10879 77.1971
      vertex 13.1021 -2.12651 80.04
    endloop
  endfacet
  facet normal 0.926365 -0.232006 -0.296685
    outer loop
      vertex 18.9687 -13.1021 80.04
      vertex 18.3856 -11.7858 77.19
      vertex 19.1785 -12.2644 80.04
    endloop
  endfacet
  facet normal 0.957673 0.142111 -0.250333
    outer loop
      vertex 18.5066 -9.3237 77.19
      vertex 18.3856 -8.50829 77.19
      vertex 19.3052 -9.68504 80.04
    endloop
  endfacet
  facet normal -0.854131 -0.511945 -0.0914992
    outer loop
      vertex 3.16182 -14.8133 77.1952
      vertex 3.23066 -15.4366 80.04
      vertex 2.7398 -14.1092 77.1952
    endloop
  endfacet
  facet normal -0.846017 -0.524716 -0.0944937
    outer loop
      vertex 3.23066 -15.4366 80.04
      vertex 3.16182 -14.8133 77.1952
      vertex 3.1628 -14.8147 77.1942
    endloop
  endfacet
  facet normal 0.959924 -0.0470985 -0.276275
    outer loop
      vertex 19.3476 -10.5476 80.04
      vertex 18.5066 -10.9704 77.19
      vertex 18.547 -10.147 77.19
    endloop
  endfacet
  facet normal -0.587328 -0.791939 -0.166968
    outer loop
      vertex 5.47876 -17.1305 77.1911
      vertex 5.65857 -17.8645 80.04
      vertex 4.81846 -16.6408 77.1911
    endloop
  endfacet
  facet normal -0.586787 -0.792313 -0.167099
    outer loop
      vertex 5.65857 -17.8645 80.04
      vertex 5.47876 -17.1305 77.1911
      vertex 5.48026 -17.1314 77.1901
    endloop
  endfacet
  facet normal -0.902996 0.427081 0.0469015
    outer loop
      vertex 2.73891 -6.18731 77.2
      vertex 2.38646 -6.93251 77.2
      vertex 2.41745 -7.17997 80.05
    endloop
  endfacet
  facet normal 0.918546 0.328648 -0.219689
    outer loop
      vertex 18.1853 -7.70866 77.19
      vertex 17.9076 -6.93251 77.19
      vertex 18.9687 -7.99308 80.04
    endloop
  endfacet
  facet normal -0.60148 -0.781924 -0.163754
    outer loop
      vertex 4.81846 -16.6408 77.1911
      vertex 4.96493 -17.3501 80.04
      vertex 4.8182 -16.6406 77.1911
    endloop
  endfacet
  facet normal -0.587308 -0.791952 -0.16698
    outer loop
      vertex 4.96493 -17.3501 80.04
      vertex 4.81846 -16.6408 77.1911
      vertex 5.65857 -17.8645 80.04
    endloop
  endfacet
  facet normal 0.675666 0.725282 -0.132066
    outer loop
      vertex 16.7701 -4.32505 80.04
      vertex 16.0872 -4.20744 77.1921
      vertex 16.086 -4.20614 77.1931
    endloop
  endfacet
  facet normal 0.665943 0.734705 -0.129336
    outer loop
      vertex 16.7701 -4.32505 80.04
      vertex 16.086 -4.20614 77.1931
      vertex 15.4774 -3.6545 77.1931
    endloop
  endfacet
  facet normal 0.701735 -0.636123 -0.320804
    outer loop
      vertex 16.7701 -16.7701 80.04
      vertex 16.0867 -16.0867 77.19
      vertex 16.6403 -15.476 77.19
    endloop
  endfacet
  facet normal 0.896762 -0.320942 -0.304656
    outer loop
      vertex 18.6777 -13.9152 80.04
      vertex 17.9076 -13.3616 77.19
      vertex 18.9687 -13.1021 80.04
    endloop
  endfacet
  facet normal -0.0490711 0.99877 0.00708675
    outer loop
      vertex 10.147 -1.74705 77.2
      vertex 9.3237 -1.7875 77.2
      vertex 10.5476 -1.74759 80.05
    endloop
  endfacet
  facet normal -0.998771 0.0490608 0.00708232
    outer loop
      vertex 1.7875 -9.3237 77.2
      vertex 1.74759 -10.5476 80.05
      vertex 1.78996 -9.68504 80.05
    endloop
  endfacet
  facet normal -0.998773 -0.0490623 -0.00670551
    outer loop
      vertex 1.74759 -10.5476 80.04
      vertex 1.74705 -10.1484 77.1996
      vertex 1.78736 -10.969 77.1996
    endloop
  endfacet
  facet normal -0.969586 0.242872 0.0302799
    outer loop
      vertex 2.10875 -7.70866 77.2
      vertex 1.90845 -8.50829 77.2
      vertex 2.12651 -7.99308 80.05
    endloop
  endfacet
  facet normal -0.505228 -0.842878 -0.185206
    outer loop
      vertex 6.3993 -18.3085 80.04
      vertex 5.65857 -17.8645 80.04
      vertex 6.18731 -17.5552 77.19
    endloop
  endfacet
  facet normal -0.664165 -0.732735 -0.148272
    outer loop
      vertex 4.81792 -16.6404 77.1913
      vertex 4.96493 -17.3501 80.04
      vertex 4.32505 -16.7701 80.04
    endloop
  endfacet
  facet normal -0.64455 -0.749027 -0.153343
    outer loop
      vertex 4.96493 -17.3501 80.04
      vertex 4.81792 -16.6404 77.1913
      vertex 4.8182 -16.6406 77.1911
    endloop
  endfacet
  facet normal 0.487807 -0.813779 -0.315925
    outer loop
      vertex 14.6959 -18.3085 80.04
      vertex 14.1068 -17.5552 77.19
      vertex 14.8138 -17.1314 77.19
    endloop
  endfacet
  facet normal 0.957676 0.14204 -0.250363
    outer loop
      vertex 19.3052 -9.68504 80.04
      vertex 18.3856 -8.50829 77.19
      vertex 19.1785 -8.83079 80.04
    endloop
  endfacet
  facet normal 0.859157 -0.406303 -0.311076
    outer loop
      vertex 18.3085 -14.6959 80.04
      vertex 17.9076 -13.3616 77.19
      vertex 18.6777 -13.9152 80.04
    endloop
  endfacet
  facet normal -0.328648 -0.918546 -0.219689
    outer loop
      vertex 7.99308 -18.9687 80.04
      vertex 6.93251 -17.9076 77.19
      vertex 7.70866 -18.1853 77.19
    endloop
  endfacet
  facet normal 0.918527 0.328727 -0.219653
    outer loop
      vertex 18.9687 -7.99308 80.04
      vertex 17.9076 -6.93251 77.19
      vertex 18.6777 -7.17997 80.04
    endloop
  endfacet
  facet normal -0.94011 -0.336385 -0.0551247
    outer loop
      vertex 2.12651 -13.1021 80.04
      vertex 2.10879 -12.5867 77.1971
      vertex 2.38581 -13.3609 77.1971
    endloop
  endfacet
  facet normal -0.66414 -0.732755 -0.148281
    outer loop
      vertex 4.81669 -16.6394 77.1921
      vertex 4.32505 -16.7701 80.04
      vertex 4.20744 -16.0872 77.1921
    endloop
  endfacet
  facet normal -0.734071 -0.660664 -0.157045
    outer loop
      vertex 4.81678 -16.6395 77.1921
      vertex 4.32505 -16.7701 80.04
      vertex 4.81669 -16.6394 77.1921
    endloop
  endfacet
  facet normal -0.773955 -0.612244 -0.161711
    outer loop
      vertex 4.81688 -16.6396 77.192
      vertex 4.32505 -16.7701 80.04
      vertex 4.81678 -16.6395 77.1921
    endloop
  endfacet
  facet normal -0.66372 -0.733149 -0.148214
    outer loop
      vertex 4.32505 -16.7701 80.04
      vertex 4.81688 -16.6396 77.192
      vertex 4.81792 -16.6404 77.1913
    endloop
  endfacet
  facet normal 0.947498 -0.140602 -0.287191
    outer loop
      vertex 19.3052 -11.4101 80.04
      vertex 18.3856 -11.7858 77.19
      vertex 18.5066 -10.9704 77.19
    endloop
  endfacet
  facet normal -0.956037 -0.286811 -0.0610903
    outer loop
      vertex 2.3859 -13.3612 77.1971
      vertex 2.12651 -13.1021 80.04
      vertex 2.38581 -13.3609 77.1971
    endloop
  endfacet
  facet normal 0 -0.995873 0.0907632
    outer loop
      vertex 2.38592 -13.3612 77.1971
      vertex 2.12651 -13.1021 80.04
      vertex 2.3859 -13.3612 77.1971
    endloop
  endfacet
  facet normal 0.908153 0.0908153 0.408669
    outer loop
      vertex 2.38653 -13.3628 77.1961
      vertex 2.38592 -13.3612 77.1971
      vertex 2.38593 -13.3613 77.1971
    endloop
  endfacet
  facet normal -0.943684 -0.326549 -0.0531689
    outer loop
      vertex 2.38592 -13.3612 77.1971
      vertex 2.38653 -13.3628 77.1961
      vertex 2.41745 -13.9152 80.04
    endloop
  endfacet
  facet normal -0.940109 -0.336386 -0.0551255
    outer loop
      vertex 2.38592 -13.3612 77.1971
      vertex 2.41745 -13.9152 80.04
      vertex 2.12651 -13.1021 80.04
    endloop
  endfacet
  facet normal -0.940809 0.336632 0.0394592
    outer loop
      vertex 2.38646 -6.93251 77.2
      vertex 2.12651 -7.99308 80.05
      vertex 2.41745 -7.17997 80.05
    endloop
  endfacet
  facet normal -0.809328 -0.577594 -0.106647
    outer loop
      vertex 3.7451 -16.1302 80.04
      vertex 3.65321 -15.4759 77.1937
      vertex 3.65386 -15.4767 77.1931
    endloop
  endfacet
  facet normal -0.798286 -0.592085 -0.110335
    outer loop
      vertex 3.65321 -15.4759 77.1937
      vertex 3.7451 -16.1302 80.04
      vertex 3.23066 -15.4366 80.04
    endloop
  endfacet
  facet normal -0.731754 -0.669032 -0.130123
    outer loop
      vertex 3.6545 -15.4774 77.1931
      vertex 3.7451 -16.1302 80.04
      vertex 3.65386 -15.4767 77.1931
    endloop
  endfacet
  facet normal -0.734742 -0.665907 -0.129311
    outer loop
      vertex 3.7451 -16.1302 80.04
      vertex 3.6545 -15.4774 77.1931
      vertex 4.32505 -16.7701 80.04
    endloop
  endfacet
  facet normal 0.524716 0.846017 -0.0944937
    outer loop
      vertex 15.4366 -3.23066 80.04
      vertex 14.8147 -3.1628 77.1942
      vertex 14.8133 -3.16182 77.1952
    endloop
  endfacet
  facet normal 0.511945 0.854131 -0.0914992
    outer loop
      vertex 15.4366 -3.23066 80.04
      vertex 14.8133 -3.16182 77.1952
      vertex 14.1092 -2.7398 77.1952
    endloop
  endfacet
  facet normal 0.23205 -0.926348 -0.296702
    outer loop
      vertex 13.1021 -18.9687 80.04
      vertex 11.7858 -18.3856 77.19
      vertex 12.5854 -18.1853 77.19
    endloop
  endfacet
  facet normal 0.519589 0.850176 -0.0850176
    outer loop
      vertex 12.2644 -1.91668 80.04
      vertex 11.7857 -1.90824 77.1988
      vertex 11.7857 -1.90823 77.1989
    endloop
  endfacet
  facet normal 0.1407 0.989835 -0.0207654
    outer loop
      vertex 11.7857 -1.90824 77.1988
      vertex 12.2644 -1.91668 80.04
      vertex 11.7872 -1.90847 77.198
    endloop
  endfacet
  facet normal 0.146678 0.988945 -0.0217726
    outer loop
      vertex 12.2644 -1.91668 80.04
      vertex 11.7857 -1.90823 77.1989
      vertex 10.9744 -1.7879 77.1989
    endloop
  endfacet
  facet normal 0.140523 -0.947506 -0.287204
    outer loop
      vertex 12.2644 -19.1785 80.04
      vertex 11.4101 -19.3052 80.04
      vertex 11.7858 -18.3856 77.19
    endloop
  endfacet
  facet normal 0.959923 -0.0471893 -0.276261
    outer loop
      vertex 19.3052 -11.4101 80.04
      vertex 18.5066 -10.9704 77.19
      vertex 19.3476 -10.5476 80.04
    endloop
  endfacet
  facet normal 0.947506 -0.140523 -0.287204
    outer loop
      vertex 19.1785 -12.2644 80.04
      vertex 18.3856 -11.7858 77.19
      vertex 19.3052 -11.4101 80.04
    endloop
  endfacet
  facet normal 0.242802 0.969332 -0.0379733
    outer loop
      vertex 11.7895 -1.90906 77.198
      vertex 12.2644 -1.91668 80.04
      vertex 13.1021 -2.12651 80.04
    endloop
  endfacet
  facet normal 0.248289 0.967905 -0.038894
    outer loop
      vertex 12.2644 -1.91668 80.04
      vertex 11.7895 -1.90906 77.198
      vertex 11.7872 -1.90847 77.198
    endloop
  endfacet
  facet normal -0.798302 -0.592061 -0.110349
    outer loop
      vertex 3.65266 -15.4752 77.1942
      vertex 3.23066 -15.4366 80.04
      vertex 3.1628 -14.8147 77.1942
    endloop
  endfacet
  facet normal -0.887348 -0.443674 -0.125566
    outer loop
      vertex 3.65271 -15.4753 77.1942
      vertex 3.23066 -15.4366 80.04
      vertex 3.65266 -15.4752 77.1942
    endloop
  endfacet
  facet normal -0.901714 -0.412914 -0.128115
    outer loop
      vertex 3.65277 -15.4754 77.1941
      vertex 3.23066 -15.4366 80.04
      vertex 3.65271 -15.4753 77.1942
    endloop
  endfacet
  facet normal -0.787745 -0.606357 -0.108573
    outer loop
      vertex 3.23066 -15.4366 80.04
      vertex 3.65277 -15.4754 77.1941
      vertex 3.65321 -15.4759 77.1937
    endloop
  endfacet
  facet normal -0.418639 -0.885209 -0.202843
    outer loop
      vertex 7.17997 -18.6777 80.04
      vertex 6.3993 -18.3085 80.04
      vertex 6.93251 -17.9076 77.19
    endloop
  endfacet
  facet normal -0.902994 0.427085 0.0469031
    outer loop
      vertex 2.73891 -6.18731 77.2
      vertex 2.41745 -7.17997 80.05
      vertex 2.78668 -6.3993 80.05
    endloop
  endfacet
  facet normal 0.96337 0.0472733 -0.263978
    outer loop
      vertex 18.547 -10.147 77.19
      vertex 18.5066 -9.3237 77.19
      vertex 19.3476 -10.5476 80.04
    endloop
  endfacet
  facet normal 0.0470985 -0.959924 -0.276275
    outer loop
      vertex 10.5476 -19.3476 80.04
      vertex 10.147 -18.547 77.19
      vertex 10.9704 -18.5066 77.19
    endloop
  endfacet
  facet normal 0.859163 -0.406292 -0.311072
    outer loop
      vertex 18.3085 -14.6959 80.04
      vertex 17.5552 -14.1068 77.19
      vertex 17.9076 -13.3616 77.19
    endloop
  endfacet
  facet normal -0.0473557 -0.963375 -0.263944
    outer loop
      vertex 9.68504 -19.3052 80.04
      vertex 9.3237 -18.5066 77.19
      vertex 10.5476 -19.3476 80.04
    endloop
  endfacet
  facet normal -0.734705 -0.665943 -0.129336
    outer loop
      vertex 4.20614 -16.086 77.1931
      vertex 4.32505 -16.7701 80.04
      vertex 3.6545 -15.4774 77.1931
    endloop
  endfacet
  facet normal -0.725282 -0.675666 -0.132066
    outer loop
      vertex 4.32505 -16.7701 80.04
      vertex 4.20614 -16.086 77.1931
      vertex 4.20744 -16.0872 77.1921
    endloop
  endfacet
  facet normal 0.636123 -0.701735 -0.320804
    outer loop
      vertex 16.7701 -16.7701 80.04
      vertex 15.476 -16.6403 77.19
      vertex 16.0867 -16.0867 77.19
    endloop
  endfacet
  facet normal 0.0490623 0.998773 -0.00670551
    outer loop
      vertex 10.969 -1.78736 77.1996
      vertex 10.1484 -1.74705 77.1996
      vertex 10.5476 -1.74759 80.04
    endloop
  endfacet
  facet normal 0.00134798 0.999999 -0
    outer loop
      vertex 10.5476 -1.74759 80.04
      vertex 10.147 -1.74705 77.2
      vertex 10.5476 -1.74759 80.05
    endloop
  endfacet
  facet normal 5.22213e-05 1 0.000182775
    outer loop
      vertex 10.147 -1.74705 77.2
      vertex 10.5476 -1.74759 80.04
      vertex 10.1484 -1.74705 77.1996
    endloop
  endfacet
  facet normal -0.903995 -0.427542 0
    outer loop
      vertex 2.78668 -14.6959 80.04
      vertex 2.41745 -13.9152 80.05
      vertex 2.41745 -13.9152 80.04
    endloop
  endfacet
  facet normal -0.903995 -0.427542 0
    outer loop
      vertex 2.41745 -13.9152 80.05
      vertex 2.78668 -14.6959 80.04
      vertex 2.78668 -14.6959 80.05
    endloop
  endfacet
  facet normal -0.427081 0.902996 0.0469015
    outer loop
      vertex 6.93251 -2.38646 77.2
      vertex 6.18731 -2.73891 77.2
      vertex 7.17997 -2.41745 80.05
    endloop
  endfacet
  facet normal -0.336632 0.940809 0.0394592
    outer loop
      vertex 7.99308 -2.12651 80.05
      vertex 6.93251 -2.38646 77.2
      vertex 7.17997 -2.41745 80.05
    endloop
  endfacet
  facet normal -0.594752 0.801933 0.0563332
    outer loop
      vertex 5.48026 -3.1627 77.2
      vertex 4.81814 -3.65376 77.2
      vertex 5.65857 -3.23066 80.05
    endloop
  endfacet
  facet normal -0.988989 0.146707 0.0194541
    outer loop
      vertex 1.91668 -8.83079 80.05
      vertex 1.7875 -9.3237 77.2
      vertex 1.78996 -9.68504 80.05
    endloop
  endfacet
  facet normal -1 -5.22213e-05 0.000182775
    outer loop
      vertex 1.74759 -10.5476 80.04
      vertex 1.74705 -10.147 77.2
      vertex 1.74705 -10.1484 77.1996
    endloop
  endfacet
  facet normal -0.999999 -0.00134798 0
    outer loop
      vertex 1.74705 -10.147 77.2
      vertex 1.74759 -10.5476 80.04
      vertex 1.74759 -10.5476 80.05
    endloop
  endfacet
  facet normal 0.320942 -0.896762 -0.304656
    outer loop
      vertex 13.9152 -18.6777 80.04
      vertex 13.1021 -18.9687 80.04
      vertex 13.3616 -17.9076 77.19
    endloop
  endfacet
  facet normal 0.514121 0.857718 -0
    outer loop
      vertex 15.4366 -3.23066 80.04
      vertex 14.6959 -2.78668 80.05
      vertex 15.4366 -3.23066 80.05
    endloop
  endfacet
  facet normal 0.514121 0.857718 0
    outer loop
      vertex 14.6959 -2.78668 80.05
      vertex 15.4366 -3.23066 80.04
      vertex 14.6959 -2.78668 80.04
    endloop
  endfacet
  facet normal 0.0471893 -0.959923 -0.276261
    outer loop
      vertex 11.4101 -19.3052 80.04
      vertex 10.5476 -19.3476 80.04
      vertex 10.9704 -18.5066 77.19
    endloop
  endfacet
  facet normal -0.0472733 -0.96337 -0.263978
    outer loop
      vertex 10.5476 -19.3476 80.04
      vertex 9.3237 -18.5066 77.19
      vertex 10.147 -18.547 77.19
    endloop
  endfacet
  facet normal 0.89679 -0.320843 -0.304675
    outer loop
      vertex 18.9687 -13.1021 80.04
      vertex 17.9076 -13.3616 77.19
      vertex 18.1853 -12.5854 77.19
    endloop
  endfacet
  facet normal 0.247727 0.968049 -0.0388775
    outer loop
      vertex 13.1021 -2.12651 80.04
      vertex 12.5867 -2.10879 77.1971
      vertex 12.5852 -2.10837 77.198
    endloop
  endfacet
  facet normal 0.242802 0.969332 -0.0379735
    outer loop
      vertex 13.1021 -2.12651 80.04
      vertex 12.5852 -2.10837 77.198
      vertex 11.7895 -1.90906 77.198
    endloop
  endfacet
  facet normal 0.701777 -0.636085 -0.320789
    outer loop
      vertex 16.7701 -16.7701 80.04
      vertex 16.6403 -15.476 77.19
      vertex 17.3501 -16.1302 80.04
    endloop
  endfacet
  facet normal 0.636085 -0.701777 -0.320789
    outer loop
      vertex 16.1302 -17.3501 80.04
      vertex 15.476 -16.6403 77.19
      vertex 16.7701 -16.7701 80.04
    endloop
  endfacet
  facet normal -0.801931 0.594754 0.0563342
    outer loop
      vertex 3.65376 -4.81814 77.2
      vertex 3.23066 -5.65857 80.05
      vertex 3.7451 -4.96493 80.05
    endloop
  endfacet
  facet normal 0.592085 0.798286 -0.110335
    outer loop
      vertex 16.1302 -3.7451 80.04
      vertex 15.4759 -3.65321 77.1937
      vertex 15.4366 -3.23066 80.04
    endloop
  endfacet
  facet normal 0.577594 0.809328 -0.106647
    outer loop
      vertex 15.4759 -3.65321 77.1937
      vertex 16.1302 -3.7451 80.04
      vertex 15.4767 -3.65386 77.1931
    endloop
  endfacet
  facet normal 0.146727 0.989177 -0
    outer loop
      vertex 12.2644 -1.91668 80.04
      vertex 11.4101 -1.78996 80.05
      vertex 12.2644 -1.91668 80.05
    endloop
  endfacet
  facet normal 0.146727 0.989177 0
    outer loop
      vertex 11.4101 -1.78996 80.05
      vertex 12.2644 -1.91668 80.04
      vertex 11.4101 -1.78996 80.04
    endloop
  endfacet
  facet normal 0.406292 -0.859163 -0.311072
    outer loop
      vertex 14.6959 -18.3085 80.04
      vertex 13.3616 -17.9076 77.19
      vertex 14.1068 -17.5552 77.19
    endloop
  endfacet
  facet normal 0.595723 0.80319 -0
    outer loop
      vertex 16.1302 -3.7451 80.04
      vertex 15.4366 -3.23066 80.05
      vertex 16.1302 -3.7451 80.05
    endloop
  endfacet
  facet normal 0.595723 0.80319 0
    outer loop
      vertex 15.4366 -3.23066 80.05
      vertex 16.1302 -3.7451 80.04
      vertex 15.4366 -3.23066 80.04
    endloop
  endfacet
  facet normal 0.0490644 0.998773 -0.00670737
    outer loop
      vertex 11.4101 -1.78996 80.04
      vertex 10.9703 -1.78743 77.1996
      vertex 10.5476 -1.74759 80.04
    endloop
  endfacet
  facet normal 0.0438665 0.99902 -0.00590233
    outer loop
      vertex 10.9703 -1.78743 77.1996
      vertex 11.4101 -1.78996 80.04
      vertex 10.9718 -1.7875 77.1989
    endloop
  endfacet
  facet normal 0.0537673 0.998535 -0.00600416
    outer loop
      vertex 10.5476 -1.74759 80.04
      vertex 10.9703 -1.78743 77.1996
      vertex 10.969 -1.78736 77.1996
    endloop
  endfacet
  facet normal -0.739692 0.670421 0.0582352
    outer loop
      vertex 4.20735 -4.20735 77.2
      vertex 3.65376 -4.81814 77.2
      vertex 4.32505 -4.32505 80.05
    endloop
  endfacet
  facet normal 0.487806 -0.813779 -0.315925
    outer loop
      vertex 15.4366 -17.8645 80.04
      vertex 14.6959 -18.3085 80.04
      vertex 14.8138 -17.1314 77.19
    endloop
  endfacet
  facet normal -0.856542 0.513396 0.0525445
    outer loop
      vertex 3.23066 -5.65857 80.05
      vertex 2.73891 -6.18731 77.2
      vertex 2.78668 -6.3993 80.05
    endloop
  endfacet
  facet normal -0.99877 0.0490711 0.00708675
    outer loop
      vertex 1.7875 -9.3237 77.2
      vertex 1.74705 -10.147 77.2
      vertex 1.74759 -10.5476 80.05
    endloop
  endfacet
  facet normal -0.328727 -0.918527 -0.219653
    outer loop
      vertex 7.17997 -18.6777 80.04
      vertex 6.93251 -17.9076 77.19
      vertex 7.99308 -18.9687 80.04
    endloop
  endfacet
  facet normal -0.14204 -0.957676 -0.250363
    outer loop
      vertex 8.83079 -19.1785 80.04
      vertex 8.50829 -18.3856 77.19
      vertex 9.68504 -19.3052 80.04
    endloop
  endfacet
  facet normal -0.505177 -0.842906 -0.185219
    outer loop
      vertex 6.18555 -17.5541 77.1901
      vertex 5.65857 -17.8645 80.04
      vertex 5.48026 -17.1314 77.1901
    endloop
  endfacet
  facet normal -0.570374 -0.798524 -0.192441
    outer loop
      vertex 6.18569 -17.5542 77.1901
      vertex 5.65857 -17.8645 80.04
      vertex 6.18555 -17.5541 77.1901
    endloop
  endfacet
  facet normal -0.524313 -0.830645 -0.187419
    outer loop
      vertex 5.65857 -17.8645 80.04
      vertex 6.18569 -17.5542 77.1901
      vertex 6.18731 -17.5552 77.19
    endloop
  endfacet
  facet normal -0.336627 0.940811 0.0394569
    outer loop
      vertex 7.70866 -2.10875 77.2
      vertex 6.93251 -2.38646 77.2
      vertex 7.99308 -2.12651 80.05
    endloop
  endfacet
  facet normal 0.813779 -0.487806 -0.315925
    outer loop
      vertex 17.8645 -15.4366 80.04
      vertex 17.1314 -14.8138 77.19
      vertex 18.3085 -14.6959 80.04
    endloop
  endfacet
  facet normal 0.813779 -0.487807 -0.315925
    outer loop
      vertex 18.3085 -14.6959 80.04
      vertex 17.1314 -14.8138 77.19
      vertex 17.5552 -14.1068 77.19
    endloop
  endfacet
  facet normal 0.665907 0.734742 -0.129311
    outer loop
      vertex 15.4774 -3.6545 77.1931
      vertex 16.1302 -3.7451 80.04
      vertex 16.7701 -4.32505 80.04
    endloop
  endfacet
  facet normal 0.669032 0.731754 -0.130123
    outer loop
      vertex 16.1302 -3.7451 80.04
      vertex 15.4774 -3.6545 77.1931
      vertex 15.4767 -3.65386 77.1931
    endloop
  endfacet
  facet normal 0.511964 0.854119 -0.0915102
    outer loop
      vertex 14.1092 -2.7398 77.1952
      vertex 14.6959 -2.78668 80.04
      vertex 15.4366 -3.23066 80.04
    endloop
  endfacet
  facet normal 0.494228 0.8649 -0.0876748
    outer loop
      vertex 14.6959 -2.78668 80.04
      vertex 14.1092 -2.7398 77.1952
      vertex 14.1078 -2.739 77.1952
    endloop
  endfacet
  facet normal 0.19606 0.9803 -0.0239361
    outer loop
      vertex 14.6959 -2.78668 80.04
      vertex 14.1064 -2.73822 77.1961
      vertex 14.1063 -2.7382 77.1961
    endloop
  endfacet
  facet normal 0.446795 0.891279 -0.077427
    outer loop
      vertex 14.1064 -2.73822 77.1961
      vertex 14.6959 -2.78668 80.04
      vertex 14.1078 -2.739 77.1952
    endloop
  endfacet
  facet normal 0.426448 0.901558 -0.0730426
    outer loop
      vertex 14.6959 -2.78668 80.04
      vertex 14.1063 -2.7382 77.1961
      vertex 13.3645 -2.38732 77.1961
    endloop
  endfacet
  facet normal 0.842878 0.505228 -0.185206
    outer loop
      vertex 18.3085 -6.3993 80.04
      vertex 17.5552 -6.18731 77.19
      vertex 17.8645 -5.65857 80.04
    endloop
  endfacet
  facet normal 0.842906 0.505177 -0.185219
    outer loop
      vertex 17.8645 -5.65857 80.04
      vertex 17.5541 -6.18555 77.1901
      vertex 17.1314 -5.48026 77.1901
    endloop
  endfacet
  facet normal 0.798524 0.570374 -0.192441
    outer loop
      vertex 17.8645 -5.65857 80.04
      vertex 17.5542 -6.18569 77.1901
      vertex 17.5541 -6.18555 77.1901
    endloop
  endfacet
  facet normal 0.830645 0.524313 -0.187419
    outer loop
      vertex 17.5542 -6.18569 77.1901
      vertex 17.8645 -5.65857 80.04
      vertex 17.5552 -6.18731 77.19
    endloop
  endfacet
  facet normal -0.670421 0.739692 0.0582352
    outer loop
      vertex 4.81814 -3.65376 77.2
      vertex 4.20735 -4.20735 77.2
      vertex 4.32505 -4.32505 80.05
    endloop
  endfacet
  facet normal 0.232006 -0.926365 -0.296685
    outer loop
      vertex 12.2644 -19.1785 80.04
      vertex 11.7858 -18.3856 77.19
      vertex 13.1021 -18.9687 80.04
    endloop
  endfacet
  facet normal -0.856543 0.513393 0.0525452
    outer loop
      vertex 3.1627 -5.48026 77.2
      vertex 2.73891 -6.18731 77.2
      vertex 3.23066 -5.65857 80.05
    endloop
  endfacet
  facet normal -0.801933 0.594752 0.0563332
    outer loop
      vertex 3.65376 -4.81814 77.2
      vertex 3.1627 -5.48026 77.2
      vertex 3.23066 -5.65857 80.05
    endloop
  endfacet
  facet normal 0.140602 -0.947498 -0.287191
    outer loop
      vertex 11.4101 -19.3052 80.04
      vertex 10.9704 -18.5066 77.19
      vertex 11.7858 -18.3856 77.19
    endloop
  endfacet
  facet normal -0.940811 0.336627 0.0394569
    outer loop
      vertex 2.38646 -6.93251 77.2
      vertex 2.10875 -7.70866 77.2
      vertex 2.12651 -7.99308 80.05
    endloop
  endfacet
  facet normal -0.242872 0.969586 0.0302799
    outer loop
      vertex 8.50829 -1.90845 77.2
      vertex 7.70866 -2.10875 77.2
      vertex 7.99308 -2.12651 80.05
    endloop
  endfacet
  facet normal -0.242863 0.969588 0.0302817
    outer loop
      vertex 8.50829 -1.90845 77.2
      vertex 7.99308 -2.12651 80.05
      vertex 8.83079 -1.91668 80.05
    endloop
  endfacet
  facet normal -0.98899 0.146697 0.0194559
    outer loop
      vertex 1.90845 -8.50829 77.2
      vertex 1.7875 -9.3237 77.2
      vertex 1.91668 -8.83079 80.05
    endloop
  endfacet
  facet normal -0.969588 0.242863 0.0302817
    outer loop
      vertex 2.12651 -7.99308 80.05
      vertex 1.90845 -8.50829 77.2
      vertex 1.91668 -8.83079 80.05
    endloop
  endfacet
  facet normal 0.564537 -0.761204 -0.319166
    outer loop
      vertex 16.1302 -17.3501 80.04
      vertex 15.4366 -17.8645 80.04
      vertex 15.476 -16.6403 77.19
    endloop
  endfacet
  facet normal -0.236146 -0.942731 -0.235569
    outer loop
      vertex 7.99308 -18.9687 80.04
      vertex 7.70866 -18.1853 77.19
      vertex 8.50829 -18.3856 77.19
    endloop
  endfacet
  facet normal 0.564527 -0.76121 -0.319169
    outer loop
      vertex 15.4366 -17.8645 80.04
      vertex 14.8138 -17.1314 77.19
      vertex 15.476 -16.6403 77.19
    endloop
  endfacet
  facet normal 0.761204 -0.564537 -0.319166
    outer loop
      vertex 17.3501 -16.1302 80.04
      vertex 16.6403 -15.476 77.19
      vertex 17.8645 -15.4366 80.04
    endloop
  endfacet
  facet normal 0.426401 0.901582 -0.0730175
    outer loop
      vertex 13.3645 -2.38732 77.1961
      vertex 13.9152 -2.41745 80.04
      vertex 14.6959 -2.78668 80.04
    endloop
  endfacet
  facet normal 0.420337 0.904522 -0.071812
    outer loop
      vertex 13.9152 -2.41745 80.04
      vertex 13.3645 -2.38732 77.1961
      vertex 13.3628 -2.38653 77.1961
    endloop
  endfacet
  facet normal 0.0490655 0.998796 -0
    outer loop
      vertex 11.4101 -1.78996 80.04
      vertex 10.5476 -1.74759 80.05
      vertex 11.4101 -1.78996 80.05
    endloop
  endfacet
  facet normal 0.0490655 0.998796 0
    outer loop
      vertex 10.5476 -1.74759 80.05
      vertex 11.4101 -1.78996 80.04
      vertex 10.5476 -1.74759 80.04
    endloop
  endfacet
  facet normal -0.146697 0.98899 0.0194559
    outer loop
      vertex 9.3237 -1.7875 77.2
      vertex 8.50829 -1.90845 77.2
      vertex 8.83079 -1.91668 80.05
    endloop
  endfacet
  facet normal -0.239535 0.956233 0.168053
    outer loop
      vertex 10.0324 -3.1183 88.6
      vertex 8.83079 -1.91668 80.05
      vertex 9.19471 -3.32814 88.6
    endloop
  endfacet
  facet normal 0.241729 0.965005 0.10165
    outer loop
      vertex 14.3037 -3.32814 88.6
      vertex 12.2644 -1.91668 80.05
      vertex 13.466 -3.1183 88.6
    endloop
  endfacet
  facet normal -0.982316 -0.145709 0.117577
    outer loop
      vertex 2.99159 -12.6118 88.6
      vertex 1.78996 -11.4101 80.05
      vertex 1.91668 -12.2644 80.05
    endloop
  endfacet
  facet normal 0.988136 -0.0485762 -0.145697
    outer loop
      vertex 20.5492 -11.7492 88.59
      vertex 19.3052 -11.4101 80.04
      vertex 19.3476 -10.5476 80.04
    endloop
  endfacet
  facet normal 0.988136 -0.0485706 -0.145697
    outer loop
      vertex 19.3052 -11.4101 80.04
      vertex 20.5492 -11.7492 88.59
      vertex 20.5068 -12.6118 88.59
    endloop
  endfacet
  facet normal 0.426587 0.901975 0.0668133
    outer loop
      vertex 14.6959 -2.78668 80.05
      vertex 13.9152 -2.41745 80.05
      vertex 15.8975 -3.98831 88.6
    endloop
  endfacet
  facet normal -0.595417 -0.802887 -0.029156
    outer loop
      vertex 5.65857 -17.8645 80.04
      vertex 6.16655 -18.5517 88.59
      vertex 4.96493 -17.3501 80.04
    endloop
  endfacet
  facet normal -0.595412 -0.802891 -0.0291567
    outer loop
      vertex 6.16655 -18.5517 88.59
      vertex 5.65857 -17.8645 80.04
      vertex 6.8602 -19.0661 88.59
    endloop
  endfacet
  facet normal -0.239519 0.956237 0.168053
    outer loop
      vertex 8.83079 -1.91668 80.05
      vertex 7.99308 -2.12651 80.05
      vertex 9.19471 -3.32814 88.6
    endloop
  endfacet
  facet normal 0.145714 0.982315 0.117577
    outer loop
      vertex 13.466 -3.1183 88.6
      vertex 12.2644 -1.91668 80.05
      vertex 12.6118 -2.99159 88.6
    endloop
  endfacet
  facet normal 0.888583 -0.420219 -0.183947
    outer loop
      vertex 19.8794 -15.1168 88.59
      vertex 18.3085 -14.6959 80.04
      vertex 18.6777 -13.9152 80.04
    endloop
  endfacet
  facet normal 0.584504 -0.788126 -0.192907
    outer loop
      vertex 16.1302 -17.3501 80.04
      vertex 16.6382 -19.0661 88.59
      vertex 15.4366 -17.8645 80.04
    endloop
  endfacet
  facet normal 0.584449 -0.788165 -0.192911
    outer loop
      vertex 16.6382 -19.0661 88.59
      vertex 16.1302 -17.3501 80.04
      vertex 17.3319 -18.5517 88.59
    endloop
  endfacet
  facet normal 0.982319 0.145686 -0.117578
    outer loop
      vertex 20.5068 -10.8867 88.59
      vertex 19.3052 -9.68504 80.04
      vertex 20.3801 -10.0324 88.59
    endloop
  endfacet
  facet normal -0.336854 -0.941557 0
    outer loop
      vertex 8.3816 -19.8794 88.59
      vertex 9.19471 -20.1703 88.6
      vertex 8.3816 -19.8794 88.6
    endloop
  endfacet
  facet normal -0.336854 -0.941557 -0
    outer loop
      vertex 9.19471 -20.1703 88.6
      vertex 8.3816 -19.8794 88.59
      vertex 9.19471 -20.1703 88.59
    endloop
  endfacet
  facet normal 0.335688 0.93816 0.0846734
    outer loop
      vertex 13.9152 -2.41745 80.05
      vertex 13.1021 -2.12651 80.05
      vertex 14.3037 -3.32814 88.6
    endloop
  endfacet
  facet normal -0.42026 0.888564 0.183944
    outer loop
      vertex 7.17997 -2.41745 80.05
      vertex 6.3993 -2.78668 80.05
      vertex 7.60092 -3.98831 88.6
    endloop
  endfacet
  facet normal -0.331575 0.926707 0.17684
    outer loop
      vertex 9.19471 -3.32814 88.6
      vertex 7.17997 -2.41745 80.05
      vertex 8.3816 -3.61907 88.6
    endloop
  endfacet
  facet normal -0.901975 -0.426587 0.0668133
    outer loop
      vertex 3.98831 -15.8975 88.6
      vertex 2.41745 -13.9152 80.05
      vertex 2.78668 -14.6959 80.05
    endloop
  endfacet
  facet normal 0.335678 0.938163 0.0846743
    outer loop
      vertex 15.1168 -3.61907 88.6
      vertex 13.9152 -2.41745 80.05
      vertex 14.3037 -3.32814 88.6
    endloop
  endfacet
  facet normal 0.420219 -0.888583 -0.183947
    outer loop
      vertex 15.1168 -19.8794 88.59
      vertex 13.9152 -18.6777 80.04
      vertex 14.6959 -18.3085 80.04
    endloop
  endfacet
  facet normal -0.0491001 -0.998794 0
    outer loop
      vertex 10.8867 -20.5068 88.59
      vertex 11.7492 -20.5492 88.6
      vertex 10.8867 -20.5068 88.6
    endloop
  endfacet
  facet normal -0.0491001 -0.998794 -0
    outer loop
      vertex 11.7492 -20.5492 88.6
      vertex 10.8867 -20.5068 88.59
      vertex 11.7492 -20.5492 88.59
    endloop
  endfacet
  facet normal 0.513514 0.856724 0.0482361
    outer loop
      vertex 15.4366 -3.23066 80.05
      vertex 15.8975 -3.98831 88.6
      vertex 16.6382 -4.43228 88.6
    endloop
  endfacet
  facet normal 0.513523 0.856719 0.0482352
    outer loop
      vertex 15.8975 -3.98831 88.6
      vertex 15.4366 -3.23066 80.05
      vertex 14.6959 -2.78668 80.05
    endloop
  endfacet
  facet normal -0.926707 0.331575 0.17684
    outer loop
      vertex 3.61907 -8.3816 88.6
      vertex 2.41745 -7.17997 80.05
      vertex 3.32814 -9.19471 88.6
    endloop
  endfacet
  facet normal 0.901941 0.426662 -0.0667937
    outer loop
      vertex 19.8794 -8.3816 88.59
      vertex 18.3085 -6.3993 80.04
      vertex 19.5101 -7.60092 88.59
    endloop
  endfacet
  facet normal 0.788126 -0.584504 -0.192907
    outer loop
      vertex 19.0661 -16.6382 88.59
      vertex 17.3501 -16.1302 80.04
      vertex 17.8645 -15.4366 80.04
    endloop
  endfacet
  facet normal 0.788165 -0.584449 -0.192911
    outer loop
      vertex 17.3501 -16.1302 80.04
      vertex 19.0661 -16.6382 88.59
      vertex 18.5517 -17.3319 88.59
    endloop
  endfacet
  facet normal 0.857707 -0.514138 0
    outer loop
      vertex 19.0661 -16.6382 88.6
      vertex 19.5101 -15.8975 88.59
      vertex 19.5101 -15.8975 88.6
    endloop
  endfacet
  facet normal 0.857707 -0.514138 0
    outer loop
      vertex 19.5101 -15.8975 88.59
      vertex 19.0661 -16.6382 88.6
      vertex 19.0661 -16.6382 88.59
    endloop
  endfacet
  facet normal 0.04864 0.990015 0.132302
    outer loop
      vertex 11.4101 -1.78996 80.05
      vertex 11.7492 -2.94921 88.6
      vertex 12.6118 -2.99159 88.6
    endloop
  endfacet
  facet normal 0.0486342 0.990016 0.132302
    outer loop
      vertex 11.7492 -2.94921 88.6
      vertex 11.4101 -1.78996 80.05
      vertex 10.5476 -1.74759 80.05
    endloop
  endfacet
  facet normal -0.427617 -0.90396 0
    outer loop
      vertex 7.60092 -19.5101 88.59
      vertex 8.3816 -19.8794 88.6
      vertex 7.60092 -19.5101 88.6
    endloop
  endfacet
  facet normal -0.427617 -0.90396 -0
    outer loop
      vertex 8.3816 -19.8794 88.6
      vertex 7.60092 -19.5101 88.59
      vertex 8.3816 -19.8794 88.59
    endloop
  endfacet
  facet normal 0.426596 0.901971 0.0668103
    outer loop
      vertex 15.8975 -3.98831 88.6
      vertex 13.9152 -2.41745 80.05
      vertex 15.1168 -3.61907 88.6
    endloop
  endfacet
  facet normal 0.740982 0.671525 0
    outer loop
      vertex 18.5517 -6.16655 88.6
      vertex 17.9718 -5.52667 88.59
      vertex 17.9718 -5.52667 88.6
    endloop
  endfacet
  facet normal 0.740982 0.671525 0
    outer loop
      vertex 17.9718 -5.52667 88.59
      vertex 18.5517 -6.16655 88.6
      vertex 18.5517 -6.16655 88.59
    endloop
  endfacet
  facet normal -0.242947 -0.97004 0
    outer loop
      vertex 9.19471 -20.1703 88.59
      vertex 10.0324 -20.3801 88.6
      vertex 9.19471 -20.1703 88.6
    endloop
  endfacet
  facet normal -0.242947 -0.97004 -0
    outer loop
      vertex 10.0324 -20.3801 88.6
      vertex 9.19471 -20.1703 88.59
      vertex 10.0324 -20.3801 88.59
    endloop
  endfacet
  facet normal -0.888562 0.420265 0.183943
    outer loop
      vertex 3.98831 -7.60092 88.6
      vertex 2.41745 -7.17997 80.05
      vertex 3.61907 -8.3816 88.6
    endloop
  endfacet
  facet normal 0.707083 0.70713 -0
    outer loop
      vertex 17.9718 -5.52667 88.59
      vertex 16.7701 -4.32505 80.05
      vertex 17.9718 -5.52667 88.6
    endloop
  endfacet
  facet normal 0.707083 0.70713 0
    outer loop
      vertex 16.7701 -4.32505 80.05
      vertex 17.9718 -5.52667 88.59
      vertex 16.7701 -4.32505 80.04
    endloop
  endfacet
  facet normal 0.856718 0.513524 -0.04823
    outer loop
      vertex 19.0661 -6.8602 88.59
      vertex 18.3085 -6.3993 80.04
      vertex 17.8645 -5.65857 80.04
    endloop
  endfacet
  facet normal 0.856715 0.51353 -0.0482295
    outer loop
      vertex 18.3085 -6.3993 80.04
      vertex 19.0661 -6.8602 88.59
      vertex 19.5101 -7.60092 88.59
    endloop
  endfacet
  facet normal 0.926717 -0.331549 -0.176834
    outer loop
      vertex 19.8794 -15.1168 88.59
      vertex 18.9687 -13.1021 80.04
      vertex 20.1703 -14.3037 88.59
    endloop
  endfacet
  facet normal 0.990015 0.0486652 -0.132295
    outer loop
      vertex 20.5068 -10.8867 88.59
      vertex 19.3476 -10.5476 80.04
      vertex 19.3052 -9.68504 80.04
    endloop
  endfacet
  facet normal 0.990015 0.0486686 -0.132295
    outer loop
      vertex 19.3476 -10.5476 80.04
      vertex 20.5068 -10.8867 88.59
      vertex 20.5492 -11.7492 88.59
    endloop
  endfacet
  facet normal 0.956245 -0.239489 -0.168046
    outer loop
      vertex 20.1703 -14.3037 88.59
      vertex 18.9687 -13.1021 80.04
      vertex 20.3801 -13.466 88.59
    endloop
  endfacet
  facet normal 0.998794 -0.0490944 0
    outer loop
      vertex 20.5068 -12.6118 88.6
      vertex 20.5492 -11.7492 88.59
      vertex 20.5492 -11.7492 88.6
    endloop
  endfacet
  facet normal 0.998794 -0.0490944 0
    outer loop
      vertex 20.5492 -11.7492 88.59
      vertex 20.5068 -12.6118 88.6
      vertex 20.5068 -12.6118 88.59
    endloop
  endfacet
  facet normal -0.241683 -0.965016 -0.101655
    outer loop
      vertex 10.0324 -20.3801 88.59
      vertex 7.99308 -18.9687 80.04
      vertex 8.83079 -19.1785 80.04
    endloop
  endfacet
  facet normal -0.658703 0.726771 0.194715
    outer loop
      vertex 4.96493 -3.7451 80.05
      vertex 5.52667 -5.52667 88.6
      vertex 6.16655 -4.94672 88.6
    endloop
  endfacet
  facet normal -0.658703 0.726771 0.194715
    outer loop
      vertex 5.52667 -5.52667 88.6
      vertex 4.96493 -3.7451 80.05
      vertex 4.32505 -4.32505 80.05
    endloop
  endfacet
  facet normal 0.331549 -0.926717 -0.176834
    outer loop
      vertex 14.3037 -20.1703 88.59
      vertex 13.1021 -18.9687 80.04
      vertex 15.1168 -19.8794 88.59
    endloop
  endfacet
  facet normal -0.241689 -0.965015 -0.101654
    outer loop
      vertex 9.19471 -20.1703 88.59
      vertex 7.99308 -18.9687 80.04
      vertex 10.0324 -20.3801 88.59
    endloop
  endfacet
  facet normal -0.145686 -0.982319 -0.117578
    outer loop
      vertex 10.0324 -20.3801 88.59
      vertex 9.68504 -19.3052 80.04
      vertex 10.8867 -20.5068 88.59
    endloop
  endfacet
  facet normal 0.241718 0.965007 0.101653
    outer loop
      vertex 13.1021 -2.12651 80.05
      vertex 12.2644 -1.91668 80.05
      vertex 14.3037 -3.32814 88.6
    endloop
  endfacet
  facet normal 0.595414 0.80289 0.0291532
    outer loop
      vertex 16.1302 -3.7451 80.05
      vertex 16.6382 -4.43228 88.6
      vertex 17.3319 -4.94672 88.6
    endloop
  endfacet
  facet normal 0.59547 0.802849 0.0291466
    outer loop
      vertex 16.6382 -4.43228 88.6
      vertex 16.1302 -3.7451 80.05
      vertex 15.4366 -3.23066 80.05
    endloop
  endfacet
  facet normal -0.0486652 -0.990015 -0.132295
    outer loop
      vertex 10.5476 -19.3476 80.04
      vertex 10.8867 -20.5068 88.59
      vertex 9.68504 -19.3052 80.04
    endloop
  endfacet
  facet normal -0.0486686 -0.990015 -0.132295
    outer loop
      vertex 10.8867 -20.5068 88.59
      vertex 10.5476 -19.3476 80.04
      vertex 11.7492 -20.5492 88.59
    endloop
  endfacet
  facet normal -0.335644 -0.938175 -0.0846774
    outer loop
      vertex 8.3816 -19.8794 88.59
      vertex 7.99308 -18.9687 80.04
      vertex 9.19471 -20.1703 88.59
    endloop
  endfacet
  facet normal -0.0485533 0.988137 0.145697
    outer loop
      vertex 10.5476 -1.74759 80.05
      vertex 10.8867 -2.99159 88.6
      vertex 11.7492 -2.94921 88.6
    endloop
  endfacet
  facet normal -0.0485385 0.988138 0.145696
    outer loop
      vertex 10.8867 -2.99159 88.6
      vertex 10.5476 -1.74759 80.05
      vertex 9.68504 -1.78996 80.05
    endloop
  endfacet
  facet normal -0.1449 0.976807 0.157647
    outer loop
      vertex 9.68504 -1.78996 80.05
      vertex 8.83079 -1.91668 80.05
      vertex 10.8867 -2.99159 88.6
    endloop
  endfacet
  facet normal -0.504806 0.842218 0.189312
    outer loop
      vertex 6.3993 -2.78668 80.05
      vertex 6.8602 -4.43228 88.6
      vertex 7.60092 -3.98831 88.6
    endloop
  endfacet
  facet normal -0.504809 0.842217 0.189312
    outer loop
      vertex 6.8602 -4.43228 88.6
      vertex 6.3993 -2.78668 80.05
      vertex 5.65857 -3.23066 80.05
    endloop
  endfacet
  facet normal -0.901971 -0.426596 0.0668103
    outer loop
      vertex 3.61907 -15.1168 88.6
      vertex 2.41745 -13.9152 80.05
      vertex 3.98831 -15.8975 88.6
    endloop
  endfacet
  facet normal -0.146704 -0.98918 0
    outer loop
      vertex 10.0324 -20.3801 88.59
      vertex 10.8867 -20.5068 88.6
      vertex 10.0324 -20.3801 88.6
    endloop
  endfacet
  facet normal -0.146704 -0.98918 -0
    outer loop
      vertex 10.8867 -20.5068 88.6
      vertex 10.0324 -20.3801 88.59
      vertex 10.8867 -20.5068 88.59
    endloop
  endfacet
  facet normal 0.956245 -0.239489 -0.168046
    outer loop
      vertex 20.3801 -13.466 88.59
      vertex 18.9687 -13.1021 80.04
      vertex 19.1785 -12.2644 80.04
    endloop
  endfacet
  facet normal -0.144881 0.97681 0.157643
    outer loop
      vertex 10.8867 -2.99159 88.6
      vertex 8.83079 -1.91668 80.05
      vertex 10.0324 -3.1183 88.6
    endloop
  endfacet
  facet normal 0.146721 -0.989178 0
    outer loop
      vertex 12.6118 -20.5068 88.59
      vertex 13.466 -20.3801 88.6
      vertex 12.6118 -20.5068 88.6
    endloop
  endfacet
  facet normal 0.146721 -0.989178 0
    outer loop
      vertex 13.466 -20.3801 88.6
      vertex 12.6118 -20.5068 88.59
      vertex 13.466 -20.3801 88.59
    endloop
  endfacet
  facet normal 0.145709 0.982316 0.117577
    outer loop
      vertex 12.2644 -1.91668 80.05
      vertex 11.4101 -1.78996 80.05
      vertex 12.6118 -2.99159 88.6
    endloop
  endfacet
  facet normal -0.595665 -0.803233 0
    outer loop
      vertex 6.16655 -18.5517 88.59
      vertex 6.8602 -19.0661 88.6
      vertex 6.16655 -18.5517 88.6
    endloop
  endfacet
  facet normal -0.595665 -0.803233 -0
    outer loop
      vertex 6.8602 -19.0661 88.6
      vertex 6.16655 -18.5517 88.59
      vertex 6.8602 -19.0661 88.59
    endloop
  endfacet
  facet normal -0.956233 0.239535 0.168053
    outer loop
      vertex 3.32814 -9.19471 88.6
      vertex 1.91668 -8.83079 80.05
      vertex 3.1183 -10.0324 88.6
    endloop
  endfacet
  facet normal -0.938163 -0.335678 0.0846743
    outer loop
      vertex 3.32814 -14.3037 88.6
      vertex 2.41745 -13.9152 80.05
      vertex 3.61907 -15.1168 88.6
    endloop
  endfacet
  facet normal 0.803233 0.595665 0
    outer loop
      vertex 19.0661 -6.8602 88.6
      vertex 18.5517 -6.16655 88.59
      vertex 18.5517 -6.16655 88.6
    endloop
  endfacet
  facet normal 0.803233 0.595665 0
    outer loop
      vertex 18.5517 -6.16655 88.59
      vertex 19.0661 -6.8602 88.6
      vertex 19.0661 -6.8602 88.59
    endloop
  endfacet
  facet normal -0.514128 -0.857714 0
    outer loop
      vertex 6.8602 -19.0661 88.59
      vertex 7.60092 -19.5101 88.6
      vertex 6.8602 -19.0661 88.6
    endloop
  endfacet
  facet normal -0.514128 -0.857714 -0
    outer loop
      vertex 7.60092 -19.5101 88.6
      vertex 6.8602 -19.0661 88.59
      vertex 7.60092 -19.5101 88.59
    endloop
  endfacet
  facet normal 0.97681 -0.144886 -0.157643
    outer loop
      vertex 20.3801 -13.466 88.59
      vertex 19.3052 -11.4101 80.04
      vertex 20.5068 -12.6118 88.59
    endloop
  endfacet
  facet normal 0.144886 -0.97681 -0.157643
    outer loop
      vertex 12.6118 -20.5068 88.59
      vertex 11.4101 -19.3052 80.04
      vertex 13.466 -20.3801 88.59
    endloop
  endfacet
  facet normal 0.941556 -0.336857 0
    outer loop
      vertex 19.8794 -15.1168 88.6
      vertex 20.1703 -14.3037 88.59
      vertex 20.1703 -14.3037 88.6
    endloop
  endfacet
  facet normal 0.941556 -0.336857 0
    outer loop
      vertex 20.1703 -14.3037 88.59
      vertex 19.8794 -15.1168 88.6
      vertex 19.8794 -15.1168 88.59
    endloop
  endfacet
  facet normal -0.335746 -0.938139 -0.0846689
    outer loop
      vertex 8.3816 -19.8794 88.59
      vertex 7.17997 -18.6777 80.04
      vertex 7.99308 -18.9687 80.04
    endloop
  endfacet
  facet normal 0.740992 -0.671513 0
    outer loop
      vertex 17.9718 -17.9718 88.6
      vertex 18.5517 -17.3319 88.59
      vertex 18.5517 -17.3319 88.6
    endloop
  endfacet
  facet normal 0.740992 -0.671513 0
    outer loop
      vertex 18.5517 -17.3319 88.59
      vertex 17.9718 -17.9718 88.6
      vertex 17.9718 -17.9718 88.59
    endloop
  endfacet
  facet normal 0.965015 0.241689 -0.101654
    outer loop
      vertex 20.3801 -10.0324 88.59
      vertex 18.9687 -7.99308 80.04
      vertex 20.1703 -9.19471 88.59
    endloop
  endfacet
  facet normal 0.976813 -0.14487 -0.157639
    outer loop
      vertex 20.3801 -13.466 88.59
      vertex 19.1785 -12.2644 80.04
      vertex 19.3052 -11.4101 80.04
    endloop
  endfacet
  facet normal 0.802887 0.595417 -0.029156
    outer loop
      vertex 18.5517 -6.16655 88.59
      vertex 17.8645 -5.65857 80.04
      vertex 17.3501 -4.96493 80.04
    endloop
  endfacet
  facet normal 0.802891 0.595412 -0.0291567
    outer loop
      vertex 17.8645 -5.65857 80.04
      vertex 18.5517 -6.16655 88.59
      vertex 19.0661 -6.8602 88.59
    endloop
  endfacet
  facet normal -0.671557 -0.740889 -0.00975094
    outer loop
      vertex 4.96493 -17.3501 80.04
      vertex 5.52667 -17.9718 88.59
      vertex 4.32505 -16.7701 80.04
    endloop
  endfacet
  facet normal -0.671493 -0.740947 -0.0097593
    outer loop
      vertex 5.52667 -17.9718 88.59
      vertex 4.96493 -17.3501 80.04
      vertex 6.16655 -18.5517 88.59
    endloop
  endfacet
  facet normal -0.888564 0.42026 0.183944
    outer loop
      vertex 2.78668 -6.3993 80.05
      vertex 2.41745 -7.17997 80.05
      vertex 3.98831 -7.60092 88.6
    endloop
  endfacet
  facet normal -0.926703 0.331585 0.176842
    outer loop
      vertex 2.41745 -7.17997 80.05
      vertex 2.12651 -7.99308 80.05
      vertex 3.32814 -9.19471 88.6
    endloop
  endfacet
  facet normal 0.331648 -0.926678 -0.176854
    outer loop
      vertex 15.1168 -19.8794 88.59
      vertex 13.1021 -18.9687 80.04
      vertex 13.9152 -18.6777 80.04
    endloop
  endfacet
  facet normal -0.513524 -0.856718 -0.04823
    outer loop
      vertex 6.3993 -18.3085 80.04
      vertex 6.8602 -19.0661 88.59
      vertex 5.65857 -17.8645 80.04
    endloop
  endfacet
  facet normal -0.51353 -0.856715 -0.0482295
    outer loop
      vertex 6.8602 -19.0661 88.59
      vertex 6.3993 -18.3085 80.04
      vertex 7.60092 -19.5101 88.59
    endloop
  endfacet
  facet normal -0.420265 0.888562 0.183943
    outer loop
      vertex 8.3816 -3.61907 88.6
      vertex 7.17997 -2.41745 80.05
      vertex 7.60092 -3.98831 88.6
    endloop
  endfacet
  facet normal 0.726752 -0.658722 -0.19472
    outer loop
      vertex 18.5517 -17.3319 88.59
      vertex 16.7701 -16.7701 80.04
      vertex 17.3501 -16.1302 80.04
    endloop
  endfacet
  facet normal 0.726808 -0.658659 -0.194727
    outer loop
      vertex 16.7701 -16.7701 80.04
      vertex 18.5517 -17.3319 88.59
      vertex 17.9718 -17.9718 88.59
    endloop
  endfacet
  facet normal -0.956237 0.239519 0.168053
    outer loop
      vertex 2.12651 -7.99308 80.05
      vertex 1.91668 -8.83079 80.05
      vertex 3.32814 -9.19471 88.6
    endloop
  endfacet
  facet normal -0.982315 -0.145714 0.117577
    outer loop
      vertex 2.99159 -12.6118 88.6
      vertex 1.91668 -12.2644 80.05
      vertex 3.1183 -13.466 88.6
    endloop
  endfacet
  facet normal -0.976807 0.1449 0.157647
    outer loop
      vertex 1.91668 -8.83079 80.05
      vertex 1.78996 -9.68504 80.05
      vertex 2.99159 -10.8867 88.6
    endloop
  endfacet
  facet normal 0.938139 0.335746 -0.0846689
    outer loop
      vertex 18.9687 -7.99308 80.04
      vertex 18.6777 -7.17997 80.04
      vertex 19.8794 -8.3816 88.59
    endloop
  endfacet
  facet normal 0.740889 0.671557 -0.00975094
    outer loop
      vertex 17.9718 -5.52667 88.59
      vertex 17.3501 -4.96493 80.04
      vertex 16.7701 -4.32505 80.04
    endloop
  endfacet
  facet normal 0.740947 0.671493 -0.0097593
    outer loop
      vertex 17.3501 -4.96493 80.04
      vertex 17.9718 -5.52667 88.59
      vertex 18.5517 -6.16655 88.59
    endloop
  endfacet
  facet normal -0.856719 -0.513523 0.0482352
    outer loop
      vertex 3.23066 -15.4366 80.05
      vertex 3.98831 -15.8975 88.6
      vertex 2.78668 -14.6959 80.05
    endloop
  endfacet
  facet normal -0.856724 -0.513514 0.0482361
    outer loop
      vertex 3.98831 -15.8975 88.6
      vertex 3.23066 -15.4366 80.05
      vertex 4.43228 -16.6382 88.6
    endloop
  endfacet
  facet normal -0.584506 0.788124 0.19291
    outer loop
      vertex 5.65857 -3.23066 80.05
      vertex 6.16655 -4.94672 88.6
      vertex 6.8602 -4.43228 88.6
    endloop
  endfacet
  facet normal -0.584511 0.78812 0.19291
    outer loop
      vertex 6.16655 -4.94672 88.6
      vertex 5.65857 -3.23066 80.05
      vertex 4.96493 -3.7451 80.05
    endloop
  endfacet
  facet normal -0.426662 -0.901941 -0.0667937
    outer loop
      vertex 7.60092 -19.5101 88.59
      vertex 6.3993 -18.3085 80.04
      vertex 8.3816 -19.8794 88.59
    endloop
  endfacet
  facet normal 0.671513 -0.740992 0
    outer loop
      vertex 17.3319 -18.5517 88.59
      vertex 17.9718 -17.9718 88.6
      vertex 17.3319 -18.5517 88.6
    endloop
  endfacet
  facet normal 0.671513 -0.740992 0
    outer loop
      vertex 17.9718 -17.9718 88.6
      vertex 17.3319 -18.5517 88.59
      vertex 17.9718 -17.9718 88.59
    endloop
  endfacet
  facet normal -0.726771 0.658703 0.194715
    outer loop
      vertex 3.7451 -4.96493 80.05
      vertex 5.52667 -5.52667 88.6
      vertex 4.32505 -4.32505 80.05
    endloop
  endfacet
  facet normal -0.726771 0.658703 0.194715
    outer loop
      vertex 5.52667 -5.52667 88.6
      vertex 3.7451 -4.96493 80.05
      vertex 4.94672 -6.16655 88.6
    endloop
  endfacet
  facet normal -0.97681 0.144881 0.157643
    outer loop
      vertex 3.1183 -10.0324 88.6
      vertex 1.91668 -8.83079 80.05
      vertex 2.99159 -10.8867 88.6
    endloop
  endfacet
  facet normal 0.88854 -0.420312 -0.183943
    outer loop
      vertex 19.5101 -15.8975 88.59
      vertex 18.3085 -14.6959 80.04
      vertex 19.8794 -15.1168 88.59
    endloop
  endfacet
  facet normal 0.0485762 -0.988136 -0.145697
    outer loop
      vertex 11.4101 -19.3052 80.04
      vertex 11.7492 -20.5492 88.59
      vertex 10.5476 -19.3476 80.04
    endloop
  endfacet
  facet normal 0.0485706 -0.988136 -0.145697
    outer loop
      vertex 11.7492 -20.5492 88.59
      vertex 11.4101 -19.3052 80.04
      vertex 12.6118 -20.5068 88.59
    endloop
  endfacet
  facet normal -0.145695 -0.982318 -0.117577
    outer loop
      vertex 10.0324 -20.3801 88.59
      vertex 8.83079 -19.1785 80.04
      vertex 9.68504 -19.3052 80.04
    endloop
  endfacet
  facet normal 0.239489 -0.956245 -0.168046
    outer loop
      vertex 13.466 -20.3801 88.59
      vertex 13.1021 -18.9687 80.04
      vertex 14.3037 -20.1703 88.59
    endloop
  endfacet
  facet normal -0.426572 -0.901982 -0.0668223
    outer loop
      vertex 8.3816 -19.8794 88.59
      vertex 6.3993 -18.3085 80.04
      vertex 7.17997 -18.6777 80.04
    endloop
  endfacet
  facet normal 0.671513 0.740928 0.00974932
    outer loop
      vertex 16.7701 -4.32505 80.05
      vertex 17.3319 -4.94672 88.6
      vertex 17.9718 -5.52667 88.6
    endloop
  endfacet
  facet normal 0.671513 0.740928 0.00974932
    outer loop
      vertex 17.3319 -4.94672 88.6
      vertex 16.7701 -4.32505 80.05
      vertex 16.1302 -3.7451 80.05
    endloop
  endfacet
  facet normal -0.331585 0.926703 0.176842
    outer loop
      vertex 7.99308 -2.12651 80.05
      vertex 7.17997 -2.41745 80.05
      vertex 9.19471 -3.32814 88.6
    endloop
  endfacet
  facet normal 0.336857 -0.941556 0
    outer loop
      vertex 14.3037 -20.1703 88.59
      vertex 15.1168 -19.8794 88.6
      vertex 14.3037 -20.1703 88.6
    endloop
  endfacet
  facet normal 0.336857 -0.941556 0
    outer loop
      vertex 15.1168 -19.8794 88.6
      vertex 14.3037 -20.1703 88.59
      vertex 15.1168 -19.8794 88.59
    endloop
  endfacet
  facet normal -0.671525 -0.740982 0
    outer loop
      vertex 5.52667 -17.9718 88.59
      vertex 6.16655 -18.5517 88.6
      vertex 5.52667 -17.9718 88.6
    endloop
  endfacet
  facet normal -0.671525 -0.740982 -0
    outer loop
      vertex 6.16655 -18.5517 88.6
      vertex 5.52667 -17.9718 88.59
      vertex 6.16655 -18.5517 88.59
    endloop
  endfacet
  facet normal -0.70713 -0.707083 0
    outer loop
      vertex 4.32505 -16.7701 80.05
      vertex 5.52667 -17.9718 88.59
      vertex 5.52667 -17.9718 88.6
    endloop
  endfacet
  facet normal -0.70713 -0.707083 0
    outer loop
      vertex 5.52667 -17.9718 88.59
      vertex 4.32505 -16.7701 80.05
      vertex 4.32505 -16.7701 80.04
    endloop
  endfacet
  facet normal 0.97004 0.242947 0
    outer loop
      vertex 20.3801 -10.0324 88.6
      vertex 20.1703 -9.19471 88.59
      vertex 20.1703 -9.19471 88.6
    endloop
  endfacet
  facet normal 0.97004 0.242947 0
    outer loop
      vertex 20.1703 -9.19471 88.59
      vertex 20.3801 -10.0324 88.6
      vertex 20.3801 -10.0324 88.59
    endloop
  endfacet
  facet normal -0.990016 -0.0486342 0.132302
    outer loop
      vertex 1.78996 -11.4101 80.05
      vertex 2.94921 -11.7492 88.6
      vertex 1.74759 -10.5476 80.05
    endloop
  endfacet
  facet normal -0.990015 -0.04864 0.132302
    outer loop
      vertex 2.94921 -11.7492 88.6
      vertex 1.78996 -11.4101 80.05
      vertex 2.99159 -12.6118 88.6
    endloop
  endfacet
  facet normal 0.420312 -0.88854 -0.183943
    outer loop
      vertex 15.1168 -19.8794 88.59
      vertex 14.6959 -18.3085 80.04
      vertex 15.8975 -19.5101 88.59
    endloop
  endfacet
  facet normal 0.941557 0.336854 0
    outer loop
      vertex 20.1703 -9.19471 88.6
      vertex 19.8794 -8.3816 88.59
      vertex 19.8794 -8.3816 88.6
    endloop
  endfacet
  facet normal 0.941557 0.336854 0
    outer loop
      vertex 19.8794 -8.3816 88.59
      vertex 20.1703 -9.19471 88.6
      vertex 20.1703 -9.19471 88.59
    endloop
  endfacet
  facet normal -0.842217 0.504809 0.189312
    outer loop
      vertex 2.78668 -6.3993 80.05
      vertex 4.43228 -6.8602 88.6
      vertex 3.23066 -5.65857 80.05
    endloop
  endfacet
  facet normal -0.842218 0.504806 0.189312
    outer loop
      vertex 4.43228 -6.8602 88.6
      vertex 2.78668 -6.3993 80.05
      vertex 3.98831 -7.60092 88.6
    endloop
  endfacet
  facet normal -0.988138 0.0485385 0.145696
    outer loop
      vertex 1.74759 -10.5476 80.05
      vertex 2.99159 -10.8867 88.6
      vertex 1.78996 -9.68504 80.05
    endloop
  endfacet
  facet normal -0.988137 0.0485533 0.145697
    outer loop
      vertex 2.99159 -10.8867 88.6
      vertex 1.74759 -10.5476 80.05
      vertex 2.94921 -11.7492 88.6
    endloop
  endfacet
  facet normal 0.926678 -0.331648 -0.176854
    outer loop
      vertex 19.8794 -15.1168 88.59
      vertex 18.6777 -13.9152 80.04
      vertex 18.9687 -13.1021 80.04
    endloop
  endfacet
  facet normal 0.504841 -0.842198 -0.18931
    outer loop
      vertex 15.4366 -17.8645 80.04
      vertex 15.8975 -19.5101 88.59
      vertex 14.6959 -18.3085 80.04
    endloop
  endfacet
  facet normal 0.504841 -0.842198 -0.18931
    outer loop
      vertex 15.8975 -19.5101 88.59
      vertex 15.4366 -17.8645 80.04
      vertex 16.6382 -19.0661 88.59
    endloop
  endfacet
  facet normal -0.965005 -0.241729 0.10165
    outer loop
      vertex 3.1183 -13.466 88.6
      vertex 1.91668 -12.2644 80.05
      vertex 3.32814 -14.3037 88.6
    endloop
  endfacet
  facet normal 0.427608 -0.903964 0
    outer loop
      vertex 15.1168 -19.8794 88.59
      vertex 15.8975 -19.5101 88.6
      vertex 15.1168 -19.8794 88.6
    endloop
  endfacet
  facet normal 0.427608 -0.903964 0
    outer loop
      vertex 15.8975 -19.5101 88.6
      vertex 15.1168 -19.8794 88.59
      vertex 15.8975 -19.5101 88.59
    endloop
  endfacet
  facet normal 0.514138 -0.857707 0
    outer loop
      vertex 15.8975 -19.5101 88.59
      vertex 16.6382 -19.0661 88.6
      vertex 15.8975 -19.5101 88.6
    endloop
  endfacet
  facet normal 0.514138 -0.857707 0
    outer loop
      vertex 16.6382 -19.0661 88.6
      vertex 15.8975 -19.5101 88.59
      vertex 16.6382 -19.0661 88.59
    endloop
  endfacet
  facet normal -0.802849 -0.59547 0.0291466
    outer loop
      vertex 3.7451 -16.1302 80.05
      vertex 4.43228 -16.6382 88.6
      vertex 3.23066 -15.4366 80.05
    endloop
  endfacet
  facet normal -0.80289 -0.595414 0.0291532
    outer loop
      vertex 4.43228 -16.6382 88.6
      vertex 3.7451 -16.1302 80.05
      vertex 4.94672 -17.3319 88.6
    endloop
  endfacet
  facet normal -0.740928 -0.671513 0.00974932
    outer loop
      vertex 4.32505 -16.7701 80.05
      vertex 4.94672 -17.3319 88.6
      vertex 3.7451 -16.1302 80.05
    endloop
  endfacet
  facet normal -0.740928 -0.671513 0.00974932
    outer loop
      vertex 4.94672 -17.3319 88.6
      vertex 4.32505 -16.7701 80.05
      vertex 5.52667 -17.9718 88.6
    endloop
  endfacet
  facet normal 0.97004 -0.242944 0
    outer loop
      vertex 20.1703 -14.3037 88.6
      vertex 20.3801 -13.466 88.59
      vertex 20.3801 -13.466 88.6
    endloop
  endfacet
  facet normal 0.97004 -0.242944 0
    outer loop
      vertex 20.3801 -13.466 88.59
      vertex 20.1703 -14.3037 88.6
      vertex 20.1703 -14.3037 88.59
    endloop
  endfacet
  facet normal 0.0490944 -0.998794 0
    outer loop
      vertex 11.7492 -20.5492 88.59
      vertex 12.6118 -20.5068 88.6
      vertex 11.7492 -20.5492 88.6
    endloop
  endfacet
  facet normal 0.0490944 -0.998794 0
    outer loop
      vertex 12.6118 -20.5068 88.6
      vertex 11.7492 -20.5492 88.59
      vertex 12.6118 -20.5068 88.59
    endloop
  endfacet
  facet normal 0.242944 -0.97004 0
    outer loop
      vertex 13.466 -20.3801 88.59
      vertex 14.3037 -20.1703 88.6
      vertex 13.466 -20.3801 88.6
    endloop
  endfacet
  facet normal 0.242944 -0.97004 0
    outer loop
      vertex 14.3037 -20.1703 88.6
      vertex 13.466 -20.3801 88.59
      vertex 14.3037 -20.1703 88.59
    endloop
  endfacet
  facet normal 0.803254 -0.595637 0
    outer loop
      vertex 18.5517 -17.3319 88.6
      vertex 19.0661 -16.6382 88.59
      vertex 19.0661 -16.6382 88.6
    endloop
  endfacet
  facet normal 0.803254 -0.595637 0
    outer loop
      vertex 19.0661 -16.6382 88.59
      vertex 18.5517 -17.3319 88.6
      vertex 18.5517 -17.3319 88.59
    endloop
  endfacet
  facet normal -0.93816 -0.335688 0.0846734
    outer loop
      vertex 3.32814 -14.3037 88.6
      vertex 2.12651 -13.1021 80.05
      vertex 2.41745 -13.9152 80.05
    endloop
  endfacet
  facet normal -0.965007 -0.241718 0.101653
    outer loop
      vertex 3.32814 -14.3037 88.6
      vertex 1.91668 -12.2644 80.05
      vertex 2.12651 -13.1021 80.05
    endloop
  endfacet
  facet normal 0.595637 -0.803254 0
    outer loop
      vertex 16.6382 -19.0661 88.59
      vertex 17.3319 -18.5517 88.6
      vertex 16.6382 -19.0661 88.6
    endloop
  endfacet
  facet normal 0.595637 -0.803254 0
    outer loop
      vertex 17.3319 -18.5517 88.6
      vertex 16.6382 -19.0661 88.59
      vertex 17.3319 -18.5517 88.59
    endloop
  endfacet
  facet normal 0.98918 0.146704 0
    outer loop
      vertex 20.5068 -10.8867 88.6
      vertex 20.3801 -10.0324 88.59
      vertex 20.3801 -10.0324 88.6
    endloop
  endfacet
  facet normal 0.98918 0.146704 0
    outer loop
      vertex 20.3801 -10.0324 88.59
      vertex 20.5068 -10.8867 88.6
      vertex 20.5068 -10.8867 88.59
    endloop
  endfacet
  facet normal -0.78812 0.584511 0.19291
    outer loop
      vertex 3.23066 -5.65857 80.05
      vertex 4.94672 -6.16655 88.6
      vertex 3.7451 -4.96493 80.05
    endloop
  endfacet
  facet normal -0.788124 0.584506 0.19291
    outer loop
      vertex 4.94672 -6.16655 88.6
      vertex 3.23066 -5.65857 80.05
      vertex 4.43228 -6.8602 88.6
    endloop
  endfacet
  facet normal 0.658722 -0.726752 -0.19472
    outer loop
      vertex 16.7701 -16.7701 80.04
      vertex 17.3319 -18.5517 88.59
      vertex 16.1302 -17.3501 80.04
    endloop
  endfacet
  facet normal 0.658659 -0.726808 -0.194727
    outer loop
      vertex 17.3319 -18.5517 88.59
      vertex 16.7701 -16.7701 80.04
      vertex 17.9718 -17.9718 88.59
    endloop
  endfacet
  facet normal 0.14487 -0.976813 -0.157639
    outer loop
      vertex 13.466 -20.3801 88.59
      vertex 11.4101 -19.3052 80.04
      vertex 12.2644 -19.1785 80.04
    endloop
  endfacet
  facet normal 0.239489 -0.956245 -0.168046
    outer loop
      vertex 13.466 -20.3801 88.59
      vertex 12.2644 -19.1785 80.04
      vertex 13.1021 -18.9687 80.04
    endloop
  endfacet
  facet normal 0.903964 -0.427608 0
    outer loop
      vertex 19.5101 -15.8975 88.6
      vertex 19.8794 -15.1168 88.59
      vertex 19.8794 -15.1168 88.6
    endloop
  endfacet
  facet normal 0.903964 -0.427608 0
    outer loop
      vertex 19.8794 -15.1168 88.59
      vertex 19.5101 -15.8975 88.6
      vertex 19.5101 -15.8975 88.59
    endloop
  endfacet
  facet normal 0.998794 0.0491001 0
    outer loop
      vertex 20.5492 -11.7492 88.6
      vertex 20.5068 -10.8867 88.59
      vertex 20.5068 -10.8867 88.6
    endloop
  endfacet
  facet normal 0.998794 0.0491001 0
    outer loop
      vertex 20.5068 -10.8867 88.59
      vertex 20.5492 -11.7492 88.6
      vertex 20.5492 -11.7492 88.59
    endloop
  endfacet
  facet normal 0.938175 0.335644 -0.0846774
    outer loop
      vertex 20.1703 -9.19471 88.59
      vertex 18.9687 -7.99308 80.04
      vertex 19.8794 -8.3816 88.59
    endloop
  endfacet
  facet normal 0.989178 -0.146721 0
    outer loop
      vertex 20.3801 -13.466 88.6
      vertex 20.5068 -12.6118 88.59
      vertex 20.5068 -12.6118 88.6
    endloop
  endfacet
  facet normal 0.989178 -0.146721 0
    outer loop
      vertex 20.5068 -12.6118 88.59
      vertex 20.3801 -13.466 88.6
      vertex 20.3801 -13.466 88.59
    endloop
  endfacet
  facet normal 0.982318 0.145695 -0.117577
    outer loop
      vertex 19.3052 -9.68504 80.04
      vertex 19.1785 -8.83079 80.04
      vertex 20.3801 -10.0324 88.59
    endloop
  endfacet
  facet normal 0.965016 0.241683 -0.101655
    outer loop
      vertex 19.1785 -8.83079 80.04
      vertex 18.9687 -7.99308 80.04
      vertex 20.3801 -10.0324 88.59
    endloop
  endfacet
  facet normal 0.901982 0.426572 -0.0668223
    outer loop
      vertex 18.6777 -7.17997 80.04
      vertex 18.3085 -6.3993 80.04
      vertex 19.8794 -8.3816 88.59
    endloop
  endfacet
  facet normal 0.90396 0.427617 0
    outer loop
      vertex 19.8794 -8.3816 88.6
      vertex 19.5101 -7.60092 88.59
      vertex 19.5101 -7.60092 88.6
    endloop
  endfacet
  facet normal 0.90396 0.427617 0
    outer loop
      vertex 19.5101 -7.60092 88.59
      vertex 19.8794 -8.3816 88.6
      vertex 19.8794 -8.3816 88.59
    endloop
  endfacet
  facet normal 0.842198 -0.504841 -0.18931
    outer loop
      vertex 19.5101 -15.8975 88.59
      vertex 17.8645 -15.4366 80.04
      vertex 18.3085 -14.6959 80.04
    endloop
  endfacet
  facet normal 0.842198 -0.504841 -0.18931
    outer loop
      vertex 17.8645 -15.4366 80.04
      vertex 19.5101 -15.8975 88.59
      vertex 19.0661 -16.6382 88.59
    endloop
  endfacet
  facet normal 0.857714 0.514128 0
    outer loop
      vertex 19.5101 -7.60092 88.6
      vertex 19.0661 -6.8602 88.59
      vertex 19.0661 -6.8602 88.6
    endloop
  endfacet
  facet normal 0.857714 0.514128 0
    outer loop
      vertex 19.0661 -6.8602 88.59
      vertex 19.5101 -7.60092 88.6
      vertex 19.5101 -7.60092 88.59
    endloop
  endfacet
  facet normal -0.329467 -0.920915 0.208247
    outer loop
      vertex 9.84199 -19.7574 91.45
      vertex 9.10742 -19.4946 91.45
      vertex 9.19471 -20.1703 88.6
    endloop
  endfacet
  facet normal 0.985186 -0.016147 0.170728
    outer loop
      vertex 20.0617 -11.3719 91.4488
      vertex 20.5492 -11.7492 88.6
      vertex 20.0616 -11.3706 91.4495
    endloop
  endfacet
  facet normal 0.985563 0.04841 0.162243
    outer loop
      vertex 20.5492 -11.7492 88.6
      vertex 20.0617 -11.3719 91.4488
      vertex 20.0999 -12.1496 91.4488
    endloop
  endfacet
  facet normal 0.791082 0.570588 0.220494
    outer loop
      vertex 20.0616 -11.3706 91.4495
      vertex 20.5068 -10.8867 88.6
      vertex 20.0615 -11.3705 91.4496
    endloop
  endfacet
  facet normal 0.985566 0.0484499 0.162211
    outer loop
      vertex 20.5068 -10.8867 88.6
      vertex 20.0616 -11.3706 91.4495
      vertex 20.5492 -11.7492 88.6
    endloop
  endfacet
  facet normal -0.575253 -0.775719 0.259505
    outer loop
      vertex 7.10633 -18.2952 91.45
      vertex 6.8602 -19.0661 88.6
      vertex 7.73297 -18.7599 91.45
    endloop
  endfacet
  facet normal 0.401655 0.849237 0.342739
    outer loop
      vertex 15.8975 -3.98831 88.6
      vertex 15.1168 -3.61907 88.6
      vertex 15.8974 -5.13848 91.45
    endloop
  endfacet
  facet normal 0.853 -0.511341 0.104503
    outer loop
      vertex 18.7604 -16.5666 91.4456
      vertex 19.0661 -16.6382 88.6
      vertex 19.1609 -15.8985 91.4456
    endloop
  endfacet
  facet normal 0.592707 -0.799093 0.100739
    outer loop
      vertex 16.567 -18.7602 91.4454
      vertex 16.6382 -19.0661 88.6
      vertex 17.1923 -18.2964 91.4454
    endloop
  endfacet
  facet normal 0.486389 -0.86736 0.105418
    outer loop
      vertex 16.6382 -19.0661 88.6
      vertex 16.567 -18.7602 91.4454
      vertex 16.5666 -18.7604 91.4456
    endloop
  endfacet
  facet normal -0.645275 -0.712017 0.276859
    outer loop
      vertex 7.10633 -18.2952 91.45
      vertex 5.52667 -17.9718 88.6
      vertex 6.16655 -18.5517 88.6
    endloop
  endfacet
  facet normal -0.329468 -0.920915 0.208247
    outer loop
      vertex 9.10742 -19.4946 91.45
      vertex 8.3816 -19.8794 88.6
      vertex 9.19471 -20.1703 88.6
    endloop
  endfacet
  facet normal 0.712006 0.645285 0.276866
    outer loop
      vertex 17.9718 -5.52667 88.6
      vertex 17.7713 -6.52826 91.45
      vertex 18.2952 -7.10633 91.45
    endloop
  endfacet
  facet normal 0.712017 0.645275 0.276859
    outer loop
      vertex 18.5517 -6.16655 88.6
      vertex 17.9718 -5.52667 88.6
      vertex 18.2952 -7.10633 91.45
    endloop
  endfacet
  facet normal 0.240996 -0.96226 0.126403
    outer loop
      vertex 14.3037 -20.1703 88.6
      vertex 14.4564 -19.7581 91.4468
      vertex 13.466 -20.3801 88.6
    endloop
  endfacet
  facet normal 0.215128 -0.968077 0.128633
    outer loop
      vertex 14.4564 -19.7581 91.4468
      vertex 14.3037 -20.1703 88.6
      vertex 14.4573 -19.7579 91.4468
    endloop
  endfacet
  facet normal -0.708207 -0.641858 0.294044
    outer loop
      vertex 6.00432 -17.1932 91.45
      vertex 4.94672 -17.3319 88.6
      vertex 6.52826 -17.7713 91.45
    endloop
  endfacet
  facet normal -0.878454 0.22004 0.424147
    outer loop
      vertex 4.54208 -9.84199 91.45
      vertex 3.32814 -9.19471 88.6
      vertex 4.35251 -10.5988 91.45
    endloop
  endfacet
  facet normal -0.763437 -0.566156 0.310856
    outer loop
      vertex 5.53957 -16.5665 91.45
      vertex 4.43228 -16.6382 88.6
      vertex 4.94672 -17.3319 88.6
    endloop
  endfacet
  facet normal -0.238424 -0.951979 0.19207
    outer loop
      vertex 9.84199 -19.7574 91.45
      vertex 9.19471 -20.1703 88.6
      vertex 10.0324 -20.3801 88.6
    endloop
  endfacet
  facet normal -0.0448353 0.91247 0.40668
    outer loop
      vertex 11.7492 -2.94921 88.6
      vertex 10.8867 -2.99159 88.6
      vertex 11.3705 -4.23804 91.45
    endloop
  endfacet
  facet normal -0.238491 -0.951963 0.192062
    outer loop
      vertex 10.5988 -19.947 91.45
      vertex 9.84199 -19.7574 91.45
      vertex 10.0324 -20.3801 88.6
    endloop
  endfacet
  facet normal 0.775716 0.575259 0.259504
    outer loop
      vertex 18.5517 -6.16655 88.6
      vertex 18.2952 -7.10633 91.45
      vertex 19.0661 -6.8602 88.6
    endloop
  endfacet
  facet normal -0.41665 -0.880775 0.22503
    outer loop
      vertex 9.10742 -19.4946 91.45
      vertex 7.60092 -19.5101 88.6
      vertex 8.3816 -19.8794 88.6
    endloop
  endfacet
  facet normal 0.96226 -0.240996 0.126403
    outer loop
      vertex 19.7581 -14.4564 91.4468
      vertex 20.1703 -14.3037 88.6
      vertex 20.3801 -13.466 88.6
    endloop
  endfacet
  facet normal 0.968077 -0.215128 0.128633
    outer loop
      vertex 20.1703 -14.3037 88.6
      vertex 19.7581 -14.4564 91.4468
      vertex 19.7579 -14.4573 91.4468
    endloop
  endfacet
  facet normal 0.987656 -0.048547 0.148923
    outer loop
      vertex 20.0618 -12.9282 91.4481
      vertex 20.5068 -12.6118 88.6
      vertex 20.5492 -11.7492 88.6
    endloop
  endfacet
  facet normal 0.988013 0 0.154372
    outer loop
      vertex 20.5068 -12.6118 88.6
      vertex 20.0618 -12.9282 91.4481
      vertex 20.0618 -12.9288 91.4481
    endloop
  endfacet
  facet normal -0.04841 -0.985563 0.162243
    outer loop
      vertex 11.3719 -20.0617 91.4488
      vertex 11.7492 -20.5492 88.6
      vertex 12.1496 -20.0999 91.4488
    endloop
  endfacet
  facet normal 0.016147 -0.985186 0.170728
    outer loop
      vertex 11.7492 -20.5492 88.6
      vertex 11.3719 -20.0617 91.4488
      vertex 11.3706 -20.0616 91.4495
    endloop
  endfacet
  facet normal 0 0 1
    outer loop
      vertex 17.1923 -18.2964 91.4454
      vertex 17.1934 -18.2956 91.4454
      vertex 17.1932 -18.2957 91.4454
    endloop
  endfacet
  facet normal 0.592605 -0.799164 0.100778
    outer loop
      vertex 17.3319 -18.5517 88.6
      vertex 17.1923 -18.2964 91.4454
      vertex 16.6382 -19.0661 88.6
    endloop
  endfacet
  facet normal 0.58517 -0.804609 0.100902
    outer loop
      vertex 17.1923 -18.2964 91.4454
      vertex 17.3319 -18.5517 88.6
      vertex 17.1934 -18.2956 91.4454
    endloop
  endfacet
  facet normal -0.575259 -0.775716 0.259504
    outer loop
      vertex 7.10633 -18.2952 91.45
      vertex 6.16655 -18.5517 88.6
      vertex 6.8602 -19.0661 88.6
    endloop
  endfacet
  facet normal -0.133427 0.899501 0.416047
    outer loop
      vertex 10.8867 -2.99159 88.6
      vertex 10.5988 -4.35251 91.45
      vertex 11.3705 -4.23804 91.45
    endloop
  endfacet
  facet normal -0.913209 -0.135461 0.384316
    outer loop
      vertex 4.23804 -12.929 91.45
      vertex 2.99159 -12.6118 88.6
      vertex 4.35251 -13.7007 91.45
    endloop
  endfacet
  facet normal 0.241041 -0.962251 0.126385
    outer loop
      vertex 13.7015 -19.9472 91.4468
      vertex 13.466 -20.3801 88.6
      vertex 14.4564 -19.7581 91.4468
    endloop
  endfacet
  facet normal 0.265321 -0.956223 0.12346
    outer loop
      vertex 13.466 -20.3801 88.6
      vertex 13.7015 -19.9472 91.4468
      vertex 13.7005 -19.9474 91.4474
    endloop
  endfacet
  facet normal 0.566153 0.763439 0.310856
    outer loop
      vertex 17.3319 -4.94672 88.6
      vertex 16.5665 -5.53957 91.45
      vertex 17.1932 -6.00432 91.45
    endloop
  endfacet
  facet normal -0.144397 -0.973624 0.176654
    outer loop
      vertex 10.5988 -19.947 91.45
      vertex 10.0324 -20.3801 88.6
      vertex 10.8867 -20.5068 88.6
    endloop
  endfacet
  facet normal 0.135461 0.913209 0.384316
    outer loop
      vertex 13.7007 -4.35251 91.45
      vertex 12.6118 -2.99159 88.6
      vertex 12.929 -4.23804 91.45
    endloop
  endfacet
  facet normal -0.849237 -0.401655 0.342739
    outer loop
      vertex 5.13848 -15.8974 91.45
      vertex 3.61907 -15.1168 88.6
      vertex 3.98831 -15.8975 88.6
    endloop
  endfacet
  facet normal 0.962252 -0.242605 0.123344
    outer loop
      vertex 20.0617 -12.9294 91.4477
      vertex 20.5068 -12.6118 88.6
      vertex 20.0618 -12.9288 91.4481
    endloop
  endfacet
  facet normal 0.979859 -0.145338 0.136944
    outer loop
      vertex 20.5068 -12.6118 88.6
      vertex 20.0617 -12.9294 91.4477
      vertex 20.3801 -13.466 88.6
    endloop
  endfacet
  facet normal 0.314617 0.879302 0.357551
    outer loop
      vertex 15.1168 -3.61907 88.6
      vertex 14.3037 -3.32814 88.6
      vertex 15.1921 -4.80491 91.45
    endloop
  endfacet
  facet normal 0.973624 0.144397 0.176654
    outer loop
      vertex 20.3801 -10.0324 88.6
      vertex 19.947 -10.5988 91.45
      vertex 20.5068 -10.8867 88.6
    endloop
  endfacet
  facet normal 0.425355 -0.898311 0.110051
    outer loop
      vertex 15.8975 -19.5101 88.6
      vertex 15.8979 -19.1613 91.4456
      vertex 15.8974 -19.1615 91.4459
    endloop
  endfacet
  facet normal 0.551842 -0.827763 0.101386
    outer loop
      vertex 15.8975 -19.5101 88.6
      vertex 15.8985 -19.1609 91.4456
      vertex 15.8979 -19.1613 91.4456
    endloop
  endfacet
  facet normal 0.511323 -0.853012 0.104498
    outer loop
      vertex 15.8985 -19.1609 91.4456
      vertex 15.8975 -19.5101 88.6
      vertex 16.6382 -19.0661 88.6
    endloop
  endfacet
  facet normal 0.898311 -0.425355 0.110051
    outer loop
      vertex 19.1613 -15.8979 91.4456
      vertex 19.5101 -15.8975 88.6
      vertex 19.1615 -15.8974 91.4459
    endloop
  endfacet
  facet normal 0.827763 -0.551842 0.101386
    outer loop
      vertex 19.1609 -15.8985 91.4456
      vertex 19.5101 -15.8975 88.6
      vertex 19.1613 -15.8979 91.4456
    endloop
  endfacet
  facet normal 0.853012 -0.511323 0.104498
    outer loop
      vertex 19.5101 -15.8975 88.6
      vertex 19.1609 -15.8985 91.4456
      vertex 19.0661 -16.6382 88.6
    endloop
  endfacet
  facet normal 0.314604 0.879305 0.357557
    outer loop
      vertex 15.1921 -4.80491 91.45
      vertex 14.3037 -3.32814 88.6
      vertex 14.4575 -4.54208 91.45
    endloop
  endfacet
  facet normal -0.66368 0.601521 0.444636
    outer loop
      vertex 5.52667 -5.52667 88.6
      vertex 4.94672 -6.16655 88.6
      vertex 6.52826 -6.52826 91.45
    endloop
  endfacet
  facet normal -0.461534 0.770024 0.44051
    outer loop
      vertex 7.60092 -3.98831 88.6
      vertex 6.8602 -4.43228 88.6
      vertex 8.40215 -5.13848 91.45
    endloop
  endfacet
  facet normal -0.900629 -0.225603 0.371444
    outer loop
      vertex 4.35251 -13.7007 91.45
      vertex 3.1183 -13.466 88.6
      vertex 3.32814 -14.3037 88.6
    endloop
  endfacet
  facet normal 0.832194 0.498809 0.242163
    outer loop
      vertex 19.0661 -6.8602 88.6
      vertex 18.7599 -7.73297 91.45
      vertex 19.161 -8.40215 91.45
    endloop
  endfacet
  facet normal 0.880775 0.41665 0.22503
    outer loop
      vertex 19.5101 -7.60092 88.6
      vertex 19.4946 -9.10742 91.45
      vertex 19.8794 -8.3816 88.6
    endloop
  endfacet
  facet normal 0.880791 0.416623 0.225016
    outer loop
      vertex 19.5101 -7.60092 88.6
      vertex 19.161 -8.40215 91.45
      vertex 19.4946 -9.10742 91.45
    endloop
  endfacet
  facet normal -0.810512 -0.485859 0.327126
    outer loop
      vertex 5.13848 -15.8974 91.45
      vertex 4.43228 -16.6382 88.6
      vertex 5.53957 -16.5665 91.45
    endloop
  endfacet
  facet normal -0.810533 -0.485827 0.327122
    outer loop
      vertex 5.13848 -15.8974 91.45
      vertex 3.98831 -15.8975 88.6
      vertex 4.43228 -16.6382 88.6
    endloop
  endfacet
  facet normal 0.641858 0.708207 0.294044
    outer loop
      vertex 17.3319 -4.94672 88.6
      vertex 17.1932 -6.00432 91.45
      vertex 17.7713 -6.52826 91.45
    endloop
  endfacet
  facet normal 0 -0.98779 0.155793
    outer loop
      vertex 11.7492 -20.5492 88.6
      vertex 12.1515 -20.1 91.4481
      vertex 12.1509 -20.1 91.4481
    endloop
  endfacet
  facet normal 0.0485754 -0.987657 0.148911
    outer loop
      vertex 12.1515 -20.1 91.4481
      vertex 11.7492 -20.5492 88.6
      vertex 12.9282 -20.0618 91.4481
    endloop
  endfacet
  facet normal 0.0726852 -0.986704 0.14537
    outer loop
      vertex 12.1503 -20.1 91.4484
      vertex 11.7492 -20.5492 88.6
      vertex 12.1509 -20.1 91.4481
    endloop
  endfacet
  facet normal -0.0481098 -0.985584 0.162204
    outer loop
      vertex 11.7492 -20.5492 88.6
      vertex 12.1503 -20.1 91.4484
      vertex 12.1496 -20.0999 91.4488
    endloop
  endfacet
  facet normal 0.048547 -0.987656 0.148923
    outer loop
      vertex 12.6118 -20.5068 88.6
      vertex 12.9282 -20.0618 91.4481
      vertex 11.7492 -20.5492 88.6
    endloop
  endfacet
  facet normal 0 -0.988013 0.154372
    outer loop
      vertex 12.9282 -20.0618 91.4481
      vertex 12.6118 -20.5068 88.6
      vertex 12.9288 -20.0618 91.4481
    endloop
  endfacet
  facet normal 0.990611 -0.0611403 0.122281
    outer loop
      vertex 20.0617 -12.93 91.4474
      vertex 20.3801 -13.466 88.6
      vertex 20.0617 -12.9294 91.4477
    endloop
  endfacet
  facet normal 0.970215 -0.194043 0.145018
    outer loop
      vertex 20.0616 -12.9305 91.4474
      vertex 20.3801 -13.466 88.6
      vertex 20.0617 -12.93 91.4474
    endloop
  endfacet
  facet normal 0.979862 -0.145325 0.136935
    outer loop
      vertex 20.3801 -13.466 88.6
      vertex 20.0616 -12.9305 91.4474
      vertex 19.9474 -13.7005 91.4474
    endloop
  endfacet
  facet normal -0.90063 -0.225598 0.371444
    outer loop
      vertex 4.35251 -13.7007 91.45
      vertex 3.32814 -14.3037 88.6
      vertex 4.54208 -14.4575 91.45
    endloop
  endfacet
  facet normal -0.384699 0.813364 0.436401
    outer loop
      vertex 8.3816 -3.61907 88.6
      vertex 7.60092 -3.98831 88.6
      vertex 9.10742 -4.80491 91.45
    endloop
  endfacet
  facet normal -0.719989 0.533983 0.443259
    outer loop
      vertex 6.00432 -7.10633 91.45
      vertex 4.94672 -6.16655 88.6
      vertex 5.53957 -7.73297 91.45
    endloop
  endfacet
  facet normal 0.951963 0.238491 0.192062
    outer loop
      vertex 20.3801 -10.0324 88.6
      vertex 19.7574 -9.84199 91.45
      vertex 19.947 -10.5988 91.45
    endloop
  endfacet
  facet normal 0.485859 0.810512 0.327126
    outer loop
      vertex 16.6382 -4.43228 88.6
      vertex 15.8974 -5.13848 91.45
      vertex 16.5665 -5.53957 91.45
    endloop
  endfacet
  facet normal -0.763439 -0.566153 0.310856
    outer loop
      vertex 5.53957 -16.5665 91.45
      vertex 4.94672 -17.3319 88.6
      vertex 6.00432 -17.1932 91.45
    endloop
  endfacet
  facet normal -0.663675 0.601529 0.444634
    outer loop
      vertex 6.52826 -6.52826 91.45
      vertex 4.94672 -6.16655 88.6
      vertex 6.00432 -7.10633 91.45
    endloop
  endfacet
  facet normal 0.737289 -0.6683 0.0988995
    outer loop
      vertex 18.2947 -17.1945 91.4453
      vertex 17.7716 -17.7716 91.4453
      vertex 17.9718 -17.9718 88.6
    endloop
  endfacet
  facet normal -0.917109 -0.0450669 0.39608
    outer loop
      vertex 4.19975 -12.1498 91.45
      vertex 2.94921 -11.7492 88.6
      vertex 4.23804 -12.929 91.45
    endloop
  endfacet
  facet normal 0.641858 0.708207 0.294044
    outer loop
      vertex 17.9718 -5.52667 88.6
      vertex 17.3319 -4.94672 88.6
      vertex 17.7713 -6.52826 91.45
    endloop
  endfacet
  facet normal 0.225603 0.900629 0.371444
    outer loop
      vertex 14.3037 -3.32814 88.6
      vertex 13.466 -3.1183 88.6
      vertex 13.7007 -4.35251 91.45
    endloop
  endfacet
  facet normal 0.485827 0.810533 0.327122
    outer loop
      vertex 15.8975 -3.98831 88.6
      vertex 15.8974 -5.13848 91.45
      vertex 16.6382 -4.43228 88.6
    endloop
  endfacet
  facet normal 0 0 1
    outer loop
      vertex 18.2947 -17.1945 91.4453
      vertex 18.2955 -17.1936 91.4453
      vertex 18.2952 -17.1939 91.4453
    endloop
  endfacet
  facet normal 0.868494 -0.485138 0.101783
    outer loop
      vertex 18.2955 -17.1936 91.4453
      vertex 18.5517 -17.3319 88.6
      vertex 18.2956 -17.1934 91.4454
    endloop
  endfacet
  facet normal 0.74373 -0.661093 0.0991013
    outer loop
      vertex 18.2947 -17.1945 91.4453
      vertex 18.5517 -17.3319 88.6
      vertex 18.2955 -17.1936 91.4453
    endloop
  endfacet
  facet normal 0.737362 -0.668223 0.0988704
    outer loop
      vertex 18.5517 -17.3319 88.6
      vertex 18.2947 -17.1945 91.4453
      vertex 17.9718 -17.9718 88.6
    endloop
  endfacet
  facet normal -0.533978 0.719994 0.443257
    outer loop
      vertex 6.8602 -4.43228 88.6
      vertex 6.16655 -4.94672 88.6
      vertex 7.73297 -5.53957 91.45
    endloop
  endfacet
  facet normal -0.645285 -0.712006 0.276866
    outer loop
      vertex 6.52826 -17.7713 91.45
      vertex 5.52667 -17.9718 88.6
      vertex 7.10633 -18.2952 91.45
    endloop
  endfacet
  facet normal -0.708207 -0.641858 0.294044
    outer loop
      vertex 6.52826 -17.7713 91.45
      vertex 4.94672 -17.3319 88.6
      vertex 5.52667 -17.9718 88.6
    endloop
  endfacet
  facet normal -0.913209 -0.135463 0.384315
    outer loop
      vertex 4.35251 -13.7007 91.45
      vertex 2.99159 -12.6118 88.6
      vertex 3.1183 -13.466 88.6
    endloop
  endfacet
  facet normal -0.849633 0.304 0.430939
    outer loop
      vertex 4.80491 -9.10742 91.45
      vertex 3.32814 -9.19471 88.6
      vertex 4.54208 -9.84199 91.45
    endloop
  endfacet
  facet normal 0.985584 0.0481098 0.162204
    outer loop
      vertex 20.1 -12.1503 91.4484
      vertex 20.5492 -11.7492 88.6
      vertex 20.0999 -12.1496 91.4488
    endloop
  endfacet
  facet normal 0.986704 -0.0726852 0.14537
    outer loop
      vertex 20.1 -12.1509 91.4481
      vertex 20.5492 -11.7492 88.6
      vertex 20.1 -12.1503 91.4484
    endloop
  endfacet
  facet normal 0.98779 -0 0.155793
    outer loop
      vertex 20.1 -12.1515 91.4481
      vertex 20.5492 -11.7492 88.6
      vertex 20.1 -12.1509 91.4481
    endloop
  endfacet
  facet normal 0.987657 -0.0485754 0.148911
    outer loop
      vertex 20.5492 -11.7492 88.6
      vertex 20.1 -12.1515 91.4481
      vertex 20.0618 -12.9282 91.4481
    endloop
  endfacet
  facet normal -0.498824 -0.832182 0.242171
    outer loop
      vertex 8.40215 -19.161 91.45
      vertex 6.8602 -19.0661 88.6
      vertex 7.60092 -19.5101 88.6
    endloop
  endfacet
  facet normal -0.416623 -0.880791 0.225016
    outer loop
      vertex 8.40215 -19.161 91.45
      vertex 7.60092 -19.5101 88.6
      vertex 9.10742 -19.4946 91.45
    endloop
  endfacet
  facet normal -0.770024 0.461534 0.44051
    outer loop
      vertex 4.43228 -6.8602 88.6
      vertex 3.98831 -7.60092 88.6
      vertex 5.13848 -8.40215 91.45
    endloop
  endfacet
  facet normal 0.889105 -0.444553 0.108924
    outer loop
      vertex 19.5101 -15.8975 88.6
      vertex 19.1621 -15.8962 91.4459
      vertex 19.1615 -15.8974 91.4459
    endloop
  endfacet
  facet normal 0.898472 -0.425011 0.11006
    outer loop
      vertex 19.1621 -15.8962 91.4459
      vertex 19.5101 -15.8975 88.6
      vertex 19.8794 -15.1168 88.6
    endloop
  endfacet
  facet normal -0.461534 0.770024 0.44051
    outer loop
      vertex 8.40215 -5.13848 91.45
      vertex 6.8602 -4.43228 88.6
      vertex 7.73297 -5.53957 91.45
    endloop
  endfacet
  facet normal 0.956223 -0.265321 0.12346
    outer loop
      vertex 19.9472 -13.7015 91.4468
      vertex 20.3801 -13.466 88.6
      vertex 19.9474 -13.7005 91.4474
    endloop
  endfacet
  facet normal 0.962251 -0.241041 0.126385
    outer loop
      vertex 20.3801 -13.466 88.6
      vertex 19.9472 -13.7015 91.4468
      vertex 19.7581 -14.4564 91.4468
    endloop
  endfacet
  facet normal 0.947054 -0.297339 0.121151
    outer loop
      vertex 19.7578 -14.4577 91.4466
      vertex 20.1703 -14.3037 88.6
      vertex 19.7579 -14.4573 91.4468
    endloop
  endfacet
  facet normal 0.899225 -0.424108 0.107362
    outer loop
      vertex 19.7576 -14.4582 91.4463
      vertex 20.1703 -14.3037 88.6
      vertex 19.7578 -14.4577 91.4466
    endloop
  endfacet
  facet normal 0.935057 -0.334487 0.117422
    outer loop
      vertex 20.1703 -14.3037 88.6
      vertex 19.7576 -14.4582 91.4463
      vertex 19.4955 -15.1909 91.4463
    endloop
  endfacet
  facet normal -0.91247 0.0448331 0.406681
    outer loop
      vertex 4.23804 -11.3705 91.45
      vertex 2.94921 -11.7492 88.6
      vertex 4.19975 -12.1498 91.45
    endloop
  endfacet
  facet normal 0.401646 0.849239 0.342743
    outer loop
      vertex 15.8974 -5.13848 91.45
      vertex 15.1168 -3.61907 88.6
      vertex 15.1921 -4.80491 91.45
    endloop
  endfacet
  facet normal 0.775719 0.575253 0.259505
    outer loop
      vertex 19.0661 -6.8602 88.6
      vertex 18.2952 -7.10633 91.45
      vertex 18.7599 -7.73297 91.45
    endloop
  endfacet
  facet normal 0.566156 0.763437 0.310856
    outer loop
      vertex 16.6382 -4.43228 88.6
      vertex 16.5665 -5.53957 91.45
      vertex 17.3319 -4.94672 88.6
    endloop
  endfacet
  facet normal -0.899501 0.133427 0.416047
    outer loop
      vertex 4.35251 -10.5988 91.45
      vertex 2.99159 -10.8867 88.6
      vertex 4.23804 -11.3705 91.45
    endloop
  endfacet
  facet normal 0.973211 0.147644 0.176244
    outer loop
      vertex 19.9473 -10.6003 91.4496
      vertex 20.5068 -10.8867 88.6
      vertex 19.947 -10.5988 91.45
    endloop
  endfacet
  facet normal 0.976179 0.122022 0.179402
    outer loop
      vertex 19.9474 -10.6011 91.4496
      vertex 20.5068 -10.8867 88.6
      vertex 19.9473 -10.6003 91.4496
    endloop
  endfacet
  facet normal 0.973624 0.144386 0.176659
    outer loop
      vertex 20.5068 -10.8867 88.6
      vertex 19.9474 -10.6011 91.4496
      vertex 20.0615 -11.3705 91.4496
    endloop
  endfacet
  facet normal -0.601521 0.66368 0.444636
    outer loop
      vertex 6.16655 -4.94672 88.6
      vertex 5.52667 -5.52667 88.6
      vertex 6.52826 -6.52826 91.45
    endloop
  endfacet
  facet normal -0.303998 0.849633 0.430939
    outer loop
      vertex 9.19471 -3.32814 88.6
      vertex 8.3816 -3.61907 88.6
      vertex 9.10742 -4.80491 91.45
    endloop
  endfacet
  facet normal -0.22005 0.87845 0.42415
    outer loop
      vertex 10.0324 -3.1183 88.6
      vertex 9.19471 -3.32814 88.6
      vertex 10.5988 -4.35251 91.45
    endloop
  endfacet
  facet normal 0.135463 0.913209 0.384315
    outer loop
      vertex 13.466 -3.1183 88.6
      vertex 12.6118 -2.99159 88.6
      vertex 13.7007 -4.35251 91.45
    endloop
  endfacet
  facet normal 0.511341 -0.853 0.104503
    outer loop
      vertex 16.6382 -19.0661 88.6
      vertex 16.5666 -18.7604 91.4456
      vertex 15.8985 -19.1609 91.4456
    endloop
  endfacet
  facet normal 0.832182 0.498824 0.242171
    outer loop
      vertex 19.5101 -7.60092 88.6
      vertex 19.0661 -6.8602 88.6
      vertex 19.161 -8.40215 91.45
    endloop
  endfacet
  facet normal -0.813366 0.384696 0.4364
    outer loop
      vertex 5.13848 -8.40215 91.45
      vertex 3.98831 -7.60092 88.6
      vertex 4.80491 -9.10742 91.45
    endloop
  endfacet
  facet normal 0.6683 -0.737289 0.0988995
    outer loop
      vertex 17.7716 -17.7716 91.4453
      vertex 17.1945 -18.2947 91.4453
      vertex 17.9718 -17.9718 88.6
    endloop
  endfacet
  facet normal -0.770024 0.461534 0.44051
    outer loop
      vertex 5.53957 -7.73297 91.45
      vertex 4.43228 -6.8602 88.6
      vertex 5.13848 -8.40215 91.45
    endloop
  endfacet
  facet normal -0.719994 0.533978 0.443257
    outer loop
      vertex 4.94672 -6.16655 88.6
      vertex 4.43228 -6.8602 88.6
      vertex 5.53957 -7.73297 91.45
    endloop
  endfacet
  facet normal -0.917108 -0.045058 0.396083
    outer loop
      vertex 4.23804 -12.929 91.45
      vertex 2.94921 -11.7492 88.6
      vertex 2.99159 -12.6118 88.6
    endloop
  endfacet
  facet normal -0.498809 -0.832194 0.242163
    outer loop
      vertex 7.73297 -18.7599 91.45
      vertex 6.8602 -19.0661 88.6
      vertex 8.40215 -19.161 91.45
    endloop
  endfacet
  facet normal 0.225598 0.90063 0.371444
    outer loop
      vertex 14.3037 -3.32814 88.6
      vertex 13.7007 -4.35251 91.45
      vertex 14.4575 -4.54208 91.45
    endloop
  endfacet
  facet normal 0.334487 -0.935057 0.117422
    outer loop
      vertex 14.4582 -19.7576 91.4463
      vertex 14.3037 -20.1703 88.6
      vertex 15.1909 -19.4955 91.4463
    endloop
  endfacet
  facet normal 0.424108 -0.899225 0.107362
    outer loop
      vertex 14.4577 -19.7578 91.4466
      vertex 14.3037 -20.1703 88.6
      vertex 14.4582 -19.7576 91.4463
    endloop
  endfacet
  facet normal 0.297339 -0.947054 0.121151
    outer loop
      vertex 14.3037 -20.1703 88.6
      vertex 14.4577 -19.7578 91.4466
      vertex 14.4573 -19.7579 91.4468
    endloop
  endfacet
  facet normal -0.91247 0.0448353 0.40668
    outer loop
      vertex 2.99159 -10.8867 88.6
      vertex 2.94921 -11.7492 88.6
      vertex 4.23804 -11.3705 91.45
    endloop
  endfacet
  facet normal 0.951979 0.238424 0.19207
    outer loop
      vertex 20.1703 -9.19471 88.6
      vertex 19.7574 -9.84199 91.45
      vertex 20.3801 -10.0324 88.6
    endloop
  endfacet
  facet normal -0.601529 0.663675 0.444634
    outer loop
      vertex 7.10633 -6.00432 91.45
      vertex 6.16655 -4.94672 88.6
      vertex 6.52826 -6.52826 91.45
    endloop
  endfacet
  facet normal -0.533983 0.719989 0.443259
    outer loop
      vertex 7.73297 -5.53957 91.45
      vertex 6.16655 -4.94672 88.6
      vertex 7.10633 -6.00432 91.45
    endloop
  endfacet
  facet normal 0.334527 -0.935044 0.117407
    outer loop
      vertex 15.1168 -19.8794 88.6
      vertex 15.1909 -19.4955 91.4463
      vertex 14.3037 -20.1703 88.6
    endloop
  endfacet
  facet normal 0.339394 -0.933333 0.117049
    outer loop
      vertex 15.1909 -19.4955 91.4463
      vertex 15.1168 -19.8794 88.6
      vertex 15.192 -19.4951 91.4463
    endloop
  endfacet
  facet normal 0.194043 -0.970215 0.145018
    outer loop
      vertex 13.466 -20.3801 88.6
      vertex 12.9305 -20.0616 91.4474
      vertex 12.93 -20.0617 91.4474
    endloop
  endfacet
  facet normal 0.145325 -0.979862 0.136935
    outer loop
      vertex 12.9305 -20.0616 91.4474
      vertex 13.466 -20.3801 88.6
      vertex 13.7005 -19.9474 91.4474
    endloop
  endfacet
  facet normal 0.0611403 -0.990611 0.122281
    outer loop
      vertex 13.466 -20.3801 88.6
      vertex 12.93 -20.0617 91.4474
      vertex 12.9294 -20.0617 91.4477
    endloop
  endfacet
  facet normal 0.242605 -0.962252 0.123344
    outer loop
      vertex 12.6118 -20.5068 88.6
      vertex 12.9294 -20.0617 91.4477
      vertex 12.9288 -20.0618 91.4481
    endloop
  endfacet
  facet normal 0.145338 -0.979859 0.136944
    outer loop
      vertex 12.9294 -20.0617 91.4477
      vertex 12.6118 -20.5068 88.6
      vertex 13.466 -20.3801 88.6
    endloop
  endfacet
  facet normal 0.045058 0.917108 0.396083
    outer loop
      vertex 12.6118 -2.99159 88.6
      vertex 11.7492 -2.94921 88.6
      vertex 12.929 -4.23804 91.45
    endloop
  endfacet
  facet normal -0.849633 0.303998 0.430939
    outer loop
      vertex 3.61907 -8.3816 88.6
      vertex 3.32814 -9.19471 88.6
      vertex 4.80491 -9.10742 91.45
    endloop
  endfacet
  facet normal 0.444583 -0.889166 0.108306
    outer loop
      vertex 15.1168 -19.8794 88.6
      vertex 15.1931 -19.4946 91.4459
      vertex 15.1927 -19.4948 91.4459
    endloop
  endfacet
  facet normal 0.424913 -0.898514 0.110098
    outer loop
      vertex 15.1931 -19.4946 91.4459
      vertex 15.1168 -19.8794 88.6
      vertex 15.8962 -19.1621 91.4459
    endloop
  endfacet
  facet normal 0.425357 -0.898309 0.110055
    outer loop
      vertex 15.1922 -19.495 91.4462
      vertex 15.1168 -19.8794 88.6
      vertex 15.1927 -19.4948 91.4459
    endloop
  endfacet
  facet normal 0.48601 -0.867705 0.104315
    outer loop
      vertex 15.1168 -19.8794 88.6
      vertex 15.1922 -19.495 91.4462
      vertex 15.192 -19.4951 91.4463
    endloop
  endfacet
  facet normal -0.849239 -0.401646 0.342743
    outer loop
      vertex 4.80491 -15.1921 91.45
      vertex 3.61907 -15.1168 88.6
      vertex 5.13848 -15.8974 91.45
    endloop
  endfacet
  facet normal 0.0450669 0.917109 0.39608
    outer loop
      vertex 12.929 -4.23804 91.45
      vertex 11.7492 -2.94921 88.6
      vertex 12.1498 -4.19975 91.45
    endloop
  endfacet
  facet normal -0.879302 -0.314617 0.357551
    outer loop
      vertex 4.80491 -15.1921 91.45
      vertex 3.32814 -14.3037 88.6
      vertex 3.61907 -15.1168 88.6
    endloop
  endfacet
  facet normal -0.879305 -0.314604 0.357557
    outer loop
      vertex 4.54208 -14.4575 91.45
      vertex 3.32814 -14.3037 88.6
      vertex 4.80491 -15.1921 91.45
    endloop
  endfacet
  facet normal -0.899502 0.133414 0.416049
    outer loop
      vertex 3.1183 -10.0324 88.6
      vertex 2.99159 -10.8867 88.6
      vertex 4.35251 -10.5988 91.45
    endloop
  endfacet
  facet normal -0.0448331 0.91247 0.406681
    outer loop
      vertex 11.7492 -2.94921 88.6
      vertex 11.3705 -4.23804 91.45
      vertex 12.1498 -4.19975 91.45
    endloop
  endfacet
  facet normal -0.813364 0.384699 0.436401
    outer loop
      vertex 3.98831 -7.60092 88.6
      vertex 3.61907 -8.3816 88.6
      vertex 4.80491 -9.10742 91.45
    endloop
  endfacet
  facet normal -0.87845 0.22005 0.42415
    outer loop
      vertex 3.32814 -9.19471 88.6
      vertex 3.1183 -10.0324 88.6
      vertex 4.35251 -10.5988 91.45
    endloop
  endfacet
  facet normal 0 0 1
    outer loop
      vertex 17.1936 -18.2955 91.4453
      vertex 17.1945 -18.2947 91.4453
      vertex 17.1939 -18.2952 91.4453
    endloop
  endfacet
  facet normal 0.485138 -0.868494 0.101783
    outer loop
      vertex 17.3319 -18.5517 88.6
      vertex 17.1936 -18.2955 91.4453
      vertex 17.1934 -18.2956 91.4454
    endloop
  endfacet
  facet normal 0.661093 -0.74373 0.0991013
    outer loop
      vertex 17.3319 -18.5517 88.6
      vertex 17.1945 -18.2947 91.4453
      vertex 17.1936 -18.2955 91.4453
    endloop
  endfacet
  facet normal 0.668223 -0.737362 0.0988704
    outer loop
      vertex 17.1945 -18.2947 91.4453
      vertex 17.3319 -18.5517 88.6
      vertex 17.9718 -17.9718 88.6
    endloop
  endfacet
  facet normal 0.920915 0.329468 0.208247
    outer loop
      vertex 19.8794 -8.3816 88.6
      vertex 19.4946 -9.10742 91.45
      vertex 20.1703 -9.19471 88.6
    endloop
  endfacet
  facet normal 0.920915 0.329467 0.208247
    outer loop
      vertex 20.1703 -9.19471 88.6
      vertex 19.4946 -9.10742 91.45
      vertex 19.7574 -9.84199 91.45
    endloop
  endfacet
  facet normal -0.133414 0.899502 0.416049
    outer loop
      vertex 10.8867 -2.99159 88.6
      vertex 10.0324 -3.1183 88.6
      vertex 10.5988 -4.35251 91.45
    endloop
  endfacet
  facet normal -0.22004 0.878454 0.424147
    outer loop
      vertex 10.5988 -4.35251 91.45
      vertex 9.19471 -3.32814 88.6
      vertex 9.84199 -4.54208 91.45
    endloop
  endfacet
  facet normal -0.304 0.849633 0.430939
    outer loop
      vertex 9.19471 -3.32814 88.6
      vertex 9.10742 -4.80491 91.45
      vertex 9.84199 -4.54208 91.45
    endloop
  endfacet
  facet normal 0.86736 -0.486389 0.105418
    outer loop
      vertex 18.7602 -16.567 91.4454
      vertex 19.0661 -16.6382 88.6
      vertex 18.7604 -16.5666 91.4456
    endloop
  endfacet
  facet normal 0.799093 -0.592707 0.100739
    outer loop
      vertex 19.0661 -16.6382 88.6
      vertex 18.7602 -16.567 91.4454
      vertex 18.2964 -17.1923 91.4454
    endloop
  endfacet
  facet normal 0.785361 -0.610836 0.100434
    outer loop
      vertex 18.5517 -17.3319 88.6
      vertex 18.2964 -17.1923 91.4454
      vertex 18.2957 -17.1932 91.4454
    endloop
  endfacet
  facet normal 0.889786 -0.444893 0.10174
    outer loop
      vertex 18.5517 -17.3319 88.6
      vertex 18.2957 -17.1932 91.4454
      vertex 18.2956 -17.1934 91.4454
    endloop
  endfacet
  facet normal 0.799164 -0.592605 0.100778
    outer loop
      vertex 18.2964 -17.1923 91.4454
      vertex 18.5517 -17.3319 88.6
      vertex 19.0661 -16.6382 88.6
    endloop
  endfacet
  facet normal -0.570588 -0.791082 0.220494
    outer loop
      vertex 10.8867 -20.5068 88.6
      vertex 11.3706 -20.0616 91.4495
      vertex 11.3705 -20.0615 91.4496
    endloop
  endfacet
  facet normal -0.0484499 -0.985566 0.162211
    outer loop
      vertex 11.3706 -20.0616 91.4495
      vertex 10.8867 -20.5068 88.6
      vertex 11.7492 -20.5492 88.6
    endloop
  endfacet
  facet normal -0.122022 -0.976179 0.179402
    outer loop
      vertex 10.8867 -20.5068 88.6
      vertex 10.6011 -19.9474 91.4496
      vertex 10.6003 -19.9473 91.4496
    endloop
  endfacet
  facet normal -0.144386 -0.973624 0.176659
    outer loop
      vertex 10.6011 -19.9474 91.4496
      vertex 10.8867 -20.5068 88.6
      vertex 11.3705 -20.0615 91.4496
    endloop
  endfacet
  facet normal -0.147644 -0.973211 0.176244
    outer loop
      vertex 10.8867 -20.5068 88.6
      vertex 10.6003 -19.9473 91.4496
      vertex 10.5988 -19.947 91.45
    endloop
  endfacet
  facet normal -0.384696 0.813366 0.4364
    outer loop
      vertex 9.10742 -4.80491 91.45
      vertex 7.60092 -3.98831 88.6
      vertex 8.40215 -5.13848 91.45
    endloop
  endfacet
  facet normal 0.425011 -0.898472 0.11006
    outer loop
      vertex 15.8975 -19.5101 88.6
      vertex 15.8962 -19.1621 91.4459
      vertex 15.1168 -19.8794 88.6
    endloop
  endfacet
  facet normal 0.444553 -0.889105 0.108924
    outer loop
      vertex 15.8962 -19.1621 91.4459
      vertex 15.8975 -19.5101 88.6
      vertex 15.8974 -19.1615 91.4459
    endloop
  endfacet
  facet normal 0.867705 -0.48601 0.104315
    outer loop
      vertex 19.495 -15.1922 91.4462
      vertex 19.8794 -15.1168 88.6
      vertex 19.4951 -15.192 91.4463
    endloop
  endfacet
  facet normal 0.898309 -0.425357 0.110055
    outer loop
      vertex 19.4948 -15.1927 91.4459
      vertex 19.8794 -15.1168 88.6
      vertex 19.495 -15.1922 91.4462
    endloop
  endfacet
  facet normal 0.889166 -0.444583 0.108306
    outer loop
      vertex 19.4946 -15.1931 91.4459
      vertex 19.8794 -15.1168 88.6
      vertex 19.4948 -15.1927 91.4459
    endloop
  endfacet
  facet normal 0.898514 -0.424913 0.110098
    outer loop
      vertex 19.8794 -15.1168 88.6
      vertex 19.4946 -15.1931 91.4459
      vertex 19.1621 -15.8962 91.4459
    endloop
  endfacet
  facet normal 0.935044 -0.334527 0.117407
    outer loop
      vertex 19.4955 -15.1909 91.4463
      vertex 19.8794 -15.1168 88.6
      vertex 20.1703 -14.3037 88.6
    endloop
  endfacet
  facet normal 0.933333 -0.339394 0.117049
    outer loop
      vertex 19.8794 -15.1168 88.6
      vertex 19.4955 -15.1909 91.4463
      vertex 19.4951 -15.192 91.4463
    endloop
  endfacet
  facet normal 0.589899 0.795459 0.138797
    outer loop
      vertex 17.1932 -6.00432 91.45
      vertex 16.5665 -5.53957 91.45
      vertex 17.7921 -7.94031 100
    endloop
  endfacet
  facet normal 0.803186 -0.595729 0
    outer loop
      vertex 18.7625 -17.7921 100
      vertex 19.1717 -17.2404 99.99
      vertex 19.1717 -17.2404 100
    endloop
  endfacet
  facet normal 0.803186 -0.595729 0
    outer loop
      vertex 19.1717 -17.2404 99.99
      vertex 18.7625 -17.7921 100
      vertex 18.7625 -17.7921 99.99
    endloop
  endfacet
  facet normal -0.954836 0.14161 0.261218
    outer loop
      vertex 6.48588 -11.9857 100
      vertex 4.35251 -10.5988 91.45
      vertex 6.38509 -12.6653 100
    endloop
  endfacet
  facet normal 0.589984 0.795401 0.138768
    outer loop
      vertex 17.7921 -7.94031 100
      vertex 16.5665 -5.53957 91.45
      vertex 17.2404 -7.53109 100
    endloop
  endfacet
  facet normal -0.427128 -0.903121 0.043978
    outer loop
      vertex 10.0516 -19.5248 100
      vertex 9.10742 -19.4946 91.45
      vertex 10.6726 -19.8185 100
    endloop
  endfacet
  facet normal 0.97004 -0.242947 0
    outer loop
      vertex 20.05 -15.3834 100
      vertex 20.2169 -14.717 99.99
      vertex 20.2169 -14.717 100
    endloop
  endfacet
  facet normal 0.97004 -0.242947 0
    outer loop
      vertex 20.2169 -14.717 99.99
      vertex 20.05 -15.3834 100
      vertex 20.05 -15.3834 99.99
    endloop
  endfacet
  facet normal 0.903121 0.427128 0.043978
    outer loop
      vertex 19.8185 -10.6726 100
      vertex 19.4946 -9.10742 91.45
      vertex 19.5248 -10.0516 100
    endloop
  endfacet
  facet normal -0.513104 -0.856043 0.0625627
    outer loop
      vertex 10.0516 -19.5248 100
      vertex 7.73297 -18.7599 91.45
      vertex 8.40215 -19.161 91.45
    endloop
  endfacet
  facet normal -0.948719 -0.237635 0.208474
    outer loop
      vertex 6.48588 -14.717 100
      vertex 4.54208 -14.4575 91.45
      vertex 6.6528 -15.3834 100
    endloop
  endfacet
  facet normal -0.191023 -0.981586 0
    outer loop
      vertex 10.5988 -19.947 91.45
      vertex 11.9857 -20.2169 99.99
      vertex 11.9857 -20.2169 100
    endloop
  endfacet
  facet normal -0.195905 -0.980623 0.000823253
    outer loop
      vertex 11.9857 -20.2169 99.99
      vertex 10.5988 -19.947 91.45
      vertex 10.6003 -19.9473 91.4496
    endloop
  endfacet
  facet normal 0.420931 0.890015 0.175185
    outer loop
      vertex 15.8974 -5.13848 91.45
      vertex 15.1921 -4.80491 91.45
      vertex 16.0302 -6.88422 100
    endloop
  endfacet
  facet normal 0.829109 -0.55274 -0.0840036
    outer loop
      vertex 19.5248 -16.6512 99.99
      vertex 19.1609 -15.8985 91.4456
      vertex 19.1613 -15.8979 91.4456
    endloop
  endfacet
  facet normal 0.85484 -0.512443 -0.0815496
    outer loop
      vertex 19.1609 -15.8985 91.4456
      vertex 19.5248 -16.6512 99.99
      vertex 18.7604 -16.5666 91.4456
    endloop
  endfacet
  facet normal -0.948717 -0.237643 0.208473
    outer loop
      vertex 6.48588 -14.717 100
      vertex 4.35251 -13.7007 91.45
      vertex 4.54208 -14.4575 91.45
    endloop
  endfacet
  facet normal -0.964139 -0.143015 0.223569
    outer loop
      vertex 6.48588 -14.717 100
      vertex 4.23804 -12.929 91.45
      vertex 4.35251 -13.7007 91.45
    endloop
  endfacet
  facet normal 0.336189 -0.939297 -0.0685397
    outer loop
      vertex 15.1922 -19.495 91.4462
      vertex 16.0302 -19.8185 99.99
      vertex 15.3834 -20.05 99.99
    endloop
  endfacet
  facet normal 0.334856 -0.939781 -0.0684273
    outer loop
      vertex 16.0302 -19.8185 99.99
      vertex 15.1922 -19.495 91.4462
      vertex 15.1927 -19.4948 91.4459
    endloop
  endfacet
  facet normal -0.242972 -0.969994 0.00878929
    outer loop
      vertex 11.3194 -20.05 100
      vertex 9.84199 -19.7574 91.45
      vertex 11.9857 -20.2169 100
    endloop
  endfacet
  facet normal 0.507748 0.847027 0.157278
    outer loop
      vertex 16.5665 -5.53957 91.45
      vertex 15.8974 -5.13848 91.45
      vertex 16.6512 -7.17793 100
    endloop
  endfacet
  facet normal -0.89001 -0.420942 0.175184
    outer loop
      vertex 6.88422 -16.0302 100
      vertex 5.13848 -15.8974 91.45
      vertex 7.17793 -16.6512 100
    endloop
  endfacet
  facet normal -0.904133 0.323492 0.2791
    outer loop
      vertex 6.88422 -10.6726 100
      vertex 4.54208 -9.84199 91.45
      vertex 6.6528 -11.3194 100
    endloop
  endfacet
  facet normal -0.767708 0.569381 0.293989
    outer loop
      vertex 7.94031 -8.91063 100
      vertex 5.53957 -7.73297 91.45
      vertex 7.53109 -9.46239 100
    endloop
  endfacet
  facet normal -0.0475158 0.967068 0.250043
    outer loop
      vertex 12.1498 -4.19975 91.45
      vertex 11.3705 -4.23804 91.45
      vertex 13.3514 -6.35138 100
    endloop
  endfacet
  facet normal -0.409738 0.866312 0.285689
    outer loop
      vertex 9.10742 -4.80491 91.45
      vertex 8.40215 -5.13848 91.45
      vertex 10.6726 -6.88422 100
    endloop
  endfacet
  facet normal -0.513033 -0.856087 0.0625396
    outer loop
      vertex 9.46239 -19.1717 100
      vertex 7.73297 -18.7599 91.45
      vertex 10.0516 -19.5248 100
    endloop
  endfacet
  facet normal 0.857763 -0.514046 0
    outer loop
      vertex 19.1717 -17.2404 100
      vertex 19.5248 -16.6512 99.99
      vertex 19.5248 -16.6512 100
    endloop
  endfacet
  facet normal 0.857763 -0.514046 0
    outer loop
      vertex 19.5248 -16.6512 99.99
      vertex 19.1717 -17.2404 100
      vertex 19.1717 -17.2404 99.99
    endloop
  endfacet
  facet normal 0.9014 -0.426277 -0.0759328
    outer loop
      vertex 19.5248 -16.6512 99.99
      vertex 19.1621 -15.8962 91.4459
      vertex 19.4946 -15.1931 91.4459
    endloop
  endfacet
  facet normal 0.939908 -0.334288 -0.0694579
    outer loop
      vertex 19.1615 -15.8974 91.4459
      vertex 19.5248 -16.6512 99.99
      vertex 19.1613 -15.8979 91.4456
    endloop
  endfacet
  facet normal 0.891754 -0.445877 -0.0772552
    outer loop
      vertex 19.1621 -15.8962 91.4459
      vertex 19.5248 -16.6512 99.99
      vertex 19.1615 -15.8974 91.4459
    endloop
  endfacet
  facet normal 0.800251 -0.593565 -0.0853182
    outer loop
      vertex 19.1717 -17.2404 99.99
      vertex 18.2964 -17.1923 91.4454
      vertex 18.7602 -16.567 91.4454
    endloop
  endfacet
  facet normal 0.786561 -0.61177 -0.0840183
    outer loop
      vertex 18.2964 -17.1923 91.4454
      vertex 19.1717 -17.2404 99.99
      vertex 18.2957 -17.1932 91.4454
    endloop
  endfacet
  facet normal 0.800543 0.593704 0.0815321
    outer loop
      vertex 19.1717 -9.46239 100
      vertex 18.7599 -7.73297 91.45
      vertex 18.7625 -8.91063 100
    endloop
  endfacet
  facet normal 0.903996 -0.427542 0
    outer loop
      vertex 19.5248 -16.6512 100
      vertex 19.8185 -16.0302 99.99
      vertex 19.8185 -16.0302 100
    endloop
  endfacet
  facet normal 0.903996 -0.427542 0
    outer loop
      vertex 19.8185 -16.0302 99.99
      vertex 19.5248 -16.6512 100
      vertex 19.5248 -16.6512 99.99
    endloop
  endfacet
  facet normal 0 0 1
    outer loop
      vertex 20.3177 -12.6653 100
      vertex 20.3177 -14.0375 100
      vertex 20.3514 -13.3514 100
    endloop
  endfacet
  facet normal 0 0 1
    outer loop
      vertex 20.2169 -11.9857 100
      vertex 20.3177 -14.0375 100
      vertex 20.3177 -12.6653 100
    endloop
  endfacet
  facet normal 0 0 1
    outer loop
      vertex 20.2169 -11.9857 100
      vertex 20.2169 -14.717 100
      vertex 20.3177 -14.0375 100
    endloop
  endfacet
  facet normal 0 0 1
    outer loop
      vertex 20.05 -11.3194 100
      vertex 20.2169 -14.717 100
      vertex 20.2169 -11.9857 100
    endloop
  endfacet
  facet normal 0 0 1
    outer loop
      vertex 20.05 -11.3194 100
      vertex 20.05 -15.3834 100
      vertex 20.2169 -14.717 100
    endloop
  endfacet
  facet normal 0 0 1
    outer loop
      vertex 19.8185 -10.6726 100
      vertex 20.05 -15.3834 100
      vertex 20.05 -11.3194 100
    endloop
  endfacet
  facet normal 0 0 1
    outer loop
      vertex 19.8185 -10.6726 100
      vertex 19.8185 -16.0302 100
      vertex 20.05 -15.3834 100
    endloop
  endfacet
  facet normal 0 0 1
    outer loop
      vertex 19.5248 -10.0516 100
      vertex 19.8185 -16.0302 100
      vertex 19.8185 -10.6726 100
    endloop
  endfacet
  facet normal 0 0 1
    outer loop
      vertex 19.5248 -10.0516 100
      vertex 19.5248 -16.6512 100
      vertex 19.8185 -16.0302 100
    endloop
  endfacet
  facet normal 0 0 1
    outer loop
      vertex 19.1717 -9.46239 100
      vertex 19.5248 -16.6512 100
      vertex 19.5248 -10.0516 100
    endloop
  endfacet
  facet normal 0 0 1
    outer loop
      vertex 19.1717 -9.46239 100
      vertex 19.1717 -17.2404 100
      vertex 19.5248 -16.6512 100
    endloop
  endfacet
  facet normal 0 0 1
    outer loop
      vertex 18.7625 -8.91063 100
      vertex 19.1717 -17.2404 100
      vertex 19.1717 -9.46239 100
    endloop
  endfacet
  facet normal 0 0 1
    outer loop
      vertex 18.7625 -8.91063 100
      vertex 18.7625 -17.7921 100
      vertex 19.1717 -17.2404 100
    endloop
  endfacet
  facet normal 0 0 1
    outer loop
      vertex 18.3011 -8.40163 100
      vertex 18.7625 -17.7921 100
      vertex 18.7625 -8.91063 100
    endloop
  endfacet
  facet normal 0 0 1
    outer loop
      vertex 18.3011 -8.40163 100
      vertex 18.3011 -18.3011 100
      vertex 18.7625 -17.7921 100
    endloop
  endfacet
  facet normal 0 0 1
    outer loop
      vertex 17.7921 -7.94031 100
      vertex 18.3011 -18.3011 100
      vertex 18.3011 -8.40163 100
    endloop
  endfacet
  facet normal 0 0 1
    outer loop
      vertex 17.7921 -7.94031 100
      vertex 17.7921 -18.7625 100
      vertex 18.3011 -18.3011 100
    endloop
  endfacet
  facet normal 0 0 1
    outer loop
      vertex 17.2404 -7.53109 100
      vertex 17.7921 -18.7625 100
      vertex 17.7921 -7.94031 100
    endloop
  endfacet
  facet normal 0 0 1
    outer loop
      vertex 17.2404 -7.53109 100
      vertex 17.2404 -19.1717 100
      vertex 17.7921 -18.7625 100
    endloop
  endfacet
  facet normal 0 0 1
    outer loop
      vertex 16.6512 -7.17793 100
      vertex 17.2404 -19.1717 100
      vertex 17.2404 -7.53109 100
    endloop
  endfacet
  facet normal 0 0 1
    outer loop
      vertex 16.6512 -7.17793 100
      vertex 16.6512 -19.5248 100
      vertex 17.2404 -19.1717 100
    endloop
  endfacet
  facet normal 0 0 1
    outer loop
      vertex 16.0302 -6.88422 100
      vertex 16.6512 -19.5248 100
      vertex 16.6512 -7.17793 100
    endloop
  endfacet
  facet normal 0 0 1
    outer loop
      vertex 16.0302 -6.88422 100
      vertex 16.0302 -19.8185 100
      vertex 16.6512 -19.5248 100
    endloop
  endfacet
  facet normal 0 0 1
    outer loop
      vertex 15.3834 -6.6528 100
      vertex 16.0302 -19.8185 100
      vertex 16.0302 -6.88422 100
    endloop
  endfacet
  facet normal 0 0 1
    outer loop
      vertex 15.3834 -6.6528 100
      vertex 15.3834 -20.05 100
      vertex 16.0302 -19.8185 100
    endloop
  endfacet
  facet normal 0 0 1
    outer loop
      vertex 14.717 -6.48588 100
      vertex 15.3834 -20.05 100
      vertex 15.3834 -6.6528 100
    endloop
  endfacet
  facet normal 0 0 1
    outer loop
      vertex 14.717 -6.48588 100
      vertex 14.717 -20.2169 100
      vertex 15.3834 -20.05 100
    endloop
  endfacet
  facet normal 0 0 1
    outer loop
      vertex 14.0375 -6.38509 100
      vertex 14.717 -20.2169 100
      vertex 14.717 -6.48588 100
    endloop
  endfacet
  facet normal 0 0 1
    outer loop
      vertex 14.0375 -6.38509 100
      vertex 14.0375 -20.3177 100
      vertex 14.717 -20.2169 100
    endloop
  endfacet
  facet normal 0 0 1
    outer loop
      vertex 13.3514 -6.35138 100
      vertex 14.0375 -20.3177 100
      vertex 14.0375 -6.38509 100
    endloop
  endfacet
  facet normal 0 0 1
    outer loop
      vertex 13.3514 -6.35138 100
      vertex 13.3514 -20.3514 100
      vertex 14.0375 -20.3177 100
    endloop
  endfacet
  facet normal -0 0 1
    outer loop
      vertex 12.6653 -6.38509 100
      vertex 13.3514 -20.3514 100
      vertex 13.3514 -6.35138 100
    endloop
  endfacet
  facet normal 0 0 1
    outer loop
      vertex 12.6653 -6.38509 100
      vertex 12.6653 -20.3177 100
      vertex 13.3514 -20.3514 100
    endloop
  endfacet
  facet normal -0 0 1
    outer loop
      vertex 11.9857 -6.48588 100
      vertex 12.6653 -20.3177 100
      vertex 12.6653 -6.38509 100
    endloop
  endfacet
  facet normal 0 0 1
    outer loop
      vertex 11.9857 -6.48588 100
      vertex 11.9857 -20.2169 100
      vertex 12.6653 -20.3177 100
    endloop
  endfacet
  facet normal -0 0 1
    outer loop
      vertex 11.3194 -6.6528 100
      vertex 11.9857 -20.2169 100
      vertex 11.9857 -6.48588 100
    endloop
  endfacet
  facet normal 0 0 1
    outer loop
      vertex 11.3194 -6.6528 100
      vertex 11.3194 -20.05 100
      vertex 11.9857 -20.2169 100
    endloop
  endfacet
  facet normal -0 0 1
    outer loop
      vertex 10.6726 -6.88422 100
      vertex 11.3194 -20.05 100
      vertex 11.3194 -6.6528 100
    endloop
  endfacet
  facet normal 0 0 1
    outer loop
      vertex 10.6726 -6.88422 100
      vertex 10.6726 -19.8185 100
      vertex 11.3194 -20.05 100
    endloop
  endfacet
  facet normal -0 0 1
    outer loop
      vertex 10.0516 -7.17793 100
      vertex 10.6726 -19.8185 100
      vertex 10.6726 -6.88422 100
    endloop
  endfacet
  facet normal 0 0 1
    outer loop
      vertex 10.0516 -7.17793 100
      vertex 10.0516 -19.5248 100
      vertex 10.6726 -19.8185 100
    endloop
  endfacet
  facet normal -0 0 1
    outer loop
      vertex 9.46239 -7.53109 100
      vertex 10.0516 -19.5248 100
      vertex 10.0516 -7.17793 100
    endloop
  endfacet
  facet normal 0 0 1
    outer loop
      vertex 9.46239 -7.53109 100
      vertex 9.46239 -19.1717 100
      vertex 10.0516 -19.5248 100
    endloop
  endfacet
  facet normal -0 0 1
    outer loop
      vertex 8.91063 -7.94031 100
      vertex 9.46239 -19.1717 100
      vertex 9.46239 -7.53109 100
    endloop
  endfacet
  facet normal 0 0 1
    outer loop
      vertex 8.91063 -7.94031 100
      vertex 8.91063 -18.7625 100
      vertex 9.46239 -19.1717 100
    endloop
  endfacet
  facet normal -0 0 1
    outer loop
      vertex 8.40163 -8.40163 100
      vertex 8.91063 -18.7625 100
      vertex 8.91063 -7.94031 100
    endloop
  endfacet
  facet normal 0 0 1
    outer loop
      vertex 8.40163 -8.40163 100
      vertex 8.40163 -18.3011 100
      vertex 8.91063 -18.7625 100
    endloop
  endfacet
  facet normal -0 0 1
    outer loop
      vertex 7.94031 -8.91063 100
      vertex 8.40163 -18.3011 100
      vertex 8.40163 -8.40163 100
    endloop
  endfacet
  facet normal 0 0 1
    outer loop
      vertex 7.94031 -8.91063 100
      vertex 7.94031 -17.7921 100
      vertex 8.40163 -18.3011 100
    endloop
  endfacet
  facet normal -0 0 1
    outer loop
      vertex 7.53109 -9.46239 100
      vertex 7.94031 -17.7921 100
      vertex 7.94031 -8.91063 100
    endloop
  endfacet
  facet normal 0 0 1
    outer loop
      vertex 7.53109 -9.46239 100
      vertex 7.53109 -17.2404 100
      vertex 7.94031 -17.7921 100
    endloop
  endfacet
  facet normal -0 0 1
    outer loop
      vertex 7.17793 -10.0516 100
      vertex 7.53109 -17.2404 100
      vertex 7.53109 -9.46239 100
    endloop
  endfacet
  facet normal 0 0 1
    outer loop
      vertex 7.17793 -10.0516 100
      vertex 7.17793 -16.6512 100
      vertex 7.53109 -17.2404 100
    endloop
  endfacet
  facet normal -0 0 1
    outer loop
      vertex 6.88422 -10.6726 100
      vertex 7.17793 -16.6512 100
      vertex 7.17793 -10.0516 100
    endloop
  endfacet
  facet normal 0 0 1
    outer loop
      vertex 6.88422 -10.6726 100
      vertex 6.88422 -16.0302 100
      vertex 7.17793 -16.6512 100
    endloop
  endfacet
  facet normal -0 0 1
    outer loop
      vertex 6.6528 -11.3194 100
      vertex 6.88422 -16.0302 100
      vertex 6.88422 -10.6726 100
    endloop
  endfacet
  facet normal 0 0 1
    outer loop
      vertex 6.6528 -11.3194 100
      vertex 6.6528 -15.3834 100
      vertex 6.88422 -16.0302 100
    endloop
  endfacet
  facet normal -0 0 1
    outer loop
      vertex 6.48588 -11.9857 100
      vertex 6.6528 -15.3834 100
      vertex 6.6528 -11.3194 100
    endloop
  endfacet
  facet normal 0 0 1
    outer loop
      vertex 6.48588 -11.9857 100
      vertex 6.48588 -14.717 100
      vertex 6.6528 -15.3834 100
    endloop
  endfacet
  facet normal -0 0 1
    outer loop
      vertex 6.38509 -12.6653 100
      vertex 6.48588 -14.717 100
      vertex 6.48588 -11.9857 100
    endloop
  endfacet
  facet normal 0 0 1
    outer loop
      vertex 6.38509 -12.6653 100
      vertex 6.38509 -14.0375 100
      vertex 6.48588 -14.717 100
    endloop
  endfacet
  facet normal 0 -0 1
    outer loop
      vertex 6.38509 -14.0375 100
      vertex 6.38509 -12.6653 100
      vertex 6.35138 -13.3514 100
    endloop
  endfacet
  facet normal 0.890488 -0.445244 -0.0937531
    outer loop
      vertex 19.1717 -17.2404 99.99
      vertex 18.2956 -17.1934 91.4454
      vertex 18.2957 -17.1932 91.4454
    endloop
  endfacet
  facet normal 0.800257 -0.593557 -0.0853173
    outer loop
      vertex 18.7625 -17.7921 99.99
      vertex 18.2956 -17.1934 91.4454
      vertex 19.1717 -17.2404 99.99
    endloop
  endfacet
  facet normal 0.906822 -0.414127 -0.0785681
    outer loop
      vertex 18.2956 -17.1934 91.4454
      vertex 18.7625 -17.7921 99.99
      vertex 18.2955 -17.1936 91.4453
    endloop
  endfacet
  facet normal 0.854905 -0.512334 -0.0815544
    outer loop
      vertex 19.1717 -17.2404 99.99
      vertex 18.7604 -16.5666 91.4456
      vertex 19.5248 -16.6512 99.99
    endloop
  endfacet
  facet normal 0.906566 -0.415096 -0.0763731
    outer loop
      vertex 18.7604 -16.5666 91.4456
      vertex 19.1717 -17.2404 99.99
      vertex 18.7602 -16.567 91.4454
    endloop
  endfacet
  facet normal 0.800563 0.593677 0.0815284
    outer loop
      vertex 18.7599 -7.73297 91.45
      vertex 18.2952 -7.10633 91.45
      vertex 18.7625 -8.91063 100
    endloop
  endfacet
  facet normal 0.671614 -0.740901 0
    outer loop
      vertex 17.7921 -18.7625 99.99
      vertex 18.3011 -18.3011 100
      vertex 17.7921 -18.7625 100
    endloop
  endfacet
  facet normal 0.671614 -0.740901 0
    outer loop
      vertex 18.3011 -18.3011 100
      vertex 17.7921 -18.7625 99.99
      vertex 18.3011 -18.3011 99.99
    endloop
  endfacet
  facet normal 0.989178 0.146717 0
    outer loop
      vertex 20.3177 -12.6653 100
      vertex 20.2169 -11.9857 99.99
      vertex 20.2169 -11.9857 100
    endloop
  endfacet
  facet normal 0.989178 0.146717 0
    outer loop
      vertex 20.2169 -11.9857 99.99
      vertex 20.3177 -12.6653 100
      vertex 20.3177 -12.6653 99.99
    endloop
  endfacet
  facet normal -0.707821 0.641542 0.295657
    outer loop
      vertex 6.52826 -6.52826 91.45
      vertex 6.00432 -7.10633 91.45
      vertex 7.94031 -8.91063 100
    endloop
  endfacet
  facet normal 0.941193 0.336868 0.0260124
    outer loop
      vertex 20.05 -11.3194 100
      vertex 19.4946 -9.10742 91.45
      vertex 19.8185 -10.6726 100
    endloop
  endfacet
  facet normal -0.146689 -0.989155 -0.0074339
    outer loop
      vertex 11.3705 -20.0615 91.4496
      vertex 12.6653 -20.3177 99.99
      vertex 10.6011 -19.9474 91.4496
    endloop
  endfacet
  facet normal -0.6646 -0.743068 0.0784682
    outer loop
      vertex 11.3706 -20.0616 91.4495
      vertex 12.6653 -20.3177 99.99
      vertex 11.3705 -20.0615 91.4496
    endloop
  endfacet
  facet normal -0.0857169 -0.996177 -0.0168776
    outer loop
      vertex 12.6653 -20.3177 99.99
      vertex 11.3706 -20.0616 91.4495
      vertex 11.3719 -20.0617 91.4488
    endloop
  endfacet
  facet normal 0.903099 0.427175 0.0439832
    outer loop
      vertex 19.4946 -9.10742 91.45
      vertex 19.161 -8.40215 91.45
      vertex 19.5248 -10.0516 100
    endloop
  endfacet
  facet normal 0.237643 0.948717 0.208473
    outer loop
      vertex 14.4575 -4.54208 91.45
      vertex 13.7007 -4.35251 91.45
      vertex 14.717 -6.48588 100
    endloop
  endfacet
  facet normal 0.427542 -0.903996 0
    outer loop
      vertex 16.0302 -19.8185 99.99
      vertex 16.6512 -19.5248 100
      vertex 16.0302 -19.8185 100
    endloop
  endfacet
  facet normal 0.427542 -0.903996 0
    outer loop
      vertex 16.6512 -19.5248 100
      vertex 16.0302 -19.8185 99.99
      vertex 16.6512 -19.5248 99.99
    endloop
  endfacet
  facet normal 0.24256 -0.968316 -0.059401
    outer loop
      vertex 14.4564 -19.7581 91.4468
      vertex 14.717 -20.2169 99.99
      vertex 13.7015 -19.9472 91.4468
    endloop
  endfacet
  facet normal 0.216553 -0.97449 -0.0589393
    outer loop
      vertex 14.4573 -19.7579 91.4468
      vertex 14.717 -20.2169 99.99
      vertex 14.4564 -19.7581 91.4468
    endloop
  endfacet
  facet normal 0.214299 -0.974991 -0.0588976
    outer loop
      vertex 14.717 -20.2169 99.99
      vertex 14.4573 -19.7579 91.4468
      vertex 14.4577 -19.7578 91.4466
    endloop
  endfacet
  facet normal 0.330586 0.923977 0.192301
    outer loop
      vertex 15.1921 -4.80491 91.45
      vertex 14.4575 -4.54208 91.45
      vertex 16.0302 -6.88422 100
    endloop
  endfacet
  facet normal -0.0475147 0.967068 0.250043
    outer loop
      vertex 13.3514 -6.35138 100
      vertex 11.3705 -4.23804 91.45
      vertex 12.6653 -6.38509 100
    endloop
  endfacet
  facet normal 0.94124 0.336738 0.0259759
    outer loop
      vertex 19.7574 -9.84199 91.45
      vertex 19.4946 -9.10742 91.45
      vertex 20.05 -11.3194 100
    endloop
  endfacet
  facet normal 0.939356 -0.336025 -0.0685368
    outer loop
      vertex 20.05 -15.3834 99.99
      vertex 19.4955 -15.1909 91.4463
      vertex 19.7576 -14.4582 91.4463
    endloop
  endfacet
  facet normal 0.905567 -0.418686 -0.0681948
    outer loop
      vertex 19.4951 -15.192 91.4463
      vertex 20.05 -15.3834 99.99
      vertex 19.495 -15.1922 91.4462
    endloop
  endfacet
  facet normal 0.937584 -0.34094 -0.0685325
    outer loop
      vertex 19.4955 -15.1909 91.4463
      vertex 20.05 -15.3834 99.99
      vertex 19.4951 -15.192 91.4463
    endloop
  endfacet
  facet normal -0.866314 0.409734 0.285689
    outer loop
      vertex 7.17793 -10.0516 100
      vertex 5.13848 -8.40215 91.45
      vertex 6.88422 -10.6726 100
    endloop
  endfacet
  facet normal -0.427175 -0.903099 0.0439832
    outer loop
      vertex 10.0516 -19.5248 100
      vertex 8.40215 -19.161 91.45
      vertex 9.10742 -19.4946 91.45
    endloop
  endfacet
  facet normal -0.0490591 -0.998796 0
    outer loop
      vertex 12.6653 -20.3177 99.99
      vertex 13.3514 -20.3514 100
      vertex 12.6653 -20.3177 100
    endloop
  endfacet
  facet normal -0.0490591 -0.998796 -0
    outer loop
      vertex 13.3514 -20.3514 100
      vertex 12.6653 -20.3177 99.99
      vertex 13.3514 -20.3514 99.99
    endloop
  endfacet
  facet normal 0.0476699 0.970227 0.23746
    outer loop
      vertex 14.0375 -6.38509 100
      vertex 12.929 -4.23804 91.45
      vertex 13.3514 -6.35138 100
    endloop
  endfacet
  facet normal 0.507712 0.847048 0.157283
    outer loop
      vertex 17.2404 -7.53109 100
      vertex 16.5665 -5.53957 91.45
      vertex 16.6512 -7.17793 100
    endloop
  endfacet
  facet normal -0.866312 0.409738 0.285689
    outer loop
      vertex 5.13848 -8.40215 91.45
      vertex 4.80491 -9.10742 91.45
      vertex 6.88422 -10.6726 100
    endloop
  endfacet
  facet normal -0.0490476 -0.998543 -0.0225014
    outer loop
      vertex 12.1496 -20.0999 91.4488
      vertex 12.6653 -20.3177 99.99
      vertex 11.3719 -20.0617 91.4488
    endloop
  endfacet
  facet normal -0.150427 -0.98849 -0.016124
    outer loop
      vertex 12.6653 -20.3177 99.99
      vertex 12.1496 -20.0999 91.4488
      vertex 12.1503 -20.1 91.4484
    endloop
  endfacet
  facet normal 0.420942 0.89001 0.175184
    outer loop
      vertex 16.6512 -7.17793 100
      vertex 15.8974 -5.13848 91.45
      vertex 16.0302 -6.88422 100
    endloop
  endfacet
  facet normal -0.336738 -0.94124 0.0259759
    outer loop
      vertex 11.3194 -20.05 100
      vertex 9.10742 -19.4946 91.45
      vertex 9.84199 -19.7574 91.45
    endloop
  endfacet
  facet normal -0.593704 -0.800543 0.0815321
    outer loop
      vertex 8.91063 -18.7625 100
      vertex 7.73297 -18.7599 91.45
      vertex 9.46239 -19.1717 100
    endloop
  endfacet
  facet normal -0.795401 -0.589984 0.138768
    outer loop
      vertex 7.53109 -17.2404 100
      vertex 5.53957 -16.5665 91.45
      vertex 7.94031 -17.7921 100
    endloop
  endfacet
  facet normal 0.969985 0.243006 0.00879832
    outer loop
      vertex 19.947 -10.5988 91.45
      vertex 19.7574 -9.84199 91.45
      vertex 20.2169 -11.9857 100
    endloop
  endfacet
  facet normal 0.593565 -0.800251 -0.0853182
    outer loop
      vertex 17.1923 -18.2964 91.4454
      vertex 17.2404 -19.1717 99.99
      vertex 16.567 -18.7602 91.4454
    endloop
  endfacet
  facet normal 0.61177 -0.786561 -0.0840183
    outer loop
      vertex 17.2404 -19.1717 99.99
      vertex 17.1923 -18.2964 91.4454
      vertex 17.1932 -18.2957 91.4454
    endloop
  endfacet
  facet normal 0.740901 -0.671614 0
    outer loop
      vertex 18.3011 -18.3011 100
      vertex 18.7625 -17.7921 99.99
      vertex 18.7625 -17.7921 100
    endloop
  endfacet
  facet normal 0.740901 -0.671614 0
    outer loop
      vertex 18.7625 -17.7921 99.99
      vertex 18.3011 -18.3011 100
      vertex 18.3011 -18.3011 99.99
    endloop
  endfacet
  facet normal 0.856087 0.513033 0.0625396
    outer loop
      vertex 19.5248 -10.0516 100
      vertex 18.7599 -7.73297 91.45
      vertex 19.1717 -9.46239 100
    endloop
  endfacet
  facet normal 0.856043 0.513104 0.0625627
    outer loop
      vertex 19.161 -8.40215 91.45
      vertex 18.7599 -7.73297 91.45
      vertex 19.5248 -10.0516 100
    endloop
  endfacet
  facet normal 0.737205 0.668123 0.100702
    outer loop
      vertex 18.2952 -7.10633 91.45
      vertex 17.7713 -6.52826 91.45
      vertex 18.7625 -8.91063 100
    endloop
  endfacet
  facet normal -0.593677 -0.800563 0.0815284
    outer loop
      vertex 8.91063 -18.7625 100
      vertex 7.10633 -18.2952 91.45
      vertex 7.73297 -18.7599 91.45
    endloop
  endfacet
  facet normal -0.336868 -0.941193 0.0260124
    outer loop
      vertex 10.6726 -19.8185 100
      vertex 9.10742 -19.4946 91.45
      vertex 11.3194 -20.05 100
    endloop
  endfacet
  facet normal -0.967068 0.0475147 0.250043
    outer loop
      vertex 6.38509 -12.6653 100
      vertex 4.23804 -11.3705 91.45
      vertex 6.35138 -13.3514 100
    endloop
  endfacet
  facet normal 0.242947 -0.97004 0
    outer loop
      vertex 14.717 -20.2169 99.99
      vertex 15.3834 -20.05 100
      vertex 14.717 -20.2169 100
    endloop
  endfacet
  facet normal 0.242947 -0.97004 0
    outer loop
      vertex 15.3834 -20.05 100
      vertex 14.717 -20.2169 99.99
      vertex 15.3834 -20.05 99.99
    endloop
  endfacet
  facet normal -0.641542 0.707821 0.295657
    outer loop
      vertex 7.10633 -6.00432 91.45
      vertex 6.52826 -6.52826 91.45
      vertex 8.91063 -7.94031 100
    endloop
  endfacet
  facet normal 0.981586 0.191023 -0
    outer loop
      vertex 20.2169 -11.9857 99.99
      vertex 19.947 -10.5988 91.45
      vertex 20.2169 -11.9857 100
    endloop
  endfacet
  facet normal 0.980623 0.195905 0.000823253
    outer loop
      vertex 19.947 -10.5988 91.45
      vertex 20.2169 -11.9857 99.99
      vertex 19.9473 -10.6003 91.4496
    endloop
  endfacet
  facet normal 0.996177 0.0857169 -0.0168776
    outer loop
      vertex 20.0616 -11.3706 91.4495
      vertex 20.3177 -12.6653 99.99
      vertex 20.0617 -11.3719 91.4488
    endloop
  endfacet
  facet normal 0.743068 0.6646 0.0784682
    outer loop
      vertex 20.0615 -11.3705 91.4496
      vertex 20.3177 -12.6653 99.99
      vertex 20.0616 -11.3706 91.4495
    endloop
  endfacet
  facet normal 0.989155 0.146689 -0.0074339
    outer loop
      vertex 20.3177 -12.6653 99.99
      vertex 20.0615 -11.3705 91.4496
      vertex 19.9474 -10.6011 91.4496
    endloop
  endfacet
  facet normal 0.968327 -0.242518 -0.059396
    outer loop
      vertex 20.05 -15.3834 99.99
      vertex 19.7578 -14.4577 91.4466
      vertex 20.2169 -14.717 99.99
    endloop
  endfacet
  facet normal 0.939781 -0.334857 -0.0684249
    outer loop
      vertex 19.7578 -14.4577 91.4466
      vertex 20.05 -15.3834 99.99
      vertex 19.7576 -14.4582 91.4463
    endloop
  endfacet
  facet normal -0.491906 0.820698 0.29066
    outer loop
      vertex 8.40215 -5.13848 91.45
      vertex 7.73297 -5.53957 91.45
      vertex 10.0516 -7.17793 100
    endloop
  endfacet
  facet normal -0.668198 -0.737132 0.100731
    outer loop
      vertex 8.40163 -18.3011 100
      vertex 6.52826 -17.7713 91.45
      vertex 8.91063 -18.7625 100
    endloop
  endfacet
  facet normal 0.0476771 0.970227 0.23746
    outer loop
      vertex 12.929 -4.23804 91.45
      vertex 12.1498 -4.19975 91.45
      vertex 13.3514 -6.35138 100
    endloop
  endfacet
  facet normal -0.820698 0.491906 0.29066
    outer loop
      vertex 5.53957 -7.73297 91.45
      vertex 5.13848 -8.40215 91.45
      vertex 7.17793 -10.0516 100
    endloop
  endfacet
  facet normal 0.968316 -0.24256 -0.059401
    outer loop
      vertex 20.2169 -14.717 99.99
      vertex 19.7581 -14.4564 91.4468
      vertex 19.9472 -13.7015 91.4468
    endloop
  endfacet
  facet normal 0.974991 -0.214299 -0.0588976
    outer loop
      vertex 19.7579 -14.4573 91.4468
      vertex 20.2169 -14.717 99.99
      vertex 19.7578 -14.4577 91.4466
    endloop
  endfacet
  facet normal 0.97449 -0.216553 -0.0589393
    outer loop
      vertex 19.7581 -14.4564 91.4468
      vertex 20.2169 -14.717 99.99
      vertex 19.7579 -14.4573 91.4468
    endloop
  endfacet
  facet normal -0.641528 0.707834 0.295656
    outer loop
      vertex 8.91063 -7.94031 100
      vertex 6.52826 -6.52826 91.45
      vertex 8.40163 -8.40163 100
    endloop
  endfacet
  facet normal -0.668123 -0.737205 0.100702
    outer loop
      vertex 8.91063 -18.7625 100
      vertex 6.52826 -17.7713 91.45
      vertex 7.10633 -18.2952 91.45
    endloop
  endfacet
  facet normal 0.14301 0.964139 0.223571
    outer loop
      vertex 14.717 -6.48588 100
      vertex 12.929 -4.23804 91.45
      vertex 14.0375 -6.38509 100
    endloop
  endfacet
  facet normal -0.933752 0.233892 0.270927
    outer loop
      vertex 4.54208 -9.84199 91.45
      vertex 4.35251 -10.5988 91.45
      vertex 6.48588 -11.9857 100
    endloop
  endfacet
  facet normal 0.143015 0.964139 0.223569
    outer loop
      vertex 13.7007 -4.35251 91.45
      vertex 12.929 -4.23804 91.45
      vertex 14.717 -6.48588 100
    endloop
  endfacet
  facet normal -0.847027 -0.507748 0.157278
    outer loop
      vertex 7.17793 -16.6512 100
      vertex 5.13848 -15.8974 91.45
      vertex 5.53957 -16.5665 91.45
    endloop
  endfacet
  facet normal 0.330591 0.923975 0.192299
    outer loop
      vertex 16.0302 -6.88422 100
      vertex 14.4575 -4.54208 91.45
      vertex 15.3834 -6.6528 100
    endloop
  endfacet
  facet normal 0.98849 0.150427 -0.016124
    outer loop
      vertex 20.0999 -12.1496 91.4488
      vertex 20.3177 -12.6653 99.99
      vertex 20.1 -12.1503 91.4484
    endloop
  endfacet
  facet normal 0.998543 0.0490476 -0.0225014
    outer loop
      vertex 20.3177 -12.6653 99.99
      vertex 20.0999 -12.1496 91.4488
      vertex 20.0617 -11.3719 91.4488
    endloop
  endfacet
  facet normal 0.969994 0.242972 0.00878929
    outer loop
      vertex 20.2169 -11.9857 100
      vertex 19.7574 -9.84199 91.45
      vertex 20.05 -11.3194 100
    endloop
  endfacet
  facet normal 0.512334 -0.854905 -0.0815544
    outer loop
      vertex 16.6512 -19.5248 99.99
      vertex 16.5666 -18.7604 91.4456
      vertex 17.2404 -19.1717 99.99
    endloop
  endfacet
  facet normal 0.415096 -0.906566 -0.0763731
    outer loop
      vertex 17.2404 -19.1717 99.99
      vertex 16.5666 -18.7604 91.4456
      vertex 16.567 -18.7602 91.4454
    endloop
  endfacet
  facet normal 0.55274 -0.829109 -0.0840036
    outer loop
      vertex 15.8985 -19.1609 91.4456
      vertex 16.6512 -19.5248 99.99
      vertex 15.8979 -19.1613 91.4456
    endloop
  endfacet
  facet normal 0.512443 -0.85484 -0.0815496
    outer loop
      vertex 16.6512 -19.5248 99.99
      vertex 15.8985 -19.1609 91.4456
      vertex 16.5666 -18.7604 91.4456
    endloop
  endfacet
  facet normal -0.569381 0.767708 0.293989
    outer loop
      vertex 9.46239 -7.53109 100
      vertex 7.73297 -5.53957 91.45
      vertex 8.91063 -7.94031 100
    endloop
  endfacet
  facet normal 0.666703 0.735621 0.119867
    outer loop
      vertex 17.7713 -6.52826 91.45
      vertex 17.1932 -6.00432 91.45
      vertex 17.7921 -7.94031 100
    endloop
  endfacet
  facet normal -0.14161 0.954836 0.261218
    outer loop
      vertex 12.6653 -6.38509 100
      vertex 10.5988 -4.35251 91.45
      vertex 11.9857 -6.48588 100
    endloop
  endfacet
  facet normal 0.0490907 -0.998135 -0.0362775
    outer loop
      vertex 12.9282 -20.0618 91.4481
      vertex 14.0375 -20.3177 99.99
      vertex 12.1515 -20.1 91.4481
    endloop
  endfacet
  facet normal -0 -0.999552 -0.0299448
    outer loop
      vertex 12.9288 -20.0618 91.4481
      vertex 14.0375 -20.3177 99.99
      vertex 12.9282 -20.0618 91.4481
    endloop
  endfacet
  facet normal 0.13365 -0.989913 -0.0470032
    outer loop
      vertex 12.9294 -20.0617 91.4477
      vertex 14.0375 -20.3177 99.99
      vertex 12.9288 -20.0618 91.4481
    endloop
  endfacet
  facet normal -0.0140646 -0.999505 -0.0281292
    outer loop
      vertex 14.0375 -20.3177 99.99
      vertex 12.9294 -20.0617 91.4477
      vertex 12.93 -20.0617 91.4474
    endloop
  endfacet
  facet normal -0.0490466 -0.998543 -0.0224927
    outer loop
      vertex 12.1503 -20.1 91.4484
      vertex 13.3514 -20.3514 99.99
      vertex 12.6653 -20.3177 99.99
    endloop
  endfacet
  facet normal -0.013743 -0.999528 -0.027486
    outer loop
      vertex 13.3514 -20.3514 99.99
      vertex 12.1503 -20.1 91.4484
      vertex 12.1509 -20.1 91.4481
    endloop
  endfacet
  facet normal 0.637965 -0.765558 -0.0831945
    outer loop
      vertex 17.1945 -18.2947 91.4453
      vertex 18.3011 -18.3011 99.99
      vertex 17.1939 -18.2952 91.4453
    endloop
  endfacet
  facet normal 0.669034 -0.738099 -0.0871976
    outer loop
      vertex 18.3011 -18.3011 99.99
      vertex 17.1945 -18.2947 91.4453
      vertex 17.7716 -17.7716 91.4453
    endloop
  endfacet
  facet normal 0.765558 -0.637965 -0.0831945
    outer loop
      vertex 18.3011 -18.3011 99.99
      vertex 18.2947 -17.1945 91.4453
      vertex 18.2952 -17.1939 91.4453
    endloop
  endfacet
  facet normal 0.738099 -0.669034 -0.0871976
    outer loop
      vertex 18.2947 -17.1945 91.4453
      vertex 18.3011 -18.3011 99.99
      vertex 17.7716 -17.7716 91.4453
    endloop
  endfacet
  facet normal -0.409734 0.866314 0.285689
    outer loop
      vertex 10.6726 -6.88422 100
      vertex 8.40215 -5.13848 91.45
      vertex 10.0516 -7.17793 100
    endloop
  endfacet
  facet normal -0.970227 -0.0476771 0.23746
    outer loop
      vertex 6.35138 -13.3514 100
      vertex 4.19975 -12.1498 91.45
      vertex 4.23804 -12.929 91.45
    endloop
  endfacet
  facet normal -0.954831 0.141635 0.261223
    outer loop
      vertex 4.35251 -10.5988 91.45
      vertex 4.23804 -11.3705 91.45
      vertex 6.38509 -12.6653 100
    endloop
  endfacet
  facet normal 0.984741 -0.166426 -0.0508698
    outer loop
      vertex 19.9474 -13.7005 91.4474
      vertex 20.2169 -14.717 99.99
      vertex 19.9472 -13.7015 91.4468
    endloop
  endfacet
  facet normal 0.988011 -0.146534 -0.0486058
    outer loop
      vertex 20.2169 -14.717 99.99
      vertex 19.9474 -13.7005 91.4474
      vertex 20.0616 -12.9305 91.4474
    endloop
  endfacet
  facet normal 0.998135 -0.0490907 -0.0362775
    outer loop
      vertex 20.3177 -14.0375 99.99
      vertex 20.0618 -12.9282 91.4481
      vertex 20.1 -12.1515 91.4481
    endloop
  endfacet
  facet normal 0.999505 0.0140646 -0.0281292
    outer loop
      vertex 20.0617 -12.9294 91.4477
      vertex 20.3177 -14.0375 99.99
      vertex 20.0617 -12.93 91.4474
    endloop
  endfacet
  facet normal 0.989913 -0.13365 -0.0470032
    outer loop
      vertex 20.0618 -12.9288 91.4481
      vertex 20.3177 -14.0375 99.99
      vertex 20.0617 -12.9294 91.4477
    endloop
  endfacet
  facet normal 0.999552 0 -0.0299448
    outer loop
      vertex 20.0618 -12.9282 91.4481
      vertex 20.3177 -14.0375 99.99
      vertex 20.0618 -12.9288 91.4481
    endloop
  endfacet
  facet normal -0.847048 -0.507712 0.157283
    outer loop
      vertex 7.17793 -16.6512 100
      vertex 5.53957 -16.5665 91.45
      vertex 7.53109 -17.2404 100
    endloop
  endfacet
  facet normal 0.237635 0.948719 0.208474
    outer loop
      vertex 15.3834 -6.6528 100
      vertex 14.4575 -4.54208 91.45
      vertex 14.717 -6.48588 100
    endloop
  endfacet
  facet normal -0.735617 -0.666709 0.119867
    outer loop
      vertex 7.94031 -17.7921 100
      vertex 6.52826 -17.7713 91.45
      vertex 8.40163 -18.3011 100
    endloop
  endfacet
  facet normal -0.735621 -0.666703 0.119867
    outer loop
      vertex 7.94031 -17.7921 100
      vertex 6.00432 -17.1932 91.45
      vertex 6.52826 -17.7713 91.45
    endloop
  endfacet
  facet normal -0.795459 -0.589899 0.138797
    outer loop
      vertex 7.94031 -17.7921 100
      vertex 5.53957 -16.5665 91.45
      vertex 6.00432 -17.1932 91.45
    endloop
  endfacet
  facet normal 0.595729 -0.803186 0
    outer loop
      vertex 17.2404 -19.1717 99.99
      vertex 17.7921 -18.7625 100
      vertex 17.2404 -19.1717 100
    endloop
  endfacet
  facet normal 0.595729 -0.803186 0
    outer loop
      vertex 17.7921 -18.7625 100
      vertex 17.2404 -19.1717 99.99
      vertex 17.7921 -18.7625 99.99
    endloop
  endfacet
  facet normal 0.336982 -0.941511 0
    outer loop
      vertex 15.3834 -20.05 99.99
      vertex 16.0302 -19.8185 100
      vertex 15.3834 -20.05 100
    endloop
  endfacet
  facet normal 0.336982 -0.941511 0
    outer loop
      vertex 16.0302 -19.8185 100
      vertex 15.3834 -20.05 99.99
      vertex 16.0302 -19.8185 99.99
    endloop
  endfacet
  facet normal 0.146534 -0.988011 -0.0486058
    outer loop
      vertex 13.7005 -19.9474 91.4474
      vertex 14.717 -20.2169 99.99
      vertex 12.9305 -20.0616 91.4474
    endloop
  endfacet
  facet normal 0.166426 -0.984741 -0.0508698
    outer loop
      vertex 14.717 -20.2169 99.99
      vertex 13.7005 -19.9474 91.4474
      vertex 13.7015 -19.9472 91.4468
    endloop
  endfacet
  facet normal -0.967068 0.0475158 0.250043
    outer loop
      vertex 4.23804 -11.3705 91.45
      vertex 4.19975 -12.1498 91.45
      vertex 6.35138 -13.3514 100
    endloop
  endfacet
  facet normal 0.998796 -0.0490591 0
    outer loop
      vertex 20.3177 -14.0375 100
      vertex 20.3514 -13.3514 99.99
      vertex 20.3514 -13.3514 100
    endloop
  endfacet
  facet normal 0.998796 -0.0490591 0
    outer loop
      vertex 20.3514 -13.3514 99.99
      vertex 20.3177 -14.0375 100
      vertex 20.3177 -14.0375 99.99
    endloop
  endfacet
  facet normal -0.933744 0.233919 0.270932
    outer loop
      vertex 6.6528 -11.3194 100
      vertex 4.54208 -9.84199 91.45
      vertex 6.48588 -11.9857 100
    endloop
  endfacet
  facet normal 0.941511 -0.336982 0
    outer loop
      vertex 19.8185 -16.0302 100
      vertex 20.05 -15.3834 99.99
      vertex 20.05 -15.3834 100
    endloop
  endfacet
  facet normal 0.941511 -0.336982 0
    outer loop
      vertex 20.05 -15.3834 99.99
      vertex 19.8185 -16.0302 100
      vertex 19.8185 -16.0302 99.99
    endloop
  endfacet
  facet normal -0.923975 -0.330591 0.192299
    outer loop
      vertex 6.6528 -15.3834 100
      vertex 4.54208 -14.4575 91.45
      vertex 6.88422 -16.0302 100
    endloop
  endfacet
  facet normal -0.890015 -0.420931 0.175185
    outer loop
      vertex 6.88422 -16.0302 100
      vertex 4.80491 -15.1921 91.45
      vertex 5.13848 -15.8974 91.45
    endloop
  endfacet
  facet normal -0.923977 -0.330586 0.192301
    outer loop
      vertex 6.88422 -16.0302 100
      vertex 4.54208 -14.4575 91.45
      vertex 4.80491 -15.1921 91.45
    endloop
  endfacet
  facet normal -0.90413 0.323499 0.2791
    outer loop
      vertex 4.80491 -9.10742 91.45
      vertex 4.54208 -9.84199 91.45
      vertex 6.88422 -10.6726 100
    endloop
  endfacet
  facet normal -0.141635 0.954831 0.261223
    outer loop
      vertex 11.3705 -4.23804 91.45
      vertex 10.5988 -4.35251 91.45
      vertex 12.6653 -6.38509 100
    endloop
  endfacet
  facet normal 0.737132 0.668198 0.100731
    outer loop
      vertex 18.7625 -8.91063 100
      vertex 17.7713 -6.52826 91.45
      vertex 18.3011 -8.40163 100
    endloop
  endfacet
  facet normal 0.666709 0.735617 0.119867
    outer loop
      vertex 18.3011 -8.40163 100
      vertex 17.7713 -6.52826 91.45
      vertex 17.7921 -7.94031 100
    endloop
  endfacet
  facet normal -0.233892 0.933752 0.270927
    outer loop
      vertex 10.5988 -4.35251 91.45
      vertex 9.84199 -4.54208 91.45
      vertex 11.9857 -6.48588 100
    endloop
  endfacet
  facet normal -0.233919 0.933744 0.270932
    outer loop
      vertex 11.9857 -6.48588 100
      vertex 9.84199 -4.54208 91.45
      vertex 11.3194 -6.6528 100
    endloop
  endfacet
  facet normal -0 -0.999567 -0.0294187
    outer loop
      vertex 12.1515 -20.1 91.4481
      vertex 13.3514 -20.3514 99.99
      vertex 12.1509 -20.1 91.4481
    endloop
  endfacet
  facet normal 0.0490268 -0.998139 -0.0362635
    outer loop
      vertex 13.3514 -20.3514 99.99
      vertex 12.1515 -20.1 91.4481
      vertex 14.0375 -20.3177 99.99
    endloop
  endfacet
  facet normal 0.704374 -0.704374 -0.0878334
    outer loop
      vertex 18.7625 -17.7921 99.99
      vertex 18.2952 -17.1939 91.4453
      vertex 18.2955 -17.1936 91.4453
    endloop
  endfacet
  facet normal 0.738078 -0.669056 -0.0872041
    outer loop
      vertex 18.2952 -17.1939 91.4453
      vertex 18.7625 -17.7921 99.99
      vertex 18.3011 -18.3011 99.99
    endloop
  endfacet
  facet normal 0.445869 -0.891738 -0.0774886
    outer loop
      vertex 15.1931 -19.4946 91.4459
      vertex 16.0302 -19.8185 99.99
      vertex 15.1927 -19.4948 91.4459
    endloop
  endfacet
  facet normal 0.426307 -0.901385 -0.0759379
    outer loop
      vertex 16.0302 -19.8185 99.99
      vertex 15.1931 -19.4946 91.4459
      vertex 16.6512 -19.5248 99.99
    endloop
  endfacet
  facet normal 0.426277 -0.9014 -0.0759328
    outer loop
      vertex 15.8962 -19.1621 91.4459
      vertex 16.6512 -19.5248 99.99
      vertex 15.1931 -19.4946 91.4459
    endloop
  endfacet
  facet normal 0.445877 -0.891754 -0.0772552
    outer loop
      vertex 15.8974 -19.1615 91.4459
      vertex 16.6512 -19.5248 99.99
      vertex 15.8962 -19.1621 91.4459
    endloop
  endfacet
  facet normal 0.334288 -0.939908 -0.0694579
    outer loop
      vertex 16.6512 -19.5248 99.99
      vertex 15.8974 -19.1615 91.4459
      vertex 15.8979 -19.1613 91.4456
    endloop
  endfacet
  facet normal 0.992216 0.124027 -0.0112026
    outer loop
      vertex 20.2169 -11.9857 99.99
      vertex 19.9474 -10.6011 91.4496
      vertex 19.9473 -10.6003 91.4496
    endloop
  endfacet
  facet normal 0.989151 0.146713 -0.00742785
    outer loop
      vertex 19.9474 -10.6011 91.4496
      vertex 20.2169 -11.9857 99.99
      vertex 20.3177 -12.6653 99.99
    endloop
  endfacet
  facet normal -0.243006 -0.969985 0.00879832
    outer loop
      vertex 11.9857 -20.2169 100
      vertex 9.84199 -19.7574 91.45
      vertex 10.5988 -19.947 91.45
    endloop
  endfacet
  facet normal -0.491908 0.820697 0.290661
    outer loop
      vertex 10.0516 -7.17793 100
      vertex 7.73297 -5.53957 91.45
      vertex 9.46239 -7.53109 100
    endloop
  endfacet
  facet normal 0.891738 -0.445869 -0.0774886
    outer loop
      vertex 19.8185 -16.0302 99.99
      vertex 19.4946 -15.1931 91.4459
      vertex 19.4948 -15.1927 91.4459
    endloop
  endfacet
  facet normal 0.901385 -0.426307 -0.0759379
    outer loop
      vertex 19.4946 -15.1931 91.4459
      vertex 19.8185 -16.0302 99.99
      vertex 19.5248 -16.6512 99.99
    endloop
  endfacet
  facet normal -0.707834 0.641528 0.295656
    outer loop
      vertex 8.40163 -8.40163 100
      vertex 6.52826 -6.52826 91.45
      vertex 7.94031 -8.91063 100
    endloop
  endfacet
  facet normal -0.323492 0.904133 0.2791
    outer loop
      vertex 11.3194 -6.6528 100
      vertex 9.84199 -4.54208 91.45
      vertex 10.6726 -6.88422 100
    endloop
  endfacet
  facet normal 0.0490591 -0.998796 0
    outer loop
      vertex 13.3514 -20.3514 99.99
      vertex 14.0375 -20.3177 100
      vertex 13.3514 -20.3514 100
    endloop
  endfacet
  facet normal 0.0490591 -0.998796 0
    outer loop
      vertex 14.0375 -20.3177 100
      vertex 13.3514 -20.3514 99.99
      vertex 14.0375 -20.3177 99.99
    endloop
  endfacet
  facet normal -0.964139 -0.14301 0.223571
    outer loop
      vertex 6.38509 -14.0375 100
      vertex 4.23804 -12.929 91.45
      vertex 6.48588 -14.717 100
    endloop
  endfacet
  facet normal -0.970227 -0.0476699 0.23746
    outer loop
      vertex 6.35138 -13.3514 100
      vertex 4.23804 -12.929 91.45
      vertex 6.38509 -14.0375 100
    endloop
  endfacet
  facet normal 0.979111 -0.195822 -0.0547287
    outer loop
      vertex 20.3177 -14.0375 99.99
      vertex 20.0616 -12.9305 91.4474
      vertex 20.0617 -12.93 91.4474
    endloop
  endfacet
  facet normal 0.988006 -0.146565 -0.0486123
    outer loop
      vertex 20.0616 -12.9305 91.4474
      vertex 20.3177 -14.0375 99.99
      vertex 20.2169 -14.717 99.99
    endloop
  endfacet
  facet normal -0.124027 -0.992216 -0.0112026
    outer loop
      vertex 10.6011 -19.9474 91.4496
      vertex 11.9857 -20.2169 99.99
      vertex 10.6003 -19.9473 91.4496
    endloop
  endfacet
  facet normal -0.146713 -0.989151 -0.00742785
    outer loop
      vertex 11.9857 -20.2169 99.99
      vertex 10.6011 -19.9474 91.4496
      vertex 12.6653 -20.3177 99.99
    endloop
  endfacet
  facet normal -0.820697 0.491908 0.290661
    outer loop
      vertex 7.53109 -9.46239 100
      vertex 5.53957 -7.73297 91.45
      vertex 7.17793 -10.0516 100
    endloop
  endfacet
  facet normal 0.195822 -0.979111 -0.0547287
    outer loop
      vertex 12.9305 -20.0616 91.4474
      vertex 14.0375 -20.3177 99.99
      vertex 12.93 -20.0617 91.4474
    endloop
  endfacet
  facet normal 0.146565 -0.988006 -0.0486123
    outer loop
      vertex 14.0375 -20.3177 99.99
      vertex 12.9305 -20.0616 91.4474
      vertex 14.717 -20.2169 99.99
    endloop
  endfacet
  facet normal 0.514046 -0.857763 0
    outer loop
      vertex 16.6512 -19.5248 99.99
      vertex 17.2404 -19.1717 100
      vertex 16.6512 -19.5248 100
    endloop
  endfacet
  facet normal 0.514046 -0.857763 0
    outer loop
      vertex 17.2404 -19.1717 100
      vertex 16.6512 -19.5248 99.99
      vertex 17.2404 -19.1717 99.99
    endloop
  endfacet
  facet normal 0.998543 0.0490466 -0.0224927
    outer loop
      vertex 20.3514 -13.3514 99.99
      vertex 20.1 -12.1503 91.4484
      vertex 20.3177 -12.6653 99.99
    endloop
  endfacet
  facet normal 0.999528 0.013743 -0.027486
    outer loop
      vertex 20.1 -12.1503 91.4484
      vertex 20.3514 -13.3514 99.99
      vertex 20.1 -12.1509 91.4481
    endloop
  endfacet
  facet normal 0.445244 -0.890488 -0.0937531
    outer loop
      vertex 17.1934 -18.2956 91.4454
      vertex 17.2404 -19.1717 99.99
      vertex 17.1932 -18.2957 91.4454
    endloop
  endfacet
  facet normal 0.593557 -0.800257 -0.0853173
    outer loop
      vertex 17.2404 -19.1717 99.99
      vertex 17.1934 -18.2956 91.4454
      vertex 17.7921 -18.7625 99.99
    endloop
  endfacet
  facet normal 0.414127 -0.906822 -0.0785681
    outer loop
      vertex 17.7921 -18.7625 99.99
      vertex 17.1934 -18.2956 91.4454
      vertex 17.1936 -18.2955 91.4453
    endloop
  endfacet
  facet normal 0.704374 -0.704374 -0.0878334
    outer loop
      vertex 17.1939 -18.2952 91.4453
      vertex 17.7921 -18.7625 99.99
      vertex 17.1936 -18.2955 91.4453
    endloop
  endfacet
  facet normal 0.669056 -0.738078 -0.0872041
    outer loop
      vertex 17.7921 -18.7625 99.99
      vertex 17.1939 -18.2952 91.4453
      vertex 18.3011 -18.3011 99.99
    endloop
  endfacet
  facet normal 0.939297 -0.336189 -0.0685397
    outer loop
      vertex 19.8185 -16.0302 99.99
      vertex 19.495 -15.1922 91.4462
      vertex 20.05 -15.3834 99.99
    endloop
  endfacet
  facet normal 0.939781 -0.334856 -0.0684273
    outer loop
      vertex 19.495 -15.1922 91.4462
      vertex 19.8185 -16.0302 99.99
      vertex 19.4948 -15.1927 91.4459
    endloop
  endfacet
  facet normal -0.569376 0.767712 0.293989
    outer loop
      vertex 7.73297 -5.53957 91.45
      vertex 7.10633 -6.00432 91.45
      vertex 8.91063 -7.94031 100
    endloop
  endfacet
  facet normal 0.146739 -0.989175 0
    outer loop
      vertex 14.0375 -20.3177 99.99
      vertex 14.717 -20.2169 100
      vertex 14.0375 -20.3177 100
    endloop
  endfacet
  facet normal 0.146739 -0.989175 0
    outer loop
      vertex 14.717 -20.2169 100
      vertex 14.0375 -20.3177 99.99
      vertex 14.717 -20.2169 99.99
    endloop
  endfacet
  facet normal 0.242518 -0.968327 -0.059396
    outer loop
      vertex 14.4577 -19.7578 91.4466
      vertex 15.3834 -20.05 99.99
      vertex 14.717 -20.2169 99.99
    endloop
  endfacet
  facet normal 0.334857 -0.939781 -0.0684249
    outer loop
      vertex 15.3834 -20.05 99.99
      vertex 14.4577 -19.7578 91.4466
      vertex 14.4582 -19.7576 91.4463
    endloop
  endfacet
  facet normal 0.336025 -0.939356 -0.0685368
    outer loop
      vertex 15.1909 -19.4955 91.4463
      vertex 15.3834 -20.05 99.99
      vertex 14.4582 -19.7576 91.4463
    endloop
  endfacet
  facet normal 0.34094 -0.937584 -0.0685325
    outer loop
      vertex 15.192 -19.4951 91.4463
      vertex 15.3834 -20.05 99.99
      vertex 15.1909 -19.4955 91.4463
    endloop
  endfacet
  facet normal 0.418686 -0.905567 -0.0681948
    outer loop
      vertex 15.3834 -20.05 99.99
      vertex 15.192 -19.4951 91.4463
      vertex 15.1922 -19.495 91.4462
    endloop
  endfacet
  facet normal -0.146717 -0.989178 0
    outer loop
      vertex 11.9857 -20.2169 99.99
      vertex 12.6653 -20.3177 100
      vertex 11.9857 -20.2169 100
    endloop
  endfacet
  facet normal -0.146717 -0.989178 -0
    outer loop
      vertex 12.6653 -20.3177 100
      vertex 11.9857 -20.2169 99.99
      vertex 12.6653 -20.3177 99.99
    endloop
  endfacet
  facet normal 0.998796 0.0490591 0
    outer loop
      vertex 20.3514 -13.3514 100
      vertex 20.3177 -12.6653 99.99
      vertex 20.3177 -12.6653 100
    endloop
  endfacet
  facet normal 0.998796 0.0490591 0
    outer loop
      vertex 20.3177 -12.6653 99.99
      vertex 20.3514 -13.3514 100
      vertex 20.3514 -13.3514 99.99
    endloop
  endfacet
  facet normal 0.989175 -0.146739 0
    outer loop
      vertex 20.2169 -14.717 100
      vertex 20.3177 -14.0375 99.99
      vertex 20.3177 -14.0375 100
    endloop
  endfacet
  facet normal 0.989175 -0.146739 0
    outer loop
      vertex 20.3177 -14.0375 99.99
      vertex 20.2169 -14.717 100
      vertex 20.2169 -14.717 99.99
    endloop
  endfacet
  facet normal -0.323499 0.90413 0.2791
    outer loop
      vertex 9.84199 -4.54208 91.45
      vertex 9.10742 -4.80491 91.45
      vertex 10.6726 -6.88422 100
    endloop
  endfacet
  facet normal 0.999567 0 -0.0294187
    outer loop
      vertex 20.3514 -13.3514 99.99
      vertex 20.1 -12.1515 91.4481
      vertex 20.1 -12.1509 91.4481
    endloop
  endfacet
  facet normal 0.998139 -0.0490268 -0.0362635
    outer loop
      vertex 20.1 -12.1515 91.4481
      vertex 20.3514 -13.3514 99.99
      vertex 20.3177 -14.0375 99.99
    endloop
  endfacet
  facet normal -0.767712 0.569376 0.293989
    outer loop
      vertex 6.00432 -7.10633 91.45
      vertex 5.53957 -7.73297 91.45
      vertex 7.94031 -8.91063 100
    endloop
  endfacet
  facet normal 0.0491626 0.998791 -0
    outer loop
      vertex 10.3921 13.9807 0
      vertex 10 14 5
      vertex 10.3921 13.9807 5
    endloop
  endfacet
  facet normal 0.0491626 0.998791 0
    outer loop
      vertex 10 14 5
      vertex 10.3921 13.9807 0
      vertex 10 14 0
    endloop
  endfacet
  facet normal 0.904044 0.42744 0
    outer loop
      vertex 13.6955 11.5307 5
      vertex 13.5277 11.8856 0
      vertex 13.5277 11.8856 5
    endloop
  endfacet
  facet normal 0.904044 0.42744 0
    outer loop
      vertex 13.5277 11.8856 0
      vertex 13.6955 11.5307 5
      vertex 13.6955 11.5307 0
    endloop
  endfacet
  facet normal -0.970068 0.242835 0
    outer loop
      vertex -13.9231 10.7804 0
      vertex -13.8278 11.1611 5
      vertex -13.8278 11.1611 0
    endloop
  endfacet
  facet normal -0.970068 0.242835 0
    outer loop
      vertex -13.8278 11.1611 5
      vertex -13.9231 10.7804 0
      vertex -13.9231 10.7804 5
    endloop
  endfacet
  facet normal -0.998791 -0.0491626 0
    outer loop
      vertex -13.9807 -10.3921 0
      vertex -14 -10 5
      vertex -14 -10 0
    endloop
  endfacet
  facet normal -0.998791 -0.0491626 0
    outer loop
      vertex -14 -10 5
      vertex -13.9807 -10.3921 0
      vertex -13.9807 -10.3921 5
    endloop
  endfacet
  facet normal 0.0491626 -0.998791 0
    outer loop
      vertex 10 -14 0
      vertex 10.3921 -13.9807 5
      vertex 10 -14 5
    endloop
  endfacet
  facet normal 0.0491626 -0.998791 0
    outer loop
      vertex 10.3921 -13.9807 5
      vertex 10 -14 0
      vertex 10.3921 -13.9807 0
    endloop
  endfacet
  facet normal 0.42744 -0.904044 0
    outer loop
      vertex 11.5307 -13.6955 0
      vertex 11.8856 -13.5277 5
      vertex 11.5307 -13.6955 5
    endloop
  endfacet
  facet normal 0.42744 -0.904044 0
    outer loop
      vertex 11.8856 -13.5277 5
      vertex 11.5307 -13.6955 0
      vertex 11.8856 -13.5277 0
    endloop
  endfacet
  facet normal 0.242835 0.970068 -0
    outer loop
      vertex 11.1611 13.8278 0
      vertex 10.7804 13.9231 5
      vertex 11.1611 13.8278 5
    endloop
  endfacet
  facet normal 0.242835 0.970068 0
    outer loop
      vertex 10.7804 13.9231 5
      vertex 11.1611 13.8278 0
      vertex 10.7804 13.9231 0
    endloop
  endfacet
  facet normal 0.337014 -0.9415 0
    outer loop
      vertex 11.1611 -13.8278 0
      vertex 11.5307 -13.6955 5
      vertex 11.1611 -13.8278 5
    endloop
  endfacet
  facet normal 0.337014 -0.9415 0
    outer loop
      vertex 11.5307 -13.6955 5
      vertex 11.1611 -13.8278 0
      vertex 11.5307 -13.6955 0
    endloop
  endfacet
  facet normal -0.989176 -0.146733 0
    outer loop
      vertex -13.9231 -10.7804 0
      vertex -13.9807 -10.3921 5
      vertex -13.9807 -10.3921 0
    endloop
  endfacet
  facet normal -0.989176 -0.146733 0
    outer loop
      vertex -13.9807 -10.3921 5
      vertex -13.9231 -10.7804 0
      vertex -13.9231 -10.7804 5
    endloop
  endfacet
  facet normal -0.0491626 -0.998791 0
    outer loop
      vertex -10.3921 -13.9807 0
      vertex -10 -14 5
      vertex -10.3921 -13.9807 5
    endloop
  endfacet
  facet normal -0.0491626 -0.998791 -0
    outer loop
      vertex -10 -14 5
      vertex -10.3921 -13.9807 0
      vertex -10 -14 0
    endloop
  endfacet
  facet normal -0.998791 0.0491626 0
    outer loop
      vertex -14 10 0
      vertex -13.9807 10.3921 5
      vertex -13.9807 10.3921 0
    endloop
  endfacet
  facet normal -0.998791 0.0491626 0
    outer loop
      vertex -13.9807 10.3921 5
      vertex -14 10 0
      vertex -14 10 5
    endloop
  endfacet
  facet normal 0.595794 -0.803137 0
    outer loop
      vertex 12.2223 -13.3259 0
      vertex 12.5376 -13.092 5
      vertex 12.2223 -13.3259 5
    endloop
  endfacet
  facet normal 0.595794 -0.803137 0
    outer loop
      vertex 12.5376 -13.092 5
      vertex 12.2223 -13.3259 0
      vertex 12.5376 -13.092 0
    endloop
  endfacet
  facet normal -0.904044 0.42744 0
    outer loop
      vertex -13.6955 11.5307 0
      vertex -13.5277 11.8856 5
      vertex -13.5277 11.8856 0
    endloop
  endfacet
  facet normal -0.904044 0.42744 0
    outer loop
      vertex -13.5277 11.8856 5
      vertex -13.6955 11.5307 0
      vertex -13.6955 11.5307 5
    endloop
  endfacet
  facet normal 0 1 0
    outer loop
      vertex -1.40228 14 1.7776
      vertex -1.81459 14 1.37398
      vertex -1.72194 14 2.17085
    endloop
  endfacet
  facet normal 0 1 0
    outer loop
      vertex -1.72194 14 2.17085
      vertex -2.24785 14 1.73192
      vertex -2.25293 14 1.77328
    endloop
  endfacet
  facet normal 0 1 0
    outer loop
      vertex -1.72966 14 1.37929
      vertex -1.40358 14 1.73665
      vertex -1.40747 14 1.69772
    endloop
  endfacet
  facet normal 0 1 0
    outer loop
      vertex -1.72194 14 2.17085
      vertex -1.81459 14 1.37398
      vertex -1.85565 14 1.37527
    endloop
  endfacet
  facet normal 0 1 0
    outer loop
      vertex -1.72966 14 1.37929
      vertex -1.40747 14 1.69772
      vertex -1.41397 14 1.6608
    endloop
  endfacet
  facet normal -0 1 0
    outer loop
      vertex -1.89491 14 1.37912
      vertex -1.72194 14 2.17085
      vertex -1.85565 14 1.37527
    endloop
  endfacet
  facet normal 0 1 0
    outer loop
      vertex -1.69078 14 1.38593
      vertex -1.41397 14 1.6608
      vertex -1.42307 14 1.62587
    endloop
  endfacet
  facet normal 0 1 0
    outer loop
      vertex -1.72194 14 2.17085
      vertex -2.24034 14 1.69269
      vertex -2.24785 14 1.73192
    endloop
  endfacet
  facet normal 0 1 0
    outer loop
      vertex -1.65428 14 1.3952
      vertex -1.42307 14 1.62587
      vertex -1.43477 14 1.59296
    endloop
  endfacet
  facet normal 0 1 0
    outer loop
      vertex -1.72194 14 2.17085
      vertex -1.89491 14 1.37912
      vertex -2.24034 14 1.69269
    endloop
  endfacet
  facet normal 0 1 0
    outer loop
      vertex -1.65428 14 1.3952
      vertex -1.43477 14 1.59296
      vertex -1.44905 14 1.56206
    endloop
  endfacet
  facet normal 0 1 0
    outer loop
      vertex -2.24034 14 1.69269
      vertex -1.89491 14 1.37912
      vertex -2.23038 14 1.65561
    endloop
  endfacet
  facet normal 0 1 0
    outer loop
      vertex -1.65428 14 1.3952
      vertex -1.44905 14 1.56206
      vertex -1.46594 14 1.53317
    endloop
  endfacet
  facet normal 0 1 0
    outer loop
      vertex -2.23038 14 1.65561
      vertex -1.89491 14 1.37912
      vertex -2.21799 14 1.62067
    endloop
  endfacet
  facet normal 0 1 0
    outer loop
      vertex -1.65428 14 1.3952
      vertex -1.46594 14 1.53317
      vertex -1.48544 14 1.50629
    endloop
  endfacet
  facet normal 0 1 0
    outer loop
      vertex -2.21799 14 1.62067
      vertex -1.89491 14 1.37912
      vertex -2.20317 14 1.58788
    endloop
  endfacet
  facet normal 0 1 0
    outer loop
      vertex -1.65428 14 1.3952
      vertex -1.48544 14 1.50629
      vertex -1.50752 14 1.48141
    endloop
  endfacet
  facet normal 0 1 0
    outer loop
      vertex -2.20317 14 1.58788
      vertex -1.89491 14 1.37912
      vertex -2.1859 14 1.55724
    endloop
  endfacet
  facet normal 0 1 0
    outer loop
      vertex -1.65428 14 1.3952
      vertex -1.50752 14 1.48141
      vertex -1.5321 14 1.45886
    endloop
  endfacet
  facet normal 0 1 0
    outer loop
      vertex -2.1859 14 1.55724
      vertex -1.89491 14 1.37912
      vertex -2.1662 14 1.52872
    endloop
  endfacet
  facet normal 0 1 0
    outer loop
      vertex -1.65428 14 1.3952
      vertex -1.5321 14 1.45886
      vertex -1.55907 14 1.43896
    endloop
  endfacet
  facet normal 0 1 0
    outer loop
      vertex -2.1662 14 1.52872
      vertex -1.89491 14 1.37912
      vertex -2.14407 14 1.50237
    endloop
  endfacet
  facet normal 0 1 0
    outer loop
      vertex -1.65428 14 1.3952
      vertex -1.55907 14 1.43896
      vertex -1.58842 14 1.42172
    endloop
  endfacet
  facet normal 0 1 0
    outer loop
      vertex -1.40358 14 1.73665
      vertex -1.77094 14 1.37531
      vertex -1.81459 14 1.37398
    endloop
  endfacet
  facet normal 0 1 0
    outer loop
      vertex -1.65428 14 1.3952
      vertex -1.58842 14 1.42172
      vertex -1.62016 14 1.40714
    endloop
  endfacet
  facet normal 0 1 0
    outer loop
      vertex -2.14407 14 1.50237
      vertex -1.89491 14 1.37912
      vertex -2.11949 14 1.47815
    endloop
  endfacet
  facet normal 0 1 0
    outer loop
      vertex -1.42307 14 1.62587
      vertex -1.65428 14 1.3952
      vertex -1.69078 14 1.38593
    endloop
  endfacet
  facet normal 0 1 0
    outer loop
      vertex -2.11949 14 1.47815
      vertex -1.89491 14 1.37912
      vertex -2.0928 14 1.45628
    endloop
  endfacet
  facet normal 0 1 0
    outer loop
      vertex -1.41397 14 1.6608
      vertex -1.69078 14 1.38593
      vertex -1.72966 14 1.37929
    endloop
  endfacet
  facet normal 0 1 0
    outer loop
      vertex -1.40358 14 1.73665
      vertex -1.72966 14 1.37929
      vertex -1.77094 14 1.37531
    endloop
  endfacet
  facet normal 0 1 0
    outer loop
      vertex -2.0928 14 1.45628
      vertex -1.89491 14 1.37912
      vertex -2.0643 14 1.437
    endloop
  endfacet
  facet normal 0 1 0
    outer loop
      vertex -2.0643 14 1.437
      vertex -1.89491 14 1.37912
      vertex -2.03401 14 1.42027
    endloop
  endfacet
  facet normal 0 1 0
    outer loop
      vertex -1.96806 14 1.39456
      vertex -1.89491 14 1.37912
      vertex -1.93239 14 1.38556
    endloop
  endfacet
  facet normal 0 1 0
    outer loop
      vertex -2.00194 14 1.40613
      vertex -1.89491 14 1.37912
      vertex -1.96806 14 1.39456
    endloop
  endfacet
  facet normal 0 1 0
    outer loop
      vertex -2.03401 14 1.42027
      vertex -1.89491 14 1.37912
      vertex -2.00194 14 1.40613
    endloop
  endfacet
  facet normal 0 1 0
    outer loop
      vertex 4.63127 14 1.7776
      vertex 4.21895 14 1.37398
      vertex 4.31161 14 2.17085
    endloop
  endfacet
  facet normal 0 1 0
    outer loop
      vertex 4.31161 14 2.17085
      vertex 3.78569 14 1.73192
      vertex 3.78061 14 1.77328
    endloop
  endfacet
  facet normal 0 1 0
    outer loop
      vertex 4.30388 14 1.37929
      vertex 4.62997 14 1.73665
      vertex 4.62607 14 1.69772
    endloop
  endfacet
  facet normal 0 1 0
    outer loop
      vertex 4.31161 14 2.17085
      vertex 4.21895 14 1.37398
      vertex 4.17789 14 1.37527
    endloop
  endfacet
  facet normal 0 1 0
    outer loop
      vertex 4.30388 14 1.37929
      vertex 4.62607 14 1.69772
      vertex 4.61957 14 1.6608
    endloop
  endfacet
  facet normal -0 1 0
    outer loop
      vertex 4.13863 14 1.37912
      vertex 4.31161 14 2.17085
      vertex 4.17789 14 1.37527
    endloop
  endfacet
  facet normal 0 1 0
    outer loop
      vertex 4.34277 14 1.38593
      vertex 4.61957 14 1.6608
      vertex 4.61047 14 1.62587
    endloop
  endfacet
  facet normal 0 1 0
    outer loop
      vertex 4.31161 14 2.17085
      vertex 3.79321 14 1.69269
      vertex 3.78569 14 1.73192
    endloop
  endfacet
  facet normal 0 1 0
    outer loop
      vertex 4.37927 14 1.3952
      vertex 4.61047 14 1.62587
      vertex 4.59879 14 1.59296
    endloop
  endfacet
  facet normal 0 1 0
    outer loop
      vertex 4.31161 14 2.17085
      vertex 4.13863 14 1.37912
      vertex 3.79321 14 1.69269
    endloop
  endfacet
  facet normal 0 1 0
    outer loop
      vertex 4.37927 14 1.3952
      vertex 4.59879 14 1.59296
      vertex 4.58449 14 1.56206
    endloop
  endfacet
  facet normal 0 1 0
    outer loop
      vertex 3.79321 14 1.69269
      vertex 4.13863 14 1.37912
      vertex 3.80316 14 1.65561
    endloop
  endfacet
  facet normal 0 1 0
    outer loop
      vertex 4.37927 14 1.3952
      vertex 4.58449 14 1.56206
      vertex 4.5676 14 1.53317
    endloop
  endfacet
  facet normal 0 1 0
    outer loop
      vertex 3.80316 14 1.65561
      vertex 4.13863 14 1.37912
      vertex 3.81555 14 1.62067
    endloop
  endfacet
  facet normal 0 1 0
    outer loop
      vertex 4.37927 14 1.3952
      vertex 4.5676 14 1.53317
      vertex 4.54811 14 1.50629
    endloop
  endfacet
  facet normal 0 1 0
    outer loop
      vertex 3.81555 14 1.62067
      vertex 4.13863 14 1.37912
      vertex 3.83038 14 1.58788
    endloop
  endfacet
  facet normal 0 1 0
    outer loop
      vertex 4.37927 14 1.3952
      vertex 4.54811 14 1.50629
      vertex 4.52602 14 1.48141
    endloop
  endfacet
  facet normal 0 1 0
    outer loop
      vertex 3.83038 14 1.58788
      vertex 4.13863 14 1.37912
      vertex 3.84764 14 1.55724
    endloop
  endfacet
  facet normal 0 1 0
    outer loop
      vertex 4.37927 14 1.3952
      vertex 4.52602 14 1.48141
      vertex 4.50143 14 1.45886
    endloop
  endfacet
  facet normal 0 1 0
    outer loop
      vertex 3.84764 14 1.55724
      vertex 4.13863 14 1.37912
      vertex 3.86734 14 1.52872
    endloop
  endfacet
  facet normal 0 1 0
    outer loop
      vertex 4.37927 14 1.3952
      vertex 4.50143 14 1.45886
      vertex 4.47447 14 1.43896
    endloop
  endfacet
  facet normal 0 1 0
    outer loop
      vertex 3.86734 14 1.52872
      vertex 4.13863 14 1.37912
      vertex 3.88948 14 1.50237
    endloop
  endfacet
  facet normal 0 1 0
    outer loop
      vertex 4.37927 14 1.3952
      vertex 4.47447 14 1.43896
      vertex 4.44513 14 1.42172
    endloop
  endfacet
  facet normal 0 1 0
    outer loop
      vertex 4.62997 14 1.73665
      vertex 4.2626 14 1.37531
      vertex 4.21895 14 1.37398
    endloop
  endfacet
  facet normal 0 1 0
    outer loop
      vertex 4.37927 14 1.3952
      vertex 4.44513 14 1.42172
      vertex 4.41339 14 1.40714
    endloop
  endfacet
  facet normal 0 1 0
    outer loop
      vertex 3.88948 14 1.50237
      vertex 4.13863 14 1.37912
      vertex 3.91405 14 1.47815
    endloop
  endfacet
  facet normal 0 1 0
    outer loop
      vertex 4.61047 14 1.62587
      vertex 4.37927 14 1.3952
      vertex 4.34277 14 1.38593
    endloop
  endfacet
  facet normal 0 1 0
    outer loop
      vertex 3.91405 14 1.47815
      vertex 4.13863 14 1.37912
      vertex 3.94075 14 1.45628
    endloop
  endfacet
  facet normal 0 1 0
    outer loop
      vertex 4.61957 14 1.6608
      vertex 4.34277 14 1.38593
      vertex 4.30388 14 1.37929
    endloop
  endfacet
  facet normal 0 1 0
    outer loop
      vertex 4.62997 14 1.73665
      vertex 4.30388 14 1.37929
      vertex 4.2626 14 1.37531
    endloop
  endfacet
  facet normal 0 1 0
    outer loop
      vertex 3.94075 14 1.45628
      vertex 4.13863 14 1.37912
      vertex 3.96924 14 1.437
    endloop
  endfacet
  facet normal 0 1 0
    outer loop
      vertex 3.96924 14 1.437
      vertex 4.13863 14 1.37912
      vertex 3.99953 14 1.42027
    endloop
  endfacet
  facet normal 0 1 0
    outer loop
      vertex 4.06549 14 1.39456
      vertex 4.13863 14 1.37912
      vertex 4.10117 14 1.38556
    endloop
  endfacet
  facet normal 0 1 0
    outer loop
      vertex 4.03162 14 1.40613
      vertex 4.13863 14 1.37912
      vertex 4.06549 14 1.39456
    endloop
  endfacet
  facet normal 0 1 0
    outer loop
      vertex 3.99953 14 1.42027
      vertex 4.13863 14 1.37912
      vertex 4.03162 14 1.40613
    endloop
  endfacet
  facet normal 0 1 0
    outer loop
      vertex 0.906738 14 1.90999
      vertex -0.802536 14 1.88129
      vertex -0.817062 14 1.93613
    endloop
  endfacet
  facet normal 0 1 0
    outer loop
      vertex 0.906738 14 1.90999
      vertex -0.792145 14 1.82393
      vertex -0.802536 14 1.88129
    endloop
  endfacet
  facet normal 0 1 0
    outer loop
      vertex 0.906738 14 1.90999
      vertex -0.785919 14 1.76405
      vertex -0.792145 14 1.82393
    endloop
  endfacet
  facet normal 0 1 0
    outer loop
      vertex 0.906738 14 1.90999
      vertex -0.783844 14 1.70166
      vertex -0.785919 14 1.76405
    endloop
  endfacet
  facet normal 0 1 -0
    outer loop
      vertex 0.906738 14 1.4304
      vertex -0.783844 14 1.70166
      vertex 0.906738 14 1.90999
    endloop
  endfacet
  facet normal 0 1 0
    outer loop
      vertex -0.783844 14 1.70166
      vertex 0.906738 14 1.4304
      vertex -0.787186 14 1.61884
    endloop
  endfacet
  facet normal 0 1 0
    outer loop
      vertex -0.787186 14 1.61884
      vertex 0.906738 14 1.4304
      vertex -0.79718 14 1.54012
    endloop
  endfacet
  facet normal 0 1 0
    outer loop
      vertex -0.79718 14 1.54012
      vertex 0.906738 14 1.4304
      vertex -0.813858 14 1.4655
    endloop
  endfacet
  facet normal 0 1 0
    outer loop
      vertex 0.906738 14 1.4304
      vertex -0.837219 14 1.39497
      vertex -0.813858 14 1.4655
    endloop
  endfacet
  facet normal 0 1 0
    outer loop
      vertex 0.906738 14 1.4304
      vertex -0.867233 14 1.32855
      vertex -0.837219 14 1.39497
    endloop
  endfacet
  facet normal 0 1 0
    outer loop
      vertex 0.906738 14 1.4304
      vertex -0.903931 14 1.26622
      vertex -0.867233 14 1.32855
    endloop
  endfacet
  facet normal 0 1 0
    outer loop
      vertex 0.906738 14 1.4304
      vertex -0.947281 14 1.20799
      vertex -0.903931 14 1.26622
    endloop
  endfacet
  facet normal 0 1 0
    outer loop
      vertex 0.906738 14 1.4304
      vertex -0.997314 14 1.15387
      vertex -0.947281 14 1.20799
    endloop
  endfacet
  facet normal 0 1 0
    outer loop
      vertex 0.906738 14 1.4304
      vertex -1.05402 14 1.10384
      vertex -0.997314 14 1.15387
    endloop
  endfacet
  facet normal 0 1 0
    outer loop
      vertex 1.67276 14 0.933472
      vertex -1.05402 14 1.10384
      vertex 0.906738 14 1.4304
    endloop
  endfacet
  facet normal 0 1 0
    outer loop
      vertex -1.05402 14 1.10384
      vertex 1.67276 14 0.933472
      vertex -1.11664 14 1.05852
    endloop
  endfacet
  facet normal 0 1 0
    outer loop
      vertex -1.11664 14 1.05852
      vertex 1.67276 14 0.933472
      vertex -1.18443 14 1.01852
    endloop
  endfacet
  facet normal 0 1 0
    outer loop
      vertex -1.18443 14 1.01852
      vertex 1.67276 14 0.933472
      vertex -1.25739 14 0.983871
    endloop
  endfacet
  facet normal 0 1 0
    outer loop
      vertex -1.25739 14 0.983871
      vertex 1.67276 14 0.933472
      vertex -1.33553 14 0.954544
    endloop
  endfacet
  facet normal 0 1 0
    outer loop
      vertex 1.67276 14 0.933472
      vertex -1.41882 14 0.930557
      vertex -1.33553 14 0.954544
    endloop
  endfacet
  facet normal 0 1 0
    outer loop
      vertex 4.03766 14 0.898941
      vertex 2.24997 14 0.933472
      vertex 3.94794 14 0.912735
    endloop
  endfacet
  facet normal 0 1 0
    outer loop
      vertex 4.13161 14 0.890656
      vertex 2.24997 14 0.933472
      vertex 4.03766 14 0.898941
    endloop
  endfacet
  facet normal 0 1 0
    outer loop
      vertex 1.67276 14 0.933472
      vertex -1.50729 14 0.911896
      vertex -1.41882 14 0.930557
    endloop
  endfacet
  facet normal 0 1 0
    outer loop
      vertex 10 14 0
      vertex 2.24997 14 0.933472
      vertex 4.13161 14 0.890656
    endloop
  endfacet
  facet normal 0 1 0
    outer loop
      vertex 1.67276 14 0.933472
      vertex -1.60094 14 0.89856
      vertex -1.50729 14 0.911896
    endloop
  endfacet
  facet normal 0 1 0
    outer loop
      vertex 2.24997 14 0.933472
      vertex 10 14 0
      vertex 1.67276 14 0.933472
    endloop
  endfacet
  facet normal 0 1 0
    outer loop
      vertex 1.67276 14 0.933472
      vertex -1.69977 14 0.890564
      vertex -1.60094 14 0.89856
    endloop
  endfacet
  facet normal 0 1 0
    outer loop
      vertex 10 14 0
      vertex 4.13161 14 0.890656
      vertex 4.2298 14 0.887909
    endloop
  endfacet
  facet normal 0 1 0
    outer loop
      vertex 1.67276 14 0.933472
      vertex 10 14 0
      vertex -1.69977 14 0.890564
    endloop
  endfacet
  facet normal 0 1 0
    outer loop
      vertex -4.19919 14 3.47697
      vertex -4.23047 14 3.40599
      vertex -4.20457 14 3.49841
    endloop
  endfacet
  facet normal 0 1 0
    outer loop
      vertex -4.19267 14 3.45222
      vertex -4.23047 14 3.40599
      vertex -4.19919 14 3.47697
    endloop
  endfacet
  facet normal 0 1 0
    outer loop
      vertex -4.18504 14 3.42415
      vertex -4.23047 14 3.40599
      vertex -4.19267 14 3.45222
    endloop
  endfacet
  facet normal 0 1 0
    outer loop
      vertex -4.17628 14 3.39275
      vertex -4.23047 14 3.40599
      vertex -4.18504 14 3.42415
    endloop
  endfacet
  facet normal 0 1 0
    outer loop
      vertex -4.1664 14 3.35803
      vertex -4.23047 14 3.40599
      vertex -4.17628 14 3.39275
    endloop
  endfacet
  facet normal 0 1 0
    outer loop
      vertex -4.1664 14 3.35803
      vertex -4.25418 14 3.32159
      vertex -4.23047 14 3.40599
    endloop
  endfacet
  facet normal 0 1 0
    outer loop
      vertex -4.1554 14 3.31998
      vertex -4.25418 14 3.32159
      vertex -4.1664 14 3.35803
    endloop
  endfacet
  facet normal 0 1 0
    outer loop
      vertex -4.14325 14 3.27863
      vertex -4.25418 14 3.32159
      vertex -4.1554 14 3.31998
    endloop
  endfacet
  facet normal 0 1 0
    outer loop
      vertex -4.14325 14 3.27863
      vertex -4.2757 14 3.24524
      vertex -4.25418 14 3.32159
    endloop
  endfacet
  facet normal 0 1 0
    outer loop
      vertex -4.12999 14 3.23393
      vertex -4.2757 14 3.24524
      vertex -4.14325 14 3.27863
    endloop
  endfacet
  facet normal 0 1 0
    outer loop
      vertex -4.29501 14 3.17693
      vertex -4.12999 14 3.23393
      vertex -4.11562 14 3.18594
    endloop
  endfacet
  facet normal 0 1 0
    outer loop
      vertex -4.12999 14 3.23393
      vertex -4.29501 14 3.17693
      vertex -4.2757 14 3.24524
    endloop
  endfacet
  facet normal 0 1 0
    outer loop
      vertex -4.09616 14 3.12274
      vertex -4.29501 14 3.17693
      vertex -4.11562 14 3.18594
    endloop
  endfacet
  facet normal 0 1 0
    outer loop
      vertex -4.09616 14 3.12274
      vertex -4.31213 14 3.11664
      vertex -4.29501 14 3.17693
    endloop
  endfacet
  facet normal 0 1 0
    outer loop
      vertex -4.09616 14 3.12274
      vertex -4.32706 14 3.06439
      vertex -4.31213 14 3.11664
    endloop
  endfacet
  facet normal 0 1 0
    outer loop
      vertex -4.0677 14 3.03249
      vertex -4.32706 14 3.06439
      vertex -4.09616 14 3.12274
    endloop
  endfacet
  facet normal 0 1 0
    outer loop
      vertex -4.0677 14 3.03249
      vertex -4.33978 14 3.02019
      vertex -4.32706 14 3.06439
    endloop
  endfacet
  facet normal 0 1 0
    outer loop
      vertex -4.0677 14 3.03249
      vertex -4.35031 14 2.98402
      vertex -4.33978 14 3.02019
    endloop
  endfacet
  facet normal 0 1 0
    outer loop
      vertex -4.03024 14 2.91516
      vertex -4.35031 14 2.98402
      vertex -4.0677 14 3.03249
    endloop
  endfacet
  facet normal 0 1 0
    outer loop
      vertex -4.35031 14 2.98402
      vertex -4.03024 14 2.91516
      vertex -4.35864 14 2.95589
    endloop
  endfacet
  facet normal 0 1 0
    outer loop
      vertex -3.9838 14 2.77078
      vertex -4.35864 14 2.95589
      vertex -4.03024 14 2.91516
    endloop
  endfacet
  facet normal 0 1 0
    outer loop
      vertex -3.92833 14 2.59937
      vertex -4.35864 14 2.95589
      vertex -3.9838 14 2.77078
    endloop
  endfacet
  facet normal 0 1 0
    outer loop
      vertex -3.86388 14 2.40088
      vertex -4.35864 14 2.95589
      vertex -3.92833 14 2.59937
    endloop
  endfacet
  facet normal 0 1 0
    outer loop
      vertex -4.76877 14 1.64307
      vertex -3.86388 14 2.40088
      vertex -3.79042 14 2.17534
    endloop
  endfacet
  facet normal 0 1 0
    outer loop
      vertex -4.76877 14 1.64307
      vertex -3.79042 14 2.17534
      vertex -3.70796 14 1.92273
    endloop
  endfacet
  facet normal 0 1 0
    outer loop
      vertex -4.76877 14 1.64307
      vertex -3.70796 14 1.92273
      vertex -3.6165 14 1.64307
    endloop
  endfacet
  facet normal 0 1 0
    outer loop
      vertex -3.86388 14 2.40088
      vertex -4.76877 14 1.64307
      vertex -4.35864 14 2.95589
    endloop
  endfacet
  facet normal 0 1 0
    outer loop
      vertex -2.25293 14 1.77328
      vertex -1.92961 14 2.19206
      vertex -1.87286 14 2.19073
    endloop
  endfacet
  facet normal 0 1 0
    outer loop
      vertex -1.6864 14 2.70609
      vertex -1.74541 14 3.54478
      vertex -1.70032 14 3.54077
    endloop
  endfacet
  facet normal 0 1 0
    outer loop
      vertex -1.74541 14 3.54478
      vertex -1.6864 14 2.70609
      vertex -1.79291 14 3.54613
    endloop
  endfacet
  facet normal 0 1 0
    outer loop
      vertex -1.3322 14 3.15387
      vertex -1.70032 14 3.54077
      vertex -1.65764 14 3.53407
    endloop
  endfacet
  facet normal 0 1 0
    outer loop
      vertex -1.3367 14 3.19928
      vertex -1.65764 14 3.53407
      vertex -1.61737 14 3.5247
    endloop
  endfacet
  facet normal 0 1 0
    outer loop
      vertex -1.79291 14 3.54613
      vertex -1.6864 14 2.70609
      vertex -1.73865 14 2.69672
    endloop
  endfacet
  facet normal 0 1 0
    outer loop
      vertex -1.3367 14 3.19928
      vertex -1.61737 14 3.5247
      vertex -1.57953 14 3.51265
    endloop
  endfacet
  facet normal 0 1 0
    outer loop
      vertex -1.34419 14 3.24185
      vertex -1.57953 14 3.51265
      vertex -1.54408 14 3.49791
    endloop
  endfacet
  facet normal 0 1 0
    outer loop
      vertex -1.79291 14 3.54613
      vertex -1.73865 14 2.69672
      vertex -1.88654 14 3.5407
    endloop
  endfacet
  facet normal 0 1 0
    outer loop
      vertex -1.35471 14 3.28159
      vertex -1.54408 14 3.49791
      vertex -1.51105 14 3.4805
    endloop
  endfacet
  facet normal 0 1 0
    outer loop
      vertex -1.35471 14 3.28159
      vertex -1.51105 14 3.4805
      vertex -1.48044 14 3.46042
    endloop
  endfacet
  facet normal 0 1 -0
    outer loop
      vertex -1.79442 14 2.69002
      vertex -1.88654 14 3.5407
      vertex -1.73865 14 2.69672
    endloop
  endfacet
  facet normal 0 1 0
    outer loop
      vertex -1.35471 14 3.28159
      vertex -1.48044 14 3.46042
      vertex -1.45222 14 3.43765
    endloop
  endfacet
  facet normal 0 1 0
    outer loop
      vertex -1.35471 14 3.28159
      vertex -1.45222 14 3.43765
      vertex -1.42673 14 3.41211
    endloop
  endfacet
  facet normal -0 1 0
    outer loop
      vertex -2.24915 14 3.27965
      vertex -1.97067 14 3.52437
      vertex -1.79442 14 2.69002
    endloop
  endfacet
  facet normal 0 1 0
    outer loop
      vertex -1.35471 14 3.28159
      vertex -1.42673 14 3.41211
      vertex -1.40422 14 3.38374
    endloop
  endfacet
  facet normal 0 1 0
    outer loop
      vertex -1.35471 14 3.28159
      vertex -1.40422 14 3.38374
      vertex -1.3847 14 3.35252
    endloop
  endfacet
  facet normal 0 1 0
    outer loop
      vertex -1.97067 14 3.52437
      vertex -2.24915 14 3.27965
      vertex -2.04533 14 3.49718
    endloop
  endfacet
  facet normal 0 1 0
    outer loop
      vertex -1.35471 14 3.28159
      vertex -1.3847 14 3.35252
      vertex -1.36821 14 3.31848
    endloop
  endfacet
  facet normal 0 1 0
    outer loop
      vertex -1.54408 14 3.49791
      vertex -1.35471 14 3.28159
      vertex -1.34419 14 3.24185
    endloop
  endfacet
  facet normal 0 1 0
    outer loop
      vertex -2.04533 14 3.49718
      vertex -2.21242 14 3.35034
      vertex -2.1105 14 3.45911
    endloop
  endfacet
  facet normal 0 1 0
    outer loop
      vertex -1.57953 14 3.51265
      vertex -1.34419 14 3.24185
      vertex -1.3367 14 3.19928
    endloop
  endfacet
  facet normal 0 1 0
    outer loop
      vertex -1.65764 14 3.53407
      vertex -1.3367 14 3.19928
      vertex -1.3322 14 3.15387
    endloop
  endfacet
  facet normal 0 1 0
    outer loop
      vertex -2.1105 14 3.45911
      vertex -2.21242 14 3.35034
      vertex -2.1662 14 3.41017
    endloop
  endfacet
  facet normal 0 1 0
    outer loop
      vertex -1.70032 14 3.54077
      vertex -1.3322 14 3.15387
      vertex -1.6377 14 2.71815
    endloop
  endfacet
  facet normal 0 1 0
    outer loop
      vertex -1.6377 14 2.71815
      vertex -1.3322 14 3.15387
      vertex -1.33069 14 3.10562
    endloop
  endfacet
  facet normal 0 1 0
    outer loop
      vertex -2.04533 14 3.49718
      vertex -2.24915 14 3.27965
      vertex -2.21242 14 3.35034
    endloop
  endfacet
  facet normal 0 1 0
    outer loop
      vertex -1.59253 14 2.73288
      vertex -1.33069 14 3.10562
      vertex -1.33252 14 3.06146
    endloop
  endfacet
  facet normal 0 1 0
    outer loop
      vertex 3.78061 14 1.77328
      vertex 4.10394 14 2.19206
      vertex 4.16068 14 2.19073
    endloop
  endfacet
  facet normal 0 1 0
    outer loop
      vertex 4.34715 14 2.70609
      vertex 4.28815 14 3.54478
      vertex 4.33324 14 3.54077
    endloop
  endfacet
  facet normal 0 1 0
    outer loop
      vertex 4.28815 14 3.54478
      vertex 4.34715 14 2.70609
      vertex 4.24065 14 3.54613
    endloop
  endfacet
  facet normal 0 1 0
    outer loop
      vertex 4.70135 14 3.15387
      vertex 4.33324 14 3.54077
      vertex 4.3759 14 3.53407
    endloop
  endfacet
  facet normal 0 1 0
    outer loop
      vertex 4.69685 14 3.19928
      vertex 4.3759 14 3.53407
      vertex 4.41617 14 3.5247
    endloop
  endfacet
  facet normal 0 1 0
    outer loop
      vertex 4.24065 14 3.54613
      vertex 4.34715 14 2.70609
      vertex 4.29491 14 2.69672
    endloop
  endfacet
  facet normal 0 1 0
    outer loop
      vertex 4.69685 14 3.19928
      vertex 4.41617 14 3.5247
      vertex 4.45403 14 3.51265
    endloop
  endfacet
  facet normal 0 1 0
    outer loop
      vertex 4.68935 14 3.24185
      vertex 4.45403 14 3.51265
      vertex 4.48946 14 3.49791
    endloop
  endfacet
  facet normal 0 1 0
    outer loop
      vertex 4.24065 14 3.54613
      vertex 4.29491 14 2.69672
      vertex 4.14702 14 3.5407
    endloop
  endfacet
  facet normal 0 1 0
    outer loop
      vertex 4.67885 14 3.28159
      vertex 4.48946 14 3.49791
      vertex 4.52249 14 3.4805
    endloop
  endfacet
  facet normal 0 1 0
    outer loop
      vertex 4.67885 14 3.28159
      vertex 4.52249 14 3.4805
      vertex 4.55312 14 3.46042
    endloop
  endfacet
  facet normal 0 1 -0
    outer loop
      vertex 4.23914 14 2.69002
      vertex 4.14702 14 3.5407
      vertex 4.29491 14 2.69672
    endloop
  endfacet
  facet normal 0 1 0
    outer loop
      vertex 4.67885 14 3.28159
      vertex 4.55312 14 3.46042
      vertex 4.58131 14 3.43765
    endloop
  endfacet
  facet normal 0 1 0
    outer loop
      vertex 4.67885 14 3.28159
      vertex 4.58131 14 3.43765
      vertex 4.60683 14 3.41211
    endloop
  endfacet
  facet normal -0 1 0
    outer loop
      vertex 3.78441 14 3.27965
      vertex 4.06288 14 3.52437
      vertex 4.23914 14 2.69002
    endloop
  endfacet
  facet normal 0 1 0
    outer loop
      vertex 4.67885 14 3.28159
      vertex 4.60683 14 3.41211
      vertex 4.62933 14 3.38374
    endloop
  endfacet
  facet normal 0 1 0
    outer loop
      vertex 4.67885 14 3.28159
      vertex 4.62933 14 3.38374
      vertex 4.64883 14 3.35252
    endloop
  endfacet
  facet normal 0 1 0
    outer loop
      vertex 4.06288 14 3.52437
      vertex 3.78441 14 3.27965
      vertex 3.98822 14 3.49718
    endloop
  endfacet
  facet normal 0 1 0
    outer loop
      vertex 4.67885 14 3.28159
      vertex 4.64883 14 3.35252
      vertex 4.66534 14 3.31848
    endloop
  endfacet
  facet normal 0 1 0
    outer loop
      vertex 4.48946 14 3.49791
      vertex 4.67885 14 3.28159
      vertex 4.68935 14 3.24185
    endloop
  endfacet
  facet normal 0 1 0
    outer loop
      vertex 3.98822 14 3.49718
      vertex 3.82114 14 3.35034
      vertex 3.92303 14 3.45911
    endloop
  endfacet
  facet normal 0 1 0
    outer loop
      vertex 4.45403 14 3.51265
      vertex 4.68935 14 3.24185
      vertex 4.69685 14 3.19928
    endloop
  endfacet
  facet normal 0 1 0
    outer loop
      vertex 4.3759 14 3.53407
      vertex 4.69685 14 3.19928
      vertex 4.70135 14 3.15387
    endloop
  endfacet
  facet normal 0 1 0
    outer loop
      vertex 3.92303 14 3.45911
      vertex 3.82114 14 3.35034
      vertex 3.86734 14 3.41017
    endloop
  endfacet
  facet normal 0 1 0
    outer loop
      vertex 4.33324 14 3.54077
      vertex 4.70135 14 3.15387
      vertex 4.39586 14 2.71815
    endloop
  endfacet
  facet normal 0 1 0
    outer loop
      vertex 4.39586 14 2.71815
      vertex 4.70135 14 3.15387
      vertex 4.70285 14 3.10562
    endloop
  endfacet
  facet normal 0 1 0
    outer loop
      vertex 3.98822 14 3.49718
      vertex 3.78441 14 3.27965
      vertex 3.82114 14 3.35034
    endloop
  endfacet
  facet normal 0 1 0
    outer loop
      vertex 4.44102 14 2.73288
      vertex 4.70285 14 3.10562
      vertex 4.70103 14 3.06146
    endloop
  endfacet
  facet normal 0 1 -0
    outer loop
      vertex 0.906738 14 1.90999
      vertex 0.882858 14 3.53746
      vertex 1.64018 14 3.53746
    endloop
  endfacet
  facet normal 0 1 0
    outer loop
      vertex -0.764343 14 2.84711
      vertex -0.3013 14 3.32913
      vertex 0.325821 14 3.32913
    endloop
  endfacet
  facet normal 0 1 0
    outer loop
      vertex -0.3013 14 3.32913
      vertex -0.709213 14 3.23558
      vertex -0.719666 14 3.32384
    endloop
  endfacet
  facet normal 0 1 0
    outer loop
      vertex -0.3013 14 3.32913
      vertex -0.705734 14 3.14252
      vertex -0.709213 14 3.23558
    endloop
  endfacet
  facet normal 0 1 0
    outer loop
      vertex 0.882858 14 3.53746
      vertex 0.906738 14 1.90999
      vertex 0.325821 14 3.32913
    endloop
  endfacet
  facet normal 0 1 0
    outer loop
      vertex -0.3013 14 3.32913
      vertex -0.708084 14 3.07823
      vertex -0.705734 14 3.14252
    endloop
  endfacet
  facet normal -0 1 0
    outer loop
      vertex -0.764343 14 2.84711
      vertex 0.325821 14 3.32913
      vertex 0.906738 14 1.90999
    endloop
  endfacet
  facet normal 0 1 0
    outer loop
      vertex -0.3013 14 3.32913
      vertex -0.715118 14 3.01656
      vertex -0.708084 14 3.07823
    endloop
  endfacet
  facet normal 0 1 0
    outer loop
      vertex -0.3013 14 3.32913
      vertex -0.726837 14 2.95747
      vertex -0.715118 14 3.01656
    endloop
  endfacet
  facet normal 0 1 0
    outer loop
      vertex -0.3013 14 3.32913
      vertex -0.74324 14 2.90099
      vertex -0.726837 14 2.95747
    endloop
  endfacet
  facet normal 0 1 0
    outer loop
      vertex -0.3013 14 3.32913
      vertex -0.764343 14 2.84711
      vertex -0.74324 14 2.90099
    endloop
  endfacet
  facet normal 0 1 0
    outer loop
      vertex -0.764343 14 2.84711
      vertex 0.906738 14 1.90999
      vertex -0.790131 14 2.79582
    endloop
  endfacet
  facet normal -0 1 0
    outer loop
      vertex -0.835754 14 1.98845
      vertex -0.790131 14 2.79582
      vertex 0.906738 14 1.90999
    endloop
  endfacet
  facet normal -0 1 0
    outer loop
      vertex -0.858597 14 2.03825
      vertex -0.790131 14 2.79582
      vertex -0.835754 14 1.98845
    endloop
  endfacet
  facet normal 0 1 0
    outer loop
      vertex -0.790131 14 2.79582
      vertex -0.858597 14 2.03825
      vertex -0.820602 14 2.74713
    endloop
  endfacet
  facet normal -0 1 0
    outer loop
      vertex -0.88559 14 2.08553
      vertex -0.820602 14 2.74713
      vertex -0.858597 14 2.03825
    endloop
  endfacet
  facet normal -0 1 0
    outer loop
      vertex -0.916733 14 2.13029
      vertex -0.855774 14 2.70103
      vertex -0.88559 14 2.08553
    endloop
  endfacet
  facet normal 0 1 0
    outer loop
      vertex -0.855774 14 2.70103
      vertex -0.916733 14 2.13029
      vertex -0.895615 14 2.65755
    endloop
  endfacet
  facet normal 0 1 0
    outer loop
      vertex -0.895615 14 2.65755
      vertex -0.952042 14 2.17255
      vertex -0.939804 14 2.61719
    endloop
  endfacet
  facet normal 0 1 -0
    outer loop
      vertex -1.36844 14 2.40273
      vertex -1.437 14 2.42644
      vertex -1.36087 14 2.43744
    endloop
  endfacet
  facet normal 0 1 -0
    outer loop
      vertex -1.30354 14 2.38464
      vertex -1.36087 14 2.43744
      vertex -1.28876 14 2.4521
    endloop
  endfacet
  facet normal 0 1 0
    outer loop
      vertex -1.437 14 2.42644
      vertex -1.36844 14 2.40273
      vertex -1.437 14 2.41776
    endloop
  endfacet
  facet normal 0 1 -0
    outer loop
      vertex -1.24231 14 2.36351
      vertex -1.28876 14 2.4521
      vertex -1.22061 14 2.47044
    endloop
  endfacet
  facet normal 0 1 -0
    outer loop
      vertex -1.18475 14 2.33931
      vertex -1.22061 14 2.47044
      vertex -1.15646 14 2.49246
    endloop
  endfacet
  facet normal 0 1 0
    outer loop
      vertex -0.939804 14 2.61719
      vertex -0.991241 14 2.21201
      vertex -0.987991 14 2.58051
    endloop
  endfacet
  facet normal 0 1 0
    outer loop
      vertex -1.36087 14 2.43744
      vertex -1.30354 14 2.38464
      vertex -1.36844 14 2.40273
    endloop
  endfacet
  facet normal 0 1 0
    outer loop
      vertex -1.28876 14 2.4521
      vertex -1.24231 14 2.36351
      vertex -1.30354 14 2.38464
    endloop
  endfacet
  facet normal 0 1 0
    outer loop
      vertex -1.22061 14 2.47044
      vertex -1.18475 14 2.33931
      vertex -1.24231 14 2.36351
    endloop
  endfacet
  facet normal 0 1 0
    outer loop
      vertex -1.15646 14 2.49246
      vertex -1.13087 14 2.31207
      vertex -1.18475 14 2.33931
    endloop
  endfacet
  facet normal 0 1 0
    outer loop
      vertex -1.09631 14 2.51813
      vertex -1.13087 14 2.31207
      vertex -1.15646 14 2.49246
    endloop
  endfacet
  facet normal -0 1 0
    outer loop
      vertex -1.13087 14 2.31207
      vertex -1.09631 14 2.51813
      vertex -1.08066 14 2.28177
    endloop
  endfacet
  facet normal 0 1 0
    outer loop
      vertex -1.04016 14 2.54747
      vertex -1.08066 14 2.28177
      vertex -1.09631 14 2.51813
    endloop
  endfacet
  facet normal -0 1 0
    outer loop
      vertex -1.08066 14 2.28177
      vertex -1.04016 14 2.54747
      vertex -1.03412 14 2.24841
    endloop
  endfacet
  facet normal 0 1 0
    outer loop
      vertex -0.987991 14 2.58051
      vertex -1.03412 14 2.24841
      vertex -1.04016 14 2.54747
    endloop
  endfacet
  facet normal -0 1 0
    outer loop
      vertex -1.03412 14 2.24841
      vertex -0.987991 14 2.58051
      vertex -0.991241 14 2.21201
    endloop
  endfacet
  facet normal -0 1 0
    outer loop
      vertex -0.991241 14 2.21201
      vertex -0.939804 14 2.61719
      vertex -0.952042 14 2.17255
    endloop
  endfacet
  facet normal -0 1 0
    outer loop
      vertex -0.952042 14 2.17255
      vertex -0.895615 14 2.65755
      vertex -0.916733 14 2.13029
    endloop
  endfacet
  facet normal 0 1 0
    outer loop
      vertex -0.820602 14 2.74713
      vertex -0.88559 14 2.08553
      vertex -0.855774 14 2.70103
    endloop
  endfacet
  facet normal 0 1 0
    outer loop
      vertex -0.835754 14 1.98845
      vertex 0.906738 14 1.90999
      vertex -0.817062 14 1.93613
    endloop
  endfacet
  facet normal -0 1 0
    outer loop
      vertex 0.906738 14 1.90999
      vertex 1.64018 14 3.53746
      vertex 1.64018 14 1.4521
    endloop
  endfacet
  facet normal 0 1 -0
    outer loop
      vertex -2.27576 14 3.97093
      vertex -3.84435 14 3.991
      vertex -2.18871 14 3.99612
    endloop
  endfacet
  facet normal 0 1 -0
    outer loop
      vertex -2.3578 14 3.94014
      vertex -3.84435 14 3.991
      vertex -2.27576 14 3.97093
    endloop
  endfacet
  facet normal 0 1 -0
    outer loop
      vertex -2.43489 14 3.90375
      vertex -3.84435 14 3.991
      vertex -2.3578 14 3.94014
    endloop
  endfacet
  facet normal 0 1 -0
    outer loop
      vertex -2.50697 14 3.86176
      vertex -3.84435 14 3.991
      vertex -2.43489 14 3.90375
    endloop
  endfacet
  facet normal 0 1 -0
    outer loop
      vertex -2.57408 14 3.81416
      vertex -3.84435 14 3.991
      vertex -2.50697 14 3.86176
    endloop
  endfacet
  facet normal 0 1 -0
    outer loop
      vertex -2.63573 14 3.76129
      vertex -3.84435 14 3.991
      vertex -2.57408 14 3.81416
    endloop
  endfacet
  facet normal 0 1 -0
    outer loop
      vertex -2.69142 14 3.70346
      vertex -3.84435 14 3.991
      vertex -2.63573 14 3.76129
    endloop
  endfacet
  facet normal 0 1 -0
    outer loop
      vertex -2.74118 14 3.64067
      vertex -3.84435 14 3.991
      vertex -2.69142 14 3.70346
    endloop
  endfacet
  facet normal 0 1 -0
    outer loop
      vertex -2.78499 14 3.57292
      vertex -3.84435 14 3.991
      vertex -2.74118 14 3.64067
    endloop
  endfacet
  facet normal 0 1 -0
    outer loop
      vertex -2.82285 14 3.50023
      vertex -3.84435 14 3.991
      vertex -2.78499 14 3.57292
    endloop
  endfacet
  facet normal 0 1 -0
    outer loop
      vertex -2.85475 14 3.42258
      vertex -3.84435 14 3.991
      vertex -2.82285 14 3.50023
    endloop
  endfacet
  facet normal 0 1 -0
    outer loop
      vertex -2.88071 14 3.33997
      vertex -3.84435 14 3.991
      vertex -2.85475 14 3.42258
    endloop
  endfacet
  facet normal 0 1 -0
    outer loop
      vertex -2.90073 14 3.25241
      vertex -3.84435 14 3.991
      vertex -2.88071 14 3.33997
    endloop
  endfacet
  facet normal 0 1 -0
    outer loop
      vertex -2.91479 14 3.15988
      vertex -3.84435 14 3.991
      vertex -2.90073 14 3.25241
    endloop
  endfacet
  facet normal 0 1 0
    outer loop
      vertex -1.5509 14 2.75031
      vertex -1.33252 14 3.06146
      vertex -1.33798 14 3.01968
    endloop
  endfacet
  facet normal 0 1 -0
    outer loop
      vertex -1.85373 14 2.68599
      vertex -2.24915 14 3.27965
      vertex -1.79442 14 2.69002
    endloop
  endfacet
  facet normal 0 1 0
    outer loop
      vertex -1.5128 14 2.7704
      vertex -1.33798 14 3.01968
      vertex -1.34709 14 2.98024
    endloop
  endfacet
  facet normal 0 1 0
    outer loop
      vertex -1.47824 14 2.79317
      vertex -1.34709 14 2.98024
      vertex -1.35983 14 2.94318
    endloop
  endfacet
  facet normal 0 1 0
    outer loop
      vertex -1.47824 14 2.79317
      vertex -1.35983 14 2.94318
      vertex -1.37624 14 2.90846
    endloop
  endfacet
  facet normal 0 1 0
    outer loop
      vertex -1.47824 14 2.79317
      vertex -1.37624 14 2.90846
      vertex -1.39627 14 2.8761
    endloop
  endfacet
  facet normal 0 1 0
    outer loop
      vertex -1.47824 14 2.79317
      vertex -1.39627 14 2.8761
      vertex -1.41995 14 2.8461
    endloop
  endfacet
  facet normal 0 1 0
    outer loop
      vertex -1.47824 14 2.79317
      vertex -1.41995 14 2.8461
      vertex -1.44728 14 2.81845
    endloop
  endfacet
  facet normal 0 1 0
    outer loop
      vertex -1.34709 14 2.98024
      vertex -1.47824 14 2.79317
      vertex -1.5128 14 2.7704
    endloop
  endfacet
  facet normal 0 1 0
    outer loop
      vertex -1.33798 14 3.01968
      vertex -1.5128 14 2.7704
      vertex -1.5509 14 2.75031
    endloop
  endfacet
  facet normal 0 1 0
    outer loop
      vertex -1.33252 14 3.06146
      vertex -1.5509 14 2.75031
      vertex -1.59253 14 2.73288
    endloop
  endfacet
  facet normal 0 1 0
    outer loop
      vertex -1.33069 14 3.10562
      vertex -1.59253 14 2.73288
      vertex -1.6377 14 2.71815
    endloop
  endfacet
  facet normal 0 1 0
    outer loop
      vertex -1.70032 14 3.54077
      vertex -1.6377 14 2.71815
      vertex -1.6864 14 2.70609
    endloop
  endfacet
  facet normal 0 1 0
    outer loop
      vertex -1.88654 14 3.5407
      vertex -1.79442 14 2.69002
      vertex -1.97067 14 3.52437
    endloop
  endfacet
  facet normal 0 1 0
    outer loop
      vertex -2.24915 14 3.27965
      vertex -1.85373 14 2.68599
      vertex -2.27638 14 3.19807
    endloop
  endfacet
  facet normal 0 1 -0
    outer loop
      vertex -1.91658 14 2.68466
      vertex -2.27638 14 3.19807
      vertex -1.85373 14 2.68599
    endloop
  endfacet
  facet normal 0 1 0
    outer loop
      vertex -2.27638 14 3.19807
      vertex -1.91658 14 2.68466
      vertex -2.29414 14 3.10562
    endloop
  endfacet
  facet normal 0 1 0
    outer loop
      vertex -2.29414 14 3.10562
      vertex -1.91658 14 2.68466
      vertex -2.12926 14 2.68466
    endloop
  endfacet
  facet normal 0 1 0
    outer loop
      vertex -2.29414 14 3.10562
      vertex -2.12926 14 2.68466
      vertex -2.91479 14 3.15988
    endloop
  endfacet
  facet normal 0 1 0
    outer loop
      vertex -2.86269 14 1.72986
      vertex -2.12926 14 2.68466
      vertex -2.12926 14 2.19206
    endloop
  endfacet
  facet normal 0 1 0
    outer loop
      vertex -2.12926 14 2.68466
      vertex -2.86269 14 1.72986
      vertex -2.91479 14 3.15988
    endloop
  endfacet
  facet normal 0 1 0
    outer loop
      vertex -2.25293 14 1.77328
      vertex -1.87286 14 2.19073
      vertex -1.81934 14 2.18677
    endloop
  endfacet
  facet normal 0 1 0
    outer loop
      vertex -2.25293 14 1.77328
      vertex -1.81934 14 2.18677
      vertex -1.76903 14 2.18013
    endloop
  endfacet
  facet normal 0 1 0
    outer loop
      vertex -2.25293 14 1.77328
      vertex -1.76903 14 2.18013
      vertex -1.72194 14 2.17085
    endloop
  endfacet
  facet normal 0 1 0
    outer loop
      vertex -1.40228 14 1.7776
      vertex -1.72194 14 2.17085
      vertex -1.67805 14 2.15892
    endloop
  endfacet
  facet normal 0 1 0
    outer loop
      vertex -1.40392 14 1.82083
      vertex -1.67805 14 2.15892
      vertex -1.63737 14 2.14433
    endloop
  endfacet
  facet normal 0 1 0
    outer loop
      vertex -1.40392 14 1.82083
      vertex -1.63737 14 2.14433
      vertex -1.59993 14 2.12711
    endloop
  endfacet
  facet normal 0 1 0
    outer loop
      vertex -1.40881 14 1.86177
      vertex -1.59993 14 2.12711
      vertex -1.56569 14 2.10721
    endloop
  endfacet
  facet normal 0 1 0
    outer loop
      vertex -1.41699 14 1.90045
      vertex -1.56569 14 2.10721
      vertex -1.53467 14 2.08467
    endloop
  endfacet
  facet normal 0 1 0
    outer loop
      vertex -1.41699 14 1.90045
      vertex -1.53467 14 2.08467
      vertex -1.50688 14 2.05966
    endloop
  endfacet
  facet normal 0 1 0
    outer loop
      vertex -1.41699 14 1.90045
      vertex -1.50688 14 2.05966
      vertex -1.48236 14 2.03238
    endloop
  endfacet
  facet normal 0 1 0
    outer loop
      vertex -1.41699 14 1.90045
      vertex -1.48236 14 2.03238
      vertex -1.46112 14 2.00281
    endloop
  endfacet
  facet normal 0 1 0
    outer loop
      vertex -1.41699 14 1.90045
      vertex -1.46112 14 2.00281
      vertex -1.44313 14 1.97096
    endloop
  endfacet
  facet normal 0 1 0
    outer loop
      vertex -1.41699 14 1.90045
      vertex -1.44313 14 1.97096
      vertex -1.42842 14 1.93684
    endloop
  endfacet
  facet normal 0 1 0
    outer loop
      vertex -1.56569 14 2.10721
      vertex -1.41699 14 1.90045
      vertex -1.40881 14 1.86177
    endloop
  endfacet
  facet normal 0 1 0
    outer loop
      vertex -1.59993 14 2.12711
      vertex -1.40881 14 1.86177
      vertex -1.40392 14 1.82083
    endloop
  endfacet
  facet normal 0 1 0
    outer loop
      vertex -1.67805 14 2.15892
      vertex -1.40392 14 1.82083
      vertex -1.40228 14 1.7776
    endloop
  endfacet
  facet normal 0 1 0
    outer loop
      vertex -1.81459 14 1.37398
      vertex -1.40228 14 1.7776
      vertex -1.40358 14 1.73665
    endloop
  endfacet
  facet normal 0 1 0
    outer loop
      vertex -1.92961 14 2.19206
      vertex -2.25293 14 1.77328
      vertex -2.12926 14 2.19206
    endloop
  endfacet
  facet normal 0 1 0
    outer loop
      vertex -2.86269 14 1.72986
      vertex -2.12926 14 2.19206
      vertex -2.25293 14 1.77328
    endloop
  endfacet
  facet normal 0 1 0
    outer loop
      vertex -2.97852 14 1.64307
      vertex -2.91479 14 3.15988
      vertex -2.86269 14 1.72986
    endloop
  endfacet
  facet normal 0 1 0
    outer loop
      vertex -2.97852 14 1.64307
      vertex -2.86269 14 1.72986
      vertex -2.84921 14 1.64421
    endloop
  endfacet
  facet normal 0 1 0
    outer loop
      vertex -2.91479 14 3.15988
      vertex -2.97852 14 1.64307
      vertex -3.84435 14 3.991
    endloop
  endfacet
  facet normal 0 1 0
    outer loop
      vertex -2.7744 14 1.41266
      vertex -3.6165 14 1.64307
      vertex -2.97852 14 1.64307
    endloop
  endfacet
  facet normal 0 1 0
    outer loop
      vertex -2.69585 14 1.27946
      vertex -3.6165 14 1.64307
      vertex -2.73799 14 1.34395
    endloop
  endfacet
  facet normal 0 1 0
    outer loop
      vertex -2.80507 14 1.48561
      vertex -2.97852 14 1.64307
      vertex -2.83 14 1.56279
    endloop
  endfacet
  facet normal 0 1 0
    outer loop
      vertex -2.83 14 1.56279
      vertex -2.97852 14 1.64307
      vertex -2.84921 14 1.64421
    endloop
  endfacet
  facet normal 0 1 -0
    outer loop
      vertex 0.882858 14 3.53746
      vertex 0.325821 14 3.991
      vertex 0.882858 14 3.991
    endloop
  endfacet
  facet normal 0 1 0
    outer loop
      vertex 0.325821 14 3.991
      vertex 0.882858 14 3.53746
      vertex 0.325821 14 3.32913
    endloop
  endfacet
  facet normal 0 1 0
    outer loop
      vertex 2.95087 14 3.991
      vertex 10 14 5
      vertex 4.13585 14 4.03812
    endloop
  endfacet
  facet normal 0 1 0
    outer loop
      vertex 10 14 5
      vertex -1.67793 14 4.03802
      vertex -1.79073 14 4.04091
    endloop
  endfacet
  facet normal 0 1 0
    outer loop
      vertex 2.95087 14 3.991
      vertex 4.13585 14 4.03812
      vertex 4.03386 14 4.02971
    endloop
  endfacet
  facet normal 0 1 0
    outer loop
      vertex 10 14 5
      vertex 0.882858 14 3.991
      vertex -1.67793 14 4.03802
    endloop
  endfacet
  facet normal 0 1 0
    outer loop
      vertex 2.95087 14 3.991
      vertex 4.03386 14 4.02971
      vertex 3.93686 14 4.01572
    endloop
  endfacet
  facet normal 0 1 -0
    outer loop
      vertex 0.325821 14 3.991
      vertex -1.67793 14 4.03802
      vertex 0.882858 14 3.991
    endloop
  endfacet
  facet normal 0 1 0
    outer loop
      vertex 2.95087 14 3.991
      vertex 3.93686 14 4.01572
      vertex 3.84483 14 3.99612
    endloop
  endfacet
  facet normal 0 1 0
    outer loop
      vertex 10 14 5
      vertex 2.95087 14 3.991
      vertex 0.882858 14 3.991
    endloop
  endfacet
  facet normal 0 1 -0
    outer loop
      vertex -0.3013 14 3.991
      vertex -1.67793 14 4.03802
      vertex 0.325821 14 3.991
    endloop
  endfacet
  facet normal 0 1 -0
    outer loop
      vertex 3.7578 14 3.97093
      vertex 2.95087 14 3.991
      vertex 3.84483 14 3.99612
    endloop
  endfacet
  facet normal 0 1 -0
    outer loop
      vertex 3.67574 14 3.94014
      vertex 2.95087 14 3.991
      vertex 3.7578 14 3.97093
    endloop
  endfacet
  facet normal 0 1 -0
    outer loop
      vertex 3.59866 14 3.90375
      vertex 2.95087 14 3.991
      vertex 3.67574 14 3.94014
    endloop
  endfacet
  facet normal 0 1 -0
    outer loop
      vertex 3.52657 14 3.86176
      vertex 2.95087 14 3.991
      vertex 3.59866 14 3.90375
    endloop
  endfacet
  facet normal 0 1 -0
    outer loop
      vertex 3.45946 14 3.81416
      vertex 2.95087 14 3.991
      vertex 3.52657 14 3.86176
    endloop
  endfacet
  facet normal 0 1 -0
    outer loop
      vertex 3.39781 14 3.76129
      vertex 2.95087 14 3.991
      vertex 3.45946 14 3.81416
    endloop
  endfacet
  facet normal 0 1 -0
    outer loop
      vertex 3.34212 14 3.70346
      vertex 2.95087 14 3.991
      vertex 3.39781 14 3.76129
    endloop
  endfacet
  facet normal 0 1 -0
    outer loop
      vertex 3.29237 14 3.64067
      vertex 2.95087 14 3.991
      vertex 3.34212 14 3.70346
    endloop
  endfacet
  facet normal 0 1 0
    outer loop
      vertex 2.95087 14 3.53746
      vertex 3.29237 14 3.64067
      vertex 3.24857 14 3.57292
    endloop
  endfacet
  facet normal 0 1 0
    outer loop
      vertex 3.29237 14 3.64067
      vertex 2.95087 14 3.53746
      vertex 2.95087 14 3.991
    endloop
  endfacet
  facet normal 0 1 -0
    outer loop
      vertex 3.21071 14 3.50023
      vertex 2.95087 14 3.53746
      vertex 3.24857 14 3.57292
    endloop
  endfacet
  facet normal 0 1 -0
    outer loop
      vertex 3.1788 14 3.42258
      vertex 2.95087 14 3.53746
      vertex 3.21071 14 3.50023
    endloop
  endfacet
  facet normal 0 1 -0
    outer loop
      vertex 3.15283 14 3.33997
      vertex 2.95087 14 3.53746
      vertex 3.1788 14 3.42258
    endloop
  endfacet
  facet normal 0 1 -0
    outer loop
      vertex 3.13283 14 3.25241
      vertex 2.95087 14 3.53746
      vertex 3.15283 14 3.33997
    endloop
  endfacet
  facet normal 0 1 -0
    outer loop
      vertex 3.11876 14 3.15988
      vertex 2.95087 14 3.53746
      vertex 3.13283 14 3.25241
    endloop
  endfacet
  facet normal 0 1 0
    outer loop
      vertex 2.95087 14 3.53746
      vertex 3.11876 14 3.15988
      vertex 2.24997 14 3.53746
    endloop
  endfacet
  facet normal 0 1 0
    outer loop
      vertex 4.48265 14 2.75031
      vertex 4.70103 14 3.06146
      vertex 4.69557 14 3.01968
    endloop
  endfacet
  facet normal 0 1 -0
    outer loop
      vertex 4.17981 14 2.68599
      vertex 3.78441 14 3.27965
      vertex 4.23914 14 2.69002
    endloop
  endfacet
  facet normal 0 1 0
    outer loop
      vertex 4.52074 14 2.7704
      vertex 4.69557 14 3.01968
      vertex 4.68646 14 2.98024
    endloop
  endfacet
  facet normal 0 1 0
    outer loop
      vertex 4.5553 14 2.79317
      vertex 4.68646 14 2.98024
      vertex 4.67371 14 2.94318
    endloop
  endfacet
  facet normal 0 1 0
    outer loop
      vertex 4.5553 14 2.79317
      vertex 4.67371 14 2.94318
      vertex 4.65732 14 2.90846
    endloop
  endfacet
  facet normal 0 1 0
    outer loop
      vertex 4.5553 14 2.79317
      vertex 4.65732 14 2.90846
      vertex 4.63727 14 2.8761
    endloop
  endfacet
  facet normal 0 1 0
    outer loop
      vertex 4.5553 14 2.79317
      vertex 4.63727 14 2.8761
      vertex 4.61359 14 2.8461
    endloop
  endfacet
  facet normal 0 1 0
    outer loop
      vertex 4.5553 14 2.79317
      vertex 4.61359 14 2.8461
      vertex 4.58627 14 2.81845
    endloop
  endfacet
  facet normal 0 1 0
    outer loop
      vertex 4.68646 14 2.98024
      vertex 4.5553 14 2.79317
      vertex 4.52074 14 2.7704
    endloop
  endfacet
  facet normal 0 1 0
    outer loop
      vertex 4.69557 14 3.01968
      vertex 4.52074 14 2.7704
      vertex 4.48265 14 2.75031
    endloop
  endfacet
  facet normal 0 1 0
    outer loop
      vertex 4.70103 14 3.06146
      vertex 4.48265 14 2.75031
      vertex 4.44102 14 2.73288
    endloop
  endfacet
  facet normal 0 1 0
    outer loop
      vertex 4.70285 14 3.10562
      vertex 4.44102 14 2.73288
      vertex 4.39586 14 2.71815
    endloop
  endfacet
  facet normal 0 1 0
    outer loop
      vertex 4.33324 14 3.54077
      vertex 4.39586 14 2.71815
      vertex 4.34715 14 2.70609
    endloop
  endfacet
  facet normal 0 1 0
    outer loop
      vertex 4.14702 14 3.5407
      vertex 4.23914 14 2.69002
      vertex 4.06288 14 3.52437
    endloop
  endfacet
  facet normal 0 1 0
    outer loop
      vertex 3.78441 14 3.27965
      vertex 4.17981 14 2.68599
      vertex 3.75716 14 3.19807
    endloop
  endfacet
  facet normal 0 1 -0
    outer loop
      vertex 4.11696 14 2.68466
      vertex 3.75716 14 3.19807
      vertex 4.17981 14 2.68599
    endloop
  endfacet
  facet normal 0 1 0
    outer loop
      vertex 3.75716 14 3.19807
      vertex 4.11696 14 2.68466
      vertex 3.7394 14 3.10562
    endloop
  endfacet
  facet normal 0 1 0
    outer loop
      vertex 3.7394 14 3.10562
      vertex 4.11696 14 2.68466
      vertex 3.9043 14 2.68466
    endloop
  endfacet
  facet normal 0 1 0
    outer loop
      vertex 3.7394 14 3.10562
      vertex 3.9043 14 2.68466
      vertex 3.11876 14 3.15988
    endloop
  endfacet
  facet normal 0 1 -0
    outer loop
      vertex 3.17085 14 1.72986
      vertex 3.11876 14 3.15988
      vertex 3.9043 14 2.68466
    endloop
  endfacet
  facet normal 0 1 0
    outer loop
      vertex 3.17085 14 1.72986
      vertex 3.9043 14 2.68466
      vertex 3.9043 14 2.19206
    endloop
  endfacet
  facet normal 0 1 0
    outer loop
      vertex 3.78061 14 1.77328
      vertex 4.16068 14 2.19073
      vertex 4.2142 14 2.18677
    endloop
  endfacet
  facet normal 0 1 0
    outer loop
      vertex 3.78061 14 1.77328
      vertex 4.2142 14 2.18677
      vertex 4.26451 14 2.18013
    endloop
  endfacet
  facet normal 0 1 0
    outer loop
      vertex 3.78061 14 1.77328
      vertex 4.26451 14 2.18013
      vertex 4.31161 14 2.17085
    endloop
  endfacet
  facet normal 0 1 0
    outer loop
      vertex 4.63127 14 1.7776
      vertex 4.31161 14 2.17085
      vertex 4.3555 14 2.15892
    endloop
  endfacet
  facet normal 0 1 0
    outer loop
      vertex 4.62964 14 1.82083
      vertex 4.3555 14 2.15892
      vertex 4.39616 14 2.14433
    endloop
  endfacet
  facet normal 0 1 0
    outer loop
      vertex 4.62964 14 1.82083
      vertex 4.39616 14 2.14433
      vertex 4.43362 14 2.12711
    endloop
  endfacet
  facet normal 0 1 0
    outer loop
      vertex 4.62473 14 1.86177
      vertex 4.43362 14 2.12711
      vertex 4.46786 14 2.10721
    endloop
  endfacet
  facet normal 0 1 0
    outer loop
      vertex 4.61656 14 1.90045
      vertex 4.46786 14 2.10721
      vertex 4.49889 14 2.08467
    endloop
  endfacet
  facet normal 0 1 0
    outer loop
      vertex 4.61656 14 1.90045
      vertex 4.49889 14 2.08467
      vertex 4.52667 14 2.05966
    endloop
  endfacet
  facet normal 0 1 0
    outer loop
      vertex 4.61656 14 1.90045
      vertex 4.52667 14 2.05966
      vertex 4.55118 14 2.03238
    endloop
  endfacet
  facet normal 0 1 0
    outer loop
      vertex 4.61656 14 1.90045
      vertex 4.55118 14 2.03238
      vertex 4.57243 14 2.00281
    endloop
  endfacet
  facet normal 0 1 0
    outer loop
      vertex 4.61656 14 1.90045
      vertex 4.57243 14 2.00281
      vertex 4.59041 14 1.97096
    endloop
  endfacet
  facet normal 0 1 0
    outer loop
      vertex 4.61656 14 1.90045
      vertex 4.59041 14 1.97096
      vertex 4.60512 14 1.93684
    endloop
  endfacet
  facet normal 0 1 0
    outer loop
      vertex 4.46786 14 2.10721
      vertex 4.61656 14 1.90045
      vertex 4.62473 14 1.86177
    endloop
  endfacet
  facet normal 0 1 0
    outer loop
      vertex 4.43362 14 2.12711
      vertex 4.62473 14 1.86177
      vertex 4.62964 14 1.82083
    endloop
  endfacet
  facet normal 0 1 0
    outer loop
      vertex 4.3555 14 2.15892
      vertex 4.62964 14 1.82083
      vertex 4.63127 14 1.7776
    endloop
  endfacet
  facet normal 0 1 0
    outer loop
      vertex 4.21895 14 1.37398
      vertex 4.63127 14 1.7776
      vertex 4.62997 14 1.73665
    endloop
  endfacet
  facet normal 0 1 0
    outer loop
      vertex 4.10394 14 2.19206
      vertex 3.78061 14 1.77328
      vertex 3.9043 14 2.19206
    endloop
  endfacet
  facet normal 0 1 0
    outer loop
      vertex 3.17085 14 1.72986
      vertex 3.9043 14 2.19206
      vertex 3.78061 14 1.77328
    endloop
  endfacet
  facet normal 0 1 0
    outer loop
      vertex 3.11876 14 3.15988
      vertex 3.17085 14 1.72986
      vertex 2.24997 14 3.53746
    endloop
  endfacet
  facet normal 0 1 0
    outer loop
      vertex 2.24997 14 0.933472
      vertex 3.17085 14 1.72986
      vertex 3.18433 14 1.64421
    endloop
  endfacet
  facet normal 0 1 0
    outer loop
      vertex 2.24997 14 0.933472
      vertex 3.18433 14 1.64421
      vertex 3.20354 14 1.56279
    endloop
  endfacet
  facet normal 0 1 0
    outer loop
      vertex 2.24997 14 0.933472
      vertex 3.20354 14 1.56279
      vertex 3.22849 14 1.48561
    endloop
  endfacet
  facet normal 0 1 0
    outer loop
      vertex 2.24997 14 0.933472
      vertex 3.22849 14 1.48561
      vertex 3.25916 14 1.41266
    endloop
  endfacet
  facet normal 0 1 0
    outer loop
      vertex 3.17085 14 1.72986
      vertex 2.24997 14 0.933472
      vertex 2.24997 14 3.53746
    endloop
  endfacet
  facet normal 0 1 0
    outer loop
      vertex 3.29556 14 1.34395
      vertex 2.24997 14 0.933472
      vertex 3.25916 14 1.41266
    endloop
  endfacet
  facet normal 0 1 0
    outer loop
      vertex 3.33769 14 1.27946
      vertex 2.24997 14 0.933472
      vertex 3.29556 14 1.34395
    endloop
  endfacet
  facet normal 0 1 0
    outer loop
      vertex 3.38556 14 1.21922
      vertex 2.24997 14 0.933472
      vertex 3.33769 14 1.27946
    endloop
  endfacet
  facet normal 0 1 0
    outer loop
      vertex 3.43916 14 1.16321
      vertex 2.24997 14 0.933472
      vertex 3.38556 14 1.21922
    endloop
  endfacet
  facet normal 0 1 0
    outer loop
      vertex 3.4985 14 1.11142
      vertex 2.24997 14 0.933472
      vertex 3.43916 14 1.16321
    endloop
  endfacet
  facet normal 0 1 0
    outer loop
      vertex 3.56282 14 1.06451
      vertex 2.24997 14 0.933472
      vertex 3.4985 14 1.11142
    endloop
  endfacet
  facet normal 0 1 0
    outer loop
      vertex 3.63138 14 1.02312
      vertex 2.24997 14 0.933472
      vertex 3.56282 14 1.06451
    endloop
  endfacet
  facet normal 0 1 0
    outer loop
      vertex 3.70418 14 0.987244
      vertex 2.24997 14 0.933472
      vertex 3.63138 14 1.02312
    endloop
  endfacet
  facet normal 0 1 0
    outer loop
      vertex 3.78119 14 0.956894
      vertex 2.24997 14 0.933472
      vertex 3.70418 14 0.987244
    endloop
  endfacet
  facet normal 0 1 0
    outer loop
      vertex 3.94794 14 0.912735
      vertex 2.24997 14 0.933472
      vertex 3.86246 14 0.932053
    endloop
  endfacet
  facet normal 0 1 0
    outer loop
      vertex 3.86246 14 0.932053
      vertex 2.24997 14 0.933472
      vertex 3.78119 14 0.956894
    endloop
  endfacet
  facet normal 0 1 0
    outer loop
      vertex 4.13585 14 4.03812
      vertex 10 14 5
      vertex 4.24283 14 4.04091
    endloop
  endfacet
  facet normal 0 1 0
    outer loop
      vertex 10 14 5
      vertex 4.35561 14 4.03802
      vertex 4.24283 14 4.04091
    endloop
  endfacet
  facet normal 0 1 0
    outer loop
      vertex 10 14 5
      vertex 4.46249 14 4.02934
      vertex 4.35561 14 4.03802
    endloop
  endfacet
  facet normal 0 1 0
    outer loop
      vertex 10 14 5
      vertex 4.56349 14 4.01488
      vertex 4.46249 14 4.02934
    endloop
  endfacet
  facet normal 0 1 0
    outer loop
      vertex 10 14 5
      vertex 4.6586 14 3.99461
      vertex 4.56349 14 4.01488
    endloop
  endfacet
  facet normal 0 1 0
    outer loop
      vertex 10 14 5
      vertex 4.7478 14 3.96858
      vertex 4.6586 14 3.99461
    endloop
  endfacet
  facet normal 0 1 0
    outer loop
      vertex 10 14 5
      vertex 4.83113 14 3.93675
      vertex 4.7478 14 3.96858
    endloop
  endfacet
  facet normal 0 1 0
    outer loop
      vertex 10 14 5
      vertex 4.90854 14 3.89914
      vertex 4.83113 14 3.93675
    endloop
  endfacet
  facet normal 0 1 0
    outer loop
      vertex 10 14 5
      vertex 4.98007 14 3.85573
      vertex 4.90854 14 3.89914
    endloop
  endfacet
  facet normal 0 1 0
    outer loop
      vertex 10 14 5
      vertex 5.0457 14 3.80655
      vertex 4.98007 14 3.85573
    endloop
  endfacet
  facet normal 0 1 0
    outer loop
      vertex 10 14 5
      vertex 5.1049 14 3.75204
      vertex 5.0457 14 3.80655
    endloop
  endfacet
  facet normal 0 1 0
    outer loop
      vertex 10 14 5
      vertex 5.15715 14 3.69273
      vertex 5.1049 14 3.75204
    endloop
  endfacet
  facet normal 0 1 0
    outer loop
      vertex 10 14 5
      vertex 5.20242 14 3.6286
      vertex 5.15715 14 3.69273
    endloop
  endfacet
  facet normal 0 1 0
    outer loop
      vertex 10 14 5
      vertex 5.24074 14 3.55965
      vertex 5.20242 14 3.6286
    endloop
  endfacet
  facet normal 0 1 0
    outer loop
      vertex 10 14 5
      vertex 5.27209 14 3.48586
      vertex 5.24074 14 3.55965
    endloop
  endfacet
  facet normal 0 1 0
    outer loop
      vertex 10 14 5
      vertex 5.29646 14 3.40726
      vertex 5.27209 14 3.48586
    endloop
  endfacet
  facet normal 0 1 0
    outer loop
      vertex 10 14 5
      vertex 5.31389 14 3.32384
      vertex 5.29646 14 3.40726
    endloop
  endfacet
  facet normal 0 1 0
    outer loop
      vertex 10 14 5
      vertex 5.32433 14 3.23558
      vertex 5.31389 14 3.32384
    endloop
  endfacet
  facet normal 0 1 0
    outer loop
      vertex 10 14 5
      vertex 5.32782 14 3.14252
      vertex 5.32433 14 3.23558
    endloop
  endfacet
  facet normal 0 1 0
    outer loop
      vertex 10 14 5
      vertex 5.32547 14 3.07823
      vertex 5.32782 14 3.14252
    endloop
  endfacet
  facet normal 0 1 0
    outer loop
      vertex 10 14 5
      vertex 5.31844 14 3.01656
      vertex 5.32547 14 3.07823
    endloop
  endfacet
  facet normal 0 1 -0
    outer loop
      vertex 10 14 0
      vertex 5.31844 14 3.01656
      vertex 10 14 5
    endloop
  endfacet
  facet normal 0 1 0
    outer loop
      vertex 5.31844 14 3.01656
      vertex 10 14 0
      vertex 5.30672 14 2.95747
    endloop
  endfacet
  facet normal -0 1 0
    outer loop
      vertex 5.24139 14 1.82393
      vertex 5.30672 14 2.95747
      vertex 10 14 0
    endloop
  endfacet
  facet normal 0 1 0
    outer loop
      vertex 5.30672 14 2.95747
      vertex 5.24139 14 1.82393
      vertex 5.2903 14 2.90099
    endloop
  endfacet
  facet normal -0 1 0
    outer loop
      vertex 5.23102 14 1.88129
      vertex 5.2903 14 2.90099
      vertex 5.24139 14 1.82393
    endloop
  endfacet
  facet normal 0 1 0
    outer loop
      vertex 5.2903 14 2.90099
      vertex 5.23102 14 1.88129
      vertex 5.26921 14 2.84711
    endloop
  endfacet
  facet normal -0 1 0
    outer loop
      vertex 5.19778 14 1.98845
      vertex 5.24342 14 2.79582
      vertex 5.21648 14 1.93613
    endloop
  endfacet
  facet normal -0 1 0
    outer loop
      vertex 5.17494 14 2.03825
      vertex 5.24342 14 2.79582
      vertex 5.19778 14 1.98845
    endloop
  endfacet
  facet normal -0 1 0
    outer loop
      vertex 5.14795 14 2.08553
      vertex 5.21294 14 2.74713
      vertex 5.17494 14 2.03825
    endloop
  endfacet
  facet normal -0 1 0
    outer loop
      vertex 5.11681 14 2.13029
      vertex 5.17778 14 2.70103
      vertex 5.14795 14 2.08553
    endloop
  endfacet
  facet normal -0 1 0
    outer loop
      vertex 5.08151 14 2.17255
      vertex 5.13792 14 2.65755
      vertex 5.11681 14 2.13029
    endloop
  endfacet
  facet normal 0 1 -0
    outer loop
      vertex 4.66512 14 2.40273
      vertex 4.59654 14 2.42644
      vertex 4.67267 14 2.43744
    endloop
  endfacet
  facet normal 0 1 -0
    outer loop
      vertex 4.73001 14 2.38464
      vertex 4.67267 14 2.43744
      vertex 4.7448 14 2.4521
    endloop
  endfacet
  facet normal 0 1 0
    outer loop
      vertex 4.59654 14 2.42644
      vertex 4.66512 14 2.40273
      vertex 4.59654 14 2.41776
    endloop
  endfacet
  facet normal 0 1 -0
    outer loop
      vertex 4.79123 14 2.36351
      vertex 4.7448 14 2.4521
      vertex 4.81293 14 2.47044
    endloop
  endfacet
  facet normal 0 1 -0
    outer loop
      vertex 4.84879 14 2.33931
      vertex 4.81293 14 2.47044
      vertex 4.87708 14 2.49246
    endloop
  endfacet
  facet normal 0 1 0
    outer loop
      vertex 4.67267 14 2.43744
      vertex 4.73001 14 2.38464
      vertex 4.66512 14 2.40273
    endloop
  endfacet
  facet normal 0 1 -0
    outer loop
      vertex 4.90268 14 2.31207
      vertex 4.87708 14 2.49246
      vertex 4.93723 14 2.51813
    endloop
  endfacet
  facet normal -0 1 0
    outer loop
      vertex 5.04231 14 2.21201
      vertex 5.09373 14 2.61719
      vertex 5.08151 14 2.17255
    endloop
  endfacet
  facet normal 0 1 0
    outer loop
      vertex 4.7448 14 2.4521
      vertex 4.79123 14 2.36351
      vertex 4.73001 14 2.38464
    endloop
  endfacet
  facet normal 0 1 0
    outer loop
      vertex 4.81293 14 2.47044
      vertex 4.84879 14 2.33931
      vertex 4.79123 14 2.36351
    endloop
  endfacet
  facet normal 0 1 0
    outer loop
      vertex 4.87708 14 2.49246
      vertex 4.90268 14 2.31207
      vertex 4.84879 14 2.33931
    endloop
  endfacet
  facet normal 0 1 0
    outer loop
      vertex 4.93723 14 2.51813
      vertex 4.95288 14 2.28177
      vertex 4.90268 14 2.31207
    endloop
  endfacet
  facet normal 0 1 0
    outer loop
      vertex 4.99339 14 2.54747
      vertex 4.95288 14 2.28177
      vertex 4.93723 14 2.51813
    endloop
  endfacet
  facet normal -0 1 0
    outer loop
      vertex 4.95288 14 2.28177
      vertex 4.99339 14 2.54747
      vertex 4.99944 14 2.24841
    endloop
  endfacet
  facet normal 0 1 0
    outer loop
      vertex 5.04556 14 2.58051
      vertex 4.99944 14 2.24841
      vertex 4.99339 14 2.54747
    endloop
  endfacet
  facet normal -0 1 0
    outer loop
      vertex 4.99944 14 2.24841
      vertex 5.04556 14 2.58051
      vertex 5.04231 14 2.21201
    endloop
  endfacet
  facet normal 0 1 0
    outer loop
      vertex 5.09373 14 2.61719
      vertex 5.04231 14 2.21201
      vertex 5.04556 14 2.58051
    endloop
  endfacet
  facet normal 0 1 0
    outer loop
      vertex 5.13792 14 2.65755
      vertex 5.08151 14 2.17255
      vertex 5.09373 14 2.61719
    endloop
  endfacet
  facet normal 0 1 0
    outer loop
      vertex 5.17778 14 2.70103
      vertex 5.11681 14 2.13029
      vertex 5.13792 14 2.65755
    endloop
  endfacet
  facet normal 0 1 0
    outer loop
      vertex 5.21294 14 2.74713
      vertex 5.14795 14 2.08553
      vertex 5.17778 14 2.70103
    endloop
  endfacet
  facet normal 0 1 0
    outer loop
      vertex 5.24342 14 2.79582
      vertex 5.17494 14 2.03825
      vertex 5.21294 14 2.74713
    endloop
  endfacet
  facet normal 0 1 0
    outer loop
      vertex 5.26921 14 2.84711
      vertex 5.21648 14 1.93613
      vertex 5.24342 14 2.79582
    endloop
  endfacet
  facet normal -0 1 0
    outer loop
      vertex 5.21648 14 1.93613
      vertex 5.26921 14 2.84711
      vertex 5.23102 14 1.88129
    endloop
  endfacet
  facet normal 0 1 0
    outer loop
      vertex 5.24139 14 1.82393
      vertex 10 14 0
      vertex 5.24762 14 1.76405
    endloop
  endfacet
  facet normal 0 1 0
    outer loop
      vertex 5.24762 14 1.76405
      vertex 10 14 0
      vertex 5.24969 14 1.70166
    endloop
  endfacet
  facet normal 0 1 0
    outer loop
      vertex 5.24969 14 1.70166
      vertex 10 14 0
      vertex 5.24637 14 1.61884
    endloop
  endfacet
  facet normal 0 1 0
    outer loop
      vertex 5.24637 14 1.61884
      vertex 10 14 0
      vertex 5.23636 14 1.54012
    endloop
  endfacet
  facet normal 0 1 0
    outer loop
      vertex 5.23636 14 1.54012
      vertex 10 14 0
      vertex 5.21968 14 1.4655
    endloop
  endfacet
  facet normal 0 1 0
    outer loop
      vertex 5.21968 14 1.4655
      vertex 10 14 0
      vertex 5.19633 14 1.39497
    endloop
  endfacet
  facet normal 0 1 0
    outer loop
      vertex 5.19633 14 1.39497
      vertex 10 14 0
      vertex 5.16632 14 1.32855
    endloop
  endfacet
  facet normal 0 1 0
    outer loop
      vertex 5.16632 14 1.32855
      vertex 10 14 0
      vertex 5.12962 14 1.26622
    endloop
  endfacet
  facet normal 0 1 0
    outer loop
      vertex 5.12962 14 1.26622
      vertex 10 14 0
      vertex 5.08626 14 1.20799
    endloop
  endfacet
  facet normal 0 1 0
    outer loop
      vertex 5.08626 14 1.20799
      vertex 10 14 0
      vertex 5.03622 14 1.15387
    endloop
  endfacet
  facet normal 0 1 0
    outer loop
      vertex -1.69977 14 0.890564
      vertex 10 14 0
      vertex -1.80376 14 0.887909
    endloop
  endfacet
  facet normal 0 1 0
    outer loop
      vertex 4.33379 14 0.890564
      vertex 10 14 0
      vertex 4.2298 14 0.887909
    endloop
  endfacet
  facet normal 0 1 0
    outer loop
      vertex 4.4326 14 0.89856
      vertex 10 14 0
      vertex 4.33379 14 0.890564
    endloop
  endfacet
  facet normal 0 1 0
    outer loop
      vertex 4.52625 14 0.911896
      vertex 10 14 0
      vertex 4.4326 14 0.89856
    endloop
  endfacet
  facet normal 0 1 0
    outer loop
      vertex 4.61473 14 0.930557
      vertex 10 14 0
      vertex 4.52625 14 0.911896
    endloop
  endfacet
  facet normal 0 1 0
    outer loop
      vertex 4.69803 14 0.954544
      vertex 10 14 0
      vertex 4.61473 14 0.930557
    endloop
  endfacet
  facet normal 0 1 0
    outer loop
      vertex 4.77615 14 0.983871
      vertex 10 14 0
      vertex 4.69803 14 0.954544
    endloop
  endfacet
  facet normal 0 1 0
    outer loop
      vertex 4.84912 14 1.01852
      vertex 10 14 0
      vertex 4.77615 14 0.983871
    endloop
  endfacet
  facet normal 0 1 0
    outer loop
      vertex 4.9169 14 1.05852
      vertex 10 14 0
      vertex 4.84912 14 1.01852
    endloop
  endfacet
  facet normal 0 1 0
    outer loop
      vertex 4.97952 14 1.10384
      vertex 10 14 0
      vertex 4.9169 14 1.05852
    endloop
  endfacet
  facet normal 0 1 0
    outer loop
      vertex 5.03622 14 1.15387
      vertex 10 14 0
      vertex 4.97952 14 1.10384
    endloop
  endfacet
  facet normal 0 1 0
    outer loop
      vertex 10 14 5
      vertex -1.79073 14 4.04091
      vertex -10 14 5
    endloop
  endfacet
  facet normal 0 1 -0
    outer loop
      vertex -1.89769 14 4.03812
      vertex -10 14 5
      vertex -1.79073 14 4.04091
    endloop
  endfacet
  facet normal 0 1 0
    outer loop
      vertex -3.84435 14 3.991
      vertex -1.89769 14 4.03812
      vertex -1.99968 14 4.02971
    endloop
  endfacet
  facet normal 0 1 0
    outer loop
      vertex -3.84435 14 3.991
      vertex -1.99968 14 4.02971
      vertex -2.09669 14 4.01572
    endloop
  endfacet
  facet normal 0 1 0
    outer loop
      vertex -3.84435 14 3.991
      vertex -2.09669 14 4.01572
      vertex -2.18871 14 3.99612
    endloop
  endfacet
  facet normal 0 1 0
    outer loop
      vertex -1.89769 14 4.03812
      vertex -3.84435 14 3.991
      vertex -10 14 5
    endloop
  endfacet
  facet normal 0 1 -0
    outer loop
      vertex -4.57347 14 3.991
      vertex -10 14 5
      vertex -3.84435 14 3.991
    endloop
  endfacet
  facet normal 0 1 -0
    outer loop
      vertex -5.41324 14 1.64307
      vertex -10 14 5
      vertex -4.57347 14 3.991
    endloop
  endfacet
  facet normal 0 1 0
    outer loop
      vertex -2.7744 14 1.41266
      vertex -2.97852 14 1.64307
      vertex -2.80507 14 1.48561
    endloop
  endfacet
  facet normal 0 1 0
    outer loop
      vertex -3.6165 14 1.64307
      vertex -2.7744 14 1.41266
      vertex -2.73799 14 1.34395
    endloop
  endfacet
  facet normal 0 1 0
    outer loop
      vertex -2.64798 14 1.21922
      vertex -3.6165 14 1.64307
      vertex -2.69585 14 1.27946
    endloop
  endfacet
  facet normal 0 1 0
    outer loop
      vertex -2.59438 14 1.16321
      vertex -3.6165 14 1.64307
      vertex -2.64798 14 1.21922
    endloop
  endfacet
  facet normal 0 1 0
    outer loop
      vertex -2.53505 14 1.11142
      vertex -3.6165 14 1.64307
      vertex -2.59438 14 1.16321
    endloop
  endfacet
  facet normal 0 1 0
    outer loop
      vertex -3.6165 14 1.64307
      vertex -2.53505 14 1.11142
      vertex -4.76877 14 1.64307
    endloop
  endfacet
  facet normal 0 1 0
    outer loop
      vertex -2.47072 14 1.06451
      vertex -4.76877 14 1.64307
      vertex -2.53505 14 1.11142
    endloop
  endfacet
  facet normal 0 1 0
    outer loop
      vertex -2.40216 14 1.02312
      vertex -4.76877 14 1.64307
      vertex -2.47072 14 1.06451
    endloop
  endfacet
  facet normal 0 1 0
    outer loop
      vertex -4.76877 14 1.64307
      vertex -2.40216 14 1.02312
      vertex -5.41324 14 1.64307
    endloop
  endfacet
  facet normal 0 1 0
    outer loop
      vertex -2.32938 14 0.987244
      vertex -5.41324 14 1.64307
      vertex -2.40216 14 1.02312
    endloop
  endfacet
  facet normal 0 1 0
    outer loop
      vertex -10 14 0
      vertex -2.32938 14 0.987244
      vertex -2.25235 14 0.956894
    endloop
  endfacet
  facet normal 0 1 0
    outer loop
      vertex -10 14 0
      vertex -2.25235 14 0.956894
      vertex -2.1711 14 0.932053
    endloop
  endfacet
  facet normal 0 1 0
    outer loop
      vertex -10 14 0
      vertex -2.1711 14 0.932053
      vertex -2.0856 14 0.912735
    endloop
  endfacet
  facet normal 0 1 0
    outer loop
      vertex -10 14 0
      vertex -1.80376 14 0.887909
      vertex 10 14 0
    endloop
  endfacet
  facet normal 0 1 0
    outer loop
      vertex -5.41324 14 1.64307
      vertex -10 14 0
      vertex -10 14 5
    endloop
  endfacet
  facet normal 0 1 0
    outer loop
      vertex -2.32938 14 0.987244
      vertex -10 14 0
      vertex -5.41324 14 1.64307
    endloop
  endfacet
  facet normal 0 1 0
    outer loop
      vertex -1.9959 14 0.898941
      vertex -10 14 0
      vertex -2.0856 14 0.912735
    endloop
  endfacet
  facet normal 0 1 0
    outer loop
      vertex -1.90193 14 0.890656
      vertex -10 14 0
      vertex -1.9959 14 0.898941
    endloop
  endfacet
  facet normal 0 1 0
    outer loop
      vertex -1.80376 14 0.887909
      vertex -10 14 0
      vertex -1.90193 14 0.890656
    endloop
  endfacet
  facet normal 0 1 0
    outer loop
      vertex -1.67793 14 4.03802
      vertex -0.3013 14 3.991
      vertex -1.57104 14 4.02934
    endloop
  endfacet
  facet normal 0 1 0
    outer loop
      vertex -1.57104 14 4.02934
      vertex -0.3013 14 3.991
      vertex -1.47005 14 4.01488
    endloop
  endfacet
  facet normal 0 1 0
    outer loop
      vertex -1.47005 14 4.01488
      vertex -0.3013 14 3.991
      vertex -1.37495 14 3.99461
    endloop
  endfacet
  facet normal 0 1 0
    outer loop
      vertex -0.3013 14 3.991
      vertex -1.28574 14 3.96858
      vertex -1.37495 14 3.99461
    endloop
  endfacet
  facet normal 0 1 0
    outer loop
      vertex -0.3013 14 3.991
      vertex -1.20242 14 3.93675
      vertex -1.28574 14 3.96858
    endloop
  endfacet
  facet normal 0 1 0
    outer loop
      vertex -0.3013 14 3.991
      vertex -1.125 14 3.89914
      vertex -1.20242 14 3.93675
    endloop
  endfacet
  facet normal 0 1 0
    outer loop
      vertex -0.3013 14 3.991
      vertex -1.05348 14 3.85573
      vertex -1.125 14 3.89914
    endloop
  endfacet
  facet normal 0 1 0
    outer loop
      vertex -0.3013 14 3.991
      vertex -0.987839 14 3.80655
      vertex -1.05348 14 3.85573
    endloop
  endfacet
  facet normal 0 1 0
    outer loop
      vertex -0.3013 14 3.991
      vertex -0.928635 14 3.75204
      vertex -0.987839 14 3.80655
    endloop
  endfacet
  facet normal 0 1 0
    outer loop
      vertex -0.3013 14 3.991
      vertex -0.876389 14 3.69273
      vertex -0.928635 14 3.75204
    endloop
  endfacet
  facet normal 0 1 0
    outer loop
      vertex -0.3013 14 3.991
      vertex -0.831116 14 3.6286
      vertex -0.876389 14 3.69273
    endloop
  endfacet
  facet normal 0 1 0
    outer loop
      vertex -0.3013 14 3.991
      vertex -0.792801 14 3.55965
      vertex -0.831116 14 3.6286
    endloop
  endfacet
  facet normal 0 1 0
    outer loop
      vertex -0.3013 14 3.991
      vertex -0.761459 14 3.48586
      vertex -0.792801 14 3.55965
    endloop
  endfacet
  facet normal 0 1 -0
    outer loop
      vertex -0.3013 14 3.32913
      vertex -0.761459 14 3.48586
      vertex -0.3013 14 3.991
    endloop
  endfacet
  facet normal 0 1 0
    outer loop
      vertex -0.761459 14 3.48586
      vertex -0.3013 14 3.32913
      vertex -0.737076 14 3.40726
    endloop
  endfacet
  facet normal 0 1 0
    outer loop
      vertex -0.737076 14 3.40726
      vertex -0.3013 14 3.32913
      vertex -0.719666 14 3.32384
    endloop
  endfacet
  facet normal -0.514084 0.85774 0
    outer loop
      vertex -11.8856 13.5277 0
      vertex -12.2223 13.3259 5
      vertex -11.8856 13.5277 5
    endloop
  endfacet
  facet normal -0.514084 0.85774 0
    outer loop
      vertex -12.2223 13.3259 5
      vertex -11.8856 13.5277 0
      vertex -12.2223 13.3259 0
    endloop
  endfacet
  facet normal -0.740908 -0.671607 0
    outer loop
      vertex -12.8284 -12.8284 0
      vertex -13.092 -12.5376 5
      vertex -13.092 -12.5376 0
    endloop
  endfacet
  facet normal -0.740908 -0.671607 0
    outer loop
      vertex -13.092 -12.5376 5
      vertex -12.8284 -12.8284 0
      vertex -12.8284 -12.8284 5
    endloop
  endfacet
  facet normal -0.0491626 0.998791 0
    outer loop
      vertex -10 14 0
      vertex -10.3921 13.9807 5
      vertex -10 14 5
    endloop
  endfacet
  facet normal -0.0491626 0.998791 0
    outer loop
      vertex -10.3921 13.9807 5
      vertex -10 14 0
      vertex -10.3921 13.9807 0
    endloop
  endfacet
  facet normal 0.42744 0.904044 -0
    outer loop
      vertex 11.8856 13.5277 0
      vertex 11.5307 13.6955 5
      vertex 11.8856 13.5277 5
    endloop
  endfacet
  facet normal 0.42744 0.904044 0
    outer loop
      vertex 11.5307 13.6955 5
      vertex 11.8856 13.5277 0
      vertex 11.5307 13.6955 0
    endloop
  endfacet
  facet normal 0.514084 -0.85774 0
    outer loop
      vertex 11.8856 -13.5277 0
      vertex 12.2223 -13.3259 5
      vertex 11.8856 -13.5277 5
    endloop
  endfacet
  facet normal 0.514084 -0.85774 0
    outer loop
      vertex 12.2223 -13.3259 5
      vertex 11.8856 -13.5277 0
      vertex 12.2223 -13.3259 0
    endloop
  endfacet
  facet normal 0 -1 0
    outer loop
      vertex -10 -14 0
      vertex 10 -14 5
      vertex -10 -14 5
    endloop
  endfacet
  facet normal 0 -1 -0
    outer loop
      vertex 10 -14 5
      vertex -10 -14 0
      vertex 10 -14 0
    endloop
  endfacet
  facet normal -0.803137 -0.595794 0
    outer loop
      vertex -13.092 -12.5376 0
      vertex -13.3259 -12.2223 5
      vertex -13.3259 -12.2223 0
    endloop
  endfacet
  facet normal -0.803137 -0.595794 0
    outer loop
      vertex -13.3259 -12.2223 5
      vertex -13.092 -12.5376 0
      vertex -13.092 -12.5376 5
    endloop
  endfacet
  facet normal -0.337014 0.9415 0
    outer loop
      vertex -11.1611 13.8278 0
      vertex -11.5307 13.6955 5
      vertex -11.1611 13.8278 5
    endloop
  endfacet
  facet normal -0.337014 0.9415 0
    outer loop
      vertex -11.5307 13.6955 5
      vertex -11.1611 13.8278 0
      vertex -11.5307 13.6955 0
    endloop
  endfacet
  facet normal -1 0 0
    outer loop
      vertex -14 -10 0
      vertex -14 10 5
      vertex -14 10 0
    endloop
  endfacet
  facet normal -1 -0 0
    outer loop
      vertex -14 10 5
      vertex -14 -10 0
      vertex -14 -10 5
    endloop
  endfacet
  facet normal -0.970068 -0.242835 0
    outer loop
      vertex -13.8278 -11.1611 0
      vertex -13.9231 -10.7804 5
      vertex -13.9231 -10.7804 0
    endloop
  endfacet
  facet normal -0.970068 -0.242835 0
    outer loop
      vertex -13.9231 -10.7804 5
      vertex -13.8278 -11.1611 0
      vertex -13.8278 -11.1611 5
    endloop
  endfacet
  facet normal -0.242835 0.970068 0
    outer loop
      vertex -10.7804 13.9231 0
      vertex -11.1611 13.8278 5
      vertex -10.7804 13.9231 5
    endloop
  endfacet
  facet normal -0.242835 0.970068 0
    outer loop
      vertex -11.1611 13.8278 5
      vertex -10.7804 13.9231 0
      vertex -11.1611 13.8278 0
    endloop
  endfacet
  facet normal -0.146733 -0.989176 0
    outer loop
      vertex -10.7804 -13.9231 0
      vertex -10.3921 -13.9807 5
      vertex -10.7804 -13.9231 5
    endloop
  endfacet
  facet normal -0.146733 -0.989176 -0
    outer loop
      vertex -10.3921 -13.9807 5
      vertex -10.7804 -13.9231 0
      vertex -10.3921 -13.9807 0
    endloop
  endfacet
  facet normal 0.514084 0.85774 -0
    outer loop
      vertex 12.2223 13.3259 0
      vertex 11.8856 13.5277 5
      vertex 12.2223 13.3259 5
    endloop
  endfacet
  facet normal 0.514084 0.85774 0
    outer loop
      vertex 11.8856 13.5277 5
      vertex 12.2223 13.3259 0
      vertex 11.8856 13.5277 0
    endloop
  endfacet
  facet normal -0.337014 -0.9415 0
    outer loop
      vertex -11.5307 -13.6955 0
      vertex -11.1611 -13.8278 5
      vertex -11.5307 -13.6955 5
    endloop
  endfacet
  facet normal -0.337014 -0.9415 -0
    outer loop
      vertex -11.1611 -13.8278 5
      vertex -11.5307 -13.6955 0
      vertex -11.1611 -13.8278 0
    endloop
  endfacet
  facet normal 0.740908 -0.671607 0
    outer loop
      vertex 12.8284 -12.8284 5
      vertex 13.092 -12.5376 0
      vertex 13.092 -12.5376 5
    endloop
  endfacet
  facet normal 0.740908 -0.671607 0
    outer loop
      vertex 13.092 -12.5376 0
      vertex 12.8284 -12.8284 5
      vertex 12.8284 -12.8284 0
    endloop
  endfacet
  facet normal -0.146733 0.989176 0
    outer loop
      vertex -10.3921 13.9807 0
      vertex -10.7804 13.9231 5
      vertex -10.3921 13.9807 5
    endloop
  endfacet
  facet normal -0.146733 0.989176 0
    outer loop
      vertex -10.7804 13.9231 5
      vertex -10.3921 13.9807 0
      vertex -10.7804 13.9231 0
    endloop
  endfacet
  facet normal -0.671607 -0.740908 0
    outer loop
      vertex -12.8284 -12.8284 0
      vertex -12.5376 -13.092 5
      vertex -12.8284 -12.8284 5
    endloop
  endfacet
  facet normal -0.671607 -0.740908 -0
    outer loop
      vertex -12.5376 -13.092 5
      vertex -12.8284 -12.8284 0
      vertex -12.5376 -13.092 0
    endloop
  endfacet
  facet normal -0.989176 0.146733 0
    outer loop
      vertex -13.9807 10.3921 0
      vertex -13.9231 10.7804 5
      vertex -13.9231 10.7804 0
    endloop
  endfacet
  facet normal -0.989176 0.146733 0
    outer loop
      vertex -13.9231 10.7804 5
      vertex -13.9807 10.3921 0
      vertex -13.9807 10.3921 5
    endloop
  endfacet
  facet normal -0.42744 0.904044 0
    outer loop
      vertex -11.5307 13.6955 0
      vertex -11.8856 13.5277 5
      vertex -11.5307 13.6955 5
    endloop
  endfacet
  facet normal -0.42744 0.904044 0
    outer loop
      vertex -11.8856 13.5277 5
      vertex -11.5307 13.6955 0
      vertex -11.8856 13.5277 0
    endloop
  endfacet
  facet normal 0.904044 -0.42744 0
    outer loop
      vertex 13.5277 -11.8856 5
      vertex 13.6955 -11.5307 0
      vertex 13.6955 -11.5307 5
    endloop
  endfacet
  facet normal 0.904044 -0.42744 0
    outer loop
      vertex 13.6955 -11.5307 0
      vertex 13.5277 -11.8856 5
      vertex 13.5277 -11.8856 0
    endloop
  endfacet
  facet normal -0.595794 0.803137 0
    outer loop
      vertex -12.2223 13.3259 0
      vertex -12.5376 13.092 5
      vertex -12.2223 13.3259 5
    endloop
  endfacet
  facet normal -0.595794 0.803137 0
    outer loop
      vertex -12.5376 13.092 5
      vertex -12.2223 13.3259 0
      vertex -12.5376 13.092 0
    endloop
  endfacet
  facet normal 0.970068 0.242835 0
    outer loop
      vertex 13.9231 10.7804 5
      vertex 13.8278 11.1611 0
      vertex 13.8278 11.1611 5
    endloop
  endfacet
  facet normal 0.970068 0.242835 0
    outer loop
      vertex 13.8278 11.1611 0
      vertex 13.9231 10.7804 5
      vertex 13.9231 10.7804 0
    endloop
  endfacet
  facet normal 0 0 1
    outer loop
      vertex 8.48528 8.48528 5
      vertex 14 10 5
      vertex 13.9807 10.3921 5
    endloop
  endfacet
  facet normal 0 0 1
    outer loop
      vertex 14 10 5
      vertex 12.0009 -0.00140544 5
      vertex 14 -10 5
    endloop
  endfacet
  facet normal 0 0 1
    outer loop
      vertex 8.48528 8.48528 5
      vertex 13.9807 10.3921 5
      vertex 13.9231 10.7804 5
    endloop
  endfacet
  facet normal -0 0 1
    outer loop
      vertex 12.0009 -0.00151948 5
      vertex 14 -10 5
      vertex 12.0009 -0.00140544 5
    endloop
  endfacet
  facet normal 0 0 1
    outer loop
      vertex 8.48528 8.48528 5
      vertex 13.9231 10.7804 5
      vertex 13.8278 11.1611 5
    endloop
  endfacet
  facet normal -0 0 1
    outer loop
      vertex 11.9431 -1.17756 5
      vertex 14 -10 5
      vertex 12.0009 -0.00151948 5
    endloop
  endfacet
  facet normal 0 0 1
    outer loop
      vertex 8.48528 8.48528 5
      vertex 13.8278 11.1611 5
      vertex 13.6955 11.5307 5
    endloop
  endfacet
  facet normal -0 0 1
    outer loop
      vertex 11.7704 -2.34228 5
      vertex 14 -10 5
      vertex 11.9431 -1.17756 5
    endloop
  endfacet
  facet normal 0 0 1
    outer loop
      vertex 8.48528 8.48528 5
      vertex 13.6955 11.5307 5
      vertex 13.5277 11.8856 5
    endloop
  endfacet
  facet normal -0 0 1
    outer loop
      vertex 11.7703 -2.34239 5
      vertex 14 -10 5
      vertex 11.7704 -2.34228 5
    endloop
  endfacet
  facet normal 0 0 1
    outer loop
      vertex 8.48528 8.48528 5
      vertex 13.5277 11.8856 5
      vertex 13.3259 12.2223 5
    endloop
  endfacet
  facet normal -0 0 1
    outer loop
      vertex 11.4842 -3.48457 5
      vertex 14 -10 5
      vertex 11.7703 -2.34239 5
    endloop
  endfacet
  facet normal 0 0 1
    outer loop
      vertex 8.48528 8.48528 5
      vertex 13.3259 12.2223 5
      vertex 13.092 12.5376 5
    endloop
  endfacet
  facet normal -0 0 1
    outer loop
      vertex 11.4842 -3.48468 5
      vertex 14 -10 5
      vertex 11.4842 -3.48457 5
    endloop
  endfacet
  facet normal 0 0 1
    outer loop
      vertex 8.48528 8.48528 5
      vertex 13.092 12.5376 5
      vertex 12.8284 12.8284 5
    endloop
  endfacet
  facet normal -0 0 1
    outer loop
      vertex 11.4842 -3.48478 5
      vertex 14 -10 5
      vertex 11.4842 -3.48468 5
    endloop
  endfacet
  facet normal 0 0 1
    outer loop
      vertex 8.48528 8.48528 5
      vertex 12.8284 12.8284 5
      vertex 12.5376 13.092 5
    endloop
  endfacet
  facet normal -0 0 1
    outer loop
      vertex 11.0875 -4.59341 5
      vertex 14 -10 5
      vertex 11.4842 -3.48478 5
    endloop
  endfacet
  facet normal 0 0 1
    outer loop
      vertex 8.48528 8.48528 5
      vertex 12.5376 13.092 5
      vertex 12.2223 13.3259 5
    endloop
  endfacet
  facet normal -0 0 1
    outer loop
      vertex 10.5841 -5.65783 5
      vertex 14 -10 5
      vertex 11.0875 -4.59341 5
    endloop
  endfacet
  facet normal -0 0 1
    outer loop
      vertex 10.584 -5.65793 5
      vertex 14 -10 5
      vertex 10.5841 -5.65783 5
    endloop
  endfacet
  facet normal 0 0 1
    outer loop
      vertex 14 10 5
      vertex 12.0009 -0.0012914 5
      vertex 12.0009 -0.00140544 5
    endloop
  endfacet
  facet normal 0 0 1
    outer loop
      vertex 14 10 5
      vertex 11.9431 1.17475 5
      vertex 12.0009 -0.0012914 5
    endloop
  endfacet
  facet normal 0 0 1
    outer loop
      vertex 8.48528 8.48528 5
      vertex 12.2223 13.3259 5
      vertex 11.8856 13.5277 5
    endloop
  endfacet
  facet normal 0 0 1
    outer loop
      vertex 14 10 5
      vertex 11.7704 2.33947 5
      vertex 11.9431 1.17475 5
    endloop
  endfacet
  facet normal 0 0 1
    outer loop
      vertex 14 10 5
      vertex 11.7703 2.33958 5
      vertex 11.7704 2.33947 5
    endloop
  endfacet
  facet normal 0 0 1
    outer loop
      vertex 8.48528 8.48528 5
      vertex 11.8856 13.5277 5
      vertex 11.5307 13.6955 5
    endloop
  endfacet
  facet normal 0 0 1
    outer loop
      vertex 14 10 5
      vertex 11.4842 3.48175 5
      vertex 11.7703 2.33958 5
    endloop
  endfacet
  facet normal 0 0 1
    outer loop
      vertex 14 10 5
      vertex 11.4842 3.48187 5
      vertex 11.4842 3.48175 5
    endloop
  endfacet
  facet normal 0 0 1
    outer loop
      vertex 14 10 5
      vertex 11.4842 3.48197 5
      vertex 11.4842 3.48187 5
    endloop
  endfacet
  facet normal 0 0 1
    outer loop
      vertex 8.48528 8.48528 5
      vertex 11.5307 13.6955 5
      vertex 11.1611 13.8278 5
    endloop
  endfacet
  facet normal 0 0 1
    outer loop
      vertex 14 10 5
      vertex 11.0875 4.5906 5
      vertex 11.4842 3.48197 5
    endloop
  endfacet
  facet normal 0 0 1
    outer loop
      vertex 8.48528 8.48528 5
      vertex 11.1611 13.8278 5
      vertex 10.7804 13.9231 5
    endloop
  endfacet
  facet normal 0 0 1
    outer loop
      vertex 14 10 5
      vertex 10.5841 5.65502 5
      vertex 11.0875 4.5906 5
    endloop
  endfacet
  facet normal 0 0 1
    outer loop
      vertex 14 10 5
      vertex 10.584 5.65512 5
      vertex 10.5841 5.65502 5
    endloop
  endfacet
  facet normal 0 0 1
    outer loop
      vertex 14 10 5
      vertex 10.5831 5.65676 5
      vertex 10.584 5.65512 5
    endloop
  endfacet
  facet normal 0 0 1
    outer loop
      vertex 8.48528 8.48528 5
      vertex 10.7804 13.9231 5
      vertex 10.3921 13.9807 5
    endloop
  endfacet
  facet normal 0 0 1
    outer loop
      vertex 8.48528 8.48528 5
      vertex 10.3921 13.9807 5
      vertex 10 14 5
    endloop
  endfacet
  facet normal 0 0 1
    outer loop
      vertex 14 10 5
      vertex 9.97763 6.66684 5
      vertex 10.5831 5.65676 5
    endloop
  endfacet
  facet normal 0 0 1
    outer loop
      vertex 14 10 5
      vertex 9.27612 7.61272 5
      vertex 9.97763 6.66684 5
    endloop
  endfacet
  facet normal 0 0 1
    outer loop
      vertex 14 10 5
      vertex 8.48528 8.48528 5
      vertex 9.27612 7.61272 5
    endloop
  endfacet
  facet normal 0 0 1
    outer loop
      vertex 10 14 5
      vertex 7.61272 9.27612 5
      vertex 8.48528 8.48528 5
    endloop
  endfacet
  facet normal 0 0 1
    outer loop
      vertex 10 14 5
      vertex 6.66684 9.97763 5
      vertex 7.61272 9.27612 5
    endloop
  endfacet
  facet normal 0 0 1
    outer loop
      vertex 10 14 5
      vertex 5.65676 10.5831 5
      vertex 6.66684 9.97763 5
    endloop
  endfacet
  facet normal 0 0 1
    outer loop
      vertex 10 14 5
      vertex 4.5922 11.0866 5
      vertex 5.65676 10.5831 5
    endloop
  endfacet
  facet normal 0 0 1
    outer loop
      vertex 10 14 5
      vertex 3.48342 11.4833 5
      vertex 4.5922 11.0866 5
    endloop
  endfacet
  facet normal 0 0 1
    outer loop
      vertex 10 14 5
      vertex 2.34108 11.7694 5
      vertex 3.48342 11.4833 5
    endloop
  endfacet
  facet normal 0 0 1
    outer loop
      vertex 10 14 5
      vertex 1.17621 11.9422 5
      vertex 2.34108 11.7694 5
    endloop
  endfacet
  facet normal 0 0 1
    outer loop
      vertex 10 14 5
      vertex 0 12 5
      vertex 1.17621 11.9422 5
    endloop
  endfacet
  facet normal -0 0 1
    outer loop
      vertex -10 14 5
      vertex 0 12 5
      vertex 10 14 5
    endloop
  endfacet
  facet normal 0 0 1
    outer loop
      vertex 0 12 5
      vertex -10 14 5
      vertex -1.17621 11.9422 5
    endloop
  endfacet
  facet normal 0 0 1
    outer loop
      vertex -1.17621 11.9422 5
      vertex -10 14 5
      vertex -2.34108 11.7694 5
    endloop
  endfacet
  facet normal 0 0 1
    outer loop
      vertex -10 14 5
      vertex -3.48342 11.4833 5
      vertex -2.34108 11.7694 5
    endloop
  endfacet
  facet normal 0 0 1
    outer loop
      vertex -10 14 5
      vertex -4.5922 11.0866 5
      vertex -3.48342 11.4833 5
    endloop
  endfacet
  facet normal 0 0 1
    outer loop
      vertex -10 14 5
      vertex -5.65676 10.5831 5
      vertex -4.5922 11.0866 5
    endloop
  endfacet
  facet normal 0 0 1
    outer loop
      vertex -10 14 5
      vertex -6.66684 9.97763 5
      vertex -5.65676 10.5831 5
    endloop
  endfacet
  facet normal 0 0 1
    outer loop
      vertex -10 14 5
      vertex -7.61272 9.27612 5
      vertex -6.66684 9.97763 5
    endloop
  endfacet
  facet normal 0 0 1
    outer loop
      vertex -10 14 5
      vertex -8.48528 8.48528 5
      vertex -7.61272 9.27612 5
    endloop
  endfacet
  facet normal -0 0 1
    outer loop
      vertex -10.3921 13.9807 5
      vertex -8.48528 8.48528 5
      vertex -10 14 5
    endloop
  endfacet
  facet normal -0 0 1
    outer loop
      vertex -10.7804 13.9231 5
      vertex -8.48528 8.48528 5
      vertex -10.3921 13.9807 5
    endloop
  endfacet
  facet normal -0 0 1
    outer loop
      vertex -11.1611 13.8278 5
      vertex -8.48528 8.48528 5
      vertex -10.7804 13.9231 5
    endloop
  endfacet
  facet normal -0 0 1
    outer loop
      vertex -11.5307 13.6955 5
      vertex -8.48528 8.48528 5
      vertex -11.1611 13.8278 5
    endloop
  endfacet
  facet normal -0 0 1
    outer loop
      vertex -11.8856 13.5277 5
      vertex -8.48528 8.48528 5
      vertex -11.5307 13.6955 5
    endloop
  endfacet
  facet normal 0 0 1
    outer loop
      vertex -9.97763 6.66684 5
      vertex -14 10 5
      vertex -10.5831 5.65676 5
    endloop
  endfacet
  facet normal -0 0 1
    outer loop
      vertex -12.2223 13.3259 5
      vertex -8.48528 8.48528 5
      vertex -11.8856 13.5277 5
    endloop
  endfacet
  facet normal 0 0 1
    outer loop
      vertex -10.5831 5.65676 5
      vertex -14 10 5
      vertex -11.0866 4.5922 5
    endloop
  endfacet
  facet normal -0 0 1
    outer loop
      vertex -12.5376 13.092 5
      vertex -8.48528 8.48528 5
      vertex -12.2223 13.3259 5
    endloop
  endfacet
  facet normal 0 0 1
    outer loop
      vertex -11.0866 4.5922 5
      vertex -14 10 5
      vertex -11.4833 3.48342 5
    endloop
  endfacet
  facet normal -0 0 1
    outer loop
      vertex -12.8284 12.8284 5
      vertex -8.48528 8.48528 5
      vertex -12.5376 13.092 5
    endloop
  endfacet
  facet normal 0 0 1
    outer loop
      vertex -11.4833 3.48342 5
      vertex -14 10 5
      vertex -11.7694 2.34108 5
    endloop
  endfacet
  facet normal 0 0 1
    outer loop
      vertex -11.7694 2.34108 5
      vertex -14 10 5
      vertex -11.9422 1.17621 5
    endloop
  endfacet
  facet normal -0 0 1
    outer loop
      vertex -13.092 12.5376 5
      vertex -8.48528 8.48528 5
      vertex -12.8284 12.8284 5
    endloop
  endfacet
  facet normal -0 0 1
    outer loop
      vertex 10.584 -5.65803 5
      vertex 14 -10 5
      vertex 10.584 -5.65793 5
    endloop
  endfacet
  facet normal -0 0 1
    outer loop
      vertex 9.97863 -6.66797 5
      vertex 14 -10 5
      vertex 10.584 -5.65803 5
    endloop
  endfacet
  facet normal -0 0 1
    outer loop
      vertex 9.97856 -6.66806 5
      vertex 14 -10 5
      vertex 9.97863 -6.66797 5
    endloop
  endfacet
  facet normal -0 0 1
    outer loop
      vertex 9.27715 -7.61381 5
      vertex 14 -10 5
      vertex 9.97856 -6.66806 5
    endloop
  endfacet
  facet normal -0 0 1
    outer loop
      vertex 8.48641 -8.48625 5
      vertex 14 -10 5
      vertex 9.27715 -7.61381 5
    endloop
  endfacet
  facet normal 0 0 1
    outer loop
      vertex 14 -10 5
      vertex 8.48641 -8.48625 5
      vertex 13.9807 -10.3921 5
    endloop
  endfacet
  facet normal 0 0 1
    outer loop
      vertex 13.9807 -10.3921 5
      vertex 8.48641 -8.48625 5
      vertex 13.9231 -10.7804 5
    endloop
  endfacet
  facet normal 0 0 1
    outer loop
      vertex 13.9231 -10.7804 5
      vertex 8.48641 -8.48625 5
      vertex 13.8278 -11.1611 5
    endloop
  endfacet
  facet normal 0 0 1
    outer loop
      vertex 13.8278 -11.1611 5
      vertex 8.48641 -8.48625 5
      vertex 13.6955 -11.5307 5
    endloop
  endfacet
  facet normal 0 0 1
    outer loop
      vertex 13.6955 -11.5307 5
      vertex 8.48641 -8.48625 5
      vertex 13.5277 -11.8856 5
    endloop
  endfacet
  facet normal 0 0 1
    outer loop
      vertex 13.5277 -11.8856 5
      vertex 8.48641 -8.48625 5
      vertex 13.3259 -12.2223 5
    endloop
  endfacet
  facet normal 0 0 1
    outer loop
      vertex 13.3259 -12.2223 5
      vertex 8.48641 -8.48625 5
      vertex 13.092 -12.5376 5
    endloop
  endfacet
  facet normal -0 0 1
    outer loop
      vertex 8.48633 -8.48633 5
      vertex 13.092 -12.5376 5
      vertex 8.48641 -8.48625 5
    endloop
  endfacet
  facet normal 0 0 1
    outer loop
      vertex 13.092 -12.5376 5
      vertex 8.48633 -8.48633 5
      vertex 12.8284 -12.8284 5
    endloop
  endfacet
  facet normal 0 0 1
    outer loop
      vertex 12.8284 -12.8284 5
      vertex 8.48633 -8.48633 5
      vertex 12.5376 -13.092 5
    endloop
  endfacet
  facet normal 0 0 1
    outer loop
      vertex 12.5376 -13.092 5
      vertex 8.48633 -8.48633 5
      vertex 12.2223 -13.3259 5
    endloop
  endfacet
  facet normal -0 0 1
    outer loop
      vertex 8.48625 -8.48641 5
      vertex 12.2223 -13.3259 5
      vertex 8.48633 -8.48633 5
    endloop
  endfacet
  facet normal 0 0 1
    outer loop
      vertex 12.2223 -13.3259 5
      vertex 8.48625 -8.48641 5
      vertex 11.8856 -13.5277 5
    endloop
  endfacet
  facet normal 0 0 1
    outer loop
      vertex 11.8856 -13.5277 5
      vertex 8.48625 -8.48641 5
      vertex 11.5307 -13.6955 5
    endloop
  endfacet
  facet normal 0 0 1
    outer loop
      vertex 11.5307 -13.6955 5
      vertex 8.48625 -8.48641 5
      vertex 11.1611 -13.8278 5
    endloop
  endfacet
  facet normal 0 0 1
    outer loop
      vertex 11.1611 -13.8278 5
      vertex 8.48625 -8.48641 5
      vertex 10.7804 -13.9231 5
    endloop
  endfacet
  facet normal 0 0 1
    outer loop
      vertex 10.7804 -13.9231 5
      vertex 8.48625 -8.48641 5
      vertex 10.3921 -13.9807 5
    endloop
  endfacet
  facet normal 0 0 1
    outer loop
      vertex 10.3921 -13.9807 5
      vertex 8.48625 -8.48641 5
      vertex 10 -14 5
    endloop
  endfacet
  facet normal -0 0 1
    outer loop
      vertex 7.61381 -9.27715 5
      vertex 10 -14 5
      vertex 8.48625 -8.48641 5
    endloop
  endfacet
  facet normal -0 0 1
    outer loop
      vertex 6.66806 -9.97856 5
      vertex 10 -14 5
      vertex 7.61381 -9.27715 5
    endloop
  endfacet
  facet normal -0 0 1
    outer loop
      vertex 6.66797 -9.97863 5
      vertex 10 -14 5
      vertex 6.66806 -9.97856 5
    endloop
  endfacet
  facet normal -0 0 1
    outer loop
      vertex 5.65803 -10.584 5
      vertex 10 -14 5
      vertex 6.66797 -9.97863 5
    endloop
  endfacet
  facet normal -0 0 1
    outer loop
      vertex 5.65793 -10.584 5
      vertex 10 -14 5
      vertex 5.65803 -10.584 5
    endloop
  endfacet
  facet normal -0 0 1
    outer loop
      vertex 5.65783 -10.5841 5
      vertex 10 -14 5
      vertex 5.65793 -10.584 5
    endloop
  endfacet
  facet normal -0 0 1
    outer loop
      vertex 4.59341 -11.0875 5
      vertex 10 -14 5
      vertex 5.65783 -10.5841 5
    endloop
  endfacet
  facet normal -0 0 1
    outer loop
      vertex 3.48478 -11.4842 5
      vertex 10 -14 5
      vertex 4.59341 -11.0875 5
    endloop
  endfacet
  facet normal -0 0 1
    outer loop
      vertex 3.48468 -11.4842 5
      vertex 10 -14 5
      vertex 3.48478 -11.4842 5
    endloop
  endfacet
  facet normal -0 0 1
    outer loop
      vertex 3.48457 -11.4842 5
      vertex 10 -14 5
      vertex 3.48468 -11.4842 5
    endloop
  endfacet
  facet normal -0 0 1
    outer loop
      vertex 2.34239 -11.7703 5
      vertex 10 -14 5
      vertex 3.48457 -11.4842 5
    endloop
  endfacet
  facet normal -0 0 1
    outer loop
      vertex 2.34228 -11.7704 5
      vertex 10 -14 5
      vertex 2.34239 -11.7703 5
    endloop
  endfacet
  facet normal -0 0 1
    outer loop
      vertex 1.17756 -11.9431 5
      vertex 10 -14 5
      vertex 2.34228 -11.7704 5
    endloop
  endfacet
  facet normal -0 0 1
    outer loop
      vertex 0.00151948 -12.0009 5
      vertex 10 -14 5
      vertex 1.17756 -11.9431 5
    endloop
  endfacet
  facet normal -0 0 1
    outer loop
      vertex 0.00140544 -12.0009 5
      vertex 10 -14 5
      vertex 0.00151948 -12.0009 5
    endloop
  endfacet
  facet normal 0 0 1
    outer loop
      vertex -10 -14 5
      vertex 0.00140544 -12.0009 5
      vertex 0.0012914 -12.0009 5
    endloop
  endfacet
  facet normal 0 0 1
    outer loop
      vertex -10 -14 5
      vertex 0.0012914 -12.0009 5
      vertex -1.17475 -11.9431 5
    endloop
  endfacet
  facet normal 0 0 1
    outer loop
      vertex -10 -14 5
      vertex -1.17475 -11.9431 5
      vertex -2.33947 -11.7704 5
    endloop
  endfacet
  facet normal 0 0 1
    outer loop
      vertex -10 -14 5
      vertex -2.33947 -11.7704 5
      vertex -2.33958 -11.7703 5
    endloop
  endfacet
  facet normal 0 0 1
    outer loop
      vertex -10 -14 5
      vertex -3.48175 -11.4842 5
      vertex -3.48187 -11.4842 5
    endloop
  endfacet
  facet normal 0 0 1
    outer loop
      vertex -10 -14 5
      vertex -5.65502 -10.5841 5
      vertex -5.65512 -10.584 5
    endloop
  endfacet
  facet normal 0 0 1
    outer loop
      vertex 0.00140544 -12.0009 5
      vertex -10 -14 5
      vertex 10 -14 5
    endloop
  endfacet
  facet normal 0 0 1
    outer loop
      vertex -3.48175 -11.4842 5
      vertex -10 -14 5
      vertex -2.33958 -11.7703 5
    endloop
  endfacet
  facet normal -0 0 1
    outer loop
      vertex -3.48197 -11.4842 5
      vertex -10 -14 5
      vertex -3.48187 -11.4842 5
    endloop
  endfacet
  facet normal 0 0 1
    outer loop
      vertex -4.5906 -11.0875 5
      vertex -10 -14 5
      vertex -3.48197 -11.4842 5
    endloop
  endfacet
  facet normal 0 0 1
    outer loop
      vertex -5.65502 -10.5841 5
      vertex -10 -14 5
      vertex -4.5906 -11.0875 5
    endloop
  endfacet
  facet normal 0 0 1
    outer loop
      vertex -5.65676 -10.5831 5
      vertex -10 -14 5
      vertex -5.65512 -10.584 5
    endloop
  endfacet
  facet normal 0 0 1
    outer loop
      vertex -6.66684 -9.97763 5
      vertex -10 -14 5
      vertex -5.65676 -10.5831 5
    endloop
  endfacet
  facet normal 0 0 1
    outer loop
      vertex -7.61272 -9.27612 5
      vertex -10 -14 5
      vertex -6.66684 -9.97763 5
    endloop
  endfacet
  facet normal 0 0 1
    outer loop
      vertex -8.48528 -8.48528 5
      vertex -10 -14 5
      vertex -7.61272 -9.27612 5
    endloop
  endfacet
  facet normal 0 0 1
    outer loop
      vertex -14 -10 5
      vertex -8.48528 -8.48528 5
      vertex -9.27612 -7.61272 5
    endloop
  endfacet
  facet normal 0 0 1
    outer loop
      vertex -14 -10 5
      vertex -9.27612 -7.61272 5
      vertex -9.97763 -6.66684 5
    endloop
  endfacet
  facet normal 0 0 1
    outer loop
      vertex -8.48528 -8.48528 5
      vertex -10.3921 -13.9807 5
      vertex -10 -14 5
    endloop
  endfacet
  facet normal 0 0 1
    outer loop
      vertex -14 -10 5
      vertex -9.97763 -6.66684 5
      vertex -10.5831 -5.65676 5
    endloop
  endfacet
  facet normal 0 0 1
    outer loop
      vertex -8.48528 -8.48528 5
      vertex -14 -10 5
      vertex -13.9807 -10.3921 5
    endloop
  endfacet
  facet normal 0 0 1
    outer loop
      vertex -14 -10 5
      vertex -10.5831 -5.65676 5
      vertex -11.0866 -4.5922 5
    endloop
  endfacet
  facet normal 0 0 1
    outer loop
      vertex -8.48528 -8.48528 5
      vertex -10.7804 -13.9231 5
      vertex -10.3921 -13.9807 5
    endloop
  endfacet
  facet normal 0 0 1
    outer loop
      vertex -14 -10 5
      vertex -11.0866 -4.5922 5
      vertex -11.4833 -3.48342 5
    endloop
  endfacet
  facet normal 0 0 1
    outer loop
      vertex -8.48528 -8.48528 5
      vertex -11.1611 -13.8278 5
      vertex -10.7804 -13.9231 5
    endloop
  endfacet
  facet normal 0 0 1
    outer loop
      vertex -14 -10 5
      vertex -11.4833 -3.48342 5
      vertex -11.7694 -2.34108 5
    endloop
  endfacet
  facet normal 0 0 1
    outer loop
      vertex -8.48528 -8.48528 5
      vertex -11.5307 -13.6955 5
      vertex -11.1611 -13.8278 5
    endloop
  endfacet
  facet normal 0 0 1
    outer loop
      vertex -14 -10 5
      vertex -11.7694 -2.34108 5
      vertex -11.9422 -1.17621 5
    endloop
  endfacet
  facet normal 0 0 1
    outer loop
      vertex -14 -10 5
      vertex -11.9422 -1.17621 5
      vertex -12 0 5
    endloop
  endfacet
  facet normal 0 0 1
    outer loop
      vertex -11.9422 1.17621 5
      vertex -14 10 5
      vertex -12 0 5
    endloop
  endfacet
  facet normal 0 0 1
    outer loop
      vertex -14 -10 5
      vertex -12 0 5
      vertex -14 10 5
    endloop
  endfacet
  facet normal -0 0 1
    outer loop
      vertex -13.3259 12.2223 5
      vertex -8.48528 8.48528 5
      vertex -13.092 12.5376 5
    endloop
  endfacet
  facet normal 0 0 1
    outer loop
      vertex -8.48528 -8.48528 5
      vertex -11.8856 -13.5277 5
      vertex -11.5307 -13.6955 5
    endloop
  endfacet
  facet normal -0 0 1
    outer loop
      vertex -13.5277 11.8856 5
      vertex -8.48528 8.48528 5
      vertex -13.3259 12.2223 5
    endloop
  endfacet
  facet normal 0 0 1
    outer loop
      vertex -8.48528 -8.48528 5
      vertex -12.2223 -13.3259 5
      vertex -11.8856 -13.5277 5
    endloop
  endfacet
  facet normal -0 0 1
    outer loop
      vertex -13.6955 11.5307 5
      vertex -8.48528 8.48528 5
      vertex -13.5277 11.8856 5
    endloop
  endfacet
  facet normal 0 0 1
    outer loop
      vertex -8.48528 -8.48528 5
      vertex -12.5376 -13.092 5
      vertex -12.2223 -13.3259 5
    endloop
  endfacet
  facet normal -0 0 1
    outer loop
      vertex -13.8278 11.1611 5
      vertex -8.48528 8.48528 5
      vertex -13.6955 11.5307 5
    endloop
  endfacet
  facet normal 0 0 1
    outer loop
      vertex -8.48528 -8.48528 5
      vertex -12.8284 -12.8284 5
      vertex -12.5376 -13.092 5
    endloop
  endfacet
  facet normal -0 0 1
    outer loop
      vertex -13.9231 10.7804 5
      vertex -8.48528 8.48528 5
      vertex -13.8278 11.1611 5
    endloop
  endfacet
  facet normal 0 0 1
    outer loop
      vertex -8.48528 -8.48528 5
      vertex -13.092 -12.5376 5
      vertex -12.8284 -12.8284 5
    endloop
  endfacet
  facet normal -0 0 1
    outer loop
      vertex -13.9807 10.3921 5
      vertex -8.48528 8.48528 5
      vertex -13.9231 10.7804 5
    endloop
  endfacet
  facet normal 0 0 1
    outer loop
      vertex -8.48528 -8.48528 5
      vertex -13.3259 -12.2223 5
      vertex -13.092 -12.5376 5
    endloop
  endfacet
  facet normal -0 0 1
    outer loop
      vertex -14 10 5
      vertex -8.48528 8.48528 5
      vertex -13.9807 10.3921 5
    endloop
  endfacet
  facet normal 0 0 1
    outer loop
      vertex -8.48528 -8.48528 5
      vertex -13.5277 -11.8856 5
      vertex -13.3259 -12.2223 5
    endloop
  endfacet
  facet normal 0 0 1
    outer loop
      vertex -8.48528 8.48528 5
      vertex -14 10 5
      vertex -9.27612 7.61272 5
    endloop
  endfacet
  facet normal 0 0 1
    outer loop
      vertex -8.48528 -8.48528 5
      vertex -13.6955 -11.5307 5
      vertex -13.5277 -11.8856 5
    endloop
  endfacet
  facet normal 0 0 1
    outer loop
      vertex -9.27612 7.61272 5
      vertex -14 10 5
      vertex -9.97763 6.66684 5
    endloop
  endfacet
  facet normal 0 0 1
    outer loop
      vertex -8.48528 -8.48528 5
      vertex -13.8278 -11.1611 5
      vertex -13.6955 -11.5307 5
    endloop
  endfacet
  facet normal 0 0 1
    outer loop
      vertex -8.48528 -8.48528 5
      vertex -13.9231 -10.7804 5
      vertex -13.8278 -11.1611 5
    endloop
  endfacet
  facet normal 0 0 1
    outer loop
      vertex -8.48528 -8.48528 5
      vertex -13.9807 -10.3921 5
      vertex -13.9231 -10.7804 5
    endloop
  endfacet
  facet normal 0.671607 -0.740908 0
    outer loop
      vertex 12.5376 -13.092 0
      vertex 12.8284 -12.8284 5
      vertex 12.5376 -13.092 5
    endloop
  endfacet
  facet normal 0.671607 -0.740908 0
    outer loop
      vertex 12.8284 -12.8284 5
      vertex 12.5376 -13.092 0
      vertex 12.8284 -12.8284 0
    endloop
  endfacet
  facet normal -0.242835 -0.970068 0
    outer loop
      vertex -11.1611 -13.8278 0
      vertex -10.7804 -13.9231 5
      vertex -11.1611 -13.8278 5
    endloop
  endfacet
  facet normal -0.242835 -0.970068 -0
    outer loop
      vertex -10.7804 -13.9231 5
      vertex -11.1611 -13.8278 0
      vertex -10.7804 -13.9231 0
    endloop
  endfacet
  facet normal 0.803137 0.595794 0
    outer loop
      vertex 13.3259 12.2223 5
      vertex 13.092 12.5376 0
      vertex 13.092 12.5376 5
    endloop
  endfacet
  facet normal 0.803137 0.595794 0
    outer loop
      vertex 13.092 12.5376 0
      vertex 13.3259 12.2223 5
      vertex 13.3259 12.2223 0
    endloop
  endfacet
  facet normal 0.998791 -0.0491626 0
    outer loop
      vertex 13.9807 -10.3921 5
      vertex 14 -10 0
      vertex 14 -10 5
    endloop
  endfacet
  facet normal 0.998791 -0.0491626 0
    outer loop
      vertex 14 -10 0
      vertex 13.9807 -10.3921 5
      vertex 13.9807 -10.3921 0
    endloop
  endfacet
  facet normal 0.998791 0.0491626 0
    outer loop
      vertex 14 10 5
      vertex 13.9807 10.3921 0
      vertex 13.9807 10.3921 5
    endloop
  endfacet
  facet normal 0.998791 0.0491626 0
    outer loop
      vertex 13.9807 10.3921 0
      vertex 14 10 5
      vertex 14 10 0
    endloop
  endfacet
  facet normal -0.9415 -0.337014 0
    outer loop
      vertex -13.6955 -11.5307 0
      vertex -13.8278 -11.1611 5
      vertex -13.8278 -11.1611 0
    endloop
  endfacet
  facet normal -0.9415 -0.337014 0
    outer loop
      vertex -13.8278 -11.1611 5
      vertex -13.6955 -11.5307 0
      vertex -13.6955 -11.5307 5
    endloop
  endfacet
  facet normal -0.9415 0.337014 0
    outer loop
      vertex -13.8278 11.1611 0
      vertex -13.6955 11.5307 5
      vertex -13.6955 11.5307 0
    endloop
  endfacet
  facet normal -0.9415 0.337014 0
    outer loop
      vertex -13.6955 11.5307 5
      vertex -13.8278 11.1611 0
      vertex -13.8278 11.1611 5
    endloop
  endfacet
  facet normal -0.85774 0.514084 0
    outer loop
      vertex -13.5277 11.8856 0
      vertex -13.3259 12.2223 5
      vertex -13.3259 12.2223 0
    endloop
  endfacet
  facet normal -0.85774 0.514084 0
    outer loop
      vertex -13.3259 12.2223 5
      vertex -13.5277 11.8856 0
      vertex -13.5277 11.8856 5
    endloop
  endfacet
  facet normal -0.740908 0.671607 0
    outer loop
      vertex -13.092 12.5376 0
      vertex -12.8284 12.8284 5
      vertex -12.8284 12.8284 0
    endloop
  endfacet
  facet normal -0.740908 0.671607 0
    outer loop
      vertex -12.8284 12.8284 5
      vertex -13.092 12.5376 0
      vertex -13.092 12.5376 5
    endloop
  endfacet
  facet normal -0.803137 0.595794 0
    outer loop
      vertex -13.3259 12.2223 0
      vertex -13.092 12.5376 5
      vertex -13.092 12.5376 0
    endloop
  endfacet
  facet normal -0.803137 0.595794 0
    outer loop
      vertex -13.092 12.5376 5
      vertex -13.3259 12.2223 0
      vertex -13.3259 12.2223 5
    endloop
  endfacet
  facet normal 0.803137 -0.595794 0
    outer loop
      vertex 13.092 -12.5376 5
      vertex 13.3259 -12.2223 0
      vertex 13.3259 -12.2223 5
    endloop
  endfacet
  facet normal 0.803137 -0.595794 0
    outer loop
      vertex 13.3259 -12.2223 0
      vertex 13.092 -12.5376 5
      vertex 13.092 -12.5376 0
    endloop
  endfacet
  facet normal -0.904044 -0.42744 0
    outer loop
      vertex -13.5277 -11.8856 0
      vertex -13.6955 -11.5307 5
      vertex -13.6955 -11.5307 0
    endloop
  endfacet
  facet normal -0.904044 -0.42744 0
    outer loop
      vertex -13.6955 -11.5307 5
      vertex -13.5277 -11.8856 0
      vertex -13.5277 -11.8856 5
    endloop
  endfacet
  facet normal -0.85774 -0.514084 0
    outer loop
      vertex -13.3259 -12.2223 0
      vertex -13.5277 -11.8856 5
      vertex -13.5277 -11.8856 0
    endloop
  endfacet
  facet normal -0.85774 -0.514084 0
    outer loop
      vertex -13.5277 -11.8856 5
      vertex -13.3259 -12.2223 0
      vertex -13.3259 -12.2223 5
    endloop
  endfacet
  facet normal 0.85774 -0.514084 0
    outer loop
      vertex 13.3259 -12.2223 5
      vertex 13.5277 -11.8856 0
      vertex 13.5277 -11.8856 5
    endloop
  endfacet
  facet normal 0.85774 -0.514084 0
    outer loop
      vertex 13.5277 -11.8856 0
      vertex 13.3259 -12.2223 5
      vertex 13.3259 -12.2223 0
    endloop
  endfacet
  facet normal -0.42744 -0.904044 0
    outer loop
      vertex -11.8856 -13.5277 0
      vertex -11.5307 -13.6955 5
      vertex -11.8856 -13.5277 5
    endloop
  endfacet
  facet normal -0.42744 -0.904044 -0
    outer loop
      vertex -11.5307 -13.6955 5
      vertex -11.8856 -13.5277 0
      vertex -11.5307 -13.6955 0
    endloop
  endfacet
  facet normal 0.242835 -0.970068 0
    outer loop
      vertex 10.7804 -13.9231 0
      vertex 11.1611 -13.8278 5
      vertex 10.7804 -13.9231 5
    endloop
  endfacet
  facet normal 0.242835 -0.970068 0
    outer loop
      vertex 11.1611 -13.8278 5
      vertex 10.7804 -13.9231 0
      vertex 11.1611 -13.8278 0
    endloop
  endfacet
  facet normal 0.9415 0.337014 0
    outer loop
      vertex 13.8278 11.1611 5
      vertex 13.6955 11.5307 0
      vertex 13.6955 11.5307 5
    endloop
  endfacet
  facet normal 0.9415 0.337014 0
    outer loop
      vertex 13.6955 11.5307 0
      vertex 13.8278 11.1611 5
      vertex 13.8278 11.1611 0
    endloop
  endfacet
  facet normal 1 -0 0
    outer loop
      vertex 14 -10 5
      vertex 14 10 0
      vertex 14 10 5
    endloop
  endfacet
  facet normal 1 0 0
    outer loop
      vertex 14 10 0
      vertex 14 -10 5
      vertex 14 -10 0
    endloop
  endfacet
  facet normal 0.85774 0.514084 0
    outer loop
      vertex 13.5277 11.8856 5
      vertex 13.3259 12.2223 0
      vertex 13.3259 12.2223 5
    endloop
  endfacet
  facet normal 0.85774 0.514084 0
    outer loop
      vertex 13.3259 12.2223 0
      vertex 13.5277 11.8856 5
      vertex 13.5277 11.8856 0
    endloop
  endfacet
  facet normal -0.595794 -0.803137 0
    outer loop
      vertex -12.5376 -13.092 0
      vertex -12.2223 -13.3259 5
      vertex -12.5376 -13.092 5
    endloop
  endfacet
  facet normal -0.595794 -0.803137 -0
    outer loop
      vertex -12.2223 -13.3259 5
      vertex -12.5376 -13.092 0
      vertex -12.2223 -13.3259 0
    endloop
  endfacet
  facet normal 0.740908 0.671607 0
    outer loop
      vertex 13.092 12.5376 5
      vertex 12.8284 12.8284 0
      vertex 12.8284 12.8284 5
    endloop
  endfacet
  facet normal 0.740908 0.671607 0
    outer loop
      vertex 12.8284 12.8284 0
      vertex 13.092 12.5376 5
      vertex 13.092 12.5376 0
    endloop
  endfacet
  facet normal 0.9415 -0.337014 0
    outer loop
      vertex 13.6955 -11.5307 5
      vertex 13.8278 -11.1611 0
      vertex 13.8278 -11.1611 5
    endloop
  endfacet
  facet normal 0.9415 -0.337014 0
    outer loop
      vertex 13.8278 -11.1611 0
      vertex 13.6955 -11.5307 5
      vertex 13.6955 -11.5307 0
    endloop
  endfacet
  facet normal 0.146733 0.989176 -0
    outer loop
      vertex 10.7804 13.9231 0
      vertex 10.3921 13.9807 5
      vertex 10.7804 13.9231 5
    endloop
  endfacet
  facet normal 0.146733 0.989176 0
    outer loop
      vertex 10.3921 13.9807 5
      vertex 10.7804 13.9231 0
      vertex 10.3921 13.9807 0
    endloop
  endfacet
  facet normal -0.514084 -0.85774 0
    outer loop
      vertex -12.2223 -13.3259 0
      vertex -11.8856 -13.5277 5
      vertex -12.2223 -13.3259 5
    endloop
  endfacet
  facet normal -0.514084 -0.85774 -0
    outer loop
      vertex -11.8856 -13.5277 5
      vertex -12.2223 -13.3259 0
      vertex -11.8856 -13.5277 0
    endloop
  endfacet
  facet normal -0.671607 0.740908 0
    outer loop
      vertex -12.5376 13.092 0
      vertex -12.8284 12.8284 5
      vertex -12.5376 13.092 5
    endloop
  endfacet
  facet normal -0.671607 0.740908 0
    outer loop
      vertex -12.8284 12.8284 5
      vertex -12.5376 13.092 0
      vertex -12.8284 12.8284 0
    endloop
  endfacet
  facet normal 0.595794 0.803137 -0
    outer loop
      vertex 12.5376 13.092 0
      vertex 12.2223 13.3259 5
      vertex 12.5376 13.092 5
    endloop
  endfacet
  facet normal 0.595794 0.803137 0
    outer loop
      vertex 12.2223 13.3259 5
      vertex 12.5376 13.092 0
      vertex 12.2223 13.3259 0
    endloop
  endfacet
  facet normal 0.146733 -0.989176 0
    outer loop
      vertex 10.3921 -13.9807 0
      vertex 10.7804 -13.9231 5
      vertex 10.3921 -13.9807 5
    endloop
  endfacet
  facet normal 0.146733 -0.989176 0
    outer loop
      vertex 10.7804 -13.9231 5
      vertex 10.3921 -13.9807 0
      vertex 10.7804 -13.9231 0
    endloop
  endfacet
  facet normal 0.970068 -0.242835 0
    outer loop
      vertex 13.8278 -11.1611 5
      vertex 13.9231 -10.7804 0
      vertex 13.9231 -10.7804 5
    endloop
  endfacet
  facet normal 0.970068 -0.242835 0
    outer loop
      vertex 13.9231 -10.7804 0
      vertex 13.8278 -11.1611 5
      vertex 13.8278 -11.1611 0
    endloop
  endfacet
  facet normal 0 0 -1
    outer loop
      vertex 10 -14 0
      vertex 14 -10 0
      vertex 13.9807 -10.3921 0
    endloop
  endfacet
  facet normal -0 0 -1
    outer loop
      vertex 14 -10 0
      vertex 10 -14 0
      vertex 14 10 0
    endloop
  endfacet
  facet normal 0 0 -1
    outer loop
      vertex 10 -14 0
      vertex 13.9807 -10.3921 0
      vertex 13.9231 -10.7804 0
    endloop
  endfacet
  facet normal 0 0 -1
    outer loop
      vertex 10 14 0
      vertex 14 10 0
      vertex 10 -14 0
    endloop
  endfacet
  facet normal 0 0 -1
    outer loop
      vertex 10 -14 0
      vertex 13.9231 -10.7804 0
      vertex 13.8278 -11.1611 0
    endloop
  endfacet
  facet normal 0 0 -1
    outer loop
      vertex 14 10 0
      vertex 10 14 0
      vertex 13.9807 10.3921 0
    endloop
  endfacet
  facet normal 0 0 -1
    outer loop
      vertex 10 -14 0
      vertex 13.8278 -11.1611 0
      vertex 13.6955 -11.5307 0
    endloop
  endfacet
  facet normal 0 0 -1
    outer loop
      vertex 13.9807 10.3921 0
      vertex 10 14 0
      vertex 13.9231 10.7804 0
    endloop
  endfacet
  facet normal 0 0 -1
    outer loop
      vertex 10 -14 0
      vertex 13.6955 -11.5307 0
      vertex 13.5277 -11.8856 0
    endloop
  endfacet
  facet normal 0 0 -1
    outer loop
      vertex 13.9231 10.7804 0
      vertex 10 14 0
      vertex 13.8278 11.1611 0
    endloop
  endfacet
  facet normal 0 0 -1
    outer loop
      vertex 10 -14 0
      vertex 13.5277 -11.8856 0
      vertex 13.3259 -12.2223 0
    endloop
  endfacet
  facet normal 0 0 -1
    outer loop
      vertex 13.8278 11.1611 0
      vertex 10 14 0
      vertex 13.6955 11.5307 0
    endloop
  endfacet
  facet normal 0 0 -1
    outer loop
      vertex 10 -14 0
      vertex 13.3259 -12.2223 0
      vertex 13.092 -12.5376 0
    endloop
  endfacet
  facet normal 0 0 -1
    outer loop
      vertex 13.6955 11.5307 0
      vertex 10 14 0
      vertex 13.5277 11.8856 0
    endloop
  endfacet
  facet normal 0 0 -1
    outer loop
      vertex 10 -14 0
      vertex 13.092 -12.5376 0
      vertex 12.8284 -12.8284 0
    endloop
  endfacet
  facet normal 0 0 -1
    outer loop
      vertex 13.5277 11.8856 0
      vertex 10 14 0
      vertex 13.3259 12.2223 0
    endloop
  endfacet
  facet normal 0 0 -1
    outer loop
      vertex 10 -14 0
      vertex 12.8284 -12.8284 0
      vertex 12.5376 -13.092 0
    endloop
  endfacet
  facet normal 0 0 -1
    outer loop
      vertex 13.3259 12.2223 0
      vertex 10 14 0
      vertex 13.092 12.5376 0
    endloop
  endfacet
  facet normal 0 0 -1
    outer loop
      vertex 10 -14 0
      vertex 12.5376 -13.092 0
      vertex 12.2223 -13.3259 0
    endloop
  endfacet
  facet normal 0 0 -1
    outer loop
      vertex 13.092 12.5376 0
      vertex 10 14 0
      vertex 12.8284 12.8284 0
    endloop
  endfacet
  facet normal 0 0 -1
    outer loop
      vertex 10 -14 0
      vertex 12.2223 -13.3259 0
      vertex 11.8856 -13.5277 0
    endloop
  endfacet
  facet normal 0 0 -1
    outer loop
      vertex 12.8284 12.8284 0
      vertex 10 14 0
      vertex 12.5376 13.092 0
    endloop
  endfacet
  facet normal 0 0 -1
    outer loop
      vertex 10 -14 0
      vertex 11.8856 -13.5277 0
      vertex 11.5307 -13.6955 0
    endloop
  endfacet
  facet normal 0 0 -1
    outer loop
      vertex 12.5376 13.092 0
      vertex 10 14 0
      vertex 12.2223 13.3259 0
    endloop
  endfacet
  facet normal 0 0 -1
    outer loop
      vertex 10 -14 0
      vertex 11.5307 -13.6955 0
      vertex 11.1611 -13.8278 0
    endloop
  endfacet
  facet normal 0 0 -1
    outer loop
      vertex 12.2223 13.3259 0
      vertex 10 14 0
      vertex 11.8856 13.5277 0
    endloop
  endfacet
  facet normal 0 0 -1
    outer loop
      vertex 10 -14 0
      vertex 11.1611 -13.8278 0
      vertex 10.7804 -13.9231 0
    endloop
  endfacet
  facet normal 0 0 -1
    outer loop
      vertex 11.8856 13.5277 0
      vertex 10 14 0
      vertex 11.5307 13.6955 0
    endloop
  endfacet
  facet normal 0 0 -1
    outer loop
      vertex 10 -14 0
      vertex 10.7804 -13.9231 0
      vertex 10.3921 -13.9807 0
    endloop
  endfacet
  facet normal 0 0 -1
    outer loop
      vertex 11.5307 13.6955 0
      vertex 10 14 0
      vertex 11.1611 13.8278 0
    endloop
  endfacet
  facet normal 0 0 -1
    outer loop
      vertex 11.1611 13.8278 0
      vertex 10 14 0
      vertex 10.7804 13.9231 0
    endloop
  endfacet
  facet normal 0 0 -1
    outer loop
      vertex 10.7804 13.9231 0
      vertex 10 14 0
      vertex 10.3921 13.9807 0
    endloop
  endfacet
  facet normal 0 0 -1
    outer loop
      vertex -10 -14 0
      vertex 10 14 0
      vertex 10 -14 0
    endloop
  endfacet
  facet normal 0 0 -1
    outer loop
      vertex -10 -14 0
      vertex -10 14 0
      vertex 10 14 0
    endloop
  endfacet
  facet normal 0 0 -1
    outer loop
      vertex -14 -10 0
      vertex -10 -14 0
      vertex -10.3921 -13.9807 0
    endloop
  endfacet
  facet normal 0 0 -1
    outer loop
      vertex -10 -14 0
      vertex -14 -10 0
      vertex -10 14 0
    endloop
  endfacet
  facet normal 0 0 -1
    outer loop
      vertex -14 -10 0
      vertex -10.3921 -13.9807 0
      vertex -10.7804 -13.9231 0
    endloop
  endfacet
  facet normal 0 0 -1
    outer loop
      vertex -14 10 0
      vertex -10 14 0
      vertex -14 -10 0
    endloop
  endfacet
  facet normal 0 0 -1
    outer loop
      vertex -14 -10 0
      vertex -10.7804 -13.9231 0
      vertex -11.1611 -13.8278 0
    endloop
  endfacet
  facet normal 0 0 -1
    outer loop
      vertex -10 14 0
      vertex -14 10 0
      vertex -10.3921 13.9807 0
    endloop
  endfacet
  facet normal 0 0 -1
    outer loop
      vertex -14 -10 0
      vertex -11.1611 -13.8278 0
      vertex -11.5307 -13.6955 0
    endloop
  endfacet
  facet normal 0 0 -1
    outer loop
      vertex -10.3921 13.9807 0
      vertex -14 10 0
      vertex -10.7804 13.9231 0
    endloop
  endfacet
  facet normal 0 0 -1
    outer loop
      vertex -14 -10 0
      vertex -11.5307 -13.6955 0
      vertex -11.8856 -13.5277 0
    endloop
  endfacet
  facet normal 0 0 -1
    outer loop
      vertex -10.7804 13.9231 0
      vertex -14 10 0
      vertex -11.1611 13.8278 0
    endloop
  endfacet
  facet normal 0 0 -1
    outer loop
      vertex -14 -10 0
      vertex -11.8856 -13.5277 0
      vertex -12.2223 -13.3259 0
    endloop
  endfacet
  facet normal 0 0 -1
    outer loop
      vertex -11.1611 13.8278 0
      vertex -14 10 0
      vertex -11.5307 13.6955 0
    endloop
  endfacet
  facet normal 0 0 -1
    outer loop
      vertex -14 -10 0
      vertex -12.2223 -13.3259 0
      vertex -12.5376 -13.092 0
    endloop
  endfacet
  facet normal 0 0 -1
    outer loop
      vertex -11.5307 13.6955 0
      vertex -14 10 0
      vertex -11.8856 13.5277 0
    endloop
  endfacet
  facet normal 0 0 -1
    outer loop
      vertex -14 -10 0
      vertex -12.5376 -13.092 0
      vertex -12.8284 -12.8284 0
    endloop
  endfacet
  facet normal 0 0 -1
    outer loop
      vertex -11.8856 13.5277 0
      vertex -14 10 0
      vertex -12.2223 13.3259 0
    endloop
  endfacet
  facet normal 0 0 -1
    outer loop
      vertex -14 -10 0
      vertex -12.8284 -12.8284 0
      vertex -13.092 -12.5376 0
    endloop
  endfacet
  facet normal 0 0 -1
    outer loop
      vertex -12.2223 13.3259 0
      vertex -14 10 0
      vertex -12.5376 13.092 0
    endloop
  endfacet
  facet normal 0 0 -1
    outer loop
      vertex -14 -10 0
      vertex -13.092 -12.5376 0
      vertex -13.3259 -12.2223 0
    endloop
  endfacet
  facet normal 0 0 -1
    outer loop
      vertex -12.5376 13.092 0
      vertex -14 10 0
      vertex -12.8284 12.8284 0
    endloop
  endfacet
  facet normal 0 0 -1
    outer loop
      vertex -14 -10 0
      vertex -13.3259 -12.2223 0
      vertex -13.5277 -11.8856 0
    endloop
  endfacet
  facet normal 0 0 -1
    outer loop
      vertex -12.8284 12.8284 0
      vertex -14 10 0
      vertex -13.092 12.5376 0
    endloop
  endfacet
  facet normal 0 0 -1
    outer loop
      vertex -14 -10 0
      vertex -13.5277 -11.8856 0
      vertex -13.6955 -11.5307 0
    endloop
  endfacet
  facet normal 0 0 -1
    outer loop
      vertex -13.092 12.5376 0
      vertex -14 10 0
      vertex -13.3259 12.2223 0
    endloop
  endfacet
  facet normal 0 0 -1
    outer loop
      vertex -14 -10 0
      vertex -13.6955 -11.5307 0
      vertex -13.8278 -11.1611 0
    endloop
  endfacet
  facet normal 0 0 -1
    outer loop
      vertex -13.3259 12.2223 0
      vertex -14 10 0
      vertex -13.5277 11.8856 0
    endloop
  endfacet
  facet normal 0 0 -1
    outer loop
      vertex -14 -10 0
      vertex -13.8278 -11.1611 0
      vertex -13.9231 -10.7804 0
    endloop
  endfacet
  facet normal 0 0 -1
    outer loop
      vertex -13.5277 11.8856 0
      vertex -14 10 0
      vertex -13.6955 11.5307 0
    endloop
  endfacet
  facet normal 0 0 -1
    outer loop
      vertex -14 -10 0
      vertex -13.9231 -10.7804 0
      vertex -13.9807 -10.3921 0
    endloop
  endfacet
  facet normal 0 0 -1
    outer loop
      vertex -13.6955 11.5307 0
      vertex -14 10 0
      vertex -13.8278 11.1611 0
    endloop
  endfacet
  facet normal 0 0 -1
    outer loop
      vertex -13.8278 11.1611 0
      vertex -14 10 0
      vertex -13.9231 10.7804 0
    endloop
  endfacet
  facet normal 0 0 -1
    outer loop
      vertex -13.9231 10.7804 0
      vertex -14 10 0
      vertex -13.9807 10.3921 0
    endloop
  endfacet
  facet normal 0.337014 0.9415 -0
    outer loop
      vertex 11.5307 13.6955 0
      vertex 11.1611 13.8278 5
      vertex 11.5307 13.6955 5
    endloop
  endfacet
  facet normal 0.337014 0.9415 0
    outer loop
      vertex 11.1611 13.8278 5
      vertex 11.5307 13.6955 0
      vertex 11.1611 13.8278 0
    endloop
  endfacet
  facet normal 0.989176 0.146733 0
    outer loop
      vertex 13.9807 10.3921 5
      vertex 13.9231 10.7804 0
      vertex 13.9231 10.7804 5
    endloop
  endfacet
  facet normal 0.989176 0.146733 0
    outer loop
      vertex 13.9231 10.7804 0
      vertex 13.9807 10.3921 5
      vertex 13.9807 10.3921 0
    endloop
  endfacet
  facet normal 0.671607 0.740908 -0
    outer loop
      vertex 12.8284 12.8284 0
      vertex 12.5376 13.092 5
      vertex 12.8284 12.8284 5
    endloop
  endfacet
  facet normal 0.671607 0.740908 0
    outer loop
      vertex 12.5376 13.092 5
      vertex 12.8284 12.8284 0
      vertex 12.5376 13.092 0
    endloop
  endfacet
  facet normal 0.989176 -0.146733 0
    outer loop
      vertex 13.9231 -10.7804 5
      vertex 13.9807 -10.3921 0
      vertex 13.9807 -10.3921 5
    endloop
  endfacet
  facet normal 0.989176 -0.146733 0
    outer loop
      vertex 13.9807 -10.3921 0
      vertex 13.9231 -10.7804 5
      vertex 13.9231 -10.7804 0
    endloop
  endfacet
  facet normal 0 1 0
    outer loop
      vertex -1.91658 14.6 2.68466
      vertex -1.87286 14.6 2.19073
      vertex -1.92961 14.6 2.19206
    endloop
  endfacet
  facet normal 0 1 0
    outer loop
      vertex -1.03412 14.6 2.24841
      vertex -1.81934 14.6 2.18677
      vertex -1.87286 14.6 2.19073
    endloop
  endfacet
  facet normal 0 1 0
    outer loop
      vertex -1.03412 14.6 2.24841
      vertex -1.76903 14.6 2.18013
      vertex -1.81934 14.6 2.18677
    endloop
  endfacet
  facet normal 0 1 0
    outer loop
      vertex -1.42842 14.6 1.93684
      vertex -0.991241 14.6 2.21201
      vertex -0.952042 14.6 2.17255
    endloop
  endfacet
  facet normal 0 1 0
    outer loop
      vertex -1.03412 14.6 2.24841
      vertex -1.72194 14.6 2.17085
      vertex -1.76903 14.6 2.18013
    endloop
  endfacet
  facet normal 0 1 0
    outer loop
      vertex -1.03412 14.6 2.24841
      vertex -1.67805 14.6 2.15892
      vertex -1.72194 14.6 2.17085
    endloop
  endfacet
  facet normal 0 1 0
    outer loop
      vertex -1.03412 14.6 2.24841
      vertex -1.63737 14.6 2.14433
      vertex -1.67805 14.6 2.15892
    endloop
  endfacet
  facet normal 0 1 0
    outer loop
      vertex -1.41699 14.6 1.90045
      vertex -0.952042 14.6 2.17255
      vertex -0.916733 14.6 2.13029
    endloop
  endfacet
  facet normal 0 1 0
    outer loop
      vertex -1.03412 14.6 2.24841
      vertex -1.59993 14.6 2.12711
      vertex -1.63737 14.6 2.14433
    endloop
  endfacet
  facet normal 0 1 0
    outer loop
      vertex -1.03412 14.6 2.24841
      vertex -1.56569 14.6 2.10721
      vertex -1.59993 14.6 2.12711
    endloop
  endfacet
  facet normal 0 1 0
    outer loop
      vertex -1.41699 14.6 1.90045
      vertex -0.916733 14.6 2.13029
      vertex -0.88559 14.6 2.08553
    endloop
  endfacet
  facet normal 0 1 0
    outer loop
      vertex -1.03412 14.6 2.24841
      vertex -1.53467 14.6 2.08467
      vertex -1.56569 14.6 2.10721
    endloop
  endfacet
  facet normal 0 1 0
    outer loop
      vertex -1.03412 14.6 2.24841
      vertex -1.50688 14.6 2.05966
      vertex -1.53467 14.6 2.08467
    endloop
  endfacet
  facet normal 0 1 0
    outer loop
      vertex -1.40881 14.6 1.86177
      vertex -0.88559 14.6 2.08553
      vertex -0.858597 14.6 2.03825
    endloop
  endfacet
  facet normal 0 1 0
    outer loop
      vertex -1.03412 14.6 2.24841
      vertex -1.48236 14.6 2.03238
      vertex -1.50688 14.6 2.05966
    endloop
  endfacet
  facet normal 0 1 0
    outer loop
      vertex -1.03412 14.6 2.24841
      vertex -1.46112 14.6 2.00281
      vertex -1.48236 14.6 2.03238
    endloop
  endfacet
  facet normal 0 1 0
    outer loop
      vertex -1.40881 14.6 1.86177
      vertex -0.858597 14.6 2.03825
      vertex -0.835754 14.6 1.98845
    endloop
  endfacet
  facet normal 0 1 0
    outer loop
      vertex -1.03412 14.6 2.24841
      vertex -1.44313 14.6 1.97096
      vertex -1.46112 14.6 2.00281
    endloop
  endfacet
  facet normal 0 1 0
    outer loop
      vertex -1.03412 14.6 2.24841
      vertex -1.42842 14.6 1.93684
      vertex -1.44313 14.6 1.97096
    endloop
  endfacet
  facet normal 0 1 0
    outer loop
      vertex -1.40392 14.6 1.82083
      vertex -0.835754 14.6 1.98845
      vertex -0.817062 14.6 1.93613
    endloop
  endfacet
  facet normal 0 1 0
    outer loop
      vertex -0.952042 14.6 2.17255
      vertex -1.41699 14.6 1.90045
      vertex -1.42842 14.6 1.93684
    endloop
  endfacet
  facet normal 0 1 0
    outer loop
      vertex -1.40392 14.6 1.82083
      vertex -0.817062 14.6 1.93613
      vertex -0.802536 14.6 1.88129
    endloop
  endfacet
  facet normal 0 1 0
    outer loop
      vertex -0.88559 14.6 2.08553
      vertex -1.40881 14.6 1.86177
      vertex -1.41699 14.6 1.90045
    endloop
  endfacet
  facet normal 0 1 0
    outer loop
      vertex -1.40228 14.6 1.7776
      vertex -0.802536 14.6 1.88129
      vertex -0.792145 14.6 1.82393
    endloop
  endfacet
  facet normal 0 1 0
    outer loop
      vertex -0.835754 14.6 1.98845
      vertex -1.40392 14.6 1.82083
      vertex -1.40881 14.6 1.86177
    endloop
  endfacet
  facet normal 0 1 0
    outer loop
      vertex -0.802536 14.6 1.88129
      vertex -1.40228 14.6 1.7776
      vertex -1.40392 14.6 1.82083
    endloop
  endfacet
  facet normal 0 1 0
    outer loop
      vertex -0.785919 14.6 1.76405
      vertex -1.40228 14.6 1.7776
      vertex -0.792145 14.6 1.82393
    endloop
  endfacet
  facet normal 0 1 0
    outer loop
      vertex -0.785919 14.6 1.76405
      vertex -1.40358 14.6 1.73665
      vertex -1.40228 14.6 1.7776
    endloop
  endfacet
  facet normal 0 1 0
    outer loop
      vertex -0.783844 14.6 1.70166
      vertex -1.40358 14.6 1.73665
      vertex -0.785919 14.6 1.76405
    endloop
  endfacet
  facet normal 0 1 0
    outer loop
      vertex -0.783844 14.6 1.70166
      vertex -1.40747 14.6 1.69772
      vertex -1.40358 14.6 1.73665
    endloop
  endfacet
  facet normal 0 1 -0
    outer loop
      vertex -0.787186 14.6 1.61884
      vertex -1.40747 14.6 1.69772
      vertex -0.783844 14.6 1.70166
    endloop
  endfacet
  facet normal 0 1 0
    outer loop
      vertex -1.40747 14.6 1.69772
      vertex -0.787186 14.6 1.61884
      vertex -1.41397 14.6 1.6608
    endloop
  endfacet
  facet normal 0 1 -0
    outer loop
      vertex -0.79718 14.6 1.54012
      vertex -1.41397 14.6 1.6608
      vertex -0.787186 14.6 1.61884
    endloop
  endfacet
  facet normal 0 1 -0
    outer loop
      vertex -0.813858 14.6 1.4655
      vertex -1.41397 14.6 1.6608
      vertex -0.79718 14.6 1.54012
    endloop
  endfacet
  facet normal 0 1 0
    outer loop
      vertex -1.41397 14.6 1.6608
      vertex -0.813858 14.6 1.4655
      vertex -1.42307 14.6 1.62587
    endloop
  endfacet
  facet normal 0 1 -0
    outer loop
      vertex -0.837219 14.6 1.39497
      vertex -1.42307 14.6 1.62587
      vertex -0.813858 14.6 1.4655
    endloop
  endfacet
  facet normal 0 1 0
    outer loop
      vertex -1.42307 14.6 1.62587
      vertex -0.837219 14.6 1.39497
      vertex -1.43477 14.6 1.59296
    endloop
  endfacet
  facet normal 0 1 -0
    outer loop
      vertex -0.867233 14.6 1.32855
      vertex -1.43477 14.6 1.59296
      vertex -0.837219 14.6 1.39497
    endloop
  endfacet
  facet normal 0 1 -0
    outer loop
      vertex -0.903931 14.6 1.26622
      vertex -1.43477 14.6 1.59296
      vertex -0.867233 14.6 1.32855
    endloop
  endfacet
  facet normal 0 1 0
    outer loop
      vertex -1.43477 14.6 1.59296
      vertex -0.903931 14.6 1.26622
      vertex -1.44905 14.6 1.56206
    endloop
  endfacet
  facet normal 0 1 -0
    outer loop
      vertex -0.947281 14.6 1.20799
      vertex -1.44905 14.6 1.56206
      vertex -0.903931 14.6 1.26622
    endloop
  endfacet
  facet normal 0 1 0
    outer loop
      vertex -1.44905 14.6 1.56206
      vertex -0.947281 14.6 1.20799
      vertex -1.46594 14.6 1.53317
    endloop
  endfacet
  facet normal 0 1 -0
    outer loop
      vertex -0.997314 14.6 1.15387
      vertex -1.46594 14.6 1.53317
      vertex -0.947281 14.6 1.20799
    endloop
  endfacet
  facet normal 0 1 -0
    outer loop
      vertex -1.05402 14.6 1.10384
      vertex -1.46594 14.6 1.53317
      vertex -0.997314 14.6 1.15387
    endloop
  endfacet
  facet normal 0 1 0
    outer loop
      vertex -1.46594 14.6 1.53317
      vertex -1.05402 14.6 1.10384
      vertex -1.48544 14.6 1.50629
    endloop
  endfacet
  facet normal 0 1 -0
    outer loop
      vertex -1.11664 14.6 1.05852
      vertex -1.48544 14.6 1.50629
      vertex -1.05402 14.6 1.10384
    endloop
  endfacet
  facet normal 0 1 0
    outer loop
      vertex -1.48544 14.6 1.50629
      vertex -1.11664 14.6 1.05852
      vertex -1.50752 14.6 1.48141
    endloop
  endfacet
  facet normal 0 1 -0
    outer loop
      vertex -1.18443 14.6 1.01852
      vertex -1.50752 14.6 1.48141
      vertex -1.11664 14.6 1.05852
    endloop
  endfacet
  facet normal 0 1 0
    outer loop
      vertex -1.50752 14.6 1.48141
      vertex -1.18443 14.6 1.01852
      vertex -1.5321 14.6 1.45886
    endloop
  endfacet
  facet normal 0 1 -0
    outer loop
      vertex -1.25739 14.6 0.983871
      vertex -1.5321 14.6 1.45886
      vertex -1.18443 14.6 1.01852
    endloop
  endfacet
  facet normal 0 1 0
    outer loop
      vertex -1.5321 14.6 1.45886
      vertex -1.25739 14.6 0.983871
      vertex -1.55907 14.6 1.43896
    endloop
  endfacet
  facet normal 0 1 -0
    outer loop
      vertex -1.33553 14.6 0.954544
      vertex -1.55907 14.6 1.43896
      vertex -1.25739 14.6 0.983871
    endloop
  endfacet
  facet normal -0 1 0
    outer loop
      vertex -1.90193 14.6 0.890656
      vertex -1.81459 14.6 1.37398
      vertex -1.80376 14.6 0.887909
    endloop
  endfacet
  facet normal 0 1 0
    outer loop
      vertex -1.55907 14.6 1.43896
      vertex -1.33553 14.6 0.954544
      vertex -1.58842 14.6 1.42172
    endloop
  endfacet
  facet normal -0 1 0
    outer loop
      vertex -1.9959 14.6 0.898941
      vertex -1.81459 14.6 1.37398
      vertex -1.90193 14.6 0.890656
    endloop
  endfacet
  facet normal 0 1 -0
    outer loop
      vertex -1.41882 14.6 0.930557
      vertex -1.58842 14.6 1.42172
      vertex -1.33553 14.6 0.954544
    endloop
  endfacet
  facet normal -0 1 0
    outer loop
      vertex -2.0856 14.6 0.912735
      vertex -1.81459 14.6 1.37398
      vertex -1.9959 14.6 0.898941
    endloop
  endfacet
  facet normal 0 1 0
    outer loop
      vertex -1.58842 14.6 1.42172
      vertex -1.41882 14.6 0.930557
      vertex -1.62016 14.6 1.40714
    endloop
  endfacet
  facet normal 0 1 0
    outer loop
      vertex -1.77094 14.6 1.37531
      vertex -1.80376 14.6 0.887909
      vertex -1.81459 14.6 1.37398
    endloop
  endfacet
  facet normal 0 1 -0
    outer loop
      vertex -1.50729 14.6 0.911896
      vertex -1.62016 14.6 1.40714
      vertex -1.41882 14.6 0.930557
    endloop
  endfacet
  facet normal 0 1 0
    outer loop
      vertex -1.81459 14.6 1.37398
      vertex -2.69585 14.6 1.27946
      vertex -2.73799 14.6 1.34395
    endloop
  endfacet
  facet normal 0 1 0
    outer loop
      vertex -1.62016 14.6 1.40714
      vertex -1.50729 14.6 0.911896
      vertex -1.65428 14.6 1.3952
    endloop
  endfacet
  facet normal 0 1 0
    outer loop
      vertex -1.81459 14.6 1.37398
      vertex -2.64798 14.6 1.21922
      vertex -2.69585 14.6 1.27946
    endloop
  endfacet
  facet normal 0 1 -0
    outer loop
      vertex -1.60094 14.6 0.89856
      vertex -1.65428 14.6 1.3952
      vertex -1.50729 14.6 0.911896
    endloop
  endfacet
  facet normal 0 1 0
    outer loop
      vertex -1.81459 14.6 1.37398
      vertex -2.59438 14.6 1.16321
      vertex -2.64798 14.6 1.21922
    endloop
  endfacet
  facet normal 0 1 0
    outer loop
      vertex -1.65428 14.6 1.3952
      vertex -1.60094 14.6 0.89856
      vertex -1.69078 14.6 1.38593
    endloop
  endfacet
  facet normal 0 1 0
    outer loop
      vertex -1.81459 14.6 1.37398
      vertex -2.53505 14.6 1.11142
      vertex -2.59438 14.6 1.16321
    endloop
  endfacet
  facet normal 0 1 0
    outer loop
      vertex -1.69078 14.6 1.38593
      vertex -1.60094 14.6 0.89856
      vertex -1.72966 14.6 1.37929
    endloop
  endfacet
  facet normal 0 1 0
    outer loop
      vertex -1.81459 14.6 1.37398
      vertex -2.47072 14.6 1.06451
      vertex -2.53505 14.6 1.11142
    endloop
  endfacet
  facet normal 0 1 -0
    outer loop
      vertex -1.69977 14.6 0.890564
      vertex -1.72966 14.6 1.37929
      vertex -1.60094 14.6 0.89856
    endloop
  endfacet
  facet normal 0 1 0
    outer loop
      vertex -1.72966 14.6 1.37929
      vertex -1.69977 14.6 0.890564
      vertex -1.77094 14.6 1.37531
    endloop
  endfacet
  facet normal 0 1 0
    outer loop
      vertex -1.80376 14.6 0.887909
      vertex -1.77094 14.6 1.37531
      vertex -1.69977 14.6 0.890564
    endloop
  endfacet
  facet normal 0 1 0
    outer loop
      vertex -1.81459 14.6 1.37398
      vertex -2.0856 14.6 0.912735
      vertex -2.1711 14.6 0.932053
    endloop
  endfacet
  facet normal 0 1 0
    outer loop
      vertex -1.81459 14.6 1.37398
      vertex -2.40216 14.6 1.02312
      vertex -2.47072 14.6 1.06451
    endloop
  endfacet
  facet normal 0 1 0
    outer loop
      vertex -1.81459 14.6 1.37398
      vertex -2.1711 14.6 0.932053
      vertex -2.25235 14.6 0.956894
    endloop
  endfacet
  facet normal 0 1 0
    outer loop
      vertex -1.81459 14.6 1.37398
      vertex -2.32938 14.6 0.987244
      vertex -2.40216 14.6 1.02312
    endloop
  endfacet
  facet normal 0 1 0
    outer loop
      vertex -1.81459 14.6 1.37398
      vertex -2.25235 14.6 0.956894
      vertex -2.32938 14.6 0.987244
    endloop
  endfacet
  facet normal 0 1 0
    outer loop
      vertex -1.79073 14.6 4.04091
      vertex -1.74541 14.6 3.54478
      vertex -1.79291 14.6 3.54613
    endloop
  endfacet
  facet normal 0 1 0
    outer loop
      vertex -0.831116 14.6 3.6286
      vertex -1.70032 14.6 3.54077
      vertex -1.74541 14.6 3.54478
    endloop
  endfacet
  facet normal 0 1 0
    outer loop
      vertex -0.831116 14.6 3.6286
      vertex -1.65764 14.6 3.53407
      vertex -1.70032 14.6 3.54077
    endloop
  endfacet
  facet normal 0 1 0
    outer loop
      vertex -0.831116 14.6 3.6286
      vertex -1.61737 14.6 3.5247
      vertex -1.65764 14.6 3.53407
    endloop
  endfacet
  facet normal 0 1 0
    outer loop
      vertex -0.831116 14.6 3.6286
      vertex -1.57953 14.6 3.51265
      vertex -1.61737 14.6 3.5247
    endloop
  endfacet
  facet normal 0 1 0
    outer loop
      vertex -0.831116 14.6 3.6286
      vertex -1.54408 14.6 3.49791
      vertex -1.57953 14.6 3.51265
    endloop
  endfacet
  facet normal 0 1 0
    outer loop
      vertex -1.35471 14.6 3.28159
      vertex -0.792801 14.6 3.55965
      vertex -0.761459 14.6 3.48586
    endloop
  endfacet
  facet normal 0 1 0
    outer loop
      vertex -0.831116 14.6 3.6286
      vertex -1.51105 14.6 3.4805
      vertex -1.54408 14.6 3.49791
    endloop
  endfacet
  facet normal 0 1 0
    outer loop
      vertex -0.831116 14.6 3.6286
      vertex -1.48044 14.6 3.46042
      vertex -1.51105 14.6 3.4805
    endloop
  endfacet
  facet normal 0 1 0
    outer loop
      vertex -0.831116 14.6 3.6286
      vertex -1.45222 14.6 3.43765
      vertex -1.48044 14.6 3.46042
    endloop
  endfacet
  facet normal 0 1 0
    outer loop
      vertex -0.831116 14.6 3.6286
      vertex -1.42673 14.6 3.41211
      vertex -1.45222 14.6 3.43765
    endloop
  endfacet
  facet normal 0 1 0
    outer loop
      vertex -1.35471 14.6 3.28159
      vertex -0.761459 14.6 3.48586
      vertex -0.737076 14.6 3.40726
    endloop
  endfacet
  facet normal 0 1 0
    outer loop
      vertex -0.831116 14.6 3.6286
      vertex -1.40422 14.6 3.38374
      vertex -1.42673 14.6 3.41211
    endloop
  endfacet
  facet normal 0 1 0
    outer loop
      vertex -0.831116 14.6 3.6286
      vertex -1.3847 14.6 3.35252
      vertex -1.40422 14.6 3.38374
    endloop
  endfacet
  facet normal 0 1 0
    outer loop
      vertex -1.34419 14.6 3.24185
      vertex -0.737076 14.6 3.40726
      vertex -0.719666 14.6 3.32384
    endloop
  endfacet
  facet normal 0 1 0
    outer loop
      vertex -0.831116 14.6 3.6286
      vertex -1.36821 14.6 3.31848
      vertex -1.3847 14.6 3.35252
    endloop
  endfacet
  facet normal 0 1 0
    outer loop
      vertex -0.792801 14.6 3.55965
      vertex -1.35471 14.6 3.28159
      vertex -1.36821 14.6 3.31848
    endloop
  endfacet
  facet normal 0 1 0
    outer loop
      vertex -0.737076 14.6 3.40726
      vertex -1.34419 14.6 3.24185
      vertex -1.35471 14.6 3.28159
    endloop
  endfacet
  facet normal 0 1 0
    outer loop
      vertex -1.3367 14.6 3.19928
      vertex -0.719666 14.6 3.32384
      vertex -0.709213 14.6 3.23558
    endloop
  endfacet
  facet normal 0 1 0
    outer loop
      vertex -0.719666 14.6 3.32384
      vertex -1.3367 14.6 3.19928
      vertex -1.34419 14.6 3.24185
    endloop
  endfacet
  facet normal 0 1 0
    outer loop
      vertex -0.709213 14.6 3.23558
      vertex -1.3322 14.6 3.15387
      vertex -1.3367 14.6 3.19928
    endloop
  endfacet
  facet normal 0 1 0
    outer loop
      vertex -0.705734 14.6 3.14252
      vertex -1.3322 14.6 3.15387
      vertex -0.709213 14.6 3.23558
    endloop
  endfacet
  facet normal 0 1 0
    outer loop
      vertex -0.705734 14.6 3.14252
      vertex -1.33069 14.6 3.10562
      vertex -1.3322 14.6 3.15387
    endloop
  endfacet
  facet normal 0 1 -0
    outer loop
      vertex -0.708084 14.6 3.07823
      vertex -1.33069 14.6 3.10562
      vertex -0.705734 14.6 3.14252
    endloop
  endfacet
  facet normal 0 1 -0
    outer loop
      vertex -0.715118 14.6 3.01656
      vertex -1.33069 14.6 3.10562
      vertex -0.708084 14.6 3.07823
    endloop
  endfacet
  facet normal 0 1 0
    outer loop
      vertex -1.33069 14.6 3.10562
      vertex -0.715118 14.6 3.01656
      vertex -1.33252 14.6 3.06146
    endloop
  endfacet
  facet normal 0 1 -0
    outer loop
      vertex -0.726837 14.6 2.95747
      vertex -1.33252 14.6 3.06146
      vertex -0.715118 14.6 3.01656
    endloop
  endfacet
  facet normal 0 1 -0
    outer loop
      vertex -0.74324 14.6 2.90099
      vertex -1.33252 14.6 3.06146
      vertex -0.726837 14.6 2.95747
    endloop
  endfacet
  facet normal 0 1 0
    outer loop
      vertex -1.33252 14.6 3.06146
      vertex -0.74324 14.6 2.90099
      vertex -1.33798 14.6 3.01968
    endloop
  endfacet
  facet normal 0 1 -0
    outer loop
      vertex -0.764343 14.6 2.84711
      vertex -1.33798 14.6 3.01968
      vertex -0.74324 14.6 2.90099
    endloop
  endfacet
  facet normal 0 1 -0
    outer loop
      vertex -0.790131 14.6 2.79582
      vertex -1.33798 14.6 3.01968
      vertex -0.764343 14.6 2.84711
    endloop
  endfacet
  facet normal 0 1 0
    outer loop
      vertex -1.33798 14.6 3.01968
      vertex -0.790131 14.6 2.79582
      vertex -1.34709 14.6 2.98024
    endloop
  endfacet
  facet normal 0 1 -0
    outer loop
      vertex -0.820602 14.6 2.74713
      vertex -1.34709 14.6 2.98024
      vertex -0.790131 14.6 2.79582
    endloop
  endfacet
  facet normal 0 1 -0
    outer loop
      vertex -0.855774 14.6 2.70103
      vertex -1.34709 14.6 2.98024
      vertex -0.820602 14.6 2.74713
    endloop
  endfacet
  facet normal 0 1 0
    outer loop
      vertex -1.34709 14.6 2.98024
      vertex -0.855774 14.6 2.70103
      vertex -1.35983 14.6 2.94318
    endloop
  endfacet
  facet normal 0 1 -0
    outer loop
      vertex -0.895615 14.6 2.65755
      vertex -1.35983 14.6 2.94318
      vertex -0.855774 14.6 2.70103
    endloop
  endfacet
  facet normal 0 1 -0
    outer loop
      vertex -0.939804 14.6 2.61719
      vertex -1.35983 14.6 2.94318
      vertex -0.895615 14.6 2.65755
    endloop
  endfacet
  facet normal 0 1 0
    outer loop
      vertex -1.35983 14.6 2.94318
      vertex -0.939804 14.6 2.61719
      vertex -1.37624 14.6 2.90846
    endloop
  endfacet
  facet normal 0 1 -0
    outer loop
      vertex -0.987991 14.6 2.58051
      vertex -1.37624 14.6 2.90846
      vertex -0.939804 14.6 2.61719
    endloop
  endfacet
  facet normal 0 1 -0
    outer loop
      vertex -1.04016 14.6 2.54747
      vertex -1.37624 14.6 2.90846
      vertex -0.987991 14.6 2.58051
    endloop
  endfacet
  facet normal 0 1 0
    outer loop
      vertex -1.37624 14.6 2.90846
      vertex -1.04016 14.6 2.54747
      vertex -1.39627 14.6 2.8761
    endloop
  endfacet
  facet normal 0 1 -0
    outer loop
      vertex -1.09631 14.6 2.51813
      vertex -1.39627 14.6 2.8761
      vertex -1.04016 14.6 2.54747
    endloop
  endfacet
  facet normal 0 1 -0
    outer loop
      vertex -1.15646 14.6 2.49246
      vertex -1.39627 14.6 2.8761
      vertex -1.09631 14.6 2.51813
    endloop
  endfacet
  facet normal 0 1 0
    outer loop
      vertex -1.39627 14.6 2.8761
      vertex -1.15646 14.6 2.49246
      vertex -1.41995 14.6 2.8461
    endloop
  endfacet
  facet normal 0 1 -0
    outer loop
      vertex -1.22061 14.6 2.47044
      vertex -1.41995 14.6 2.8461
      vertex -1.15646 14.6 2.49246
    endloop
  endfacet
  facet normal 0 1 0
    outer loop
      vertex -1.41995 14.6 2.8461
      vertex -1.22061 14.6 2.47044
      vertex -1.44728 14.6 2.81845
    endloop
  endfacet
  facet normal 0 1 -0
    outer loop
      vertex -1.28876 14.6 2.4521
      vertex -1.44728 14.6 2.81845
      vertex -1.22061 14.6 2.47044
    endloop
  endfacet
  facet normal 0 1 0
    outer loop
      vertex -1.44728 14.6 2.81845
      vertex -1.28876 14.6 2.4521
      vertex -1.47824 14.6 2.79317
    endloop
  endfacet
  facet normal 0 1 -0
    outer loop
      vertex -1.36087 14.6 2.43744
      vertex -1.47824 14.6 2.79317
      vertex -1.28876 14.6 2.4521
    endloop
  endfacet
  facet normal 0 1 0
    outer loop
      vertex -1.47824 14.6 2.79317
      vertex -1.36087 14.6 2.43744
      vertex -1.5128 14.6 2.7704
    endloop
  endfacet
  facet normal 0 1 0
    outer loop
      vertex -1.6377 14.6 2.71815
      vertex -1.437 14.6 2.42644
      vertex -1.6864 14.6 2.70609
    endloop
  endfacet
  facet normal 0 1 -0
    outer loop
      vertex -1.437 14.6 2.42644
      vertex -1.5128 14.6 2.7704
      vertex -1.36087 14.6 2.43744
    endloop
  endfacet
  facet normal 0 1 0
    outer loop
      vertex -1.5128 14.6 2.7704
      vertex -1.437 14.6 2.42644
      vertex -1.5509 14.6 2.75031
    endloop
  endfacet
  facet normal 0 1 0
    outer loop
      vertex -1.5509 14.6 2.75031
      vertex -1.437 14.6 2.42644
      vertex -1.59253 14.6 2.73288
    endloop
  endfacet
  facet normal 0 1 0
    outer loop
      vertex -1.59253 14.6 2.73288
      vertex -1.437 14.6 2.42644
      vertex -1.6377 14.6 2.71815
    endloop
  endfacet
  facet normal 0 1 0
    outer loop
      vertex -1.6864 14.6 2.70609
      vertex -1.437 14.6 2.42644
      vertex -1.73865 14.6 2.69672
    endloop
  endfacet
  facet normal 0 1 -0
    outer loop
      vertex -1.437 14.6 2.41776
      vertex -1.73865 14.6 2.69672
      vertex -1.437 14.6 2.42644
    endloop
  endfacet
  facet normal 0 1 0
    outer loop
      vertex -1.87286 14.6 2.19073
      vertex -1.73865 14.6 2.69672
      vertex -1.437 14.6 2.41776
    endloop
  endfacet
  facet normal 0 1 0
    outer loop
      vertex -1.87286 14.6 2.19073
      vertex -1.79442 14.6 2.69002
      vertex -1.73865 14.6 2.69672
    endloop
  endfacet
  facet normal 0 1 -0
    outer loop
      vertex -1.87286 14.6 2.19073
      vertex -1.91658 14.6 2.68466
      vertex -1.85373 14.6 2.68599
    endloop
  endfacet
  facet normal 0 1 0
    outer loop
      vertex -1.87286 14.6 2.19073
      vertex -1.85373 14.6 2.68599
      vertex -1.79442 14.6 2.69002
    endloop
  endfacet
  facet normal 0 1 0
    outer loop
      vertex -1.87286 14.6 2.19073
      vertex -1.36844 14.6 2.40273
      vertex -1.30354 14.6 2.38464
    endloop
  endfacet
  facet normal 0 1 0
    outer loop
      vertex -1.87286 14.6 2.19073
      vertex -1.30354 14.6 2.38464
      vertex -1.24231 14.6 2.36351
    endloop
  endfacet
  facet normal 0 1 0
    outer loop
      vertex -1.87286 14.6 2.19073
      vertex -1.24231 14.6 2.36351
      vertex -1.18475 14.6 2.33931
    endloop
  endfacet
  facet normal 0 1 0
    outer loop
      vertex -1.87286 14.6 2.19073
      vertex -1.18475 14.6 2.33931
      vertex -1.13087 14.6 2.31207
    endloop
  endfacet
  facet normal 0 1 0
    outer loop
      vertex -1.87286 14.6 2.19073
      vertex -1.13087 14.6 2.31207
      vertex -1.08066 14.6 2.28177
    endloop
  endfacet
  facet normal 0 1 0
    outer loop
      vertex -1.87286 14.6 2.19073
      vertex -1.08066 14.6 2.28177
      vertex -1.03412 14.6 2.24841
    endloop
  endfacet
  facet normal 0 1 0
    outer loop
      vertex -1.87286 14.6 2.19073
      vertex -1.437 14.6 2.41776
      vertex -1.36844 14.6 2.40273
    endloop
  endfacet
  facet normal 0 1 0
    outer loop
      vertex -1.42842 14.6 1.93684
      vertex -1.03412 14.6 2.24841
      vertex -0.991241 14.6 2.21201
    endloop
  endfacet
  facet normal 0 1 0
    outer loop
      vertex -1.91658 14.6 2.68466
      vertex -1.92961 14.6 2.19206
      vertex -2.12926 14.6 2.68466
    endloop
  endfacet
  facet normal 0 1 0
    outer loop
      vertex -2.12926 14.6 2.68466
      vertex -1.92961 14.6 2.19206
      vertex -2.12926 14.6 2.19206
    endloop
  endfacet
  facet normal 0 1 -0
    outer loop
      vertex -1.74541 14.6 3.54478
      vertex -1.79073 14.6 4.04091
      vertex -1.67793 14.6 4.03802
    endloop
  endfacet
  facet normal 0 1 0
    outer loop
      vertex -1.79073 14.6 4.04091
      vertex -1.79291 14.6 3.54613
      vertex -1.89769 14.6 4.03812
    endloop
  endfacet
  facet normal 0 1 0
    outer loop
      vertex -1.74541 14.6 3.54478
      vertex -1.67793 14.6 4.03802
      vertex -1.57104 14.6 4.02934
    endloop
  endfacet
  facet normal 0 1 -0
    outer loop
      vertex -1.88654 14.6 3.5407
      vertex -1.89769 14.6 4.03812
      vertex -1.79291 14.6 3.54613
    endloop
  endfacet
  facet normal 0 1 0
    outer loop
      vertex -1.74541 14.6 3.54478
      vertex -1.57104 14.6 4.02934
      vertex -1.47005 14.6 4.01488
    endloop
  endfacet
  facet normal 0 1 0
    outer loop
      vertex -1.89769 14.6 4.03812
      vertex -1.88654 14.6 3.5407
      vertex -1.99968 14.6 4.02971
    endloop
  endfacet
  facet normal 0 1 0
    outer loop
      vertex -1.74541 14.6 3.54478
      vertex -1.47005 14.6 4.01488
      vertex -1.37495 14.6 3.99461
    endloop
  endfacet
  facet normal 0 1 -0
    outer loop
      vertex -1.97067 14.6 3.52437
      vertex -1.99968 14.6 4.02971
      vertex -1.88654 14.6 3.5407
    endloop
  endfacet
  facet normal 0 1 0
    outer loop
      vertex -1.74541 14.6 3.54478
      vertex -1.37495 14.6 3.99461
      vertex -1.28574 14.6 3.96858
    endloop
  endfacet
  facet normal 0 1 0
    outer loop
      vertex -1.99968 14.6 4.02971
      vertex -1.97067 14.6 3.52437
      vertex -2.09669 14.6 4.01572
    endloop
  endfacet
  facet normal 0 1 0
    outer loop
      vertex -1.74541 14.6 3.54478
      vertex -1.28574 14.6 3.96858
      vertex -1.20242 14.6 3.93675
    endloop
  endfacet
  facet normal 0 1 0
    outer loop
      vertex -2.09669 14.6 4.01572
      vertex -1.97067 14.6 3.52437
      vertex -2.18871 14.6 3.99612
    endloop
  endfacet
  facet normal 0 1 0
    outer loop
      vertex -1.74541 14.6 3.54478
      vertex -1.20242 14.6 3.93675
      vertex -1.125 14.6 3.89914
    endloop
  endfacet
  facet normal 0 1 -0
    outer loop
      vertex -2.04533 14.6 3.49718
      vertex -2.18871 14.6 3.99612
      vertex -1.97067 14.6 3.52437
    endloop
  endfacet
  facet normal 0 1 0
    outer loop
      vertex -1.74541 14.6 3.54478
      vertex -1.125 14.6 3.89914
      vertex -1.05348 14.6 3.85573
    endloop
  endfacet
  facet normal 0 1 0
    outer loop
      vertex -2.18871 14.6 3.99612
      vertex -2.04533 14.6 3.49718
      vertex -2.27576 14.6 3.97093
    endloop
  endfacet
  facet normal 0 1 0
    outer loop
      vertex -1.74541 14.6 3.54478
      vertex -1.05348 14.6 3.85573
      vertex -0.987839 14.6 3.80655
    endloop
  endfacet
  facet normal 0 1 -0
    outer loop
      vertex -2.1105 14.6 3.45911
      vertex -2.27576 14.6 3.97093
      vertex -2.04533 14.6 3.49718
    endloop
  endfacet
  facet normal 0 1 0
    outer loop
      vertex -1.74541 14.6 3.54478
      vertex -0.987839 14.6 3.80655
      vertex -0.928635 14.6 3.75204
    endloop
  endfacet
  facet normal 0 1 0
    outer loop
      vertex -2.27576 14.6 3.97093
      vertex -2.1105 14.6 3.45911
      vertex -2.3578 14.6 3.94014
    endloop
  endfacet
  facet normal 0 1 0
    outer loop
      vertex -1.74541 14.6 3.54478
      vertex -0.928635 14.6 3.75204
      vertex -0.876389 14.6 3.69273
    endloop
  endfacet
  facet normal 0 1 0
    outer loop
      vertex -2.3578 14.6 3.94014
      vertex -2.1105 14.6 3.45911
      vertex -2.43489 14.6 3.90375
    endloop
  endfacet
  facet normal 0 1 0
    outer loop
      vertex -1.74541 14.6 3.54478
      vertex -0.876389 14.6 3.69273
      vertex -0.831116 14.6 3.6286
    endloop
  endfacet
  facet normal 0 1 -0
    outer loop
      vertex -2.1662 14.6 3.41017
      vertex -2.43489 14.6 3.90375
      vertex -2.1105 14.6 3.45911
    endloop
  endfacet
  facet normal 0 1 0
    outer loop
      vertex -1.36821 14.6 3.31848
      vertex -0.831116 14.6 3.6286
      vertex -0.792801 14.6 3.55965
    endloop
  endfacet
  facet normal 0 1 0
    outer loop
      vertex -2.43489 14.6 3.90375
      vertex -2.1662 14.6 3.41017
      vertex -2.50697 14.6 3.86176
    endloop
  endfacet
  facet normal 0 1 0
    outer loop
      vertex -2.50697 14.6 3.86176
      vertex -2.1662 14.6 3.41017
      vertex -2.57408 14.6 3.81416
    endloop
  endfacet
  facet normal 0 1 0
    outer loop
      vertex -2.57408 14.6 3.81416
      vertex -2.1662 14.6 3.41017
      vertex -2.63573 14.6 3.76129
    endloop
  endfacet
  facet normal 0 1 -0
    outer loop
      vertex -2.21242 14.6 3.35034
      vertex -2.63573 14.6 3.76129
      vertex -2.1662 14.6 3.41017
    endloop
  endfacet
  facet normal 0 1 0
    outer loop
      vertex -2.63573 14.6 3.76129
      vertex -2.21242 14.6 3.35034
      vertex -2.69142 14.6 3.70346
    endloop
  endfacet
  facet normal 0 1 0
    outer loop
      vertex -2.69142 14.6 3.70346
      vertex -2.21242 14.6 3.35034
      vertex -2.74118 14.6 3.64067
    endloop
  endfacet
  facet normal 0 1 -0
    outer loop
      vertex -2.24915 14.6 3.27965
      vertex -2.74118 14.6 3.64067
      vertex -2.21242 14.6 3.35034
    endloop
  endfacet
  facet normal 0 1 0
    outer loop
      vertex -2.74118 14.6 3.64067
      vertex -2.24915 14.6 3.27965
      vertex -2.78499 14.6 3.57292
    endloop
  endfacet
  facet normal 0 1 0
    outer loop
      vertex -2.78499 14.6 3.57292
      vertex -2.24915 14.6 3.27965
      vertex -2.82285 14.6 3.50023
    endloop
  endfacet
  facet normal 0 1 0
    outer loop
      vertex -2.82285 14.6 3.50023
      vertex -2.24915 14.6 3.27965
      vertex -2.85475 14.6 3.42258
    endloop
  endfacet
  facet normal 0 1 -0
    outer loop
      vertex -2.27638 14.6 3.19807
      vertex -2.85475 14.6 3.42258
      vertex -2.24915 14.6 3.27965
    endloop
  endfacet
  facet normal 0 1 0
    outer loop
      vertex -2.85475 14.6 3.42258
      vertex -2.27638 14.6 3.19807
      vertex -2.88071 14.6 3.33997
    endloop
  endfacet
  facet normal 0 1 0
    outer loop
      vertex -2.88071 14.6 3.33997
      vertex -2.27638 14.6 3.19807
      vertex -2.90073 14.6 3.25241
    endloop
  endfacet
  facet normal 0 1 -0
    outer loop
      vertex -2.29414 14.6 3.10562
      vertex -2.90073 14.6 3.25241
      vertex -2.27638 14.6 3.19807
    endloop
  endfacet
  facet normal 0 1 0
    outer loop
      vertex -2.90073 14.6 3.25241
      vertex -2.29414 14.6 3.10562
      vertex -2.91479 14.6 3.15988
    endloop
  endfacet
  facet normal 0 1 0
    outer loop
      vertex -2.84921 14.6 1.64421
      vertex -2.25293 14.6 1.77328
      vertex -2.24785 14.6 1.73192
    endloop
  endfacet
  facet normal 0 1 0
    outer loop
      vertex -2.83 14.6 1.56279
      vertex -2.24785 14.6 1.73192
      vertex -2.24034 14.6 1.69269
    endloop
  endfacet
  facet normal 0 1 0
    outer loop
      vertex -2.80507 14.6 1.48561
      vertex -2.24034 14.6 1.69269
      vertex -2.23038 14.6 1.65561
    endloop
  endfacet
  facet normal 0 1 0
    outer loop
      vertex -2.25293 14.6 1.77328
      vertex -2.84921 14.6 1.64421
      vertex -2.86269 14.6 1.72986
    endloop
  endfacet
  facet normal 0 1 0
    outer loop
      vertex -2.7744 14.6 1.41266
      vertex -2.23038 14.6 1.65561
      vertex -2.21799 14.6 1.62067
    endloop
  endfacet
  facet normal 0 1 0
    outer loop
      vertex -2.73799 14.6 1.34395
      vertex -2.21799 14.6 1.62067
      vertex -2.20317 14.6 1.58788
    endloop
  endfacet
  facet normal 0 1 0
    outer loop
      vertex -2.24785 14.6 1.73192
      vertex -2.83 14.6 1.56279
      vertex -2.84921 14.6 1.64421
    endloop
  endfacet
  facet normal 0 1 0
    outer loop
      vertex -2.73799 14.6 1.34395
      vertex -2.20317 14.6 1.58788
      vertex -2.1859 14.6 1.55724
    endloop
  endfacet
  facet normal 0 1 0
    outer loop
      vertex -2.73799 14.6 1.34395
      vertex -2.1859 14.6 1.55724
      vertex -2.1662 14.6 1.52872
    endloop
  endfacet
  facet normal 0 1 0
    outer loop
      vertex -2.73799 14.6 1.34395
      vertex -2.1662 14.6 1.52872
      vertex -2.14407 14.6 1.50237
    endloop
  endfacet
  facet normal 0 1 0
    outer loop
      vertex -2.24034 14.6 1.69269
      vertex -2.80507 14.6 1.48561
      vertex -2.83 14.6 1.56279
    endloop
  endfacet
  facet normal 0 1 0
    outer loop
      vertex -2.73799 14.6 1.34395
      vertex -2.14407 14.6 1.50237
      vertex -2.11949 14.6 1.47815
    endloop
  endfacet
  facet normal 0 1 0
    outer loop
      vertex -2.73799 14.6 1.34395
      vertex -2.11949 14.6 1.47815
      vertex -2.0928 14.6 1.45628
    endloop
  endfacet
  facet normal 0 1 0
    outer loop
      vertex -2.73799 14.6 1.34395
      vertex -2.0928 14.6 1.45628
      vertex -2.0643 14.6 1.437
    endloop
  endfacet
  facet normal 0 1 0
    outer loop
      vertex -2.73799 14.6 1.34395
      vertex -2.0643 14.6 1.437
      vertex -2.03401 14.6 1.42027
    endloop
  endfacet
  facet normal 0 1 0
    outer loop
      vertex -2.23038 14.6 1.65561
      vertex -2.7744 14.6 1.41266
      vertex -2.80507 14.6 1.48561
    endloop
  endfacet
  facet normal 0 1 0
    outer loop
      vertex -2.73799 14.6 1.34395
      vertex -2.03401 14.6 1.42027
      vertex -2.00194 14.6 1.40613
    endloop
  endfacet
  facet normal 0 1 0
    outer loop
      vertex -2.73799 14.6 1.34395
      vertex -2.00194 14.6 1.40613
      vertex -1.96806 14.6 1.39456
    endloop
  endfacet
  facet normal 0 1 0
    outer loop
      vertex -2.73799 14.6 1.34395
      vertex -1.96806 14.6 1.39456
      vertex -1.93239 14.6 1.38556
    endloop
  endfacet
  facet normal 0 1 0
    outer loop
      vertex -2.73799 14.6 1.34395
      vertex -1.93239 14.6 1.38556
      vertex -1.89491 14.6 1.37912
    endloop
  endfacet
  facet normal 0 1 0
    outer loop
      vertex -2.73799 14.6 1.34395
      vertex -1.89491 14.6 1.37912
      vertex -1.85565 14.6 1.37527
    endloop
  endfacet
  facet normal 0 1 0
    outer loop
      vertex -2.21799 14.6 1.62067
      vertex -2.73799 14.6 1.34395
      vertex -2.7744 14.6 1.41266
    endloop
  endfacet
  facet normal 0 1 0
    outer loop
      vertex -2.73799 14.6 1.34395
      vertex -1.85565 14.6 1.37527
      vertex -1.81459 14.6 1.37398
    endloop
  endfacet
  facet normal 0 1 0
    outer loop
      vertex 4.11696 14.6 2.68466
      vertex 4.16068 14.6 2.19073
      vertex 4.10394 14.6 2.19206
    endloop
  endfacet
  facet normal 0 1 0
    outer loop
      vertex 4.99944 14.6 2.24841
      vertex 4.2142 14.6 2.18677
      vertex 4.16068 14.6 2.19073
    endloop
  endfacet
  facet normal 0 1 0
    outer loop
      vertex 4.99944 14.6 2.24841
      vertex 4.26451 14.6 2.18013
      vertex 4.2142 14.6 2.18677
    endloop
  endfacet
  facet normal 0 1 0
    outer loop
      vertex 4.60512 14.6 1.93684
      vertex 5.04231 14.6 2.21201
      vertex 5.08151 14.6 2.17255
    endloop
  endfacet
  facet normal 0 1 0
    outer loop
      vertex 4.99944 14.6 2.24841
      vertex 4.31161 14.6 2.17085
      vertex 4.26451 14.6 2.18013
    endloop
  endfacet
  facet normal 0 1 0
    outer loop
      vertex 4.99944 14.6 2.24841
      vertex 4.3555 14.6 2.15892
      vertex 4.31161 14.6 2.17085
    endloop
  endfacet
  facet normal 0 1 0
    outer loop
      vertex 4.99944 14.6 2.24841
      vertex 4.39616 14.6 2.14433
      vertex 4.3555 14.6 2.15892
    endloop
  endfacet
  facet normal 0 1 0
    outer loop
      vertex 4.61656 14.6 1.90045
      vertex 5.08151 14.6 2.17255
      vertex 5.11681 14.6 2.13029
    endloop
  endfacet
  facet normal 0 1 0
    outer loop
      vertex 4.99944 14.6 2.24841
      vertex 4.43362 14.6 2.12711
      vertex 4.39616 14.6 2.14433
    endloop
  endfacet
  facet normal 0 1 0
    outer loop
      vertex 4.99944 14.6 2.24841
      vertex 4.46786 14.6 2.10721
      vertex 4.43362 14.6 2.12711
    endloop
  endfacet
  facet normal 0 1 0
    outer loop
      vertex 4.61656 14.6 1.90045
      vertex 5.11681 14.6 2.13029
      vertex 5.14795 14.6 2.08553
    endloop
  endfacet
  facet normal 0 1 0
    outer loop
      vertex 4.99944 14.6 2.24841
      vertex 4.49889 14.6 2.08467
      vertex 4.46786 14.6 2.10721
    endloop
  endfacet
  facet normal 0 1 0
    outer loop
      vertex 4.99944 14.6 2.24841
      vertex 4.52667 14.6 2.05966
      vertex 4.49889 14.6 2.08467
    endloop
  endfacet
  facet normal 0 1 0
    outer loop
      vertex 4.62473 14.6 1.86177
      vertex 5.14795 14.6 2.08553
      vertex 5.17494 14.6 2.03825
    endloop
  endfacet
  facet normal 0 1 0
    outer loop
      vertex 4.99944 14.6 2.24841
      vertex 4.55118 14.6 2.03238
      vertex 4.52667 14.6 2.05966
    endloop
  endfacet
  facet normal 0 1 0
    outer loop
      vertex 4.99944 14.6 2.24841
      vertex 4.57243 14.6 2.00281
      vertex 4.55118 14.6 2.03238
    endloop
  endfacet
  facet normal 0 1 0
    outer loop
      vertex 4.62473 14.6 1.86177
      vertex 5.17494 14.6 2.03825
      vertex 5.19778 14.6 1.98845
    endloop
  endfacet
  facet normal 0 1 0
    outer loop
      vertex 4.99944 14.6 2.24841
      vertex 4.59041 14.6 1.97096
      vertex 4.57243 14.6 2.00281
    endloop
  endfacet
  facet normal 0 1 0
    outer loop
      vertex 4.99944 14.6 2.24841
      vertex 4.60512 14.6 1.93684
      vertex 4.59041 14.6 1.97096
    endloop
  endfacet
  facet normal 0 1 0
    outer loop
      vertex 4.62964 14.6 1.82083
      vertex 5.19778 14.6 1.98845
      vertex 5.21648 14.6 1.93613
    endloop
  endfacet
  facet normal 0 1 0
    outer loop
      vertex 5.08151 14.6 2.17255
      vertex 4.61656 14.6 1.90045
      vertex 4.60512 14.6 1.93684
    endloop
  endfacet
  facet normal 0 1 0
    outer loop
      vertex 4.62964 14.6 1.82083
      vertex 5.21648 14.6 1.93613
      vertex 5.23102 14.6 1.88129
    endloop
  endfacet
  facet normal 0 1 0
    outer loop
      vertex 5.14795 14.6 2.08553
      vertex 4.62473 14.6 1.86177
      vertex 4.61656 14.6 1.90045
    endloop
  endfacet
  facet normal 0 1 0
    outer loop
      vertex 4.63127 14.6 1.7776
      vertex 5.23102 14.6 1.88129
      vertex 5.24139 14.6 1.82393
    endloop
  endfacet
  facet normal 0 1 0
    outer loop
      vertex 5.19778 14.6 1.98845
      vertex 4.62964 14.6 1.82083
      vertex 4.62473 14.6 1.86177
    endloop
  endfacet
  facet normal 0 1 0
    outer loop
      vertex 5.23102 14.6 1.88129
      vertex 4.63127 14.6 1.7776
      vertex 4.62964 14.6 1.82083
    endloop
  endfacet
  facet normal 0 1 0
    outer loop
      vertex 5.24762 14.6 1.76405
      vertex 4.63127 14.6 1.7776
      vertex 5.24139 14.6 1.82393
    endloop
  endfacet
  facet normal 0 1 0
    outer loop
      vertex 5.24762 14.6 1.76405
      vertex 4.62997 14.6 1.73665
      vertex 4.63127 14.6 1.7776
    endloop
  endfacet
  facet normal 0 1 0
    outer loop
      vertex 5.24969 14.6 1.70166
      vertex 4.62997 14.6 1.73665
      vertex 5.24762 14.6 1.76405
    endloop
  endfacet
  facet normal 0 1 0
    outer loop
      vertex 5.24969 14.6 1.70166
      vertex 4.62607 14.6 1.69772
      vertex 4.62997 14.6 1.73665
    endloop
  endfacet
  facet normal 0 1 -0
    outer loop
      vertex 5.24637 14.6 1.61884
      vertex 4.62607 14.6 1.69772
      vertex 5.24969 14.6 1.70166
    endloop
  endfacet
  facet normal 0 1 0
    outer loop
      vertex 4.62607 14.6 1.69772
      vertex 5.24637 14.6 1.61884
      vertex 4.61957 14.6 1.6608
    endloop
  endfacet
  facet normal 0 1 -0
    outer loop
      vertex 5.23636 14.6 1.54012
      vertex 4.61957 14.6 1.6608
      vertex 5.24637 14.6 1.61884
    endloop
  endfacet
  facet normal 0 1 -0
    outer loop
      vertex 5.21968 14.6 1.4655
      vertex 4.61957 14.6 1.6608
      vertex 5.23636 14.6 1.54012
    endloop
  endfacet
  facet normal 0 1 0
    outer loop
      vertex 4.61957 14.6 1.6608
      vertex 5.21968 14.6 1.4655
      vertex 4.61047 14.6 1.62587
    endloop
  endfacet
  facet normal 0 1 -0
    outer loop
      vertex 5.19633 14.6 1.39497
      vertex 4.61047 14.6 1.62587
      vertex 5.21968 14.6 1.4655
    endloop
  endfacet
  facet normal 0 1 0
    outer loop
      vertex 4.61047 14.6 1.62587
      vertex 5.19633 14.6 1.39497
      vertex 4.59879 14.6 1.59296
    endloop
  endfacet
  facet normal 0 1 -0
    outer loop
      vertex 5.16632 14.6 1.32855
      vertex 4.59879 14.6 1.59296
      vertex 5.19633 14.6 1.39497
    endloop
  endfacet
  facet normal 0 1 -0
    outer loop
      vertex 5.12962 14.6 1.26622
      vertex 4.59879 14.6 1.59296
      vertex 5.16632 14.6 1.32855
    endloop
  endfacet
  facet normal 0 1 0
    outer loop
      vertex 4.59879 14.6 1.59296
      vertex 5.12962 14.6 1.26622
      vertex 4.58449 14.6 1.56206
    endloop
  endfacet
  facet normal 0 1 -0
    outer loop
      vertex 5.08626 14.6 1.20799
      vertex 4.58449 14.6 1.56206
      vertex 5.12962 14.6 1.26622
    endloop
  endfacet
  facet normal 0 1 0
    outer loop
      vertex 4.58449 14.6 1.56206
      vertex 5.08626 14.6 1.20799
      vertex 4.5676 14.6 1.53317
    endloop
  endfacet
  facet normal 0 1 -0
    outer loop
      vertex 5.03622 14.6 1.15387
      vertex 4.5676 14.6 1.53317
      vertex 5.08626 14.6 1.20799
    endloop
  endfacet
  facet normal 0 1 -0
    outer loop
      vertex 4.97952 14.6 1.10384
      vertex 4.5676 14.6 1.53317
      vertex 5.03622 14.6 1.15387
    endloop
  endfacet
  facet normal 0 1 0
    outer loop
      vertex 4.5676 14.6 1.53317
      vertex 4.97952 14.6 1.10384
      vertex 4.54811 14.6 1.50629
    endloop
  endfacet
  facet normal 0 1 -0
    outer loop
      vertex 4.9169 14.6 1.05852
      vertex 4.54811 14.6 1.50629
      vertex 4.97952 14.6 1.10384
    endloop
  endfacet
  facet normal 0 1 0
    outer loop
      vertex 4.54811 14.6 1.50629
      vertex 4.9169 14.6 1.05852
      vertex 4.52602 14.6 1.48141
    endloop
  endfacet
  facet normal 0 1 -0
    outer loop
      vertex 4.84912 14.6 1.01852
      vertex 4.52602 14.6 1.48141
      vertex 4.9169 14.6 1.05852
    endloop
  endfacet
  facet normal 0 1 0
    outer loop
      vertex 4.52602 14.6 1.48141
      vertex 4.84912 14.6 1.01852
      vertex 4.50143 14.6 1.45886
    endloop
  endfacet
  facet normal 0 1 -0
    outer loop
      vertex 4.77615 14.6 0.983871
      vertex 4.50143 14.6 1.45886
      vertex 4.84912 14.6 1.01852
    endloop
  endfacet
  facet normal 0 1 0
    outer loop
      vertex 4.50143 14.6 1.45886
      vertex 4.77615 14.6 0.983871
      vertex 4.47447 14.6 1.43896
    endloop
  endfacet
  facet normal 0 1 -0
    outer loop
      vertex 4.69803 14.6 0.954544
      vertex 4.47447 14.6 1.43896
      vertex 4.77615 14.6 0.983871
    endloop
  endfacet
  facet normal -0 1 0
    outer loop
      vertex 4.13161 14.6 0.890656
      vertex 4.21895 14.6 1.37398
      vertex 4.2298 14.6 0.887909
    endloop
  endfacet
  facet normal 0 1 0
    outer loop
      vertex 4.47447 14.6 1.43896
      vertex 4.69803 14.6 0.954544
      vertex 4.44513 14.6 1.42172
    endloop
  endfacet
  facet normal -0 1 0
    outer loop
      vertex 4.03766 14.6 0.898941
      vertex 4.21895 14.6 1.37398
      vertex 4.13161 14.6 0.890656
    endloop
  endfacet
  facet normal 0 1 -0
    outer loop
      vertex 4.61473 14.6 0.930557
      vertex 4.44513 14.6 1.42172
      vertex 4.69803 14.6 0.954544
    endloop
  endfacet
  facet normal -0 1 0
    outer loop
      vertex 3.94794 14.6 0.912735
      vertex 4.21895 14.6 1.37398
      vertex 4.03766 14.6 0.898941
    endloop
  endfacet
  facet normal 0 1 0
    outer loop
      vertex 4.44513 14.6 1.42172
      vertex 4.61473 14.6 0.930557
      vertex 4.41339 14.6 1.40714
    endloop
  endfacet
  facet normal 0 1 0
    outer loop
      vertex 4.2626 14.6 1.37531
      vertex 4.2298 14.6 0.887909
      vertex 4.21895 14.6 1.37398
    endloop
  endfacet
  facet normal 0 1 -0
    outer loop
      vertex 4.52625 14.6 0.911896
      vertex 4.41339 14.6 1.40714
      vertex 4.61473 14.6 0.930557
    endloop
  endfacet
  facet normal 0 1 0
    outer loop
      vertex 4.21895 14.6 1.37398
      vertex 3.33769 14.6 1.27946
      vertex 3.29556 14.6 1.34395
    endloop
  endfacet
  facet normal 0 1 0
    outer loop
      vertex 4.41339 14.6 1.40714
      vertex 4.52625 14.6 0.911896
      vertex 4.37927 14.6 1.3952
    endloop
  endfacet
  facet normal 0 1 0
    outer loop
      vertex 4.21895 14.6 1.37398
      vertex 3.38556 14.6 1.21922
      vertex 3.33769 14.6 1.27946
    endloop
  endfacet
  facet normal 0 1 -0
    outer loop
      vertex 4.4326 14.6 0.89856
      vertex 4.37927 14.6 1.3952
      vertex 4.52625 14.6 0.911896
    endloop
  endfacet
  facet normal 0 1 0
    outer loop
      vertex 4.21895 14.6 1.37398
      vertex 3.43916 14.6 1.16321
      vertex 3.38556 14.6 1.21922
    endloop
  endfacet
  facet normal 0 1 0
    outer loop
      vertex 4.37927 14.6 1.3952
      vertex 4.4326 14.6 0.89856
      vertex 4.34277 14.6 1.38593
    endloop
  endfacet
  facet normal 0 1 0
    outer loop
      vertex 4.21895 14.6 1.37398
      vertex 3.4985 14.6 1.11142
      vertex 3.43916 14.6 1.16321
    endloop
  endfacet
  facet normal 0 1 0
    outer loop
      vertex 4.34277 14.6 1.38593
      vertex 4.4326 14.6 0.89856
      vertex 4.30388 14.6 1.37929
    endloop
  endfacet
  facet normal 0 1 0
    outer loop
      vertex 4.21895 14.6 1.37398
      vertex 3.56282 14.6 1.06451
      vertex 3.4985 14.6 1.11142
    endloop
  endfacet
  facet normal 0 1 -0
    outer loop
      vertex 4.33379 14.6 0.890564
      vertex 4.30388 14.6 1.37929
      vertex 4.4326 14.6 0.89856
    endloop
  endfacet
  facet normal 0 1 0
    outer loop
      vertex 4.30388 14.6 1.37929
      vertex 4.33379 14.6 0.890564
      vertex 4.2626 14.6 1.37531
    endloop
  endfacet
  facet normal 0 1 0
    outer loop
      vertex 4.2298 14.6 0.887909
      vertex 4.2626 14.6 1.37531
      vertex 4.33379 14.6 0.890564
    endloop
  endfacet
  facet normal 0 1 0
    outer loop
      vertex 4.21895 14.6 1.37398
      vertex 3.94794 14.6 0.912735
      vertex 3.86246 14.6 0.932053
    endloop
  endfacet
  facet normal 0 1 0
    outer loop
      vertex 4.21895 14.6 1.37398
      vertex 3.63138 14.6 1.02312
      vertex 3.56282 14.6 1.06451
    endloop
  endfacet
  facet normal 0 1 0
    outer loop
      vertex 4.21895 14.6 1.37398
      vertex 3.86246 14.6 0.932053
      vertex 3.78119 14.6 0.956894
    endloop
  endfacet
  facet normal 0 1 0
    outer loop
      vertex 4.21895 14.6 1.37398
      vertex 3.70418 14.6 0.987244
      vertex 3.63138 14.6 1.02312
    endloop
  endfacet
  facet normal 0 1 0
    outer loop
      vertex 4.21895 14.6 1.37398
      vertex 3.78119 14.6 0.956894
      vertex 3.70418 14.6 0.987244
    endloop
  endfacet
  facet normal 0 1 0
    outer loop
      vertex 4.24283 14.6 4.04091
      vertex 4.28815 14.6 3.54478
      vertex 4.24065 14.6 3.54613
    endloop
  endfacet
  facet normal 0 1 0
    outer loop
      vertex 5.20242 14.6 3.6286
      vertex 4.33324 14.6 3.54077
      vertex 4.28815 14.6 3.54478
    endloop
  endfacet
  facet normal 0 1 0
    outer loop
      vertex 5.20242 14.6 3.6286
      vertex 4.3759 14.6 3.53407
      vertex 4.33324 14.6 3.54077
    endloop
  endfacet
  facet normal 0 1 0
    outer loop
      vertex 5.20242 14.6 3.6286
      vertex 4.41617 14.6 3.5247
      vertex 4.3759 14.6 3.53407
    endloop
  endfacet
  facet normal 0 1 0
    outer loop
      vertex 5.20242 14.6 3.6286
      vertex 4.45403 14.6 3.51265
      vertex 4.41617 14.6 3.5247
    endloop
  endfacet
  facet normal 0 1 0
    outer loop
      vertex 5.20242 14.6 3.6286
      vertex 4.48946 14.6 3.49791
      vertex 4.45403 14.6 3.51265
    endloop
  endfacet
  facet normal 0 1 0
    outer loop
      vertex 4.67885 14.6 3.28159
      vertex 5.24074 14.6 3.55965
      vertex 5.27209 14.6 3.48586
    endloop
  endfacet
  facet normal 0 1 0
    outer loop
      vertex 5.20242 14.6 3.6286
      vertex 4.52249 14.6 3.4805
      vertex 4.48946 14.6 3.49791
    endloop
  endfacet
  facet normal 0 1 0
    outer loop
      vertex 5.20242 14.6 3.6286
      vertex 4.55312 14.6 3.46042
      vertex 4.52249 14.6 3.4805
    endloop
  endfacet
  facet normal 0 1 0
    outer loop
      vertex 5.20242 14.6 3.6286
      vertex 4.58131 14.6 3.43765
      vertex 4.55312 14.6 3.46042
    endloop
  endfacet
  facet normal 0 1 0
    outer loop
      vertex 5.20242 14.6 3.6286
      vertex 4.60683 14.6 3.41211
      vertex 4.58131 14.6 3.43765
    endloop
  endfacet
  facet normal 0 1 0
    outer loop
      vertex 4.67885 14.6 3.28159
      vertex 5.27209 14.6 3.48586
      vertex 5.29646 14.6 3.40726
    endloop
  endfacet
  facet normal 0 1 0
    outer loop
      vertex 5.20242 14.6 3.6286
      vertex 4.62933 14.6 3.38374
      vertex 4.60683 14.6 3.41211
    endloop
  endfacet
  facet normal 0 1 0
    outer loop
      vertex 5.20242 14.6 3.6286
      vertex 4.64883 14.6 3.35252
      vertex 4.62933 14.6 3.38374
    endloop
  endfacet
  facet normal 0 1 0
    outer loop
      vertex 4.68935 14.6 3.24185
      vertex 5.29646 14.6 3.40726
      vertex 5.31389 14.6 3.32384
    endloop
  endfacet
  facet normal 0 1 0
    outer loop
      vertex 5.20242 14.6 3.6286
      vertex 4.66534 14.6 3.31848
      vertex 4.64883 14.6 3.35252
    endloop
  endfacet
  facet normal 0 1 0
    outer loop
      vertex 5.24074 14.6 3.55965
      vertex 4.67885 14.6 3.28159
      vertex 4.66534 14.6 3.31848
    endloop
  endfacet
  facet normal 0 1 0
    outer loop
      vertex 5.29646 14.6 3.40726
      vertex 4.68935 14.6 3.24185
      vertex 4.67885 14.6 3.28159
    endloop
  endfacet
  facet normal 0 1 0
    outer loop
      vertex 4.69685 14.6 3.19928
      vertex 5.31389 14.6 3.32384
      vertex 5.32433 14.6 3.23558
    endloop
  endfacet
  facet normal 0 1 0
    outer loop
      vertex 5.31389 14.6 3.32384
      vertex 4.69685 14.6 3.19928
      vertex 4.68935 14.6 3.24185
    endloop
  endfacet
  facet normal 0 1 0
    outer loop
      vertex 5.32433 14.6 3.23558
      vertex 4.70135 14.6 3.15387
      vertex 4.69685 14.6 3.19928
    endloop
  endfacet
  facet normal 0 1 0
    outer loop
      vertex 5.32782 14.6 3.14252
      vertex 4.70135 14.6 3.15387
      vertex 5.32433 14.6 3.23558
    endloop
  endfacet
  facet normal 0 1 0
    outer loop
      vertex 5.32782 14.6 3.14252
      vertex 4.70285 14.6 3.10562
      vertex 4.70135 14.6 3.15387
    endloop
  endfacet
  facet normal 0 1 -0
    outer loop
      vertex 5.32547 14.6 3.07823
      vertex 4.70285 14.6 3.10562
      vertex 5.32782 14.6 3.14252
    endloop
  endfacet
  facet normal 0 1 -0
    outer loop
      vertex 5.31844 14.6 3.01656
      vertex 4.70285 14.6 3.10562
      vertex 5.32547 14.6 3.07823
    endloop
  endfacet
  facet normal 0 1 0
    outer loop
      vertex 4.70285 14.6 3.10562
      vertex 5.31844 14.6 3.01656
      vertex 4.70103 14.6 3.06146
    endloop
  endfacet
  facet normal 0 1 -0
    outer loop
      vertex 5.30672 14.6 2.95747
      vertex 4.70103 14.6 3.06146
      vertex 5.31844 14.6 3.01656
    endloop
  endfacet
  facet normal 0 1 -0
    outer loop
      vertex 5.2903 14.6 2.90099
      vertex 4.70103 14.6 3.06146
      vertex 5.30672 14.6 2.95747
    endloop
  endfacet
  facet normal 0 1 0
    outer loop
      vertex 4.70103 14.6 3.06146
      vertex 5.2903 14.6 2.90099
      vertex 4.69557 14.6 3.01968
    endloop
  endfacet
  facet normal 0 1 -0
    outer loop
      vertex 5.26921 14.6 2.84711
      vertex 4.69557 14.6 3.01968
      vertex 5.2903 14.6 2.90099
    endloop
  endfacet
  facet normal 0 1 -0
    outer loop
      vertex 5.24342 14.6 2.79582
      vertex 4.69557 14.6 3.01968
      vertex 5.26921 14.6 2.84711
    endloop
  endfacet
  facet normal 0 1 0
    outer loop
      vertex 4.69557 14.6 3.01968
      vertex 5.24342 14.6 2.79582
      vertex 4.68646 14.6 2.98024
    endloop
  endfacet
  facet normal 0 1 -0
    outer loop
      vertex 5.21294 14.6 2.74713
      vertex 4.68646 14.6 2.98024
      vertex 5.24342 14.6 2.79582
    endloop
  endfacet
  facet normal 0 1 -0
    outer loop
      vertex 5.17778 14.6 2.70103
      vertex 4.68646 14.6 2.98024
      vertex 5.21294 14.6 2.74713
    endloop
  endfacet
  facet normal 0 1 0
    outer loop
      vertex 4.68646 14.6 2.98024
      vertex 5.17778 14.6 2.70103
      vertex 4.67371 14.6 2.94318
    endloop
  endfacet
  facet normal 0 1 -0
    outer loop
      vertex 5.13792 14.6 2.65755
      vertex 4.67371 14.6 2.94318
      vertex 5.17778 14.6 2.70103
    endloop
  endfacet
  facet normal 0 1 -0
    outer loop
      vertex 5.09373 14.6 2.61719
      vertex 4.67371 14.6 2.94318
      vertex 5.13792 14.6 2.65755
    endloop
  endfacet
  facet normal 0 1 0
    outer loop
      vertex 4.67371 14.6 2.94318
      vertex 5.09373 14.6 2.61719
      vertex 4.65732 14.6 2.90846
    endloop
  endfacet
  facet normal 0 1 -0
    outer loop
      vertex 5.04556 14.6 2.58051
      vertex 4.65732 14.6 2.90846
      vertex 5.09373 14.6 2.61719
    endloop
  endfacet
  facet normal 0 1 -0
    outer loop
      vertex 4.99339 14.6 2.54747
      vertex 4.65732 14.6 2.90846
      vertex 5.04556 14.6 2.58051
    endloop
  endfacet
  facet normal 0 1 0
    outer loop
      vertex 4.65732 14.6 2.90846
      vertex 4.99339 14.6 2.54747
      vertex 4.63727 14.6 2.8761
    endloop
  endfacet
  facet normal 0 1 -0
    outer loop
      vertex 4.93723 14.6 2.51813
      vertex 4.63727 14.6 2.8761
      vertex 4.99339 14.6 2.54747
    endloop
  endfacet
  facet normal 0 1 -0
    outer loop
      vertex 4.87708 14.6 2.49246
      vertex 4.63727 14.6 2.8761
      vertex 4.93723 14.6 2.51813
    endloop
  endfacet
  facet normal 0 1 0
    outer loop
      vertex 4.63727 14.6 2.8761
      vertex 4.87708 14.6 2.49246
      vertex 4.61359 14.6 2.8461
    endloop
  endfacet
  facet normal 0 1 -0
    outer loop
      vertex 4.81293 14.6 2.47044
      vertex 4.61359 14.6 2.8461
      vertex 4.87708 14.6 2.49246
    endloop
  endfacet
  facet normal 0 1 0
    outer loop
      vertex 4.61359 14.6 2.8461
      vertex 4.81293 14.6 2.47044
      vertex 4.58627 14.6 2.81845
    endloop
  endfacet
  facet normal 0 1 -0
    outer loop
      vertex 4.7448 14.6 2.4521
      vertex 4.58627 14.6 2.81845
      vertex 4.81293 14.6 2.47044
    endloop
  endfacet
  facet normal 0 1 0
    outer loop
      vertex 4.58627 14.6 2.81845
      vertex 4.7448 14.6 2.4521
      vertex 4.5553 14.6 2.79317
    endloop
  endfacet
  facet normal 0 1 -0
    outer loop
      vertex 4.67267 14.6 2.43744
      vertex 4.5553 14.6 2.79317
      vertex 4.7448 14.6 2.4521
    endloop
  endfacet
  facet normal 0 1 0
    outer loop
      vertex 4.5553 14.6 2.79317
      vertex 4.67267 14.6 2.43744
      vertex 4.52074 14.6 2.7704
    endloop
  endfacet
  facet normal 0 1 0
    outer loop
      vertex 4.39586 14.6 2.71815
      vertex 4.59654 14.6 2.42644
      vertex 4.34715 14.6 2.70609
    endloop
  endfacet
  facet normal 0 1 -0
    outer loop
      vertex 4.59654 14.6 2.42644
      vertex 4.52074 14.6 2.7704
      vertex 4.67267 14.6 2.43744
    endloop
  endfacet
  facet normal 0 1 0
    outer loop
      vertex 4.52074 14.6 2.7704
      vertex 4.59654 14.6 2.42644
      vertex 4.48265 14.6 2.75031
    endloop
  endfacet
  facet normal 0 1 0
    outer loop
      vertex 4.48265 14.6 2.75031
      vertex 4.59654 14.6 2.42644
      vertex 4.44102 14.6 2.73288
    endloop
  endfacet
  facet normal 0 1 0
    outer loop
      vertex 4.44102 14.6 2.73288
      vertex 4.59654 14.6 2.42644
      vertex 4.39586 14.6 2.71815
    endloop
  endfacet
  facet normal 0 1 0
    outer loop
      vertex 4.34715 14.6 2.70609
      vertex 4.59654 14.6 2.42644
      vertex 4.29491 14.6 2.69672
    endloop
  endfacet
  facet normal 0 1 -0
    outer loop
      vertex 4.59654 14.6 2.41776
      vertex 4.29491 14.6 2.69672
      vertex 4.59654 14.6 2.42644
    endloop
  endfacet
  facet normal 0 1 0
    outer loop
      vertex 4.16068 14.6 2.19073
      vertex 4.29491 14.6 2.69672
      vertex 4.59654 14.6 2.41776
    endloop
  endfacet
  facet normal 0 1 0
    outer loop
      vertex 4.16068 14.6 2.19073
      vertex 4.23914 14.6 2.69002
      vertex 4.29491 14.6 2.69672
    endloop
  endfacet
  facet normal 0 1 -0
    outer loop
      vertex 4.16068 14.6 2.19073
      vertex 4.11696 14.6 2.68466
      vertex 4.17981 14.6 2.68599
    endloop
  endfacet
  facet normal 0 1 0
    outer loop
      vertex 4.16068 14.6 2.19073
      vertex 4.17981 14.6 2.68599
      vertex 4.23914 14.6 2.69002
    endloop
  endfacet
  facet normal 0 1 0
    outer loop
      vertex 4.16068 14.6 2.19073
      vertex 4.66512 14.6 2.40273
      vertex 4.73001 14.6 2.38464
    endloop
  endfacet
  facet normal 0 1 0
    outer loop
      vertex 4.16068 14.6 2.19073
      vertex 4.73001 14.6 2.38464
      vertex 4.79123 14.6 2.36351
    endloop
  endfacet
  facet normal 0 1 0
    outer loop
      vertex 4.16068 14.6 2.19073
      vertex 4.79123 14.6 2.36351
      vertex 4.84879 14.6 2.33931
    endloop
  endfacet
  facet normal 0 1 0
    outer loop
      vertex 4.16068 14.6 2.19073
      vertex 4.84879 14.6 2.33931
      vertex 4.90268 14.6 2.31207
    endloop
  endfacet
  facet normal 0 1 0
    outer loop
      vertex 4.16068 14.6 2.19073
      vertex 4.90268 14.6 2.31207
      vertex 4.95288 14.6 2.28177
    endloop
  endfacet
  facet normal 0 1 0
    outer loop
      vertex 4.16068 14.6 2.19073
      vertex 4.95288 14.6 2.28177
      vertex 4.99944 14.6 2.24841
    endloop
  endfacet
  facet normal 0 1 0
    outer loop
      vertex 4.16068 14.6 2.19073
      vertex 4.59654 14.6 2.41776
      vertex 4.66512 14.6 2.40273
    endloop
  endfacet
  facet normal 0 1 0
    outer loop
      vertex 4.60512 14.6 1.93684
      vertex 4.99944 14.6 2.24841
      vertex 5.04231 14.6 2.21201
    endloop
  endfacet
  facet normal 0 1 0
    outer loop
      vertex 4.11696 14.6 2.68466
      vertex 4.10394 14.6 2.19206
      vertex 3.9043 14.6 2.68466
    endloop
  endfacet
  facet normal 0 1 0
    outer loop
      vertex 3.9043 14.6 2.68466
      vertex 4.10394 14.6 2.19206
      vertex 3.9043 14.6 2.19206
    endloop
  endfacet
  facet normal 0 1 -0
    outer loop
      vertex 4.28815 14.6 3.54478
      vertex 4.24283 14.6 4.04091
      vertex 4.35561 14.6 4.03802
    endloop
  endfacet
  facet normal 0 1 0
    outer loop
      vertex 4.24283 14.6 4.04091
      vertex 4.24065 14.6 3.54613
      vertex 4.13585 14.6 4.03812
    endloop
  endfacet
  facet normal 0 1 0
    outer loop
      vertex 4.28815 14.6 3.54478
      vertex 4.35561 14.6 4.03802
      vertex 4.46249 14.6 4.02934
    endloop
  endfacet
  facet normal 0 1 -0
    outer loop
      vertex 4.14702 14.6 3.5407
      vertex 4.13585 14.6 4.03812
      vertex 4.24065 14.6 3.54613
    endloop
  endfacet
  facet normal 0 1 0
    outer loop
      vertex 4.28815 14.6 3.54478
      vertex 4.46249 14.6 4.02934
      vertex 4.56349 14.6 4.01488
    endloop
  endfacet
  facet normal 0 1 0
    outer loop
      vertex 4.13585 14.6 4.03812
      vertex 4.14702 14.6 3.5407
      vertex 4.03386 14.6 4.02971
    endloop
  endfacet
  facet normal 0 1 0
    outer loop
      vertex 4.28815 14.6 3.54478
      vertex 4.56349 14.6 4.01488
      vertex 4.6586 14.6 3.99461
    endloop
  endfacet
  facet normal 0 1 -0
    outer loop
      vertex 4.06288 14.6 3.52437
      vertex 4.03386 14.6 4.02971
      vertex 4.14702 14.6 3.5407
    endloop
  endfacet
  facet normal 0 1 0
    outer loop
      vertex 4.28815 14.6 3.54478
      vertex 4.6586 14.6 3.99461
      vertex 4.7478 14.6 3.96858
    endloop
  endfacet
  facet normal 0 1 0
    outer loop
      vertex 4.03386 14.6 4.02971
      vertex 4.06288 14.6 3.52437
      vertex 3.93686 14.6 4.01572
    endloop
  endfacet
  facet normal 0 1 0
    outer loop
      vertex 4.28815 14.6 3.54478
      vertex 4.7478 14.6 3.96858
      vertex 4.83113 14.6 3.93675
    endloop
  endfacet
  facet normal 0 1 0
    outer loop
      vertex 3.93686 14.6 4.01572
      vertex 4.06288 14.6 3.52437
      vertex 3.84483 14.6 3.99612
    endloop
  endfacet
  facet normal 0 1 0
    outer loop
      vertex 4.28815 14.6 3.54478
      vertex 4.83113 14.6 3.93675
      vertex 4.90854 14.6 3.89914
    endloop
  endfacet
  facet normal 0 1 -0
    outer loop
      vertex 3.98822 14.6 3.49718
      vertex 3.84483 14.6 3.99612
      vertex 4.06288 14.6 3.52437
    endloop
  endfacet
  facet normal 0 1 0
    outer loop
      vertex 4.28815 14.6 3.54478
      vertex 4.90854 14.6 3.89914
      vertex 4.98007 14.6 3.85573
    endloop
  endfacet
  facet normal 0 1 0
    outer loop
      vertex 3.84483 14.6 3.99612
      vertex 3.98822 14.6 3.49718
      vertex 3.7578 14.6 3.97093
    endloop
  endfacet
  facet normal 0 1 0
    outer loop
      vertex 4.28815 14.6 3.54478
      vertex 4.98007 14.6 3.85573
      vertex 5.0457 14.6 3.80655
    endloop
  endfacet
  facet normal 0 1 -0
    outer loop
      vertex 3.92303 14.6 3.45911
      vertex 3.7578 14.6 3.97093
      vertex 3.98822 14.6 3.49718
    endloop
  endfacet
  facet normal 0 1 0
    outer loop
      vertex 4.28815 14.6 3.54478
      vertex 5.0457 14.6 3.80655
      vertex 5.1049 14.6 3.75204
    endloop
  endfacet
  facet normal 0 1 0
    outer loop
      vertex 3.7578 14.6 3.97093
      vertex 3.92303 14.6 3.45911
      vertex 3.67574 14.6 3.94014
    endloop
  endfacet
  facet normal 0 1 0
    outer loop
      vertex 4.28815 14.6 3.54478
      vertex 5.1049 14.6 3.75204
      vertex 5.15715 14.6 3.69273
    endloop
  endfacet
  facet normal 0 1 0
    outer loop
      vertex 3.67574 14.6 3.94014
      vertex 3.92303 14.6 3.45911
      vertex 3.59866 14.6 3.90375
    endloop
  endfacet
  facet normal 0 1 0
    outer loop
      vertex 4.28815 14.6 3.54478
      vertex 5.15715 14.6 3.69273
      vertex 5.20242 14.6 3.6286
    endloop
  endfacet
  facet normal 0 1 -0
    outer loop
      vertex 3.86734 14.6 3.41017
      vertex 3.59866 14.6 3.90375
      vertex 3.92303 14.6 3.45911
    endloop
  endfacet
  facet normal 0 1 0
    outer loop
      vertex 4.66534 14.6 3.31848
      vertex 5.20242 14.6 3.6286
      vertex 5.24074 14.6 3.55965
    endloop
  endfacet
  facet normal 0 1 0
    outer loop
      vertex 3.59866 14.6 3.90375
      vertex 3.86734 14.6 3.41017
      vertex 3.52657 14.6 3.86176
    endloop
  endfacet
  facet normal 0 1 0
    outer loop
      vertex 3.52657 14.6 3.86176
      vertex 3.86734 14.6 3.41017
      vertex 3.45946 14.6 3.81416
    endloop
  endfacet
  facet normal 0 1 0
    outer loop
      vertex 3.45946 14.6 3.81416
      vertex 3.86734 14.6 3.41017
      vertex 3.39781 14.6 3.76129
    endloop
  endfacet
  facet normal 0 1 -0
    outer loop
      vertex 3.82114 14.6 3.35034
      vertex 3.39781 14.6 3.76129
      vertex 3.86734 14.6 3.41017
    endloop
  endfacet
  facet normal 0 1 0
    outer loop
      vertex 3.39781 14.6 3.76129
      vertex 3.82114 14.6 3.35034
      vertex 3.34212 14.6 3.70346
    endloop
  endfacet
  facet normal 0 1 0
    outer loop
      vertex 3.34212 14.6 3.70346
      vertex 3.82114 14.6 3.35034
      vertex 3.29237 14.6 3.64067
    endloop
  endfacet
  facet normal 0 1 -0
    outer loop
      vertex 3.78441 14.6 3.27965
      vertex 3.29237 14.6 3.64067
      vertex 3.82114 14.6 3.35034
    endloop
  endfacet
  facet normal 0 1 0
    outer loop
      vertex 3.29237 14.6 3.64067
      vertex 3.78441 14.6 3.27965
      vertex 3.24857 14.6 3.57292
    endloop
  endfacet
  facet normal 0 1 0
    outer loop
      vertex 3.24857 14.6 3.57292
      vertex 3.78441 14.6 3.27965
      vertex 3.21071 14.6 3.50023
    endloop
  endfacet
  facet normal 0 1 0
    outer loop
      vertex 3.21071 14.6 3.50023
      vertex 3.78441 14.6 3.27965
      vertex 3.1788 14.6 3.42258
    endloop
  endfacet
  facet normal 0 1 -0
    outer loop
      vertex 3.75716 14.6 3.19807
      vertex 3.1788 14.6 3.42258
      vertex 3.78441 14.6 3.27965
    endloop
  endfacet
  facet normal 0 1 0
    outer loop
      vertex 3.1788 14.6 3.42258
      vertex 3.75716 14.6 3.19807
      vertex 3.15283 14.6 3.33997
    endloop
  endfacet
  facet normal 0 1 0
    outer loop
      vertex 3.15283 14.6 3.33997
      vertex 3.75716 14.6 3.19807
      vertex 3.13283 14.6 3.25241
    endloop
  endfacet
  facet normal 0 1 -0
    outer loop
      vertex 3.7394 14.6 3.10562
      vertex 3.13283 14.6 3.25241
      vertex 3.75716 14.6 3.19807
    endloop
  endfacet
  facet normal 0 1 0
    outer loop
      vertex 3.13283 14.6 3.25241
      vertex 3.7394 14.6 3.10562
      vertex 3.11876 14.6 3.15988
    endloop
  endfacet
  facet normal 0 1 0
    outer loop
      vertex 3.18433 14.6 1.64421
      vertex 3.78061 14.6 1.77328
      vertex 3.78569 14.6 1.73192
    endloop
  endfacet
  facet normal 0 1 0
    outer loop
      vertex 3.20354 14.6 1.56279
      vertex 3.78569 14.6 1.73192
      vertex 3.79321 14.6 1.69269
    endloop
  endfacet
  facet normal 0 1 0
    outer loop
      vertex 3.22849 14.6 1.48561
      vertex 3.79321 14.6 1.69269
      vertex 3.80316 14.6 1.65561
    endloop
  endfacet
  facet normal 0 1 0
    outer loop
      vertex 3.78061 14.6 1.77328
      vertex 3.18433 14.6 1.64421
      vertex 3.17085 14.6 1.72986
    endloop
  endfacet
  facet normal 0 1 0
    outer loop
      vertex 3.25916 14.6 1.41266
      vertex 3.80316 14.6 1.65561
      vertex 3.81555 14.6 1.62067
    endloop
  endfacet
  facet normal 0 1 0
    outer loop
      vertex 3.29556 14.6 1.34395
      vertex 3.81555 14.6 1.62067
      vertex 3.83038 14.6 1.58788
    endloop
  endfacet
  facet normal 0 1 0
    outer loop
      vertex 3.78569 14.6 1.73192
      vertex 3.20354 14.6 1.56279
      vertex 3.18433 14.6 1.64421
    endloop
  endfacet
  facet normal 0 1 0
    outer loop
      vertex 3.29556 14.6 1.34395
      vertex 3.83038 14.6 1.58788
      vertex 3.84764 14.6 1.55724
    endloop
  endfacet
  facet normal 0 1 0
    outer loop
      vertex 3.29556 14.6 1.34395
      vertex 3.84764 14.6 1.55724
      vertex 3.86734 14.6 1.52872
    endloop
  endfacet
  facet normal 0 1 0
    outer loop
      vertex 3.29556 14.6 1.34395
      vertex 3.86734 14.6 1.52872
      vertex 3.88948 14.6 1.50237
    endloop
  endfacet
  facet normal 0 1 0
    outer loop
      vertex 3.79321 14.6 1.69269
      vertex 3.22849 14.6 1.48561
      vertex 3.20354 14.6 1.56279
    endloop
  endfacet
  facet normal 0 1 0
    outer loop
      vertex 3.29556 14.6 1.34395
      vertex 3.88948 14.6 1.50237
      vertex 3.91405 14.6 1.47815
    endloop
  endfacet
  facet normal 0 1 0
    outer loop
      vertex 3.29556 14.6 1.34395
      vertex 3.91405 14.6 1.47815
      vertex 3.94075 14.6 1.45628
    endloop
  endfacet
  facet normal 0 1 0
    outer loop
      vertex 3.29556 14.6 1.34395
      vertex 3.94075 14.6 1.45628
      vertex 3.96924 14.6 1.437
    endloop
  endfacet
  facet normal 0 1 0
    outer loop
      vertex 3.29556 14.6 1.34395
      vertex 3.96924 14.6 1.437
      vertex 3.99953 14.6 1.42027
    endloop
  endfacet
  facet normal 0 1 0
    outer loop
      vertex 3.80316 14.6 1.65561
      vertex 3.25916 14.6 1.41266
      vertex 3.22849 14.6 1.48561
    endloop
  endfacet
  facet normal 0 1 0
    outer loop
      vertex 3.29556 14.6 1.34395
      vertex 3.99953 14.6 1.42027
      vertex 4.03162 14.6 1.40613
    endloop
  endfacet
  facet normal 0 1 0
    outer loop
      vertex 3.29556 14.6 1.34395
      vertex 4.03162 14.6 1.40613
      vertex 4.06549 14.6 1.39456
    endloop
  endfacet
  facet normal 0 1 0
    outer loop
      vertex 3.29556 14.6 1.34395
      vertex 4.06549 14.6 1.39456
      vertex 4.10117 14.6 1.38556
    endloop
  endfacet
  facet normal 0 1 0
    outer loop
      vertex 3.29556 14.6 1.34395
      vertex 4.10117 14.6 1.38556
      vertex 4.13863 14.6 1.37912
    endloop
  endfacet
  facet normal 0 1 0
    outer loop
      vertex 3.29556 14.6 1.34395
      vertex 4.13863 14.6 1.37912
      vertex 4.17789 14.6 1.37527
    endloop
  endfacet
  facet normal 0 1 0
    outer loop
      vertex 3.81555 14.6 1.62067
      vertex 3.29556 14.6 1.34395
      vertex 3.25916 14.6 1.41266
    endloop
  endfacet
  facet normal 0 1 0
    outer loop
      vertex 3.29556 14.6 1.34395
      vertex 4.17789 14.6 1.37527
      vertex 4.21895 14.6 1.37398
    endloop
  endfacet
  facet normal 0 1 0
    outer loop
      vertex 2.24997 14.6 3.53746
      vertex 1.64018 14.6 1.4521
      vertex 1.64018 14.6 3.53746
    endloop
  endfacet
  facet normal 0 1 -0
    outer loop
      vertex 2.24997 14.6 0.933472
      vertex 1.64018 14.6 1.4521
      vertex 2.24997 14.6 3.53746
    endloop
  endfacet
  facet normal 0 1 -0
    outer loop
      vertex 1.67276 14.6 0.933472
      vertex 1.64018 14.6 1.4521
      vertex 2.24997 14.6 0.933472
    endloop
  endfacet
  facet normal 0 1 0
    outer loop
      vertex 1.64018 14.6 1.4521
      vertex 1.67276 14.6 0.933472
      vertex 0.906738 14.6 1.4304
    endloop
  endfacet
  facet normal 0 1 0
    outer loop
      vertex 2.24997 14.6 3.53746
      vertex 2.95087 14.6 3.991
      vertex 2.95087 14.6 3.53746
    endloop
  endfacet
  facet normal 0 1 0
    outer loop
      vertex 1.64018 14.6 3.53746
      vertex 2.95087 14.6 3.991
      vertex 2.24997 14.6 3.53746
    endloop
  endfacet
  facet normal 0 1 0
    outer loop
      vertex 2.95087 14.6 3.991
      vertex 1.64018 14.6 3.53746
      vertex 0.882858 14.6 3.991
    endloop
  endfacet
  facet normal 0 1 0
    outer loop
      vertex 0.882858 14.6 3.991
      vertex 1.64018 14.6 3.53746
      vertex 0.882858 14.6 3.53746
    endloop
  endfacet
  facet normal 0 1 0
    outer loop
      vertex 0.906738 14.6 1.90999
      vertex 1.64018 14.6 1.4521
      vertex 0.906738 14.6 1.4304
    endloop
  endfacet
  facet normal 0 1 0
    outer loop
      vertex -3.84435 14.6 3.991
      vertex -4.20457 14.6 3.49841
      vertex -4.57347 14.6 3.991
    endloop
  endfacet
  facet normal 0 1 0
    outer loop
      vertex -3.84435 14.6 3.991
      vertex -4.19919 14.6 3.47697
      vertex -4.20457 14.6 3.49841
    endloop
  endfacet
  facet normal 0 1 0
    outer loop
      vertex -3.84435 14.6 3.991
      vertex -4.19267 14.6 3.45222
      vertex -4.19919 14.6 3.47697
    endloop
  endfacet
  facet normal 0 1 0
    outer loop
      vertex -3.84435 14.6 3.991
      vertex -4.18504 14.6 3.42415
      vertex -4.19267 14.6 3.45222
    endloop
  endfacet
  facet normal 0 1 0
    outer loop
      vertex -3.84435 14.6 3.991
      vertex -4.17628 14.6 3.39275
      vertex -4.18504 14.6 3.42415
    endloop
  endfacet
  facet normal 0 1 0
    outer loop
      vertex -3.84435 14.6 3.991
      vertex -4.1664 14.6 3.35803
      vertex -4.17628 14.6 3.39275
    endloop
  endfacet
  facet normal 0 1 0
    outer loop
      vertex -3.84435 14.6 3.991
      vertex -4.1554 14.6 3.31998
      vertex -4.1664 14.6 3.35803
    endloop
  endfacet
  facet normal 0 1 0
    outer loop
      vertex -3.84435 14.6 3.991
      vertex -4.14325 14.6 3.27863
      vertex -4.1554 14.6 3.31998
    endloop
  endfacet
  facet normal 0 1 0
    outer loop
      vertex -3.84435 14.6 3.991
      vertex -4.12999 14.6 3.23393
      vertex -4.14325 14.6 3.27863
    endloop
  endfacet
  facet normal 0 1 0
    outer loop
      vertex -3.84435 14.6 3.991
      vertex -4.11562 14.6 3.18594
      vertex -4.12999 14.6 3.23393
    endloop
  endfacet
  facet normal 0 1 0
    outer loop
      vertex -3.84435 14.6 3.991
      vertex -4.09616 14.6 3.12274
      vertex -4.11562 14.6 3.18594
    endloop
  endfacet
  facet normal 0 1 0
    outer loop
      vertex -3.84435 14.6 3.991
      vertex -4.0677 14.6 3.03249
      vertex -4.09616 14.6 3.12274
    endloop
  endfacet
  facet normal 0 1 0
    outer loop
      vertex -3.84435 14.6 3.991
      vertex -4.03024 14.6 2.91516
      vertex -4.0677 14.6 3.03249
    endloop
  endfacet
  facet normal 0 1 0
    outer loop
      vertex -3.84435 14.6 3.991
      vertex -3.9838 14.6 2.77078
      vertex -4.03024 14.6 2.91516
    endloop
  endfacet
  facet normal 0 1 0
    outer loop
      vertex -3.84435 14.6 3.991
      vertex -3.92833 14.6 2.59937
      vertex -3.9838 14.6 2.77078
    endloop
  endfacet
  facet normal 0 1 0
    outer loop
      vertex -2.97852 14.6 1.64307
      vertex -3.92833 14.6 2.59937
      vertex -3.84435 14.6 3.991
    endloop
  endfacet
  facet normal 0 1 0
    outer loop
      vertex -3.92833 14.6 2.59937
      vertex -2.97852 14.6 1.64307
      vertex -3.86388 14.6 2.40088
    endloop
  endfacet
  facet normal 0 1 0
    outer loop
      vertex -3.86388 14.6 2.40088
      vertex -2.97852 14.6 1.64307
      vertex -3.79042 14.6 2.17534
    endloop
  endfacet
  facet normal 0 1 0
    outer loop
      vertex -3.79042 14.6 2.17534
      vertex -2.97852 14.6 1.64307
      vertex -3.70796 14.6 1.92273
    endloop
  endfacet
  facet normal 0 1 0
    outer loop
      vertex -3.70796 14.6 1.92273
      vertex -2.97852 14.6 1.64307
      vertex -3.6165 14.6 1.64307
    endloop
  endfacet
  facet normal 0 1 -0
    outer loop
      vertex -4.23047 14.6 3.40599
      vertex -4.57347 14.6 3.991
      vertex -4.20457 14.6 3.49841
    endloop
  endfacet
  facet normal 0 1 -0
    outer loop
      vertex -4.25418 14.6 3.32159
      vertex -4.57347 14.6 3.991
      vertex -4.23047 14.6 3.40599
    endloop
  endfacet
  facet normal 0 1 -0
    outer loop
      vertex -4.2757 14.6 3.24524
      vertex -4.57347 14.6 3.991
      vertex -4.25418 14.6 3.32159
    endloop
  endfacet
  facet normal 0 1 -0
    outer loop
      vertex -4.29501 14.6 3.17693
      vertex -4.57347 14.6 3.991
      vertex -4.2757 14.6 3.24524
    endloop
  endfacet
  facet normal 0 1 -0
    outer loop
      vertex -4.31213 14.6 3.11664
      vertex -4.57347 14.6 3.991
      vertex -4.29501 14.6 3.17693
    endloop
  endfacet
  facet normal 0 1 -0
    outer loop
      vertex -4.32706 14.6 3.06439
      vertex -4.57347 14.6 3.991
      vertex -4.31213 14.6 3.11664
    endloop
  endfacet
  facet normal 0 1 -0
    outer loop
      vertex -4.33978 14.6 3.02019
      vertex -4.57347 14.6 3.991
      vertex -4.32706 14.6 3.06439
    endloop
  endfacet
  facet normal 0 1 -0
    outer loop
      vertex -4.35031 14.6 2.98402
      vertex -4.57347 14.6 3.991
      vertex -4.33978 14.6 3.02019
    endloop
  endfacet
  facet normal 0 1 -0
    outer loop
      vertex -4.35864 14.6 2.95589
      vertex -4.57347 14.6 3.991
      vertex -4.35031 14.6 2.98402
    endloop
  endfacet
  facet normal 0 1 0
    outer loop
      vertex -5.41324 14.6 1.64307
      vertex -4.35864 14.6 2.95589
      vertex -4.76877 14.6 1.64307
    endloop
  endfacet
  facet normal 0 1 0
    outer loop
      vertex -4.35864 14.6 2.95589
      vertex -5.41324 14.6 1.64307
      vertex -4.57347 14.6 3.991
    endloop
  endfacet
  facet normal 0 1 -0
    outer loop
      vertex 0.325821 14.6 3.32913
      vertex -0.3013 14.6 3.991
      vertex 0.325821 14.6 3.991
    endloop
  endfacet
  facet normal 0 1 0
    outer loop
      vertex -0.3013 14.6 3.991
      vertex 0.325821 14.6 3.32913
      vertex -0.3013 14.6 3.32913
    endloop
  endfacet
  facet normal 0.0809386 0 0.996719
    outer loop
      vertex -1.67793 14.6 4.03802
      vertex -1.57104 14 4.02934
      vertex -1.57104 14.6 4.02934
    endloop
  endfacet
  facet normal 0.0809386 0 0.996719
    outer loop
      vertex -1.57104 14 4.02934
      vertex -1.67793 14.6 4.03802
      vertex -1.67793 14 4.03802
    endloop
  endfacet
  facet normal 0.141737 0 0.989904
    outer loop
      vertex -1.57104 14.6 4.02934
      vertex -1.47005 14 4.01488
      vertex -1.47005 14.6 4.01488
    endloop
  endfacet
  facet normal 0.141737 0 0.989904
    outer loop
      vertex -1.47005 14 4.01488
      vertex -1.57104 14.6 4.02934
      vertex -1.57104 14 4.02934
    endloop
  endfacet
  facet normal 0.208461 0 0.978031
    outer loop
      vertex -1.47005 14.6 4.01488
      vertex -1.37495 14 3.99461
      vertex -1.37495 14.6 3.99461
    endloop
  endfacet
  facet normal 0.208461 0 0.978031
    outer loop
      vertex -1.37495 14 3.99461
      vertex -1.47005 14.6 4.01488
      vertex -1.47005 14 4.01488
    endloop
  endfacet
  facet normal 0.280103 0 0.95997
    outer loop
      vertex -1.37495 14.6 3.99461
      vertex -1.28574 14 3.96858
      vertex -1.28574 14.6 3.96858
    endloop
  endfacet
  facet normal 0.280103 0 0.95997
    outer loop
      vertex -1.28574 14 3.96858
      vertex -1.37495 14.6 3.99461
      vertex -1.37495 14 3.99461
    endloop
  endfacet
  facet normal 0.356867 0 0.934155
    outer loop
      vertex -1.28574 14.6 3.96858
      vertex -1.20242 14 3.93675
      vertex -1.20242 14.6 3.93675
    endloop
  endfacet
  facet normal 0.356867 0 0.934155
    outer loop
      vertex -1.20242 14 3.93675
      vertex -1.28574 14.6 3.96858
      vertex -1.28574 14 3.96858
    endloop
  endfacet
  facet normal 0.43696 0 0.899481
    outer loop
      vertex -1.20242 14.6 3.93675
      vertex -1.125 14 3.89914
      vertex -1.125 14.6 3.89914
    endloop
  endfacet
  facet normal 0.43696 0 0.899481
    outer loop
      vertex -1.125 14 3.89914
      vertex -1.20242 14.6 3.93675
      vertex -1.20242 14 3.93675
    endloop
  endfacet
  facet normal 0.518866 0 0.854856
    outer loop
      vertex -1.125 14.6 3.89914
      vertex -1.05348 14 3.85573
      vertex -1.05348 14.6 3.85573
    endloop
  endfacet
  facet normal 0.518866 0 0.854856
    outer loop
      vertex -1.05348 14 3.85573
      vertex -1.125 14.6 3.89914
      vertex -1.125 14 3.89914
    endloop
  endfacet
  facet normal 0.599604 0 0.800297
    outer loop
      vertex -1.05348 14.6 3.85573
      vertex -0.987839 14 3.80655
      vertex -0.987839 14.6 3.80655
    endloop
  endfacet
  facet normal 0.599604 0 0.800297
    outer loop
      vertex -0.987839 14 3.80655
      vertex -1.05348 14.6 3.85573
      vertex -1.05348 14 3.85573
    endloop
  endfacet
  facet normal 0.677341 0 0.735669
    outer loop
      vertex -0.987839 14.6 3.80655
      vertex -0.928635 14 3.75204
      vertex -0.928635 14.6 3.75204
    endloop
  endfacet
  facet normal 0.677341 0 0.735669
    outer loop
      vertex -0.928635 14 3.75204
      vertex -0.987839 14.6 3.80655
      vertex -0.987839 14 3.80655
    endloop
  endfacet
  facet normal 0.75038 -0 0.661007
    outer loop
      vertex -0.928635 14 3.75204
      vertex -0.876389 14.6 3.69273
      vertex -0.928635 14.6 3.75204
    endloop
  endfacet
  facet normal 0.75038 0 0.661007
    outer loop
      vertex -0.876389 14.6 3.69273
      vertex -0.928635 14 3.75204
      vertex -0.876389 14 3.69273
    endloop
  endfacet
  facet normal 0.816939 -0 0.576724
    outer loop
      vertex -0.876389 14 3.69273
      vertex -0.831116 14.6 3.6286
      vertex -0.876389 14.6 3.69273
    endloop
  endfacet
  facet normal 0.816939 0 0.576724
    outer loop
      vertex -0.831116 14.6 3.6286
      vertex -0.876389 14 3.69273
      vertex -0.831116 14 3.6286
    endloop
  endfacet
  facet normal 0.874106 -0 0.485734
    outer loop
      vertex -0.831116 14 3.6286
      vertex -0.792801 14.6 3.55965
      vertex -0.831116 14.6 3.6286
    endloop
  endfacet
  facet normal 0.874106 0 0.485734
    outer loop
      vertex -0.792801 14.6 3.55965
      vertex -0.831116 14 3.6286
      vertex -0.792801 14 3.55965
    endloop
  endfacet
  facet normal 0.920415 -0 0.390943
    outer loop
      vertex -0.792801 14 3.55965
      vertex -0.761459 14.6 3.48586
      vertex -0.792801 14.6 3.55965
    endloop
  endfacet
  facet normal 0.920415 0 0.390943
    outer loop
      vertex -0.761459 14.6 3.48586
      vertex -0.792801 14 3.55965
      vertex -0.761459 14 3.48586
    endloop
  endfacet
  facet normal 0.955099 -0 0.296287
    outer loop
      vertex -0.761459 14 3.48586
      vertex -0.737076 14.6 3.40726
      vertex -0.761459 14.6 3.48586
    endloop
  endfacet
  facet normal 0.955099 0 0.296287
    outer loop
      vertex -0.737076 14.6 3.40726
      vertex -0.761459 14 3.48586
      vertex -0.737076 14 3.40726
    endloop
  endfacet
  facet normal 0.978908 -0 0.204301
    outer loop
      vertex -0.737076 14 3.40726
      vertex -0.719666 14.6 3.32384
      vertex -0.737076 14.6 3.40726
    endloop
  endfacet
  facet normal 0.978908 0 0.204301
    outer loop
      vertex -0.719666 14.6 3.32384
      vertex -0.737076 14 3.40726
      vertex -0.719666 14 3.32384
    endloop
  endfacet
  facet normal 0.99306 -0 0.117612
    outer loop
      vertex -0.719666 14 3.32384
      vertex -0.709213 14.6 3.23558
      vertex -0.719666 14.6 3.32384
    endloop
  endfacet
  facet normal 0.99306 0 0.117612
    outer loop
      vertex -0.709213 14.6 3.23558
      vertex -0.719666 14 3.32384
      vertex -0.709213 14 3.23558
    endloop
  endfacet
  facet normal 0.999302 -0 0.0373584
    outer loop
      vertex -0.709213 14 3.23558
      vertex -0.705734 14.6 3.14252
      vertex -0.709213 14.6 3.23558
    endloop
  endfacet
  facet normal 0.999302 0 0.0373584
    outer loop
      vertex -0.705734 14.6 3.14252
      vertex -0.709213 14 3.23558
      vertex -0.705734 14 3.14252
    endloop
  endfacet
  facet normal 0.999333 0 -0.0365287
    outer loop
      vertex -0.705734 14 3.14252
      vertex -0.708084 14.6 3.07823
      vertex -0.705734 14.6 3.14252
    endloop
  endfacet
  facet normal 0.999333 0 -0.0365287
    outer loop
      vertex -0.708084 14.6 3.07823
      vertex -0.705734 14 3.14252
      vertex -0.708084 14 3.07823
    endloop
  endfacet
  facet normal 0.993558 0 -0.113324
    outer loop
      vertex -0.708084 14 3.07823
      vertex -0.715118 14.6 3.01656
      vertex -0.708084 14.6 3.07823
    endloop
  endfacet
  facet normal 0.993558 0 -0.113324
    outer loop
      vertex -0.715118 14.6 3.01656
      vertex -0.708084 14 3.07823
      vertex -0.715118 14 3.01656
    endloop
  endfacet
  facet normal 0.980895 0 -0.194536
    outer loop
      vertex -0.715118 14 3.01656
      vertex -0.726837 14.6 2.95747
      vertex -0.715118 14.6 3.01656
    endloop
  endfacet
  facet normal 0.980895 0 -0.194536
    outer loop
      vertex -0.726837 14.6 2.95747
      vertex -0.715118 14 3.01656
      vertex -0.726837 14 2.95747
    endloop
  endfacet
  facet normal 0.960321 0 -0.278898
    outer loop
      vertex -0.726837 14 2.95747
      vertex -0.74324 14.6 2.90099
      vertex -0.726837 14.6 2.95747
    endloop
  endfacet
  facet normal 0.960321 0 -0.278898
    outer loop
      vertex -0.74324 14.6 2.90099
      vertex -0.726837 14 2.95747
      vertex -0.74324 14 2.90099
    endloop
  endfacet
  facet normal 0.931128 0 -0.364692
    outer loop
      vertex -0.74324 14 2.90099
      vertex -0.764343 14.6 2.84711
      vertex -0.74324 14.6 2.90099
    endloop
  endfacet
  facet normal 0.931128 0 -0.364692
    outer loop
      vertex -0.764343 14.6 2.84711
      vertex -0.74324 14 2.90099
      vertex -0.764343 14 2.84711
    endloop
  endfacet
  facet normal 0.893429 0 -0.449205
    outer loop
      vertex -0.764343 14 2.84711
      vertex -0.790131 14.6 2.79582
      vertex -0.764343 14.6 2.84711
    endloop
  endfacet
  facet normal 0.893429 0 -0.449205
    outer loop
      vertex -0.790131 14.6 2.79582
      vertex -0.764343 14 2.84711
      vertex -0.790131 14 2.79582
    endloop
  endfacet
  facet normal 0.847687 0 -0.530496
    outer loop
      vertex -0.790131 14 2.79582
      vertex -0.820602 14.6 2.74713
      vertex -0.790131 14.6 2.79582
    endloop
  endfacet
  facet normal 0.847687 0 -0.530496
    outer loop
      vertex -0.820602 14.6 2.74713
      vertex -0.790131 14 2.79582
      vertex -0.820602 14 2.74713
    endloop
  endfacet
  facet normal 0.795031 0 -0.606569
    outer loop
      vertex -0.820602 14 2.74713
      vertex -0.855774 14.6 2.70103
      vertex -0.820602 14.6 2.74713
    endloop
  endfacet
  facet normal 0.795031 0 -0.606569
    outer loop
      vertex -0.855774 14.6 2.70103
      vertex -0.820602 14 2.74713
      vertex -0.855774 14 2.70103
    endloop
  endfacet
  facet normal 0.737286 0 -0.67558
    outer loop
      vertex -0.855774 14 2.70103
      vertex -0.895615 14.6 2.65755
      vertex -0.855774 14.6 2.70103
    endloop
  endfacet
  facet normal 0.737286 0 -0.67558
    outer loop
      vertex -0.895615 14.6 2.65755
      vertex -0.855774 14 2.70103
      vertex -0.895615 14 2.65755
    endloop
  endfacet
  facet normal 0.674393 0 -0.738373
    outer loop
      vertex -0.939804 14 2.61719
      vertex -0.895615 14.6 2.65755
      vertex -0.895615 14 2.65755
    endloop
  endfacet
  facet normal 0.674393 0 -0.738373
    outer loop
      vertex -0.895615 14.6 2.65755
      vertex -0.939804 14 2.61719
      vertex -0.939804 14.6 2.61719
    endloop
  endfacet
  facet normal 0.605689 0 -0.795702
    outer loop
      vertex -0.987991 14 2.58051
      vertex -0.939804 14.6 2.61719
      vertex -0.939804 14 2.61719
    endloop
  endfacet
  facet normal 0.605689 0 -0.795702
    outer loop
      vertex -0.939804 14.6 2.61719
      vertex -0.987991 14 2.58051
      vertex -0.987991 14.6 2.58051
    endloop
  endfacet
  facet normal 0.535048 0 -0.844822
    outer loop
      vertex -1.04016 14 2.54747
      vertex -0.987991 14.6 2.58051
      vertex -0.987991 14 2.58051
    endloop
  endfacet
  facet normal 0.535048 0 -0.844822
    outer loop
      vertex -0.987991 14.6 2.58051
      vertex -1.04016 14 2.54747
      vertex -1.04016 14.6 2.54747
    endloop
  endfacet
  facet normal 0.463116 0 -0.886298
    outer loop
      vertex -1.09631 14 2.51813
      vertex -1.04016 14.6 2.54747
      vertex -1.04016 14 2.54747
    endloop
  endfacet
  facet normal 0.463116 0 -0.886298
    outer loop
      vertex -1.04016 14.6 2.54747
      vertex -1.09631 14 2.51813
      vertex -1.09631 14.6 2.51813
    endloop
  endfacet
  facet normal 0.392516 0 -0.919745
    outer loop
      vertex -1.15646 14 2.49246
      vertex -1.09631 14.6 2.51813
      vertex -1.09631 14 2.51813
    endloop
  endfacet
  facet normal 0.392516 0 -0.919745
    outer loop
      vertex -1.09631 14.6 2.51813
      vertex -1.15646 14 2.49246
      vertex -1.15646 14.6 2.49246
    endloop
  endfacet
  facet normal 0.324664 0 -0.94583
    outer loop
      vertex -1.22061 14 2.47044
      vertex -1.15646 14.6 2.49246
      vertex -1.15646 14 2.49246
    endloop
  endfacet
  facet normal 0.324664 0 -0.94583
    outer loop
      vertex -1.15646 14.6 2.49246
      vertex -1.22061 14 2.47044
      vertex -1.22061 14.6 2.47044
    endloop
  endfacet
  facet normal 0.259867 0 -0.965644
    outer loop
      vertex -1.28876 14 2.4521
      vertex -1.22061 14.6 2.47044
      vertex -1.22061 14 2.47044
    endloop
  endfacet
  facet normal 0.259867 0 -0.965644
    outer loop
      vertex -1.22061 14.6 2.47044
      vertex -1.28876 14 2.4521
      vertex -1.28876 14.6 2.4521
    endloop
  endfacet
  facet normal 0.199225 0 -0.979954
    outer loop
      vertex -1.36087 14 2.43744
      vertex -1.28876 14.6 2.4521
      vertex -1.28876 14 2.4521
    endloop
  endfacet
  facet normal 0.199225 0 -0.979954
    outer loop
      vertex -1.28876 14.6 2.4521
      vertex -1.36087 14 2.43744
      vertex -1.36087 14.6 2.43744
    endloop
  endfacet
  facet normal 0.143005 0 -0.989722
    outer loop
      vertex -1.437 14 2.42644
      vertex -1.36087 14.6 2.43744
      vertex -1.36087 14 2.43744
    endloop
  endfacet
  facet normal 0.143005 0 -0.989722
    outer loop
      vertex -1.36087 14.6 2.43744
      vertex -1.437 14 2.42644
      vertex -1.437 14.6 2.42644
    endloop
  endfacet
  facet normal 1 -0 0
    outer loop
      vertex -1.437 14 2.42644
      vertex -1.437 14.6 2.41776
      vertex -1.437 14.6 2.42644
    endloop
  endfacet
  facet normal 1 0 0
    outer loop
      vertex -1.437 14.6 2.41776
      vertex -1.437 14 2.42644
      vertex -1.437 14 2.41776
    endloop
  endfacet
  facet normal 0.214139 0 0.976803
    outer loop
      vertex -1.437 14.6 2.41776
      vertex -1.36844 14 2.40273
      vertex -1.36844 14.6 2.40273
    endloop
  endfacet
  facet normal 0.214139 0 0.976803
    outer loop
      vertex -1.36844 14 2.40273
      vertex -1.437 14.6 2.41776
      vertex -1.437 14 2.41776
    endloop
  endfacet
  facet normal 0.268501 0 0.963279
    outer loop
      vertex -1.36844 14.6 2.40273
      vertex -1.30354 14 2.38464
      vertex -1.30354 14.6 2.38464
    endloop
  endfacet
  facet normal 0.268501 0 0.963279
    outer loop
      vertex -1.30354 14 2.38464
      vertex -1.36844 14.6 2.40273
      vertex -1.36844 14 2.40273
    endloop
  endfacet
  facet normal 0.326214 0 0.945296
    outer loop
      vertex -1.30354 14.6 2.38464
      vertex -1.24231 14 2.36351
      vertex -1.24231 14.6 2.36351
    endloop
  endfacet
  facet normal 0.326214 0 0.945296
    outer loop
      vertex -1.24231 14 2.36351
      vertex -1.30354 14.6 2.38464
      vertex -1.30354 14 2.38464
    endloop
  endfacet
  facet normal 0.38757 0 0.92184
    outer loop
      vertex -1.24231 14.6 2.36351
      vertex -1.18475 14 2.33931
      vertex -1.18475 14.6 2.33931
    endloop
  endfacet
  facet normal 0.38757 0 0.92184
    outer loop
      vertex -1.18475 14 2.33931
      vertex -1.24231 14.6 2.36351
      vertex -1.24231 14 2.36351
    endloop
  endfacet
  facet normal 0.451184 0 0.892431
    outer loop
      vertex -1.18475 14.6 2.33931
      vertex -1.13087 14 2.31207
      vertex -1.13087 14.6 2.31207
    endloop
  endfacet
  facet normal 0.451184 0 0.892431
    outer loop
      vertex -1.13087 14 2.31207
      vertex -1.18475 14.6 2.33931
      vertex -1.18475 14 2.33931
    endloop
  endfacet
  facet normal 0.516676 0 0.856181
    outer loop
      vertex -1.13087 14.6 2.31207
      vertex -1.08066 14 2.28177
      vertex -1.08066 14.6 2.28177
    endloop
  endfacet
  facet normal 0.516676 0 0.856181
    outer loop
      vertex -1.08066 14 2.28177
      vertex -1.13087 14.6 2.31207
      vertex -1.13087 14 2.31207
    endloop
  endfacet
  facet normal 0.582592 0 0.812765
    outer loop
      vertex -1.08066 14.6 2.28177
      vertex -1.03412 14 2.24841
      vertex -1.03412 14.6 2.24841
    endloop
  endfacet
  facet normal 0.582592 0 0.812765
    outer loop
      vertex -1.03412 14 2.24841
      vertex -1.08066 14.6 2.28177
      vertex -1.08066 14 2.28177
    endloop
  endfacet
  facet normal 0.647162 0 0.762353
    outer loop
      vertex -1.03412 14.6 2.24841
      vertex -0.991241 14 2.21201
      vertex -0.991241 14.6 2.21201
    endloop
  endfacet
  facet normal 0.647162 0 0.762353
    outer loop
      vertex -0.991241 14 2.21201
      vertex -1.03412 14.6 2.24841
      vertex -1.03412 14 2.24841
    endloop
  endfacet
  facet normal 0.709449 -0 0.704757
    outer loop
      vertex -0.991241 14 2.21201
      vertex -0.952042 14.6 2.17255
      vertex -0.991241 14.6 2.21201
    endloop
  endfacet
  facet normal 0.709449 0 0.704757
    outer loop
      vertex -0.952042 14.6 2.17255
      vertex -0.991241 14 2.21201
      vertex -0.952042 14 2.17255
    endloop
  endfacet
  facet normal 0.767396 -0 0.641173
    outer loop
      vertex -0.952042 14 2.17255
      vertex -0.916733 14.6 2.13029
      vertex -0.952042 14.6 2.17255
    endloop
  endfacet
  facet normal 0.767396 0 0.641173
    outer loop
      vertex -0.916733 14.6 2.13029
      vertex -0.952042 14 2.17255
      vertex -0.916733 14 2.13029
    endloop
  endfacet
  facet normal 0.820857 -0 0.571134
    outer loop
      vertex -0.916733 14 2.13029
      vertex -0.88559 14.6 2.08553
      vertex -0.916733 14.6 2.13029
    endloop
  endfacet
  facet normal 0.820857 0 0.571134
    outer loop
      vertex -0.88559 14.6 2.08553
      vertex -0.916733 14 2.13029
      vertex -0.88559 14 2.08553
    endloop
  endfacet
  facet normal 0.868434 -0 0.495805
    outer loop
      vertex -0.88559 14 2.08553
      vertex -0.858597 14.6 2.03825
      vertex -0.88559 14.6 2.08553
    endloop
  endfacet
  facet normal 0.868434 0 0.495805
    outer loop
      vertex -0.858597 14.6 2.03825
      vertex -0.88559 14 2.08553
      vertex -0.858597 14 2.03825
    endloop
  endfacet
  facet normal 0.90894 -0 0.416926
    outer loop
      vertex -0.858597 14 2.03825
      vertex -0.835754 14.6 1.98845
      vertex -0.858597 14.6 2.03825
    endloop
  endfacet
  facet normal 0.90894 0 0.416926
    outer loop
      vertex -0.835754 14.6 1.98845
      vertex -0.858597 14 2.03825
      vertex -0.835754 14 1.98845
    endloop
  endfacet
  facet normal 0.941706 -0 0.336437
    outer loop
      vertex -0.835754 14 1.98845
      vertex -0.817062 14.6 1.93613
      vertex -0.835754 14.6 1.98845
    endloop
  endfacet
  facet normal 0.941706 0 0.336437
    outer loop
      vertex -0.817062 14.6 1.93613
      vertex -0.835754 14 1.98845
      vertex -0.817062 14 1.93613
    endloop
  endfacet
  facet normal 0.966664 -0 0.25605
    outer loop
      vertex -0.817062 14 1.93613
      vertex -0.802536 14.6 1.88129
      vertex -0.817062 14.6 1.93613
    endloop
  endfacet
  facet normal 0.966664 0 0.25605
    outer loop
      vertex -0.802536 14.6 1.88129
      vertex -0.817062 14 1.93613
      vertex -0.802536 14 1.88129
    endloop
  endfacet
  facet normal 0.983985 -0 0.178253
    outer loop
      vertex -0.802536 14 1.88129
      vertex -0.792145 14.6 1.82393
      vertex -0.802536 14.6 1.88129
    endloop
  endfacet
  facet normal 0.983985 0 0.178253
    outer loop
      vertex -0.792145 14.6 1.82393
      vertex -0.802536 14 1.88129
      vertex -0.792145 14 1.82393
    endloop
  endfacet
  facet normal 0.994638 -0 0.103417
    outer loop
      vertex -0.792145 14 1.82393
      vertex -0.785919 14.6 1.76405
      vertex -0.792145 14.6 1.82393
    endloop
  endfacet
  facet normal 0.994638 0 0.103417
    outer loop
      vertex -0.785919 14.6 1.76405
      vertex -0.792145 14 1.82393
      vertex -0.785919 14 1.76405
    endloop
  endfacet
  facet normal 0.999447 -0 0.0332402
    outer loop
      vertex -0.785919 14 1.76405
      vertex -0.783844 14.6 1.70166
      vertex -0.785919 14.6 1.76405
    endloop
  endfacet
  facet normal 0.999447 0 0.0332402
    outer loop
      vertex -0.783844 14.6 1.70166
      vertex -0.785919 14 1.76405
      vertex -0.783844 14 1.70166
    endloop
  endfacet
  facet normal 0.999187 0 -0.0403198
    outer loop
      vertex -0.783844 14 1.70166
      vertex -0.787186 14.6 1.61884
      vertex -0.783844 14.6 1.70166
    endloop
  endfacet
  facet normal 0.999187 0 -0.0403198
    outer loop
      vertex -0.787186 14.6 1.61884
      vertex -0.783844 14 1.70166
      vertex -0.787186 14 1.61884
    endloop
  endfacet
  facet normal 0.992037 0 -0.125945
    outer loop
      vertex -0.787186 14 1.61884
      vertex -0.79718 14.6 1.54012
      vertex -0.787186 14.6 1.61884
    endloop
  endfacet
  facet normal 0.992037 0 -0.125945
    outer loop
      vertex -0.79718 14.6 1.54012
      vertex -0.787186 14 1.61884
      vertex -0.79718 14 1.54012
    endloop
  endfacet
  facet normal 0.975921 0 -0.218124
    outer loop
      vertex -0.79718 14 1.54012
      vertex -0.813858 14.6 1.4655
      vertex -0.79718 14.6 1.54012
    endloop
  endfacet
  facet normal 0.975921 0 -0.218124
    outer loop
      vertex -0.813858 14.6 1.4655
      vertex -0.79718 14 1.54012
      vertex -0.813858 14 1.4655
    endloop
  endfacet
  facet normal 0.949283 0 -0.314422
    outer loop
      vertex -0.813858 14 1.4655
      vertex -0.837219 14.6 1.39497
      vertex -0.813858 14.6 1.4655
    endloop
  endfacet
  facet normal 0.949283 0 -0.314422
    outer loop
      vertex -0.837219 14.6 1.39497
      vertex -0.813858 14 1.4655
      vertex -0.837219 14 1.39497
    endloop
  endfacet
  facet normal 0.911279 0 -0.41179
    outer loop
      vertex -0.837219 14 1.39497
      vertex -0.867233 14.6 1.32855
      vertex -0.837219 14.6 1.39497
    endloop
  endfacet
  facet normal 0.911279 0 -0.41179
    outer loop
      vertex -0.867233 14.6 1.32855
      vertex -0.837219 14 1.39497
      vertex -0.867233 14 1.32855
    endloop
  endfacet
  facet normal 0.861733 0 -0.507362
    outer loop
      vertex -0.867233 14 1.32855
      vertex -0.903931 14.6 1.26622
      vertex -0.867233 14.6 1.32855
    endloop
  endfacet
  facet normal 0.861733 0 -0.507362
    outer loop
      vertex -0.903931 14.6 1.26622
      vertex -0.867233 14 1.32855
      vertex -0.903931 14 1.26622
    endloop
  endfacet
  facet normal 0.802127 0 -0.597153
    outer loop
      vertex -0.903931 14 1.26622
      vertex -0.947281 14.6 1.20799
      vertex -0.903931 14.6 1.26622
    endloop
  endfacet
  facet normal 0.802127 0 -0.597153
    outer loop
      vertex -0.947281 14.6 1.20799
      vertex -0.903931 14 1.26622
      vertex -0.947281 14 1.20799
    endloop
  endfacet
  facet normal 0.734289 0 -0.678837
    outer loop
      vertex -0.947281 14 1.20799
      vertex -0.997314 14.6 1.15387
      vertex -0.947281 14.6 1.20799
    endloop
  endfacet
  facet normal 0.734289 0 -0.678837
    outer loop
      vertex -0.997314 14.6 1.15387
      vertex -0.947281 14 1.20799
      vertex -0.997314 14 1.15387
    endloop
  endfacet
  facet normal 0.661587 0 -0.749869
    outer loop
      vertex -1.05402 14 1.10384
      vertex -0.997314 14.6 1.15387
      vertex -0.997314 14 1.15387
    endloop
  endfacet
  facet normal 0.661587 0 -0.749869
    outer loop
      vertex -0.997314 14.6 1.15387
      vertex -1.05402 14 1.10384
      vertex -1.05402 14.6 1.10384
    endloop
  endfacet
  facet normal 0.586293 0 -0.810099
    outer loop
      vertex -1.11664 14 1.05852
      vertex -1.05402 14.6 1.10384
      vertex -1.05402 14 1.10384
    endloop
  endfacet
  facet normal 0.586293 0 -0.810099
    outer loop
      vertex -1.05402 14.6 1.10384
      vertex -1.11664 14 1.05852
      vertex -1.11664 14.6 1.05852
    endloop
  endfacet
  facet normal 0.508186 0 -0.861248
    outer loop
      vertex -1.18443 14 1.01852
      vertex -1.11664 14.6 1.05852
      vertex -1.11664 14 1.05852
    endloop
  endfacet
  facet normal 0.508186 0 -0.861248
    outer loop
      vertex -1.11664 14.6 1.05852
      vertex -1.18443 14 1.01852
      vertex -1.18443 14.6 1.01852
    endloop
  endfacet
  facet normal 0.428986 0 -0.903311
    outer loop
      vertex -1.25739 14 0.983871
      vertex -1.18443 14.6 1.01852
      vertex -1.18443 14 1.01852
    endloop
  endfacet
  facet normal 0.428986 0 -0.903311
    outer loop
      vertex -1.18443 14.6 1.01852
      vertex -1.25739 14 0.983871
      vertex -1.25739 14.6 0.983871
    endloop
  endfacet
  facet normal 0.351381 0 -0.936233
    outer loop
      vertex -1.33553 14 0.954544
      vertex -1.25739 14.6 0.983871
      vertex -1.25739 14 0.983871
    endloop
  endfacet
  facet normal 0.351381 0 -0.936233
    outer loop
      vertex -1.25739 14.6 0.983871
      vertex -1.33553 14 0.954544
      vertex -1.33553 14.6 0.954544
    endloop
  endfacet
  facet normal 0.276746 0 -0.960943
    outer loop
      vertex -1.41882 14 0.930557
      vertex -1.33553 14.6 0.954544
      vertex -1.33553 14 0.954544
    endloop
  endfacet
  facet normal 0.276746 0 -0.960943
    outer loop
      vertex -1.33553 14.6 0.954544
      vertex -1.41882 14 0.930557
      vertex -1.41882 14.6 0.930557
    endloop
  endfacet
  facet normal 0.206389 0 -0.97847
    outer loop
      vertex -1.50729 14 0.911896
      vertex -1.41882 14.6 0.930557
      vertex -1.41882 14 0.930557
    endloop
  endfacet
  facet normal 0.206389 0 -0.97847
    outer loop
      vertex -1.41882 14.6 0.930557
      vertex -1.50729 14 0.911896
      vertex -1.50729 14.6 0.911896
    endloop
  endfacet
  facet normal 0.14098 0 -0.990012
    outer loop
      vertex -1.60094 14 0.89856
      vertex -1.50729 14.6 0.911896
      vertex -1.50729 14 0.911896
    endloop
  endfacet
  facet normal 0.14098 0 -0.990012
    outer loop
      vertex -1.50729 14.6 0.911896
      vertex -1.60094 14 0.89856
      vertex -1.60094 14.6 0.89856
    endloop
  endfacet
  facet normal 0.0806431 0 -0.996743
    outer loop
      vertex -1.69977 14 0.890564
      vertex -1.60094 14.6 0.89856
      vertex -1.60094 14 0.89856
    endloop
  endfacet
  facet normal 0.0806431 0 -0.996743
    outer loop
      vertex -1.60094 14.6 0.89856
      vertex -1.69977 14 0.890564
      vertex -1.69977 14.6 0.890564
    endloop
  endfacet
  facet normal 0.025523 0 -0.999674
    outer loop
      vertex -1.80376 14 0.887909
      vertex -1.69977 14.6 0.890564
      vertex -1.69977 14 0.890564
    endloop
  endfacet
  facet normal 0.025523 0 -0.999674
    outer loop
      vertex -1.69977 14.6 0.890564
      vertex -1.80376 14 0.887909
      vertex -1.80376 14.6 0.887909
    endloop
  endfacet
  facet normal -0.0279711 0 -0.999609
    outer loop
      vertex -1.90193 14 0.890656
      vertex -1.80376 14.6 0.887909
      vertex -1.80376 14 0.887909
    endloop
  endfacet
  facet normal -0.0279711 0 -0.999609
    outer loop
      vertex -1.80376 14.6 0.887909
      vertex -1.90193 14 0.890656
      vertex -1.90193 14.6 0.890656
    endloop
  endfacet
  facet normal -0.0878257 0 -0.996136
    outer loop
      vertex -1.9959 14 0.898941
      vertex -1.90193 14.6 0.890656
      vertex -1.90193 14 0.890656
    endloop
  endfacet
  facet normal -0.0878257 0 -0.996136
    outer loop
      vertex -1.90193 14.6 0.890656
      vertex -1.9959 14 0.898941
      vertex -1.9959 14.6 0.898941
    endloop
  endfacet
  facet normal -0.151993 0 -0.988382
    outer loop
      vertex -2.0856 14 0.912735
      vertex -1.9959 14.6 0.898941
      vertex -1.9959 14 0.898941
    endloop
  endfacet
  facet normal -0.151993 0 -0.988382
    outer loop
      vertex -1.9959 14.6 0.898941
      vertex -2.0856 14 0.912735
      vertex -2.0856 14.6 0.912735
    endloop
  endfacet
  facet normal -0.220386 0 -0.975413
    outer loop
      vertex -2.1711 14 0.932053
      vertex -2.0856 14.6 0.912735
      vertex -2.0856 14 0.912735
    endloop
  endfacet
  facet normal -0.220386 0 -0.975413
    outer loop
      vertex -2.0856 14.6 0.912735
      vertex -2.1711 14 0.932053
      vertex -2.1711 14.6 0.932053
    endloop
  endfacet
  facet normal -0.292376 0 -0.956303
    outer loop
      vertex -2.25235 14 0.956894
      vertex -2.1711 14.6 0.932053
      vertex -2.1711 14 0.932053
    endloop
  endfacet
  facet normal -0.292376 0 -0.956303
    outer loop
      vertex -2.1711 14.6 0.932053
      vertex -2.25235 14 0.956894
      vertex -2.25235 14.6 0.956894
    endloop
  endfacet
  facet normal -0.366575 0 -0.930388
    outer loop
      vertex -2.32938 14 0.987244
      vertex -2.25235 14.6 0.956894
      vertex -2.25235 14 0.956894
    endloop
  endfacet
  facet normal -0.366575 0 -0.930388
    outer loop
      vertex -2.25235 14.6 0.956894
      vertex -2.32938 14 0.987244
      vertex -2.32938 14.6 0.987244
    endloop
  endfacet
  facet normal -0.442139 0 -0.896947
    outer loop
      vertex -2.40216 14 1.02312
      vertex -2.32938 14.6 0.987244
      vertex -2.32938 14 0.987244
    endloop
  endfacet
  facet normal -0.442139 0 -0.896947
    outer loop
      vertex -2.32938 14.6 0.987244
      vertex -2.40216 14 1.02312
      vertex -2.40216 14.6 1.02312
    endloop
  endfacet
  facet normal -0.516826 0 -0.856091
    outer loop
      vertex -2.47072 14 1.06451
      vertex -2.40216 14.6 1.02312
      vertex -2.40216 14 1.02312
    endloop
  endfacet
  facet normal -0.516826 0 -0.856091
    outer loop
      vertex -2.40216 14.6 1.02312
      vertex -2.47072 14 1.06451
      vertex -2.47072 14.6 1.06451
    endloop
  endfacet
  facet normal -0.589194 0 -0.807991
    outer loop
      vertex -2.53505 14 1.11142
      vertex -2.47072 14.6 1.06451
      vertex -2.47072 14 1.06451
    endloop
  endfacet
  facet normal -0.589194 0 -0.807991
    outer loop
      vertex -2.47072 14.6 1.06451
      vertex -2.53505 14 1.11142
      vertex -2.53505 14.6 1.11142
    endloop
  endfacet
  facet normal -0.657614 0 -0.753355
    outer loop
      vertex -2.59438 14 1.16321
      vertex -2.53505 14.6 1.11142
      vertex -2.53505 14 1.11142
    endloop
  endfacet
  facet normal -0.657614 0 -0.753355
    outer loop
      vertex -2.53505 14.6 1.11142
      vertex -2.59438 14 1.16321
      vertex -2.59438 14.6 1.16321
    endloop
  endfacet
  facet normal -0.722479 0 -0.691392
    outer loop
      vertex -2.59438 14 1.16321
      vertex -2.64798 14.6 1.21922
      vertex -2.59438 14.6 1.16321
    endloop
  endfacet
  facet normal -0.722479 -0 -0.691392
    outer loop
      vertex -2.64798 14.6 1.21922
      vertex -2.59438 14 1.16321
      vertex -2.64798 14 1.21922
    endloop
  endfacet
  facet normal -0.782906 0 -0.62214
    outer loop
      vertex -2.64798 14 1.21922
      vertex -2.69585 14.6 1.27946
      vertex -2.64798 14.6 1.21922
    endloop
  endfacet
  facet normal -0.782906 -0 -0.62214
    outer loop
      vertex -2.69585 14.6 1.27946
      vertex -2.64798 14 1.21922
      vertex -2.69585 14 1.27946
    endloop
  endfacet
  facet normal -0.837127 0 -0.547008
    outer loop
      vertex -2.69585 14 1.27946
      vertex -2.73799 14.6 1.34395
      vertex -2.69585 14.6 1.27946
    endloop
  endfacet
  facet normal -0.837127 -0 -0.547008
    outer loop
      vertex -2.73799 14.6 1.34395
      vertex -2.69585 14 1.27946
      vertex -2.73799 14 1.34395
    endloop
  endfacet
  facet normal -0.883606 0 -0.46823
    outer loop
      vertex -2.73799 14 1.34395
      vertex -2.7744 14.6 1.41266
      vertex -2.73799 14.6 1.34395
    endloop
  endfacet
  facet normal -0.883606 -0 -0.46823
    outer loop
      vertex -2.7744 14.6 1.41266
      vertex -2.73799 14 1.34395
      vertex -2.7744 14 1.41266
    endloop
  endfacet
  facet normal -0.921842 0 -0.387565
    outer loop
      vertex -2.7744 14 1.41266
      vertex -2.80507 14.6 1.48561
      vertex -2.7744 14.6 1.41266
    endloop
  endfacet
  facet normal -0.921842 -0 -0.387565
    outer loop
      vertex -2.80507 14.6 1.48561
      vertex -2.7744 14 1.41266
      vertex -2.80507 14 1.48561
    endloop
  endfacet
  facet normal -0.951589 0 -0.307374
    outer loop
      vertex -2.80507 14 1.48561
      vertex -2.83 14.6 1.56279
      vertex -2.80507 14.6 1.48561
    endloop
  endfacet
  facet normal -0.951589 -0 -0.307374
    outer loop
      vertex -2.83 14.6 1.56279
      vertex -2.80507 14 1.48561
      vertex -2.83 14 1.56279
    endloop
  endfacet
  facet normal -0.973277 0 -0.229632
    outer loop
      vertex -2.83 14 1.56279
      vertex -2.84921 14.6 1.64421
      vertex -2.83 14.6 1.56279
    endloop
  endfacet
  facet normal -0.973277 -0 -0.229632
    outer loop
      vertex -2.84921 14.6 1.64421
      vertex -2.83 14 1.56279
      vertex -2.84921 14 1.64421
    endloop
  endfacet
  facet normal -0.98784 0 -0.155471
    outer loop
      vertex -2.84921 14 1.64421
      vertex -2.86269 14.6 1.72986
      vertex -2.84921 14.6 1.64421
    endloop
  endfacet
  facet normal -0.98784 -0 -0.155471
    outer loop
      vertex -2.86269 14.6 1.72986
      vertex -2.84921 14 1.64421
      vertex -2.86269 14 1.72986
    endloop
  endfacet
  facet normal -0.0710285 0 0.997474
    outer loop
      vertex -2.86269 14.6 1.72986
      vertex -2.25293 14 1.77328
      vertex -2.25293 14.6 1.77328
    endloop
  endfacet
  facet normal -0.0710285 0 0.997474
    outer loop
      vertex -2.25293 14 1.77328
      vertex -2.86269 14.6 1.72986
      vertex -2.86269 14 1.72986
    endloop
  endfacet
  facet normal 0.992541 -0 0.121908
    outer loop
      vertex -2.25293 14 1.77328
      vertex -2.24785 14.6 1.73192
      vertex -2.25293 14.6 1.77328
    endloop
  endfacet
  facet normal 0.992541 0 0.121908
    outer loop
      vertex -2.24785 14.6 1.73192
      vertex -2.25293 14 1.77328
      vertex -2.24785 14 1.73192
    endloop
  endfacet
  facet normal 0.982165 -0 0.188021
    outer loop
      vertex -2.24785 14 1.73192
      vertex -2.24034 14.6 1.69269
      vertex -2.24785 14.6 1.73192
    endloop
  endfacet
  facet normal 0.982165 0 0.188021
    outer loop
      vertex -2.24034 14.6 1.69269
      vertex -2.24785 14 1.73192
      vertex -2.24034 14 1.69269
    endloop
  endfacet
  facet normal 0.965766 -0 0.259413
    outer loop
      vertex -2.24034 14 1.69269
      vertex -2.23038 14.6 1.65561
      vertex -2.24034 14.6 1.69269
    endloop
  endfacet
  facet normal 0.965766 0 0.259413
    outer loop
      vertex -2.23038 14.6 1.65561
      vertex -2.24034 14 1.69269
      vertex -2.23038 14 1.65561
    endloop
  endfacet
  facet normal 0.942496 -0 0.334217
    outer loop
      vertex -2.23038 14 1.65561
      vertex -2.21799 14.6 1.62067
      vertex -2.23038 14.6 1.65561
    endloop
  endfacet
  facet normal 0.942496 0 0.334217
    outer loop
      vertex -2.21799 14.6 1.62067
      vertex -2.23038 14 1.65561
      vertex -2.21799 14 1.62067
    endloop
  endfacet
  facet normal 0.91125 -0 0.411855
    outer loop
      vertex -2.21799 14 1.62067
      vertex -2.20317 14.6 1.58788
      vertex -2.21799 14.6 1.62067
    endloop
  endfacet
  facet normal 0.91125 0 0.411855
    outer loop
      vertex -2.20317 14.6 1.58788
      vertex -2.21799 14 1.62067
      vertex -2.20317 14 1.58788
    endloop
  endfacet
  facet normal 0.87115 -0 0.491017
    outer loop
      vertex -2.20317 14 1.58788
      vertex -2.1859 14.6 1.55724
      vertex -2.20317 14.6 1.58788
    endloop
  endfacet
  facet normal 0.87115 0 0.491017
    outer loop
      vertex -2.1859 14.6 1.55724
      vertex -2.20317 14 1.58788
      vertex -2.1859 14 1.55724
    endloop
  endfacet
  facet normal 0.822794 -0 0.56834
    outer loop
      vertex -2.1859 14 1.55724
      vertex -2.1662 14.6 1.52872
      vertex -2.1859 14.6 1.55724
    endloop
  endfacet
  facet normal 0.822794 0 0.56834
    outer loop
      vertex -2.1662 14.6 1.52872
      vertex -2.1859 14 1.55724
      vertex -2.1662 14 1.52872
    endloop
  endfacet
  facet normal 0.765762 -0 0.643124
    outer loop
      vertex -2.1662 14 1.52872
      vertex -2.14407 14.6 1.50237
      vertex -2.1662 14.6 1.52872
    endloop
  endfacet
  facet normal 0.765762 0 0.643124
    outer loop
      vertex -2.14407 14.6 1.50237
      vertex -2.1662 14 1.52872
      vertex -2.14407 14 1.50237
    endloop
  endfacet
  facet normal 0.701871 0 0.712304
    outer loop
      vertex -2.14407 14.6 1.50237
      vertex -2.11949 14 1.47815
      vertex -2.11949 14.6 1.47815
    endloop
  endfacet
  facet normal 0.701871 0 0.712304
    outer loop
      vertex -2.11949 14 1.47815
      vertex -2.14407 14.6 1.50237
      vertex -2.14407 14 1.50237
    endloop
  endfacet
  facet normal 0.633806 0 0.773492
    outer loop
      vertex -2.11949 14.6 1.47815
      vertex -2.0928 14 1.45628
      vertex -2.0928 14.6 1.45628
    endloop
  endfacet
  facet normal 0.633806 0 0.773492
    outer loop
      vertex -2.0928 14 1.45628
      vertex -2.11949 14.6 1.47815
      vertex -2.11949 14 1.47815
    endloop
  endfacet
  facet normal 0.560321 0 0.828275
    outer loop
      vertex -2.0928 14.6 1.45628
      vertex -2.0643 14 1.437
      vertex -2.0643 14.6 1.437
    endloop
  endfacet
  facet normal 0.560321 0 0.828275
    outer loop
      vertex -2.0643 14 1.437
      vertex -2.0928 14.6 1.45628
      vertex -2.0928 14 1.45628
    endloop
  endfacet
  facet normal 0.483482 0 0.875354
    outer loop
      vertex -2.0643 14.6 1.437
      vertex -2.03401 14 1.42027
      vertex -2.03401 14.6 1.42027
    endloop
  endfacet
  facet normal 0.483482 0 0.875354
    outer loop
      vertex -2.03401 14 1.42027
      vertex -2.0643 14.6 1.437
      vertex -2.0643 14 1.437
    endloop
  endfacet
  facet normal 0.403436 0 0.915008
    outer loop
      vertex -2.03401 14.6 1.42027
      vertex -2.00194 14 1.40613
      vertex -2.00194 14.6 1.40613
    endloop
  endfacet
  facet normal 0.403436 0 0.915008
    outer loop
      vertex -2.00194 14 1.40613
      vertex -2.03401 14.6 1.42027
      vertex -2.03401 14 1.42027
    endloop
  endfacet
  facet normal 0.323174 0 0.946339
    outer loop
      vertex -2.00194 14.6 1.40613
      vertex -1.96806 14 1.39456
      vertex -1.96806 14.6 1.39456
    endloop
  endfacet
  facet normal 0.323174 0 0.946339
    outer loop
      vertex -1.96806 14 1.39456
      vertex -2.00194 14.6 1.40613
      vertex -2.00194 14 1.40613
    endloop
  endfacet
  facet normal 0.244646 0 0.969613
    outer loop
      vertex -1.96806 14.6 1.39456
      vertex -1.93239 14 1.38556
      vertex -1.93239 14.6 1.38556
    endloop
  endfacet
  facet normal 0.244646 0 0.969613
    outer loop
      vertex -1.93239 14 1.38556
      vertex -1.96806 14.6 1.39456
      vertex -1.96806 14 1.39456
    endloop
  endfacet
  facet normal 0.169343 0 0.985557
    outer loop
      vertex -1.93239 14.6 1.38556
      vertex -1.89491 14 1.37912
      vertex -1.89491 14.6 1.37912
    endloop
  endfacet
  facet normal 0.169343 0 0.985557
    outer loop
      vertex -1.89491 14 1.37912
      vertex -1.93239 14.6 1.38556
      vertex -1.93239 14 1.38556
    endloop
  endfacet
  facet normal 0.097596 0 0.995226
    outer loop
      vertex -1.89491 14.6 1.37912
      vertex -1.85565 14 1.37527
      vertex -1.85565 14.6 1.37527
    endloop
  endfacet
  facet normal 0.097596 0 0.995226
    outer loop
      vertex -1.85565 14 1.37527
      vertex -1.89491 14.6 1.37912
      vertex -1.89491 14 1.37912
    endloop
  endfacet
  facet normal 0.0314019 0 0.999507
    outer loop
      vertex -1.85565 14.6 1.37527
      vertex -1.81459 14 1.37398
      vertex -1.81459 14.6 1.37398
    endloop
  endfacet
  facet normal 0.0314019 0 0.999507
    outer loop
      vertex -1.81459 14 1.37398
      vertex -1.85565 14.6 1.37527
      vertex -1.85565 14 1.37527
    endloop
  endfacet
  facet normal -0.0304555 0 0.999536
    outer loop
      vertex -1.81459 14.6 1.37398
      vertex -1.77094 14 1.37531
      vertex -1.77094 14.6 1.37531
    endloop
  endfacet
  facet normal -0.0304555 0 0.999536
    outer loop
      vertex -1.77094 14 1.37531
      vertex -1.81459 14.6 1.37398
      vertex -1.81459 14 1.37398
    endloop
  endfacet
  facet normal -0.0959697 0 0.995384
    outer loop
      vertex -1.77094 14.6 1.37531
      vertex -1.72966 14 1.37929
      vertex -1.72966 14.6 1.37929
    endloop
  endfacet
  facet normal -0.0959697 0 0.995384
    outer loop
      vertex -1.72966 14 1.37929
      vertex -1.77094 14.6 1.37531
      vertex -1.77094 14 1.37531
    endloop
  endfacet
  facet normal -0.168345 0 0.985728
    outer loop
      vertex -1.72966 14.6 1.37929
      vertex -1.69078 14 1.38593
      vertex -1.69078 14.6 1.38593
    endloop
  endfacet
  facet normal -0.168345 0 0.985728
    outer loop
      vertex -1.69078 14 1.38593
      vertex -1.72966 14.6 1.37929
      vertex -1.72966 14 1.37929
    endloop
  endfacet
  facet normal -0.246158 0 0.96923
    outer loop
      vertex -1.69078 14.6 1.38593
      vertex -1.65428 14 1.3952
      vertex -1.65428 14.6 1.3952
    endloop
  endfacet
  facet normal -0.246158 0 0.96923
    outer loop
      vertex -1.65428 14 1.3952
      vertex -1.69078 14.6 1.38593
      vertex -1.69078 14 1.38593
    endloop
  endfacet
  facet normal -0.330301 0 0.943876
    outer loop
      vertex -1.65428 14.6 1.3952
      vertex -1.62016 14 1.40714
      vertex -1.62016 14.6 1.40714
    endloop
  endfacet
  facet normal -0.330301 0 0.943876
    outer loop
      vertex -1.62016 14 1.40714
      vertex -1.65428 14.6 1.3952
      vertex -1.65428 14 1.3952
    endloop
  endfacet
  facet normal -0.417424 0 0.908712
    outer loop
      vertex -1.62016 14.6 1.40714
      vertex -1.58842 14 1.42172
      vertex -1.58842 14.6 1.42172
    endloop
  endfacet
  facet normal -0.417424 0 0.908712
    outer loop
      vertex -1.58842 14 1.42172
      vertex -1.62016 14.6 1.40714
      vertex -1.62016 14 1.40714
    endloop
  endfacet
  facet normal -0.506481 0 0.862251
    outer loop
      vertex -1.58842 14.6 1.42172
      vertex -1.55907 14 1.43896
      vertex -1.55907 14.6 1.43896
    endloop
  endfacet
  facet normal -0.506481 0 0.862251
    outer loop
      vertex -1.55907 14 1.43896
      vertex -1.58842 14.6 1.42172
      vertex -1.58842 14 1.42172
    endloop
  endfacet
  facet normal -0.593728 0 0.804666
    outer loop
      vertex -1.55907 14.6 1.43896
      vertex -1.5321 14 1.45886
      vertex -1.5321 14.6 1.45886
    endloop
  endfacet
  facet normal -0.593728 0 0.804666
    outer loop
      vertex -1.5321 14 1.45886
      vertex -1.55907 14.6 1.43896
      vertex -1.55907 14 1.43896
    endloop
  endfacet
  facet normal -0.676023 0 0.73688
    outer loop
      vertex -1.5321 14.6 1.45886
      vertex -1.50752 14 1.48141
      vertex -1.50752 14.6 1.48141
    endloop
  endfacet
  facet normal -0.676023 0 0.73688
    outer loop
      vertex -1.50752 14 1.48141
      vertex -1.5321 14.6 1.45886
      vertex -1.5321 14 1.45886
    endloop
  endfacet
  facet normal -0.74794 0 0.663767
    outer loop
      vertex -1.50752 14 1.48141
      vertex -1.48544 14.6 1.50629
      vertex -1.50752 14.6 1.48141
    endloop
  endfacet
  facet normal -0.74794 0 0.663767
    outer loop
      vertex -1.48544 14.6 1.50629
      vertex -1.50752 14 1.48141
      vertex -1.48544 14 1.50629
    endloop
  endfacet
  facet normal -0.809439 0 0.587204
    outer loop
      vertex -1.48544 14 1.50629
      vertex -1.46594 14.6 1.53317
      vertex -1.48544 14.6 1.50629
    endloop
  endfacet
  facet normal -0.809439 0 0.587204
    outer loop
      vertex -1.46594 14.6 1.53317
      vertex -1.48544 14 1.50629
      vertex -1.46594 14 1.53317
    endloop
  endfacet
  facet normal -0.863291 0 0.504707
    outer loop
      vertex -1.46594 14 1.53317
      vertex -1.44905 14.6 1.56206
      vertex -1.46594 14.6 1.53317
    endloop
  endfacet
  facet normal -0.863291 0 0.504707
    outer loop
      vertex -1.44905 14.6 1.56206
      vertex -1.46594 14 1.53317
      vertex -1.44905 14 1.56206
    endloop
  endfacet
  facet normal -0.907753 0 0.419505
    outer loop
      vertex -1.44905 14 1.56206
      vertex -1.43477 14.6 1.59296
      vertex -1.44905 14.6 1.56206
    endloop
  endfacet
  facet normal -0.907753 0 0.419505
    outer loop
      vertex -1.43477 14.6 1.59296
      vertex -1.44905 14 1.56206
      vertex -1.43477 14 1.59296
    endloop
  endfacet
  facet normal -0.942227 0 0.334976
    outer loop
      vertex -1.43477 14 1.59296
      vertex -1.42307 14.6 1.62587
      vertex -1.43477 14.6 1.59296
    endloop
  endfacet
  facet normal -0.942227 0 0.334976
    outer loop
      vertex -1.42307 14.6 1.62587
      vertex -1.43477 14 1.59296
      vertex -1.42307 14 1.62587
    endloop
  endfacet
  facet normal -0.9677 0 0.252106
    outer loop
      vertex -1.42307 14 1.62587
      vertex -1.41397 14.6 1.6608
      vertex -1.42307 14.6 1.62587
    endloop
  endfacet
  facet normal -0.9677 0 0.252106
    outer loop
      vertex -1.41397 14.6 1.6608
      vertex -1.42307 14 1.62587
      vertex -1.41397 14 1.6608
    endloop
  endfacet
  facet normal -0.984853 0 0.17339
    outer loop
      vertex -1.41397 14 1.6608
      vertex -1.40747 14.6 1.69772
      vertex -1.41397 14.6 1.6608
    endloop
  endfacet
  facet normal -0.984853 0 0.17339
    outer loop
      vertex -1.40747 14.6 1.69772
      vertex -1.41397 14 1.6608
      vertex -1.40747 14 1.69772
    endloop
  endfacet
  facet normal -0.995045 0 0.0994278
    outer loop
      vertex -1.40747 14 1.69772
      vertex -1.40358 14.6 1.73665
      vertex -1.40747 14.6 1.69772
    endloop
  endfacet
  facet normal -0.995045 0 0.0994278
    outer loop
      vertex -1.40358 14.6 1.73665
      vertex -1.40747 14 1.69772
      vertex -1.40358 14 1.73665
    endloop
  endfacet
  facet normal -0.999496 0 0.03173
    outer loop
      vertex -1.40358 14 1.73665
      vertex -1.40228 14.6 1.7776
      vertex -1.40358 14.6 1.73665
    endloop
  endfacet
  facet normal -0.999496 0 0.03173
    outer loop
      vertex -1.40228 14.6 1.7776
      vertex -1.40358 14 1.73665
      vertex -1.40228 14 1.7776
    endloop
  endfacet
  facet normal -0.999281 0 -0.0379093
    outer loop
      vertex -1.40228 14 1.7776
      vertex -1.40392 14.6 1.82083
      vertex -1.40228 14.6 1.7776
    endloop
  endfacet
  facet normal -0.999281 -0 -0.0379093
    outer loop
      vertex -1.40392 14.6 1.82083
      vertex -1.40228 14 1.7776
      vertex -1.40392 14 1.82083
    endloop
  endfacet
  facet normal -0.992942 0 -0.1186
    outer loop
      vertex -1.40392 14 1.82083
      vertex -1.40881 14.6 1.86177
      vertex -1.40392 14.6 1.82083
    endloop
  endfacet
  facet normal -0.992942 -0 -0.1186
    outer loop
      vertex -1.40881 14.6 1.86177
      vertex -1.40392 14 1.82083
      vertex -1.40881 14 1.86177
    endloop
  endfacet
  facet normal -0.978362 0 -0.206903
    outer loop
      vertex -1.40881 14 1.86177
      vertex -1.41699 14.6 1.90045
      vertex -1.40881 14.6 1.86177
    endloop
  endfacet
  facet normal -0.978362 -0 -0.206903
    outer loop
      vertex -1.41699 14.6 1.90045
      vertex -1.40881 14 1.86177
      vertex -1.41699 14 1.90045
    endloop
  endfacet
  facet normal -0.954045 0 -0.299663
    outer loop
      vertex -1.41699 14 1.90045
      vertex -1.42842 14.6 1.93684
      vertex -1.41699 14.6 1.90045
    endloop
  endfacet
  facet normal -0.954045 -0 -0.299663
    outer loop
      vertex -1.42842 14.6 1.93684
      vertex -1.41699 14 1.90045
      vertex -1.42842 14 1.93684
    endloop
  endfacet
  facet normal -0.918294 0 -0.3959
    outer loop
      vertex -1.42842 14 1.93684
      vertex -1.44313 14.6 1.97096
      vertex -1.42842 14.6 1.93684
    endloop
  endfacet
  facet normal -0.918294 -0 -0.3959
    outer loop
      vertex -1.44313 14.6 1.97096
      vertex -1.42842 14 1.93684
      vertex -1.44313 14 1.97096
    endloop
  endfacet
  facet normal -0.870705 0 -0.491805
    outer loop
      vertex -1.44313 14 1.97096
      vertex -1.46112 14.6 2.00281
      vertex -1.44313 14.6 1.97096
    endloop
  endfacet
  facet normal -0.870705 -0 -0.491805
    outer loop
      vertex -1.46112 14.6 2.00281
      vertex -1.44313 14 1.97096
      vertex -1.46112 14 2.00281
    endloop
  endfacet
  facet normal -0.81219 0 -0.583393
    outer loop
      vertex -1.46112 14 2.00281
      vertex -1.48236 14.6 2.03238
      vertex -1.46112 14.6 2.00281
    endloop
  endfacet
  facet normal -0.81219 -0 -0.583393
    outer loop
      vertex -1.48236 14.6 2.03238
      vertex -1.46112 14 2.00281
      vertex -1.48236 14 2.03238
    endloop
  endfacet
  facet normal -0.743728 0 -0.668483
    outer loop
      vertex -1.48236 14 2.03238
      vertex -1.50688 14.6 2.05966
      vertex -1.48236 14.6 2.03238
    endloop
  endfacet
  facet normal -0.743728 -0 -0.668483
    outer loop
      vertex -1.50688 14.6 2.05966
      vertex -1.48236 14 2.03238
      vertex -1.50688 14 2.05966
    endloop
  endfacet
  facet normal -0.66895 0 -0.743307
    outer loop
      vertex -1.53467 14 2.08467
      vertex -1.50688 14.6 2.05966
      vertex -1.50688 14 2.05966
    endloop
  endfacet
  facet normal -0.66895 0 -0.743307
    outer loop
      vertex -1.50688 14.6 2.05966
      vertex -1.53467 14 2.08467
      vertex -1.53467 14.6 2.08467
    endloop
  endfacet
  facet normal -0.58783 0 -0.808984
    outer loop
      vertex -1.56569 14 2.10721
      vertex -1.53467 14.6 2.08467
      vertex -1.53467 14 2.08467
    endloop
  endfacet
  facet normal -0.58783 0 -0.808984
    outer loop
      vertex -1.53467 14.6 2.08467
      vertex -1.56569 14 2.10721
      vertex -1.56569 14.6 2.10721
    endloop
  endfacet
  facet normal -0.502489 0 -0.864584
    outer loop
      vertex -1.59993 14 2.12711
      vertex -1.56569 14.6 2.10721
      vertex -1.56569 14 2.10721
    endloop
  endfacet
  facet normal -0.502489 0 -0.864584
    outer loop
      vertex -1.56569 14.6 2.10721
      vertex -1.59993 14 2.12711
      vertex -1.59993 14.6 2.12711
    endloop
  endfacet
  facet normal -0.417858 0 -0.908513
    outer loop
      vertex -1.63737 14 2.14433
      vertex -1.59993 14.6 2.12711
      vertex -1.59993 14 2.12711
    endloop
  endfacet
  facet normal -0.417858 0 -0.908513
    outer loop
      vertex -1.59993 14.6 2.12711
      vertex -1.63737 14 2.14433
      vertex -1.63737 14.6 2.14433
    endloop
  endfacet
  facet normal -0.337597 0 -0.941291
    outer loop
      vertex -1.67805 14 2.15892
      vertex -1.63737 14.6 2.14433
      vertex -1.63737 14 2.14433
    endloop
  endfacet
  facet normal -0.337597 0 -0.941291
    outer loop
      vertex -1.63737 14.6 2.14433
      vertex -1.67805 14 2.15892
      vertex -1.67805 14.6 2.15892
    endloop
  endfacet
  facet normal -0.262299 0 -0.964987
    outer loop
      vertex -1.72194 14 2.17085
      vertex -1.67805 14.6 2.15892
      vertex -1.67805 14 2.15892
    endloop
  endfacet
  facet normal -0.262299 0 -0.964987
    outer loop
      vertex -1.67805 14.6 2.15892
      vertex -1.72194 14 2.17085
      vertex -1.72194 14.6 2.17085
    endloop
  endfacet
  facet normal -0.193351 0 -0.98113
    outer loop
      vertex -1.76903 14 2.18013
      vertex -1.72194 14.6 2.17085
      vertex -1.72194 14 2.17085
    endloop
  endfacet
  facet normal -0.193351 0 -0.98113
    outer loop
      vertex -1.72194 14.6 2.17085
      vertex -1.76903 14 2.18013
      vertex -1.76903 14.6 2.18013
    endloop
  endfacet
  facet normal -0.130847 0 -0.991403
    outer loop
      vertex -1.81934 14 2.18677
      vertex -1.76903 14.6 2.18013
      vertex -1.76903 14 2.18013
    endloop
  endfacet
  facet normal -0.130847 0 -0.991403
    outer loop
      vertex -1.76903 14.6 2.18013
      vertex -1.81934 14 2.18677
      vertex -1.81934 14.6 2.18677
    endloop
  endfacet
  facet normal -0.0737893 0 -0.997274
    outer loop
      vertex -1.87286 14 2.19073
      vertex -1.81934 14.6 2.18677
      vertex -1.81934 14 2.18677
    endloop
  endfacet
  facet normal -0.0737893 0 -0.997274
    outer loop
      vertex -1.81934 14.6 2.18677
      vertex -1.87286 14 2.19073
      vertex -1.87286 14.6 2.19073
    endloop
  endfacet
  facet normal -0.0234297 0 -0.999725
    outer loop
      vertex -1.92961 14 2.19206
      vertex -1.87286 14.6 2.19073
      vertex -1.87286 14 2.19073
    endloop
  endfacet
  facet normal -0.0234297 0 -0.999725
    outer loop
      vertex -1.87286 14.6 2.19073
      vertex -1.92961 14 2.19206
      vertex -1.92961 14.6 2.19206
    endloop
  endfacet
  facet normal 0 0 -1
    outer loop
      vertex -2.12926 14 2.19206
      vertex -1.92961 14.6 2.19206
      vertex -1.92961 14 2.19206
    endloop
  endfacet
  facet normal -0 0 -1
    outer loop
      vertex -1.92961 14.6 2.19206
      vertex -2.12926 14 2.19206
      vertex -2.12926 14.6 2.19206
    endloop
  endfacet
  facet normal -1 0 0
    outer loop
      vertex -2.12926 14 2.19206
      vertex -2.12926 14.6 2.68466
      vertex -2.12926 14.6 2.19206
    endloop
  endfacet
  facet normal -1 -0 0
    outer loop
      vertex -2.12926 14.6 2.68466
      vertex -2.12926 14 2.19206
      vertex -2.12926 14 2.68466
    endloop
  endfacet
  facet normal -0 0 1
    outer loop
      vertex -2.12926 14.6 2.68466
      vertex -1.91658 14 2.68466
      vertex -1.91658 14.6 2.68466
    endloop
  endfacet
  facet normal 0 0 1
    outer loop
      vertex -1.91658 14 2.68466
      vertex -2.12926 14.6 2.68466
      vertex -2.12926 14 2.68466
    endloop
  endfacet
  facet normal -0.0211568 0 0.999776
    outer loop
      vertex -1.91658 14.6 2.68466
      vertex -1.85373 14 2.68599
      vertex -1.85373 14.6 2.68599
    endloop
  endfacet
  facet normal -0.0211568 0 0.999776
    outer loop
      vertex -1.85373 14 2.68599
      vertex -1.91658 14.6 2.68466
      vertex -1.91658 14 2.68466
    endloop
  endfacet
  facet normal -0.0677918 0 0.997699
    outer loop
      vertex -1.85373 14.6 2.68599
      vertex -1.79442 14 2.69002
      vertex -1.79442 14.6 2.69002
    endloop
  endfacet
  facet normal -0.0677918 0 0.997699
    outer loop
      vertex -1.79442 14 2.69002
      vertex -1.85373 14.6 2.68599
      vertex -1.85373 14 2.68599
    endloop
  endfacet
  facet normal -0.119279 0 0.992861
    outer loop
      vertex -1.79442 14.6 2.69002
      vertex -1.73865 14 2.69672
      vertex -1.73865 14.6 2.69672
    endloop
  endfacet
  facet normal -0.119279 0 0.992861
    outer loop
      vertex -1.73865 14 2.69672
      vertex -1.79442 14.6 2.69002
      vertex -1.79442 14 2.69002
    endloop
  endfacet
  facet normal -0.176514 0 0.984298
    outer loop
      vertex -1.73865 14.6 2.69672
      vertex -1.6864 14 2.70609
      vertex -1.6864 14.6 2.70609
    endloop
  endfacet
  facet normal -0.176514 0 0.984298
    outer loop
      vertex -1.6864 14 2.70609
      vertex -1.73865 14.6 2.69672
      vertex -1.73865 14 2.69672
    endloop
  endfacet
  facet normal -0.240378 0 0.970679
    outer loop
      vertex -1.6864 14.6 2.70609
      vertex -1.6377 14 2.71815
      vertex -1.6377 14.6 2.71815
    endloop
  endfacet
  facet normal -0.240378 0 0.970679
    outer loop
      vertex -1.6377 14 2.71815
      vertex -1.6864 14.6 2.70609
      vertex -1.6864 14 2.70609
    endloop
  endfacet
  facet normal -0.310033 0 0.950726
    outer loop
      vertex -1.6377 14.6 2.71815
      vertex -1.59253 14 2.73288
      vertex -1.59253 14.6 2.73288
    endloop
  endfacet
  facet normal -0.310033 0 0.950726
    outer loop
      vertex -1.59253 14 2.73288
      vertex -1.6377 14.6 2.71815
      vertex -1.6377 14 2.71815
    endloop
  endfacet
  facet normal -0.386204 0 0.922413
    outer loop
      vertex -1.59253 14.6 2.73288
      vertex -1.5509 14 2.75031
      vertex -1.5509 14.6 2.75031
    endloop
  endfacet
  facet normal -0.386204 0 0.922413
    outer loop
      vertex -1.5509 14 2.75031
      vertex -1.59253 14.6 2.73288
      vertex -1.59253 14 2.73288
    endloop
  endfacet
  facet normal -0.466426 0 0.88456
    outer loop
      vertex -1.5509 14.6 2.75031
      vertex -1.5128 14 2.7704
      vertex -1.5128 14.6 2.7704
    endloop
  endfacet
  facet normal -0.466426 0 0.88456
    outer loop
      vertex -1.5128 14 2.7704
      vertex -1.5509 14.6 2.75031
      vertex -1.5509 14 2.75031
    endloop
  endfacet
  facet normal -0.550176 0 0.835049
    outer loop
      vertex -1.5128 14.6 2.7704
      vertex -1.47824 14 2.79317
      vertex -1.47824 14.6 2.79317
    endloop
  endfacet
  facet normal -0.550176 0 0.835049
    outer loop
      vertex -1.47824 14 2.79317
      vertex -1.5128 14.6 2.7704
      vertex -1.5128 14 2.7704
    endloop
  endfacet
  facet normal -0.632475 0 0.774581
    outer loop
      vertex -1.47824 14.6 2.79317
      vertex -1.44728 14 2.81845
      vertex -1.44728 14.6 2.81845
    endloop
  endfacet
  facet normal -0.632475 0 0.774581
    outer loop
      vertex -1.44728 14 2.81845
      vertex -1.47824 14.6 2.79317
      vertex -1.47824 14 2.79317
    endloop
  endfacet
  facet normal -0.71121 0 0.702979
    outer loop
      vertex -1.44728 14 2.81845
      vertex -1.41995 14.6 2.8461
      vertex -1.44728 14.6 2.81845
    endloop
  endfacet
  facet normal -0.71121 0 0.702979
    outer loop
      vertex -1.41995 14.6 2.8461
      vertex -1.44728 14 2.81845
      vertex -1.41995 14 2.8461
    endloop
  endfacet
  facet normal -0.784936 0 0.619576
    outer loop
      vertex -1.41995 14 2.8461
      vertex -1.39627 14.6 2.8761
      vertex -1.41995 14.6 2.8461
    endloop
  endfacet
  facet normal -0.784936 0 0.619576
    outer loop
      vertex -1.39627 14.6 2.8761
      vertex -1.41995 14 2.8461
      vertex -1.39627 14 2.8761
    endloop
  endfacet
  facet normal -0.850293 0 0.526309
    outer loop
      vertex -1.39627 14 2.8761
      vertex -1.37624 14.6 2.90846
      vertex -1.39627 14.6 2.8761
    endloop
  endfacet
  facet normal -0.850293 0 0.526309
    outer loop
      vertex -1.37624 14.6 2.90846
      vertex -1.39627 14 2.8761
      vertex -1.37624 14 2.90846
    endloop
  endfacet
  facet normal -0.904103 0 0.427314
    outer loop
      vertex -1.37624 14 2.90846
      vertex -1.35983 14.6 2.94318
      vertex -1.37624 14.6 2.90846
    endloop
  endfacet
  facet normal -0.904103 0 0.427314
    outer loop
      vertex -1.35983 14.6 2.94318
      vertex -1.37624 14 2.90846
      vertex -1.35983 14 2.94318
    endloop
  endfacet
  facet normal -0.945682 0 0.325094
    outer loop
      vertex -1.35983 14 2.94318
      vertex -1.34709 14.6 2.98024
      vertex -1.35983 14.6 2.94318
    endloop
  endfacet
  facet normal -0.945682 0 0.325094
    outer loop
      vertex -1.34709 14.6 2.98024
      vertex -1.35983 14 2.94318
      vertex -1.34709 14 2.98024
    endloop
  endfacet
  facet normal -0.974345 0 0.225058
    outer loop
      vertex -1.34709 14 2.98024
      vertex -1.33798 14.6 3.01968
      vertex -1.34709 14.6 2.98024
    endloop
  endfacet
  facet normal -0.974345 0 0.225058
    outer loop
      vertex -1.33798 14.6 3.01968
      vertex -1.34709 14 2.98024
      vertex -1.33798 14 3.01968
    endloop
  endfacet
  facet normal -0.991569 0 0.129583
    outer loop
      vertex -1.33798 14 3.01968
      vertex -1.33252 14.6 3.06146
      vertex -1.33798 14.6 3.01968
    endloop
  endfacet
  facet normal -0.991569 0 0.129583
    outer loop
      vertex -1.33252 14.6 3.06146
      vertex -1.33798 14 3.01968
      vertex -1.33252 14 3.06146
    endloop
  endfacet
  facet normal -0.999142 0 0.0414047
    outer loop
      vertex -1.33252 14 3.06146
      vertex -1.33069 14.6 3.10562
      vertex -1.33252 14.6 3.06146
    endloop
  endfacet
  facet normal -0.999142 0 0.0414047
    outer loop
      vertex -1.33069 14.6 3.10562
      vertex -1.33252 14 3.06146
      vertex -1.33069 14 3.10562
    endloop
  endfacet
  facet normal -0.999511 0 -0.03128
    outer loop
      vertex -1.33069 14 3.10562
      vertex -1.3322 14.6 3.15387
      vertex -1.33069 14.6 3.10562
    endloop
  endfacet
  facet normal -0.999511 -0 -0.03128
    outer loop
      vertex -1.3322 14.6 3.15387
      vertex -1.33069 14 3.10562
      vertex -1.3322 14 3.15387
    endloop
  endfacet
  facet normal -0.995126 0 -0.0986141
    outer loop
      vertex -1.3322 14 3.15387
      vertex -1.3367 14.6 3.19928
      vertex -1.3322 14.6 3.15387
    endloop
  endfacet
  facet normal -0.995126 -0 -0.0986141
    outer loop
      vertex -1.3367 14.6 3.19928
      vertex -1.3322 14 3.15387
      vertex -1.3367 14 3.19928
    endloop
  endfacet
  facet normal -0.984872 0 -0.173284
    outer loop
      vertex -1.3367 14 3.19928
      vertex -1.34419 14.6 3.24185
      vertex -1.3367 14.6 3.19928
    endloop
  endfacet
  facet normal -0.984872 -0 -0.173284
    outer loop
      vertex -1.34419 14.6 3.24185
      vertex -1.3367 14 3.19928
      vertex -1.34419 14 3.24185
    endloop
  endfacet
  facet normal -0.966702 0 -0.255906
    outer loop
      vertex -1.34419 14 3.24185
      vertex -1.35471 14.6 3.28159
      vertex -1.34419 14.6 3.24185
    endloop
  endfacet
  facet normal -0.966702 -0 -0.255906
    outer loop
      vertex -1.35471 14.6 3.28159
      vertex -1.34419 14 3.24185
      vertex -1.35471 14 3.28159
    endloop
  endfacet
  facet normal -0.939093 0 -0.343664
    outer loop
      vertex -1.35471 14 3.28159
      vertex -1.36821 14.6 3.31848
      vertex -1.35471 14.6 3.28159
    endloop
  endfacet
  facet normal -0.939093 -0 -0.343664
    outer loop
      vertex -1.36821 14.6 3.31848
      vertex -1.35471 14 3.28159
      vertex -1.36821 14 3.31848
    endloop
  endfacet
  facet normal -0.899962 0 -0.435969
    outer loop
      vertex -1.36821 14 3.31848
      vertex -1.3847 14.6 3.35252
      vertex -1.36821 14.6 3.31848
    endloop
  endfacet
  facet normal -0.899962 -0 -0.435969
    outer loop
      vertex -1.3847 14.6 3.35252
      vertex -1.36821 14 3.31848
      vertex -1.3847 14 3.35252
    endloop
  endfacet
  facet normal -0.847907 0 -0.530145
    outer loop
      vertex -1.3847 14 3.35252
      vertex -1.40422 14.6 3.38374
      vertex -1.3847 14.6 3.35252
    endloop
  endfacet
  facet normal -0.847907 -0 -0.530145
    outer loop
      vertex -1.40422 14.6 3.38374
      vertex -1.3847 14 3.35252
      vertex -1.40422 14 3.38374
    endloop
  endfacet
  facet normal -0.783368 0 -0.621558
    outer loop
      vertex -1.40422 14 3.38374
      vertex -1.42673 14.6 3.41211
      vertex -1.40422 14.6 3.38374
    endloop
  endfacet
  facet normal -0.783368 -0 -0.621558
    outer loop
      vertex -1.42673 14.6 3.41211
      vertex -1.40422 14 3.38374
      vertex -1.42673 14 3.41211
    endloop
  endfacet
  facet normal -0.707799 0 -0.706414
    outer loop
      vertex -1.42673 14 3.41211
      vertex -1.45222 14.6 3.43765
      vertex -1.42673 14.6 3.41211
    endloop
  endfacet
  facet normal -0.707799 -0 -0.706414
    outer loop
      vertex -1.45222 14.6 3.43765
      vertex -1.42673 14 3.41211
      vertex -1.45222 14 3.43765
    endloop
  endfacet
  facet normal -0.627952 0 -0.778252
    outer loop
      vertex -1.48044 14 3.46042
      vertex -1.45222 14.6 3.43765
      vertex -1.45222 14 3.43765
    endloop
  endfacet
  facet normal -0.627952 0 -0.778252
    outer loop
      vertex -1.45222 14.6 3.43765
      vertex -1.48044 14 3.46042
      vertex -1.48044 14.6 3.46042
    endloop
  endfacet
  facet normal -0.548507 0 -0.836146
    outer loop
      vertex -1.51105 14 3.4805
      vertex -1.48044 14.6 3.46042
      vertex -1.48044 14 3.46042
    endloop
  endfacet
  facet normal -0.548507 0 -0.836146
    outer loop
      vertex -1.48044 14.6 3.46042
      vertex -1.51105 14 3.4805
      vertex -1.51105 14.6 3.4805
    endloop
  endfacet
  facet normal -0.466287 0 -0.884633
    outer loop
      vertex -1.54408 14 3.49791
      vertex -1.51105 14.6 3.4805
      vertex -1.51105 14 3.4805
    endloop
  endfacet
  facet normal -0.466287 0 -0.884633
    outer loop
      vertex -1.51105 14.6 3.4805
      vertex -1.54408 14 3.49791
      vertex -1.54408 14.6 3.49791
    endloop
  endfacet
  facet normal -0.383931 0 -0.923362
    outer loop
      vertex -1.57953 14 3.51265
      vertex -1.54408 14.6 3.49791
      vertex -1.54408 14 3.49791
    endloop
  endfacet
  facet normal -0.383931 0 -0.923362
    outer loop
      vertex -1.54408 14.6 3.49791
      vertex -1.57953 14 3.51265
      vertex -1.57953 14.6 3.51265
    endloop
  endfacet
  facet normal -0.303432 0 -0.952853
    outer loop
      vertex -1.61737 14 3.5247
      vertex -1.57953 14.6 3.51265
      vertex -1.57953 14 3.51265
    endloop
  endfacet
  facet normal -0.303432 0 -0.952853
    outer loop
      vertex -1.57953 14.6 3.51265
      vertex -1.61737 14 3.5247
      vertex -1.61737 14.6 3.5247
    endloop
  endfacet
  facet normal -0.226626 0 -0.973982
    outer loop
      vertex -1.65764 14 3.53407
      vertex -1.61737 14.6 3.5247
      vertex -1.61737 14 3.5247
    endloop
  endfacet
  facet normal -0.226626 0 -0.973982
    outer loop
      vertex -1.61737 14.6 3.5247
      vertex -1.65764 14 3.53407
      vertex -1.65764 14.6 3.53407
    endloop
  endfacet
  facet normal -0.155083 0 -0.987901
    outer loop
      vertex -1.70032 14 3.54077
      vertex -1.65764 14.6 3.53407
      vertex -1.65764 14 3.53407
    endloop
  endfacet
  facet normal -0.155083 0 -0.987901
    outer loop
      vertex -1.65764 14.6 3.53407
      vertex -1.70032 14 3.54077
      vertex -1.70032 14.6 3.54077
    endloop
  endfacet
  facet normal -0.0885836 0 -0.996069
    outer loop
      vertex -1.74541 14 3.54478
      vertex -1.70032 14.6 3.54077
      vertex -1.70032 14 3.54077
    endloop
  endfacet
  facet normal -0.0885836 0 -0.996069
    outer loop
      vertex -1.70032 14.6 3.54077
      vertex -1.74541 14 3.54478
      vertex -1.74541 14.6 3.54478
    endloop
  endfacet
  facet normal -0.0284096 0 -0.999596
    outer loop
      vertex -1.79291 14 3.54613
      vertex -1.74541 14.6 3.54478
      vertex -1.74541 14 3.54478
    endloop
  endfacet
  facet normal -0.0284096 0 -0.999596
    outer loop
      vertex -1.74541 14.6 3.54478
      vertex -1.79291 14 3.54613
      vertex -1.79291 14.6 3.54613
    endloop
  endfacet
  facet normal 0.057897 0 -0.998323
    outer loop
      vertex -1.88654 14 3.5407
      vertex -1.79291 14.6 3.54613
      vertex -1.79291 14 3.54613
    endloop
  endfacet
  facet normal 0.057897 0 -0.998323
    outer loop
      vertex -1.79291 14.6 3.54613
      vertex -1.88654 14 3.5407
      vertex -1.88654 14.6 3.5407
    endloop
  endfacet
  facet normal 0.190548 0 -0.981678
    outer loop
      vertex -1.97067 14 3.52437
      vertex -1.88654 14.6 3.5407
      vertex -1.88654 14 3.5407
    endloop
  endfacet
  facet normal 0.190548 0 -0.981678
    outer loop
      vertex -1.88654 14.6 3.5407
      vertex -1.97067 14 3.52437
      vertex -1.97067 14.6 3.52437
    endloop
  endfacet
  facet normal 0.342198 0 -0.939628
    outer loop
      vertex -2.04533 14 3.49718
      vertex -1.97067 14.6 3.52437
      vertex -1.97067 14 3.52437
    endloop
  endfacet
  facet normal 0.342198 0 -0.939628
    outer loop
      vertex -1.97067 14.6 3.52437
      vertex -2.04533 14 3.49718
      vertex -2.04533 14.6 3.49718
    endloop
  endfacet
  facet normal 0.504406 0 -0.863466
    outer loop
      vertex -2.1105 14 3.45911
      vertex -2.04533 14.6 3.49718
      vertex -2.04533 14 3.49718
    endloop
  endfacet
  facet normal 0.504406 0 -0.863466
    outer loop
      vertex -2.04533 14.6 3.49718
      vertex -2.1105 14 3.45911
      vertex -2.1105 14.6 3.45911
    endloop
  endfacet
  facet normal 0.66005 0 -0.751222
    outer loop
      vertex -2.1662 14 3.41017
      vertex -2.1105 14.6 3.45911
      vertex -2.1105 14 3.45911
    endloop
  endfacet
  facet normal 0.66005 0 -0.751222
    outer loop
      vertex -2.1105 14.6 3.45911
      vertex -2.1662 14 3.41017
      vertex -2.1662 14.6 3.41017
    endloop
  endfacet
  facet normal 0.791364 0 -0.611346
    outer loop
      vertex -2.1662 14 3.41017
      vertex -2.21242 14.6 3.35034
      vertex -2.1662 14.6 3.41017
    endloop
  endfacet
  facet normal 0.791364 0 -0.611346
    outer loop
      vertex -2.21242 14.6 3.35034
      vertex -2.1662 14 3.41017
      vertex -2.21242 14 3.35034
    endloop
  endfacet
  facet normal 0.887365 0 -0.461068
    outer loop
      vertex -2.21242 14 3.35034
      vertex -2.24915 14.6 3.27965
      vertex -2.21242 14.6 3.35034
    endloop
  endfacet
  facet normal 0.887365 0 -0.461068
    outer loop
      vertex -2.24915 14.6 3.27965
      vertex -2.21242 14 3.35034
      vertex -2.24915 14 3.27965
    endloop
  endfacet
  facet normal 0.948555 0 -0.316611
    outer loop
      vertex -2.24915 14 3.27965
      vertex -2.27638 14.6 3.19807
      vertex -2.24915 14.6 3.27965
    endloop
  endfacet
  facet normal 0.948555 0 -0.316611
    outer loop
      vertex -2.27638 14.6 3.19807
      vertex -2.24915 14 3.27965
      vertex -2.27638 14 3.19807
    endloop
  endfacet
  facet normal 0.982044 0 -0.188654
    outer loop
      vertex -2.27638 14 3.19807
      vertex -2.29414 14.6 3.10562
      vertex -2.27638 14.6 3.19807
    endloop
  endfacet
  facet normal 0.982044 0 -0.188654
    outer loop
      vertex -2.29414 14.6 3.10562
      vertex -2.27638 14 3.19807
      vertex -2.29414 14 3.10562
    endloop
  endfacet
  facet normal -0.0870923 0 -0.9962
    outer loop
      vertex -2.91479 14 3.15988
      vertex -2.29414 14.6 3.10562
      vertex -2.29414 14 3.10562
    endloop
  endfacet
  facet normal -0.0870923 0 -0.9962
    outer loop
      vertex -2.29414 14.6 3.10562
      vertex -2.91479 14 3.15988
      vertex -2.91479 14.6 3.15988
    endloop
  endfacet
  facet normal -0.988652 0 0.150226
    outer loop
      vertex -2.91479 14 3.15988
      vertex -2.90073 14.6 3.25241
      vertex -2.91479 14.6 3.15988
    endloop
  endfacet
  facet normal -0.988652 0 0.150226
    outer loop
      vertex -2.90073 14.6 3.25241
      vertex -2.91479 14 3.15988
      vertex -2.90073 14 3.25241
    endloop
  endfacet
  facet normal -0.974843 0 0.222891
    outer loop
      vertex -2.90073 14 3.25241
      vertex -2.88071 14.6 3.33997
      vertex -2.90073 14.6 3.25241
    endloop
  endfacet
  facet normal -0.974843 0 0.222891
    outer loop
      vertex -2.88071 14.6 3.33997
      vertex -2.90073 14 3.25241
      vertex -2.88071 14 3.33997
    endloop
  endfacet
  facet normal -0.954004 0 0.299794
    outer loop
      vertex -2.88071 14 3.33997
      vertex -2.85475 14.6 3.42258
      vertex -2.88071 14.6 3.33997
    endloop
  endfacet
  facet normal -0.954004 0 0.299794
    outer loop
      vertex -2.85475 14.6 3.42258
      vertex -2.88071 14 3.33997
      vertex -2.85475 14 3.42258
    endloop
  endfacet
  facet normal -0.924986 0 0.380001
    outer loop
      vertex -2.85475 14 3.42258
      vertex -2.82285 14.6 3.50023
      vertex -2.85475 14.6 3.42258
    endloop
  endfacet
  facet normal -0.924986 0 0.380001
    outer loop
      vertex -2.82285 14.6 3.50023
      vertex -2.85475 14 3.42258
      vertex -2.82285 14 3.50023
    endloop
  endfacet
  facet normal -0.886911 0 0.46194
    outer loop
      vertex -2.82285 14 3.50023
      vertex -2.78499 14.6 3.57292
      vertex -2.82285 14.6 3.50023
    endloop
  endfacet
  facet normal -0.886911 0 0.46194
    outer loop
      vertex -2.78499 14.6 3.57292
      vertex -2.82285 14 3.50023
      vertex -2.78499 14 3.57292
    endloop
  endfacet
  facet normal -0.83973 0 0.543005
    outer loop
      vertex -2.78499 14 3.57292
      vertex -2.74118 14.6 3.64067
      vertex -2.78499 14.6 3.57292
    endloop
  endfacet
  facet normal -0.83973 0 0.543005
    outer loop
      vertex -2.74118 14.6 3.64067
      vertex -2.78499 14 3.57292
      vertex -2.74118 14 3.64067
    endloop
  endfacet
  facet normal -0.783734 0 0.621096
    outer loop
      vertex -2.74118 14 3.64067
      vertex -2.69142 14.6 3.70346
      vertex -2.74118 14.6 3.64067
    endloop
  endfacet
  facet normal -0.783734 0 0.621096
    outer loop
      vertex -2.69142 14.6 3.70346
      vertex -2.74118 14 3.64067
      vertex -2.69142 14 3.70346
    endloop
  endfacet
  facet normal -0.720309 0 0.693654
    outer loop
      vertex -2.69142 14 3.70346
      vertex -2.63573 14.6 3.76129
      vertex -2.69142 14.6 3.70346
    endloop
  endfacet
  facet normal -0.720309 0 0.693654
    outer loop
      vertex -2.63573 14.6 3.76129
      vertex -2.69142 14 3.70346
      vertex -2.63573 14 3.76129
    endloop
  endfacet
  facet normal -0.650984 0 0.759091
    outer loop
      vertex -2.63573 14.6 3.76129
      vertex -2.57408 14 3.81416
      vertex -2.57408 14.6 3.81416
    endloop
  endfacet
  facet normal -0.650984 0 0.759091
    outer loop
      vertex -2.57408 14 3.81416
      vertex -2.63573 14.6 3.76129
      vertex -2.63573 14 3.76129
    endloop
  endfacet
  facet normal -0.578533 0 0.815659
    outer loop
      vertex -2.57408 14.6 3.81416
      vertex -2.50697 14 3.86176
      vertex -2.50697 14.6 3.86176
    endloop
  endfacet
  facet normal -0.578533 0 0.815659
    outer loop
      vertex -2.50697 14 3.86176
      vertex -2.57408 14.6 3.81416
      vertex -2.57408 14 3.81416
    endloop
  endfacet
  facet normal -0.503364 0 0.864074
    outer loop
      vertex -2.50697 14.6 3.86176
      vertex -2.43489 14 3.90375
      vertex -2.43489 14.6 3.90375
    endloop
  endfacet
  facet normal -0.503364 0 0.864074
    outer loop
      vertex -2.43489 14 3.90375
      vertex -2.50697 14.6 3.86176
      vertex -2.50697 14 3.86176
    endloop
  endfacet
  facet normal -0.426876 0 0.90431
    outer loop
      vertex -2.43489 14.6 3.90375
      vertex -2.3578 14 3.94014
      vertex -2.3578 14.6 3.94014
    endloop
  endfacet
  facet normal -0.426876 0 0.90431
    outer loop
      vertex -2.3578 14 3.94014
      vertex -2.43489 14.6 3.90375
      vertex -2.43489 14 3.90375
    endloop
  endfacet
  facet normal -0.351374 0 0.936235
    outer loop
      vertex -2.3578 14.6 3.94014
      vertex -2.27576 14 3.97093
      vertex -2.27576 14.6 3.97093
    endloop
  endfacet
  facet normal -0.351374 0 0.936235
    outer loop
      vertex -2.27576 14 3.97093
      vertex -2.3578 14.6 3.94014
      vertex -2.3578 14 3.94014
    endloop
  endfacet
  facet normal -0.27797 0 0.96059
    outer loop
      vertex -2.27576 14.6 3.97093
      vertex -2.18871 14 3.99612
      vertex -2.18871 14.6 3.99612
    endloop
  endfacet
  facet normal -0.27797 0 0.96059
    outer loop
      vertex -2.18871 14 3.99612
      vertex -2.27576 14.6 3.97093
      vertex -2.27576 14 3.97093
    endloop
  endfacet
  facet normal -0.208324 0 0.97806
    outer loop
      vertex -2.18871 14.6 3.99612
      vertex -2.09669 14 4.01572
      vertex -2.09669 14.6 4.01572
    endloop
  endfacet
  facet normal -0.208324 0 0.97806
    outer loop
      vertex -2.09669 14 4.01572
      vertex -2.18871 14.6 3.99612
      vertex -2.18871 14 3.99612
    endloop
  endfacet
  facet normal -0.142735 0 0.989761
    outer loop
      vertex -2.09669 14.6 4.01572
      vertex -1.99968 14 4.02971
      vertex -1.99968 14.6 4.02971
    endloop
  endfacet
  facet normal -0.142735 0 0.989761
    outer loop
      vertex -1.99968 14 4.02971
      vertex -2.09669 14.6 4.01572
      vertex -2.09669 14 4.01572
    endloop
  endfacet
  facet normal -0.0821801 0 0.996617
    outer loop
      vertex -1.99968 14.6 4.02971
      vertex -1.89769 14 4.03812
      vertex -1.89769 14.6 4.03812
    endloop
  endfacet
  facet normal -0.0821801 0 0.996617
    outer loop
      vertex -1.89769 14 4.03812
      vertex -1.99968 14.6 4.02971
      vertex -1.99968 14 4.02971
    endloop
  endfacet
  facet normal -0.0260756 0 0.99966
    outer loop
      vertex -1.89769 14.6 4.03812
      vertex -1.79073 14 4.04091
      vertex -1.79073 14.6 4.04091
    endloop
  endfacet
  facet normal -0.0260756 0 0.99966
    outer loop
      vertex -1.79073 14 4.04091
      vertex -1.89769 14.6 4.03812
      vertex -1.89769 14 4.03812
    endloop
  endfacet
  facet normal 0.0256122 0 0.999672
    outer loop
      vertex -1.79073 14.6 4.04091
      vertex -1.67793 14 4.03802
      vertex -1.67793 14.6 4.03802
    endloop
  endfacet
  facet normal 0.0256122 0 0.999672
    outer loop
      vertex -1.67793 14 4.03802
      vertex -1.79073 14.6 4.04091
      vertex -1.79073 14 4.04091
    endloop
  endfacet
  facet normal 0.0809461 0 0.996718
    outer loop
      vertex 4.35561 14.6 4.03802
      vertex 4.46249 14 4.02934
      vertex 4.46249 14.6 4.02934
    endloop
  endfacet
  facet normal 0.0809461 0 0.996718
    outer loop
      vertex 4.46249 14 4.02934
      vertex 4.35561 14.6 4.03802
      vertex 4.35561 14 4.03802
    endloop
  endfacet
  facet normal 0.141723 0 0.989906
    outer loop
      vertex 4.46249 14.6 4.02934
      vertex 4.56349 14 4.01488
      vertex 4.56349 14.6 4.01488
    endloop
  endfacet
  facet normal 0.141723 0 0.989906
    outer loop
      vertex 4.56349 14 4.01488
      vertex 4.46249 14.6 4.02934
      vertex 4.46249 14 4.02934
    endloop
  endfacet
  facet normal 0.20844 0 0.978035
    outer loop
      vertex 4.56349 14.6 4.01488
      vertex 4.6586 14 3.99461
      vertex 4.6586 14.6 3.99461
    endloop
  endfacet
  facet normal 0.20844 0 0.978035
    outer loop
      vertex 4.6586 14 3.99461
      vertex 4.56349 14.6 4.01488
      vertex 4.56349 14 4.01488
    endloop
  endfacet
  facet normal 0.280132 0 0.959961
    outer loop
      vertex 4.6586 14.6 3.99461
      vertex 4.7478 14 3.96858
      vertex 4.7478 14.6 3.96858
    endloop
  endfacet
  facet normal 0.280132 0 0.959961
    outer loop
      vertex 4.7478 14 3.96858
      vertex 4.6586 14.6 3.99461
      vertex 4.6586 14 3.99461
    endloop
  endfacet
  facet normal 0.35683 0 0.934169
    outer loop
      vertex 4.7478 14.6 3.96858
      vertex 4.83113 14 3.93675
      vertex 4.83113 14.6 3.93675
    endloop
  endfacet
  facet normal 0.35683 0 0.934169
    outer loop
      vertex 4.83113 14 3.93675
      vertex 4.7478 14.6 3.96858
      vertex 4.7478 14 3.96858
    endloop
  endfacet
  facet normal 0.437006 0 0.899459
    outer loop
      vertex 4.83113 14.6 3.93675
      vertex 4.90854 14 3.89914
      vertex 4.90854 14.6 3.89914
    endloop
  endfacet
  facet normal 0.437006 0 0.899459
    outer loop
      vertex 4.90854 14 3.89914
      vertex 4.83113 14.6 3.93675
      vertex 4.83113 14 3.93675
    endloop
  endfacet
  facet normal 0.518813 0 0.854888
    outer loop
      vertex 4.90854 14.6 3.89914
      vertex 4.98007 14 3.85573
      vertex 4.98007 14.6 3.85573
    endloop
  endfacet
  facet normal 0.518813 0 0.854888
    outer loop
      vertex 4.98007 14 3.85573
      vertex 4.90854 14.6 3.89914
      vertex 4.90854 14 3.89914
    endloop
  endfacet
  facet normal 0.599668 0 0.800249
    outer loop
      vertex 4.98007 14.6 3.85573
      vertex 5.0457 14 3.80655
      vertex 5.0457 14.6 3.80655
    endloop
  endfacet
  facet normal 0.599668 0 0.800249
    outer loop
      vertex 5.0457 14 3.80655
      vertex 4.98007 14.6 3.85573
      vertex 4.98007 14 3.85573
    endloop
  endfacet
  facet normal 0.677366 0 0.735646
    outer loop
      vertex 5.0457 14.6 3.80655
      vertex 5.1049 14 3.75204
      vertex 5.1049 14.6 3.75204
    endloop
  endfacet
  facet normal 0.677366 0 0.735646
    outer loop
      vertex 5.1049 14 3.75204
      vertex 5.0457 14.6 3.80655
      vertex 5.0457 14 3.80655
    endloop
  endfacet
  facet normal 0.750355 -0 0.661036
    outer loop
      vertex 5.1049 14 3.75204
      vertex 5.15715 14.6 3.69273
      vertex 5.1049 14.6 3.75204
    endloop
  endfacet
  facet normal 0.750355 0 0.661036
    outer loop
      vertex 5.15715 14.6 3.69273
      vertex 5.1049 14 3.75204
      vertex 5.15715 14 3.69273
    endloop
  endfacet
  facet normal 0.816957 -0 0.576698
    outer loop
      vertex 5.15715 14 3.69273
      vertex 5.20242 14.6 3.6286
      vertex 5.15715 14.6 3.69273
    endloop
  endfacet
  facet normal 0.816957 0 0.576698
    outer loop
      vertex 5.20242 14.6 3.6286
      vertex 5.15715 14 3.69273
      vertex 5.20242 14 3.6286
    endloop
  endfacet
  facet normal 0.87408 -0 0.485783
    outer loop
      vertex 5.20242 14 3.6286
      vertex 5.24074 14.6 3.55965
      vertex 5.20242 14.6 3.6286
    endloop
  endfacet
  facet normal 0.87408 0 0.485783
    outer loop
      vertex 5.24074 14.6 3.55965
      vertex 5.20242 14 3.6286
      vertex 5.24074 14 3.55965
    endloop
  endfacet
  facet normal 0.920379 -0 0.391027
    outer loop
      vertex 5.24074 14 3.55965
      vertex 5.27209 14.6 3.48586
      vertex 5.24074 14.6 3.55965
    endloop
  endfacet
  facet normal 0.920379 0 0.391027
    outer loop
      vertex 5.27209 14.6 3.48586
      vertex 5.24074 14 3.55965
      vertex 5.27209 14 3.48586
    endloop
  endfacet
  facet normal 0.955144 -0 0.296143
    outer loop
      vertex 5.27209 14 3.48586
      vertex 5.29646 14.6 3.40726
      vertex 5.27209 14.6 3.48586
    endloop
  endfacet
  facet normal 0.955144 0 0.296143
    outer loop
      vertex 5.29646 14.6 3.40726
      vertex 5.27209 14 3.48586
      vertex 5.29646 14 3.40726
    endloop
  endfacet
  facet normal 0.978861 -0 0.204526
    outer loop
      vertex 5.29646 14 3.40726
      vertex 5.31389 14.6 3.32384
      vertex 5.29646 14.6 3.40726
    endloop
  endfacet
  facet normal 0.978861 0 0.204526
    outer loop
      vertex 5.31389 14.6 3.32384
      vertex 5.29646 14 3.40726
      vertex 5.31389 14 3.32384
    endloop
  endfacet
  facet normal 0.993077 -0 0.117468
    outer loop
      vertex 5.31389 14 3.32384
      vertex 5.32433 14.6 3.23558
      vertex 5.31389 14.6 3.32384
    endloop
  endfacet
  facet normal 0.993077 0 0.117468
    outer loop
      vertex 5.32433 14.6 3.23558
      vertex 5.31389 14 3.32384
      vertex 5.32433 14 3.23558
    endloop
  endfacet
  facet normal 0.999298 -0 0.0374763
    outer loop
      vertex 5.32433 14 3.23558
      vertex 5.32782 14.6 3.14252
      vertex 5.32433 14.6 3.23558
    endloop
  endfacet
  facet normal 0.999298 0 0.0374763
    outer loop
      vertex 5.32782 14.6 3.14252
      vertex 5.32433 14 3.23558
      vertex 5.32782 14 3.14252
    endloop
  endfacet
  facet normal 0.999333 0 -0.0365287
    outer loop
      vertex 5.32782 14 3.14252
      vertex 5.32547 14.6 3.07823
      vertex 5.32782 14.6 3.14252
    endloop
  endfacet
  facet normal 0.999333 0 -0.0365287
    outer loop
      vertex 5.32547 14.6 3.07823
      vertex 5.32782 14 3.14252
      vertex 5.32547 14 3.07823
    endloop
  endfacet
  facet normal 0.993565 0 -0.11326
    outer loop
      vertex 5.32547 14 3.07823
      vertex 5.31844 14.6 3.01656
      vertex 5.32547 14.6 3.07823
    endloop
  endfacet
  facet normal 0.993565 0 -0.11326
    outer loop
      vertex 5.31844 14.6 3.01656
      vertex 5.32547 14 3.07823
      vertex 5.31844 14 3.01656
    endloop
  endfacet
  facet normal 0.980892 0 -0.194552
    outer loop
      vertex 5.31844 14 3.01656
      vertex 5.30672 14.6 2.95747
      vertex 5.31844 14.6 3.01656
    endloop
  endfacet
  facet normal 0.980892 0 -0.194552
    outer loop
      vertex 5.30672 14.6 2.95747
      vertex 5.31844 14 3.01656
      vertex 5.30672 14 2.95747
    endloop
  endfacet
  facet normal 0.960243 0 -0.279164
    outer loop
      vertex 5.30672 14 2.95747
      vertex 5.2903 14.6 2.90099
      vertex 5.30672 14.6 2.95747
    endloop
  endfacet
  facet normal 0.960243 0 -0.279164
    outer loop
      vertex 5.2903 14.6 2.90099
      vertex 5.30672 14 2.95747
      vertex 5.2903 14 2.90099
    endloop
  endfacet
  facet normal 0.931205 0 -0.364497
    outer loop
      vertex 5.2903 14 2.90099
      vertex 5.26921 14.6 2.84711
      vertex 5.2903 14.6 2.90099
    endloop
  endfacet
  facet normal 0.931205 0 -0.364497
    outer loop
      vertex 5.26921 14.6 2.84711
      vertex 5.2903 14 2.90099
      vertex 5.26921 14 2.84711
    endloop
  endfacet
  facet normal 0.893415 0 -0.449233
    outer loop
      vertex 5.26921 14 2.84711
      vertex 5.24342 14.6 2.79582
      vertex 5.26921 14.6 2.84711
    endloop
  endfacet
  facet normal 0.893415 0 -0.449233
    outer loop
      vertex 5.24342 14.6 2.79582
      vertex 5.26921 14 2.84711
      vertex 5.24342 14 2.79582
    endloop
  endfacet
  facet normal 0.847617 0 -0.530609
    outer loop
      vertex 5.24342 14 2.79582
      vertex 5.21294 14.6 2.74713
      vertex 5.24342 14.6 2.79582
    endloop
  endfacet
  facet normal 0.847617 0 -0.530609
    outer loop
      vertex 5.21294 14.6 2.74713
      vertex 5.24342 14 2.79582
      vertex 5.21294 14 2.74713
    endloop
  endfacet
  facet normal 0.795131 0 -0.606438
    outer loop
      vertex 5.21294 14 2.74713
      vertex 5.17778 14.6 2.70103
      vertex 5.21294 14.6 2.74713
    endloop
  endfacet
  facet normal 0.795131 0 -0.606438
    outer loop
      vertex 5.17778 14.6 2.70103
      vertex 5.21294 14 2.74713
      vertex 5.17778 14 2.70103
    endloop
  endfacet
  facet normal 0.737126 0 -0.675755
    outer loop
      vertex 5.17778 14 2.70103
      vertex 5.13792 14.6 2.65755
      vertex 5.17778 14.6 2.70103
    endloop
  endfacet
  facet normal 0.737126 0 -0.675755
    outer loop
      vertex 5.13792 14.6 2.65755
      vertex 5.17778 14 2.70103
      vertex 5.13792 14 2.65755
    endloop
  endfacet
  facet normal 0.674384 0 -0.738381
    outer loop
      vertex 5.09373 14 2.61719
      vertex 5.13792 14.6 2.65755
      vertex 5.13792 14 2.65755
    endloop
  endfacet
  facet normal 0.674384 0 -0.738381
    outer loop
      vertex 5.13792 14.6 2.65755
      vertex 5.09373 14 2.61719
      vertex 5.09373 14.6 2.61719
    endloop
  endfacet
  facet normal 0.605824 0 -0.795599
    outer loop
      vertex 5.04556 14 2.58051
      vertex 5.09373 14.6 2.61719
      vertex 5.09373 14 2.61719
    endloop
  endfacet
  facet normal 0.605824 0 -0.795599
    outer loop
      vertex 5.09373 14.6 2.61719
      vertex 5.04556 14 2.58051
      vertex 5.04556 14.6 2.58051
    endloop
  endfacet
  facet normal 0.535041 0 -0.844826
    outer loop
      vertex 4.99339 14 2.54747
      vertex 5.04556 14.6 2.58051
      vertex 5.04556 14 2.58051
    endloop
  endfacet
  facet normal 0.535041 0 -0.844826
    outer loop
      vertex 5.04556 14.6 2.58051
      vertex 4.99339 14 2.54747
      vertex 4.99339 14.6 2.54747
    endloop
  endfacet
  facet normal 0.463051 0 -0.886331
    outer loop
      vertex 4.93723 14 2.51813
      vertex 4.99339 14.6 2.54747
      vertex 4.99339 14 2.54747
    endloop
  endfacet
  facet normal 0.463051 0 -0.886331
    outer loop
      vertex 4.99339 14.6 2.54747
      vertex 4.93723 14 2.51813
      vertex 4.93723 14.6 2.51813
    endloop
  endfacet
  facet normal 0.392516 0 -0.919745
    outer loop
      vertex 4.87708 14 2.49246
      vertex 4.93723 14.6 2.51813
      vertex 4.93723 14 2.51813
    endloop
  endfacet
  facet normal 0.392516 0 -0.919745
    outer loop
      vertex 4.93723 14.6 2.51813
      vertex 4.87708 14 2.49246
      vertex 4.87708 14.6 2.49246
    endloop
  endfacet
  facet normal 0.324664 0 -0.94583
    outer loop
      vertex 4.81293 14 2.47044
      vertex 4.87708 14.6 2.49246
      vertex 4.87708 14 2.49246
    endloop
  endfacet
  facet normal 0.324664 0 -0.94583
    outer loop
      vertex 4.87708 14.6 2.49246
      vertex 4.81293 14 2.47044
      vertex 4.81293 14.6 2.47044
    endloop
  endfacet
  facet normal 0.259938 0 -0.965625
    outer loop
      vertex 4.7448 14 2.4521
      vertex 4.81293 14.6 2.47044
      vertex 4.81293 14 2.47044
    endloop
  endfacet
  facet normal 0.259938 0 -0.965625
    outer loop
      vertex 4.81293 14.6 2.47044
      vertex 4.7448 14 2.4521
      vertex 4.7448 14.6 2.4521
    endloop
  endfacet
  facet normal 0.199172 0 -0.979965
    outer loop
      vertex 4.67267 14 2.43744
      vertex 4.7448 14.6 2.4521
      vertex 4.7448 14 2.4521
    endloop
  endfacet
  facet normal 0.199172 0 -0.979965
    outer loop
      vertex 4.7448 14.6 2.4521
      vertex 4.67267 14 2.43744
      vertex 4.67267 14.6 2.43744
    endloop
  endfacet
  facet normal 0.143005 0 -0.989722
    outer loop
      vertex 4.59654 14 2.42644
      vertex 4.67267 14.6 2.43744
      vertex 4.67267 14 2.43744
    endloop
  endfacet
  facet normal 0.143005 0 -0.989722
    outer loop
      vertex 4.67267 14.6 2.43744
      vertex 4.59654 14 2.42644
      vertex 4.59654 14.6 2.42644
    endloop
  endfacet
  facet normal 1 -0 0
    outer loop
      vertex 4.59654 14 2.42644
      vertex 4.59654 14.6 2.41776
      vertex 4.59654 14.6 2.42644
    endloop
  endfacet
  facet normal 1 0 0
    outer loop
      vertex 4.59654 14.6 2.41776
      vertex 4.59654 14 2.42644
      vertex 4.59654 14 2.41776
    endloop
  endfacet
  facet normal 0.214079 0 0.976816
    outer loop
      vertex 4.59654 14.6 2.41776
      vertex 4.66512 14 2.40273
      vertex 4.66512 14.6 2.40273
    endloop
  endfacet
  facet normal 0.214079 0 0.976816
    outer loop
      vertex 4.66512 14 2.40273
      vertex 4.59654 14.6 2.41776
      vertex 4.59654 14 2.41776
    endloop
  endfacet
  facet normal 0.26854 0 0.963269
    outer loop
      vertex 4.66512 14.6 2.40273
      vertex 4.73001 14 2.38464
      vertex 4.73001 14.6 2.38464
    endloop
  endfacet
  facet normal 0.26854 0 0.963269
    outer loop
      vertex 4.73001 14 2.38464
      vertex 4.66512 14.6 2.40273
      vertex 4.66512 14 2.40273
    endloop
  endfacet
  facet normal 0.326262 0 0.945279
    outer loop
      vertex 4.73001 14.6 2.38464
      vertex 4.79123 14 2.36351
      vertex 4.79123 14.6 2.36351
    endloop
  endfacet
  facet normal 0.326262 0 0.945279
    outer loop
      vertex 4.79123 14 2.36351
      vertex 4.73001 14.6 2.38464
      vertex 4.73001 14 2.38464
    endloop
  endfacet
  facet normal 0.38757 0 0.92184
    outer loop
      vertex 4.79123 14.6 2.36351
      vertex 4.84879 14 2.33931
      vertex 4.84879 14.6 2.33931
    endloop
  endfacet
  facet normal 0.38757 0 0.92184
    outer loop
      vertex 4.84879 14 2.33931
      vertex 4.79123 14.6 2.36351
      vertex 4.79123 14 2.36351
    endloop
  endfacet
  facet normal 0.451118 0 0.892464
    outer loop
      vertex 4.84879 14.6 2.33931
      vertex 4.90268 14 2.31207
      vertex 4.90268 14.6 2.31207
    endloop
  endfacet
  facet normal 0.451118 0 0.892464
    outer loop
      vertex 4.90268 14 2.31207
      vertex 4.84879 14.6 2.33931
      vertex 4.84879 14 2.33931
    endloop
  endfacet
  facet normal 0.516751 0 0.856136
    outer loop
      vertex 4.90268 14.6 2.31207
      vertex 4.95288 14 2.28177
      vertex 4.95288 14.6 2.28177
    endloop
  endfacet
  facet normal 0.516751 0 0.856136
    outer loop
      vertex 4.95288 14 2.28177
      vertex 4.90268 14.6 2.31207
      vertex 4.90268 14 2.31207
    endloop
  endfacet
  facet normal 0.582427 0 0.812883
    outer loop
      vertex 4.95288 14.6 2.28177
      vertex 4.99944 14 2.24841
      vertex 4.99944 14.6 2.24841
    endloop
  endfacet
  facet normal 0.582427 0 0.812883
    outer loop
      vertex 4.99944 14 2.24841
      vertex 4.95288 14.6 2.28177
      vertex 4.95288 14 2.28177
    endloop
  endfacet
  facet normal 0.647241 0 0.762286
    outer loop
      vertex 4.99944 14.6 2.24841
      vertex 5.04231 14 2.21201
      vertex 5.04231 14.6 2.21201
    endloop
  endfacet
  facet normal 0.647241 0 0.762286
    outer loop
      vertex 5.04231 14 2.21201
      vertex 4.99944 14.6 2.24841
      vertex 4.99944 14 2.24841
    endloop
  endfacet
  facet normal 0.70944 -0 0.704766
    outer loop
      vertex 5.04231 14 2.21201
      vertex 5.08151 14.6 2.17255
      vertex 5.04231 14.6 2.21201
    endloop
  endfacet
  facet normal 0.70944 0 0.704766
    outer loop
      vertex 5.08151 14.6 2.17255
      vertex 5.04231 14 2.21201
      vertex 5.08151 14 2.17255
    endloop
  endfacet
  facet normal 0.767476 -0 0.641077
    outer loop
      vertex 5.08151 14 2.17255
      vertex 5.11681 14.6 2.13029
      vertex 5.08151 14.6 2.17255
    endloop
  endfacet
  facet normal 0.767476 0 0.641077
    outer loop
      vertex 5.11681 14.6 2.13029
      vertex 5.08151 14 2.17255
      vertex 5.11681 14 2.13029
    endloop
  endfacet
  facet normal 0.820883 -0 0.571097
    outer loop
      vertex 5.11681 14 2.13029
      vertex 5.14795 14.6 2.08553
      vertex 5.11681 14.6 2.13029
    endloop
  endfacet
  facet normal 0.820883 0 0.571097
    outer loop
      vertex 5.14795 14.6 2.08553
      vertex 5.11681 14 2.13029
      vertex 5.14795 14 2.08553
    endloop
  endfacet
  facet normal 0.868458 -0 0.495763
    outer loop
      vertex 5.14795 14 2.08553
      vertex 5.17494 14.6 2.03825
      vertex 5.14795 14.6 2.08553
    endloop
  endfacet
  facet normal 0.868458 0 0.495763
    outer loop
      vertex 5.17494 14.6 2.03825
      vertex 5.14795 14 2.08553
      vertex 5.17494 14 2.03825
    endloop
  endfacet
  facet normal 0.908961 -0 0.416881
    outer loop
      vertex 5.17494 14 2.03825
      vertex 5.19778 14.6 1.98845
      vertex 5.17494 14.6 2.03825
    endloop
  endfacet
  facet normal 0.908961 0 0.416881
    outer loop
      vertex 5.19778 14.6 1.98845
      vertex 5.17494 14 2.03825
      vertex 5.19778 14 1.98845
    endloop
  endfacet
  facet normal 0.94166 -0 0.336564
    outer loop
      vertex 5.19778 14 1.98845
      vertex 5.21648 14.6 1.93613
      vertex 5.19778 14.6 1.98845
    endloop
  endfacet
  facet normal 0.94166 0 0.336564
    outer loop
      vertex 5.21648 14.6 1.93613
      vertex 5.19778 14 1.98845
      vertex 5.21648 14 1.93613
    endloop
  endfacet
  facet normal 0.966603 -0 0.25628
    outer loop
      vertex 5.21648 14 1.93613
      vertex 5.23102 14.6 1.88129
      vertex 5.21648 14.6 1.93613
    endloop
  endfacet
  facet normal 0.966603 0 0.25628
    outer loop
      vertex 5.23102 14.6 1.88129
      vertex 5.21648 14 1.93613
      vertex 5.23102 14 1.88129
    endloop
  endfacet
  facet normal 0.984048 -0 0.177904
    outer loop
      vertex 5.23102 14 1.88129
      vertex 5.24139 14.6 1.82393
      vertex 5.23102 14.6 1.88129
    endloop
  endfacet
  facet normal 0.984048 0 0.177904
    outer loop
      vertex 5.24139 14.6 1.82393
      vertex 5.23102 14 1.88129
      vertex 5.24139 14 1.82393
    endloop
  endfacet
  facet normal 0.994631 -0 0.103483
    outer loop
      vertex 5.24139 14 1.82393
      vertex 5.24762 14.6 1.76405
      vertex 5.24139 14.6 1.82393
    endloop
  endfacet
  facet normal 0.994631 0 0.103483
    outer loop
      vertex 5.24762 14.6 1.76405
      vertex 5.24139 14 1.82393
      vertex 5.24762 14 1.76405
    endloop
  endfacet
  facet normal 0.99945 -0 0.0331601
    outer loop
      vertex 5.24762 14 1.76405
      vertex 5.24969 14.6 1.70166
      vertex 5.24762 14.6 1.76405
    endloop
  endfacet
  facet normal 0.99945 0 0.0331601
    outer loop
      vertex 5.24969 14.6 1.70166
      vertex 5.24762 14 1.76405
      vertex 5.24969 14 1.70166
    endloop
  endfacet
  facet normal 0.999197 0 -0.0400548
    outer loop
      vertex 5.24969 14 1.70166
      vertex 5.24637 14.6 1.61884
      vertex 5.24969 14.6 1.70166
    endloop
  endfacet
  facet normal 0.999197 0 -0.0400548
    outer loop
      vertex 5.24637 14.6 1.61884
      vertex 5.24969 14 1.70166
      vertex 5.24637 14 1.61884
    endloop
  endfacet
  facet normal 0.992012 0 -0.126144
    outer loop
      vertex 5.24637 14 1.61884
      vertex 5.23636 14.6 1.54012
      vertex 5.24637 14.6 1.61884
    endloop
  endfacet
  facet normal 0.992012 0 -0.126144
    outer loop
      vertex 5.23636 14.6 1.54012
      vertex 5.24637 14 1.61884
      vertex 5.23636 14 1.54012
    endloop
  endfacet
  facet normal 0.975915 0 -0.218149
    outer loop
      vertex 5.23636 14 1.54012
      vertex 5.21968 14.6 1.4655
      vertex 5.23636 14.6 1.54012
    endloop
  endfacet
  facet normal 0.975915 0 -0.218149
    outer loop
      vertex 5.21968 14.6 1.4655
      vertex 5.23636 14 1.54012
      vertex 5.21968 14 1.4655
    endloop
  endfacet
  facet normal 0.949327 0 -0.314289
    outer loop
      vertex 5.21968 14 1.4655
      vertex 5.19633 14.6 1.39497
      vertex 5.21968 14.6 1.4655
    endloop
  endfacet
  facet normal 0.949327 0 -0.314289
    outer loop
      vertex 5.19633 14.6 1.39497
      vertex 5.21968 14 1.4655
      vertex 5.19633 14 1.39497
    endloop
  endfacet
  facet normal 0.911299 0 -0.411745
    outer loop
      vertex 5.19633 14 1.39497
      vertex 5.16632 14.6 1.32855
      vertex 5.19633 14.6 1.39497
    endloop
  endfacet
  facet normal 0.911299 0 -0.411745
    outer loop
      vertex 5.16632 14.6 1.32855
      vertex 5.19633 14 1.39497
      vertex 5.16632 14 1.32855
    endloop
  endfacet
  facet normal 0.861721 0 -0.507383
    outer loop
      vertex 5.16632 14 1.32855
      vertex 5.12962 14.6 1.26622
      vertex 5.16632 14.6 1.32855
    endloop
  endfacet
  facet normal 0.861721 0 -0.507383
    outer loop
      vertex 5.12962 14.6 1.26622
      vertex 5.16632 14 1.32855
      vertex 5.12962 14 1.26622
    endloop
  endfacet
  facet normal 0.802061 0 -0.597242
    outer loop
      vertex 5.12962 14 1.26622
      vertex 5.08626 14.6 1.20799
      vertex 5.12962 14.6 1.26622
    endloop
  endfacet
  facet normal 0.802061 0 -0.597242
    outer loop
      vertex 5.08626 14.6 1.20799
      vertex 5.12962 14 1.26622
      vertex 5.08626 14 1.20799
    endloop
  endfacet
  facet normal 0.734241 0 -0.678888
    outer loop
      vertex 5.08626 14 1.20799
      vertex 5.03622 14.6 1.15387
      vertex 5.08626 14.6 1.20799
    endloop
  endfacet
  facet normal 0.734241 0 -0.678888
    outer loop
      vertex 5.03622 14.6 1.15387
      vertex 5.08626 14 1.20799
      vertex 5.03622 14 1.15387
    endloop
  endfacet
  facet normal 0.661626 0 -0.749834
    outer loop
      vertex 4.97952 14 1.10384
      vertex 5.03622 14.6 1.15387
      vertex 5.03622 14 1.15387
    endloop
  endfacet
  facet normal 0.661626 0 -0.749834
    outer loop
      vertex 5.03622 14.6 1.15387
      vertex 4.97952 14 1.10384
      vertex 4.97952 14.6 1.10384
    endloop
  endfacet
  facet normal 0.586293 0 -0.810099
    outer loop
      vertex 4.9169 14 1.05852
      vertex 4.97952 14.6 1.10384
      vertex 4.97952 14 1.10384
    endloop
  endfacet
  facet normal 0.586293 0 -0.810099
    outer loop
      vertex 4.97952 14.6 1.10384
      vertex 4.9169 14 1.05852
      vertex 4.9169 14.6 1.05852
    endloop
  endfacet
  facet normal 0.508241 0 -0.861215
    outer loop
      vertex 4.84912 14 1.01852
      vertex 4.9169 14.6 1.05852
      vertex 4.9169 14 1.05852
    endloop
  endfacet
  facet normal 0.508241 0 -0.861215
    outer loop
      vertex 4.9169 14.6 1.05852
      vertex 4.84912 14 1.01852
      vertex 4.84912 14.6 1.01852
    endloop
  endfacet
  facet normal 0.428938 0 -0.903334
    outer loop
      vertex 4.77615 14 0.983871
      vertex 4.84912 14.6 1.01852
      vertex 4.84912 14 1.01852
    endloop
  endfacet
  facet normal 0.428938 0 -0.903334
    outer loop
      vertex 4.84912 14.6 1.01852
      vertex 4.77615 14 0.983871
      vertex 4.77615 14.6 0.983871
    endloop
  endfacet
  facet normal 0.35146 0 -0.936203
    outer loop
      vertex 4.69803 14 0.954544
      vertex 4.77615 14.6 0.983871
      vertex 4.77615 14 0.983871
    endloop
  endfacet
  facet normal 0.35146 0 -0.936203
    outer loop
      vertex 4.77615 14.6 0.983871
      vertex 4.69803 14 0.954544
      vertex 4.69803 14.6 0.954544
    endloop
  endfacet
  facet normal 0.276715 0 -0.960952
    outer loop
      vertex 4.61473 14 0.930557
      vertex 4.69803 14.6 0.954544
      vertex 4.69803 14 0.954544
    endloop
  endfacet
  facet normal 0.276715 0 -0.960952
    outer loop
      vertex 4.69803 14.6 0.954544
      vertex 4.61473 14 0.930557
      vertex 4.61473 14.6 0.930557
    endloop
  endfacet
  facet normal 0.206367 0 -0.978475
    outer loop
      vertex 4.52625 14 0.911896
      vertex 4.61473 14.6 0.930557
      vertex 4.61473 14 0.930557
    endloop
  endfacet
  facet normal 0.206367 0 -0.978475
    outer loop
      vertex 4.61473 14.6 0.930557
      vertex 4.52625 14 0.911896
      vertex 4.52625 14.6 0.911896
    endloop
  endfacet
  facet normal 0.14098 0 -0.990012
    outer loop
      vertex 4.4326 14 0.89856
      vertex 4.52625 14.6 0.911896
      vertex 4.52625 14 0.911896
    endloop
  endfacet
  facet normal 0.14098 0 -0.990012
    outer loop
      vertex 4.52625 14.6 0.911896
      vertex 4.4326 14 0.89856
      vertex 4.4326 14.6 0.89856
    endloop
  endfacet
  facet normal 0.0806593 0 -0.996742
    outer loop
      vertex 4.33379 14 0.890564
      vertex 4.4326 14.6 0.89856
      vertex 4.4326 14 0.89856
    endloop
  endfacet
  facet normal 0.0806593 0 -0.996742
    outer loop
      vertex 4.4326 14.6 0.89856
      vertex 4.33379 14 0.890564
      vertex 4.33379 14.6 0.890564
    endloop
  endfacet
  facet normal 0.025523 0 -0.999674
    outer loop
      vertex 4.2298 14 0.887909
      vertex 4.33379 14.6 0.890564
      vertex 4.33379 14 0.890564
    endloop
  endfacet
  facet normal 0.025523 0 -0.999674
    outer loop
      vertex 4.33379 14.6 0.890564
      vertex 4.2298 14 0.887909
      vertex 4.2298 14.6 0.887909
    endloop
  endfacet
  facet normal -0.0279654 0 -0.999609
    outer loop
      vertex 4.13161 14 0.890656
      vertex 4.2298 14.6 0.887909
      vertex 4.2298 14 0.887909
    endloop
  endfacet
  facet normal -0.0279654 0 -0.999609
    outer loop
      vertex 4.2298 14.6 0.887909
      vertex 4.13161 14 0.890656
      vertex 4.13161 14.6 0.890656
    endloop
  endfacet
  facet normal -0.0878443 0 -0.996134
    outer loop
      vertex 4.03766 14 0.898941
      vertex 4.13161 14.6 0.890656
      vertex 4.13161 14 0.890656
    endloop
  endfacet
  facet normal -0.0878443 0 -0.996134
    outer loop
      vertex 4.13161 14.6 0.890656
      vertex 4.03766 14 0.898941
      vertex 4.03766 14.6 0.898941
    endloop
  endfacet
  facet normal -0.15196 0 -0.988387
    outer loop
      vertex 3.94794 14 0.912735
      vertex 4.03766 14.6 0.898941
      vertex 4.03766 14 0.898941
    endloop
  endfacet
  facet normal -0.15196 0 -0.988387
    outer loop
      vertex 4.03766 14.6 0.898941
      vertex 3.94794 14 0.912735
      vertex 3.94794 14.6 0.912735
    endloop
  endfacet
  facet normal -0.220435 0 -0.975402
    outer loop
      vertex 3.86246 14 0.932053
      vertex 3.94794 14.6 0.912735
      vertex 3.94794 14 0.912735
    endloop
  endfacet
  facet normal -0.220435 0 -0.975402
    outer loop
      vertex 3.94794 14.6 0.912735
      vertex 3.86246 14 0.932053
      vertex 3.86246 14.6 0.932053
    endloop
  endfacet
  facet normal -0.29231 0 -0.956324
    outer loop
      vertex 3.78119 14 0.956894
      vertex 3.86246 14.6 0.932053
      vertex 3.86246 14 0.932053
    endloop
  endfacet
  facet normal -0.29231 0 -0.956324
    outer loop
      vertex 3.86246 14.6 0.932053
      vertex 3.78119 14 0.956894
      vertex 3.78119 14.6 0.956894
    endloop
  endfacet
  facet normal -0.366658 0 -0.930356
    outer loop
      vertex 3.70418 14 0.987244
      vertex 3.78119 14.6 0.956894
      vertex 3.78119 14 0.956894
    endloop
  endfacet
  facet normal -0.366658 0 -0.930356
    outer loop
      vertex 3.78119 14.6 0.956894
      vertex 3.70418 14 0.987244
      vertex 3.70418 14.6 0.987244
    endloop
  endfacet
  facet normal -0.442041 0 -0.896995
    outer loop
      vertex 3.63138 14 1.02312
      vertex 3.70418 14.6 0.987244
      vertex 3.70418 14 0.987244
    endloop
  endfacet
  facet normal -0.442041 0 -0.896995
    outer loop
      vertex 3.70418 14.6 0.987244
      vertex 3.63138 14 1.02312
      vertex 3.63138 14.6 1.02312
    endloop
  endfacet
  facet normal -0.516826 0 -0.856091
    outer loop
      vertex 3.56282 14 1.06451
      vertex 3.63138 14.6 1.02312
      vertex 3.63138 14 1.02312
    endloop
  endfacet
  facet normal -0.516826 0 -0.856091
    outer loop
      vertex 3.63138 14.6 1.02312
      vertex 3.56282 14 1.06451
      vertex 3.56282 14.6 1.06451
    endloop
  endfacet
  facet normal -0.589254 0 -0.807948
    outer loop
      vertex 3.4985 14 1.11142
      vertex 3.56282 14.6 1.06451
      vertex 3.56282 14 1.06451
    endloop
  endfacet
  facet normal -0.589254 0 -0.807948
    outer loop
      vertex 3.56282 14.6 1.06451
      vertex 3.4985 14 1.11142
      vertex 3.4985 14.6 1.11142
    endloop
  endfacet
  facet normal -0.657551 0 -0.75341
    outer loop
      vertex 3.43916 14 1.16321
      vertex 3.4985 14.6 1.11142
      vertex 3.4985 14 1.11142
    endloop
  endfacet
  facet normal -0.657551 0 -0.75341
    outer loop
      vertex 3.4985 14.6 1.11142
      vertex 3.43916 14 1.16321
      vertex 3.43916 14.6 1.16321
    endloop
  endfacet
  facet normal -0.722479 0 -0.691392
    outer loop
      vertex 3.43916 14 1.16321
      vertex 3.38556 14.6 1.21922
      vertex 3.43916 14.6 1.16321
    endloop
  endfacet
  facet normal -0.722479 -0 -0.691392
    outer loop
      vertex 3.38556 14.6 1.21922
      vertex 3.43916 14 1.16321
      vertex 3.38556 14 1.21922
    endloop
  endfacet
  facet normal -0.782906 0 -0.62214
    outer loop
      vertex 3.38556 14 1.21922
      vertex 3.33769 14.6 1.27946
      vertex 3.38556 14.6 1.21922
    endloop
  endfacet
  facet normal -0.782906 -0 -0.62214
    outer loop
      vertex 3.33769 14.6 1.27946
      vertex 3.38556 14 1.21922
      vertex 3.33769 14 1.27946
    endloop
  endfacet
  facet normal -0.837187 0 -0.546917
    outer loop
      vertex 3.33769 14 1.27946
      vertex 3.29556 14.6 1.34395
      vertex 3.33769 14.6 1.27946
    endloop
  endfacet
  facet normal -0.837187 -0 -0.546917
    outer loop
      vertex 3.29556 14.6 1.34395
      vertex 3.33769 14 1.27946
      vertex 3.29556 14 1.34395
    endloop
  endfacet
  facet normal -0.88366 0 -0.46813
    outer loop
      vertex 3.29556 14 1.34395
      vertex 3.25916 14.6 1.41266
      vertex 3.29556 14.6 1.34395
    endloop
  endfacet
  facet normal -0.88366 -0 -0.46813
    outer loop
      vertex 3.25916 14.6 1.41266
      vertex 3.29556 14 1.34395
      vertex 3.25916 14 1.41266
    endloop
  endfacet
  facet normal -0.921842 0 -0.387565
    outer loop
      vertex 3.25916 14 1.41266
      vertex 3.22849 14.6 1.48561
      vertex 3.25916 14.6 1.41266
    endloop
  endfacet
  facet normal -0.921842 -0 -0.387565
    outer loop
      vertex 3.22849 14.6 1.48561
      vertex 3.25916 14 1.41266
      vertex 3.22849 14 1.48561
    endloop
  endfacet
  facet normal -0.951517 0 -0.307597
    outer loop
      vertex 3.22849 14 1.48561
      vertex 3.20354 14.6 1.56279
      vertex 3.22849 14.6 1.48561
    endloop
  endfacet
  facet normal -0.951517 -0 -0.307597
    outer loop
      vertex 3.20354 14.6 1.56279
      vertex 3.22849 14 1.48561
      vertex 3.20354 14 1.56279
    endloop
  endfacet
  facet normal -0.973277 0 -0.229632
    outer loop
      vertex 3.20354 14 1.56279
      vertex 3.18433 14.6 1.64421
      vertex 3.20354 14.6 1.56279
    endloop
  endfacet
  facet normal -0.973277 -0 -0.229632
    outer loop
      vertex 3.18433 14.6 1.64421
      vertex 3.20354 14 1.56279
      vertex 3.18433 14 1.64421
    endloop
  endfacet
  facet normal -0.98784 0 -0.155471
    outer loop
      vertex 3.18433 14 1.64421
      vertex 3.17085 14.6 1.72986
      vertex 3.18433 14.6 1.64421
    endloop
  endfacet
  facet normal -0.98784 -0 -0.155471
    outer loop
      vertex 3.17085 14.6 1.72986
      vertex 3.18433 14 1.64421
      vertex 3.17085 14 1.72986
    endloop
  endfacet
  facet normal -0.0710285 0 0.997474
    outer loop
      vertex 3.17085 14.6 1.72986
      vertex 3.78061 14 1.77328
      vertex 3.78061 14.6 1.77328
    endloop
  endfacet
  facet normal -0.0710285 0 0.997474
    outer loop
      vertex 3.78061 14 1.77328
      vertex 3.17085 14.6 1.72986
      vertex 3.17085 14 1.72986
    endloop
  endfacet
  facet normal 0.992541 -0 0.121908
    outer loop
      vertex 3.78061 14 1.77328
      vertex 3.78569 14.6 1.73192
      vertex 3.78061 14.6 1.77328
    endloop
  endfacet
  facet normal 0.992541 0 0.121908
    outer loop
      vertex 3.78569 14.6 1.73192
      vertex 3.78061 14 1.77328
      vertex 3.78569 14 1.73192
    endloop
  endfacet
  facet normal 0.982119 -0 0.188262
    outer loop
      vertex 3.78569 14 1.73192
      vertex 3.79321 14.6 1.69269
      vertex 3.78569 14.6 1.73192
    endloop
  endfacet
  facet normal 0.982119 0 0.188262
    outer loop
      vertex 3.79321 14.6 1.69269
      vertex 3.78569 14 1.73192
      vertex 3.79321 14 1.69269
    endloop
  endfacet
  facet normal 0.965832 -0 0.25917
    outer loop
      vertex 3.79321 14 1.69269
      vertex 3.80316 14.6 1.65561
      vertex 3.79321 14.6 1.69269
    endloop
  endfacet
  facet normal 0.965832 0 0.25917
    outer loop
      vertex 3.80316 14.6 1.65561
      vertex 3.79321 14 1.69269
      vertex 3.80316 14 1.65561
    endloop
  endfacet
  facet normal 0.942496 -0 0.334217
    outer loop
      vertex 3.80316 14 1.65561
      vertex 3.81555 14.6 1.62067
      vertex 3.80316 14.6 1.65561
    endloop
  endfacet
  facet normal 0.942496 0 0.334217
    outer loop
      vertex 3.81555 14.6 1.62067
      vertex 3.80316 14 1.65561
      vertex 3.81555 14 1.62067
    endloop
  endfacet
  facet normal 0.911145 -0 0.412085
    outer loop
      vertex 3.81555 14 1.62067
      vertex 3.83038 14.6 1.58788
      vertex 3.81555 14.6 1.62067
    endloop
  endfacet
  facet normal 0.911145 0 0.412085
    outer loop
      vertex 3.83038 14.6 1.58788
      vertex 3.81555 14 1.62067
      vertex 3.83038 14 1.58788
    endloop
  endfacet
  facet normal 0.871272 -0 0.490801
    outer loop
      vertex 3.83038 14 1.58788
      vertex 3.84764 14.6 1.55724
      vertex 3.83038 14.6 1.58788
    endloop
  endfacet
  facet normal 0.871272 0 0.490801
    outer loop
      vertex 3.84764 14.6 1.55724
      vertex 3.83038 14 1.58788
      vertex 3.84764 14 1.55724
    endloop
  endfacet
  facet normal 0.822794 -0 0.56834
    outer loop
      vertex 3.84764 14 1.55724
      vertex 3.86734 14.6 1.52872
      vertex 3.84764 14.6 1.55724
    endloop
  endfacet
  facet normal 0.822794 0 0.56834
    outer loop
      vertex 3.86734 14.6 1.52872
      vertex 3.84764 14 1.55724
      vertex 3.86734 14 1.52872
    endloop
  endfacet
  facet normal 0.765619 -0 0.643294
    outer loop
      vertex 3.86734 14 1.52872
      vertex 3.88948 14.6 1.50237
      vertex 3.86734 14.6 1.52872
    endloop
  endfacet
  facet normal 0.765619 0 0.643294
    outer loop
      vertex 3.88948 14.6 1.50237
      vertex 3.86734 14 1.52872
      vertex 3.88948 14 1.50237
    endloop
  endfacet
  facet normal 0.702016 0 0.712161
    outer loop
      vertex 3.88948 14.6 1.50237
      vertex 3.91405 14 1.47815
      vertex 3.91405 14.6 1.47815
    endloop
  endfacet
  facet normal 0.702016 0 0.712161
    outer loop
      vertex 3.91405 14 1.47815
      vertex 3.88948 14.6 1.50237
      vertex 3.88948 14 1.50237
    endloop
  endfacet
  facet normal 0.633664 0 0.773609
    outer loop
      vertex 3.91405 14.6 1.47815
      vertex 3.94075 14 1.45628
      vertex 3.94075 14.6 1.45628
    endloop
  endfacet
  facet normal 0.633664 0 0.773609
    outer loop
      vertex 3.94075 14 1.45628
      vertex 3.91405 14.6 1.47815
      vertex 3.91405 14 1.47815
    endloop
  endfacet
  facet normal 0.560456 0 0.828184
    outer loop
      vertex 3.94075 14.6 1.45628
      vertex 3.96924 14 1.437
      vertex 3.96924 14.6 1.437
    endloop
  endfacet
  facet normal 0.560456 0 0.828184
    outer loop
      vertex 3.96924 14 1.437
      vertex 3.94075 14.6 1.45628
      vertex 3.94075 14 1.45628
    endloop
  endfacet
  facet normal 0.483482 0 0.875354
    outer loop
      vertex 3.96924 14.6 1.437
      vertex 3.99953 14 1.42027
      vertex 3.99953 14.6 1.42027
    endloop
  endfacet
  facet normal 0.483482 0 0.875354
    outer loop
      vertex 3.99953 14 1.42027
      vertex 3.96924 14.6 1.437
      vertex 3.96924 14 1.437
    endloop
  endfacet
  facet normal 0.403226 0 0.9151
    outer loop
      vertex 3.99953 14.6 1.42027
      vertex 4.03162 14 1.40613
      vertex 4.03162 14.6 1.40613
    endloop
  endfacet
  facet normal 0.403226 0 0.9151
    outer loop
      vertex 4.03162 14 1.40613
      vertex 3.99953 14.6 1.42027
      vertex 3.99953 14 1.42027
    endloop
  endfacet
  facet normal 0.32326 0 0.94631
    outer loop
      vertex 4.03162 14.6 1.40613
      vertex 4.06549 14 1.39456
      vertex 4.06549 14.6 1.39456
    endloop
  endfacet
  facet normal 0.32326 0 0.94631
    outer loop
      vertex 4.06549 14 1.39456
      vertex 4.03162 14.6 1.40613
      vertex 4.03162 14 1.40613
    endloop
  endfacet
  facet normal 0.244581 0 0.969629
    outer loop
      vertex 4.06549 14.6 1.39456
      vertex 4.10117 14 1.38556
      vertex 4.10117 14.6 1.38556
    endloop
  endfacet
  facet normal 0.244581 0 0.969629
    outer loop
      vertex 4.10117 14 1.38556
      vertex 4.06549 14.6 1.39456
      vertex 4.06549 14 1.39456
    endloop
  endfacet
  facet normal 0.169431 0 0.985542
    outer loop
      vertex 4.10117 14.6 1.38556
      vertex 4.13863 14 1.37912
      vertex 4.13863 14.6 1.37912
    endloop
  endfacet
  facet normal 0.169431 0 0.985542
    outer loop
      vertex 4.13863 14 1.37912
      vertex 4.10117 14.6 1.38556
      vertex 4.10117 14 1.38556
    endloop
  endfacet
  facet normal 0.097596 0 0.995226
    outer loop
      vertex 4.13863 14.6 1.37912
      vertex 4.17789 14 1.37527
      vertex 4.17789 14.6 1.37527
    endloop
  endfacet
  facet normal 0.097596 0 0.995226
    outer loop
      vertex 4.17789 14 1.37527
      vertex 4.13863 14.6 1.37912
      vertex 4.13863 14 1.37912
    endloop
  endfacet
  facet normal 0.0314019 0 0.999507
    outer loop
      vertex 4.17789 14.6 1.37527
      vertex 4.21895 14 1.37398
      vertex 4.21895 14.6 1.37398
    endloop
  endfacet
  facet normal 0.0314019 0 0.999507
    outer loop
      vertex 4.21895 14 1.37398
      vertex 4.17789 14.6 1.37527
      vertex 4.17789 14 1.37527
    endloop
  endfacet
  facet normal -0.0304555 0 0.999536
    outer loop
      vertex 4.21895 14.6 1.37398
      vertex 4.2626 14 1.37531
      vertex 4.2626 14.6 1.37531
    endloop
  endfacet
  facet normal -0.0304555 0 0.999536
    outer loop
      vertex 4.2626 14 1.37531
      vertex 4.21895 14.6 1.37398
      vertex 4.21895 14 1.37398
    endloop
  endfacet
  facet normal -0.0959697 0 0.995384
    outer loop
      vertex 4.2626 14.6 1.37531
      vertex 4.30388 14 1.37929
      vertex 4.30388 14.6 1.37929
    endloop
  endfacet
  facet normal -0.0959697 0 0.995384
    outer loop
      vertex 4.30388 14 1.37929
      vertex 4.2626 14.6 1.37531
      vertex 4.2626 14 1.37531
    endloop
  endfacet
  facet normal -0.168302 0 0.985735
    outer loop
      vertex 4.30388 14.6 1.37929
      vertex 4.34277 14 1.38593
      vertex 4.34277 14.6 1.38593
    endloop
  endfacet
  facet normal -0.168302 0 0.985735
    outer loop
      vertex 4.34277 14 1.38593
      vertex 4.30388 14.6 1.37929
      vertex 4.30388 14 1.37929
    endloop
  endfacet
  facet normal -0.246158 0 0.96923
    outer loop
      vertex 4.34277 14.6 1.38593
      vertex 4.37927 14 1.3952
      vertex 4.37927 14.6 1.3952
    endloop
  endfacet
  facet normal -0.246158 0 0.96923
    outer loop
      vertex 4.37927 14 1.3952
      vertex 4.34277 14.6 1.38593
      vertex 4.34277 14 1.38593
    endloop
  endfacet
  facet normal -0.330301 0 0.943876
    outer loop
      vertex 4.37927 14.6 1.3952
      vertex 4.41339 14 1.40714
      vertex 4.41339 14.6 1.40714
    endloop
  endfacet
  facet normal -0.330301 0 0.943876
    outer loop
      vertex 4.41339 14 1.40714
      vertex 4.37927 14.6 1.3952
      vertex 4.37927 14 1.3952
    endloop
  endfacet
  facet normal -0.417424 0 0.908712
    outer loop
      vertex 4.41339 14.6 1.40714
      vertex 4.44513 14 1.42172
      vertex 4.44513 14.6 1.42172
    endloop
  endfacet
  facet normal -0.417424 0 0.908712
    outer loop
      vertex 4.44513 14 1.42172
      vertex 4.41339 14.6 1.40714
      vertex 4.41339 14 1.40714
    endloop
  endfacet
  facet normal -0.506609 0 0.862176
    outer loop
      vertex 4.44513 14.6 1.42172
      vertex 4.47447 14 1.43896
      vertex 4.47447 14.6 1.43896
    endloop
  endfacet
  facet normal -0.506609 0 0.862176
    outer loop
      vertex 4.47447 14 1.43896
      vertex 4.44513 14.6 1.42172
      vertex 4.44513 14 1.42172
    endloop
  endfacet
  facet normal -0.593871 0 0.80456
    outer loop
      vertex 4.47447 14.6 1.43896
      vertex 4.50143 14 1.45886
      vertex 4.50143 14.6 1.45886
    endloop
  endfacet
  facet normal -0.593871 0 0.80456
    outer loop
      vertex 4.50143 14 1.45886
      vertex 4.47447 14.6 1.43896
      vertex 4.47447 14 1.43896
    endloop
  endfacet
  facet normal -0.675874 0 0.737017
    outer loop
      vertex 4.50143 14.6 1.45886
      vertex 4.52602 14 1.48141
      vertex 4.52602 14.6 1.48141
    endloop
  endfacet
  facet normal -0.675874 0 0.737017
    outer loop
      vertex 4.52602 14 1.48141
      vertex 4.50143 14.6 1.45886
      vertex 4.50143 14 1.45886
    endloop
  endfacet
  facet normal -0.747791 0 0.663935
    outer loop
      vertex 4.52602 14 1.48141
      vertex 4.54811 14.6 1.50629
      vertex 4.52602 14.6 1.48141
    endloop
  endfacet
  facet normal -0.747791 0 0.663935
    outer loop
      vertex 4.54811 14.6 1.50629
      vertex 4.52602 14 1.48141
      vertex 4.54811 14 1.50629
    endloop
  endfacet
  facet normal -0.809582 0 0.587007
    outer loop
      vertex 4.54811 14 1.50629
      vertex 4.5676 14.6 1.53317
      vertex 4.54811 14.6 1.50629
    endloop
  endfacet
  facet normal -0.809582 0 0.587007
    outer loop
      vertex 4.5676 14.6 1.53317
      vertex 4.54811 14 1.50629
      vertex 4.5676 14 1.53317
    endloop
  endfacet
  facet normal -0.863291 0 0.504707
    outer loop
      vertex 4.5676 14 1.53317
      vertex 4.58449 14.6 1.56206
      vertex 4.5676 14.6 1.53317
    endloop
  endfacet
  facet normal -0.863291 0 0.504707
    outer loop
      vertex 4.58449 14.6 1.56206
      vertex 4.5676 14 1.53317
      vertex 4.58449 14 1.56206
    endloop
  endfacet
  facet normal -0.907529 0 0.419989
    outer loop
      vertex 4.58449 14 1.56206
      vertex 4.59879 14.6 1.59296
      vertex 4.58449 14.6 1.56206
    endloop
  endfacet
  facet normal -0.907529 0 0.419989
    outer loop
      vertex 4.59879 14.6 1.59296
      vertex 4.58449 14 1.56206
      vertex 4.59879 14 1.59296
    endloop
  endfacet
  facet normal -0.942407 0 0.334467
    outer loop
      vertex 4.59879 14 1.59296
      vertex 4.61047 14.6 1.62587
      vertex 4.59879 14.6 1.59296
    endloop
  endfacet
  facet normal -0.942407 0 0.334467
    outer loop
      vertex 4.61047 14.6 1.62587
      vertex 4.59879 14 1.59296
      vertex 4.61047 14 1.62587
    endloop
  endfacet
  facet normal -0.9677 0 0.252106
    outer loop
      vertex 4.61047 14 1.62587
      vertex 4.61957 14.6 1.6608
      vertex 4.61047 14.6 1.62587
    endloop
  endfacet
  facet normal -0.9677 0 0.252106
    outer loop
      vertex 4.61957 14.6 1.6608
      vertex 4.61047 14 1.62587
      vertex 4.61957 14 1.6608
    endloop
  endfacet
  facet normal -0.984853 0 0.17339
    outer loop
      vertex 4.61957 14 1.6608
      vertex 4.62607 14.6 1.69772
      vertex 4.61957 14.6 1.6608
    endloop
  endfacet
  facet normal -0.984853 0 0.17339
    outer loop
      vertex 4.62607 14.6 1.69772
      vertex 4.61957 14 1.6608
      vertex 4.62607 14 1.69772
    endloop
  endfacet
  facet normal -0.995019 0 0.0996809
    outer loop
      vertex 4.62607 14 1.69772
      vertex 4.62997 14.6 1.73665
      vertex 4.62607 14.6 1.69772
    endloop
  endfacet
  facet normal -0.995019 0 0.0996809
    outer loop
      vertex 4.62997 14.6 1.73665
      vertex 4.62607 14 1.69772
      vertex 4.62997 14 1.73665
    endloop
  endfacet
  facet normal -0.999496 0 0.03173
    outer loop
      vertex 4.62997 14 1.73665
      vertex 4.63127 14.6 1.7776
      vertex 4.62997 14.6 1.73665
    endloop
  endfacet
  facet normal -0.999496 0 0.03173
    outer loop
      vertex 4.63127 14.6 1.7776
      vertex 4.62997 14 1.73665
      vertex 4.63127 14 1.7776
    endloop
  endfacet
  facet normal -0.99929 0 -0.0376785
    outer loop
      vertex 4.63127 14 1.7776
      vertex 4.62964 14.6 1.82083
      vertex 4.63127 14.6 1.7776
    endloop
  endfacet
  facet normal -0.99929 -0 -0.0376785
    outer loop
      vertex 4.62964 14.6 1.82083
      vertex 4.63127 14 1.7776
      vertex 4.62964 14 1.82083
    endloop
  endfacet
  facet normal -0.992885 0 -0.119078
    outer loop
      vertex 4.62964 14 1.82083
      vertex 4.62473 14.6 1.86177
      vertex 4.62964 14.6 1.82083
    endloop
  endfacet
  facet normal -0.992885 -0 -0.119078
    outer loop
      vertex 4.62473 14.6 1.86177
      vertex 4.62964 14 1.82083
      vertex 4.62473 14 1.86177
    endloop
  endfacet
  facet normal -0.978413 0 -0.206661
    outer loop
      vertex 4.62473 14 1.86177
      vertex 4.61656 14.6 1.90045
      vertex 4.62473 14.6 1.86177
    endloop
  endfacet
  facet normal -0.978413 -0 -0.206661
    outer loop
      vertex 4.61656 14.6 1.90045
      vertex 4.62473 14 1.86177
      vertex 4.61656 14 1.90045
    endloop
  endfacet
  facet normal -0.95397 0 -0.299902
    outer loop
      vertex 4.61656 14 1.90045
      vertex 4.60512 14.6 1.93684
      vertex 4.61656 14.6 1.90045
    endloop
  endfacet
  facet normal -0.95397 -0 -0.299902
    outer loop
      vertex 4.60512 14.6 1.93684
      vertex 4.61656 14 1.90045
      vertex 4.60512 14 1.93684
    endloop
  endfacet
  facet normal -0.918294 0 -0.3959
    outer loop
      vertex 4.60512 14 1.93684
      vertex 4.59041 14.6 1.97096
      vertex 4.60512 14.6 1.93684
    endloop
  endfacet
  facet normal -0.918294 -0 -0.3959
    outer loop
      vertex 4.59041 14.6 1.97096
      vertex 4.60512 14 1.93684
      vertex 4.59041 14 1.97096
    endloop
  endfacet
  facet normal -0.870822 0 -0.491598
    outer loop
      vertex 4.59041 14 1.97096
      vertex 4.57243 14.6 2.00281
      vertex 4.59041 14.6 1.97096
    endloop
  endfacet
  facet normal -0.870822 -0 -0.491598
    outer loop
      vertex 4.57243 14.6 2.00281
      vertex 4.59041 14 1.97096
      vertex 4.57243 14 2.00281
    endloop
  endfacet
  facet normal -0.81206 0 -0.583574
    outer loop
      vertex 4.57243 14 2.00281
      vertex 4.55118 14.6 2.03238
      vertex 4.57243 14.6 2.00281
    endloop
  endfacet
  facet normal -0.81206 -0 -0.583574
    outer loop
      vertex 4.55118 14.6 2.03238
      vertex 4.57243 14 2.00281
      vertex 4.55118 14 2.03238
    endloop
  endfacet
  facet normal -0.743863 0 -0.668332
    outer loop
      vertex 4.55118 14 2.03238
      vertex 4.52667 14.6 2.05966
      vertex 4.55118 14.6 2.03238
    endloop
  endfacet
  facet normal -0.743863 -0 -0.668332
    outer loop
      vertex 4.52667 14.6 2.05966
      vertex 4.55118 14 2.03238
      vertex 4.52667 14 2.05966
    endloop
  endfacet
  facet normal -0.669083 0 -0.743188
    outer loop
      vertex 4.49889 14 2.08467
      vertex 4.52667 14.6 2.05966
      vertex 4.52667 14 2.05966
    endloop
  endfacet
  facet normal -0.669083 0 -0.743188
    outer loop
      vertex 4.52667 14.6 2.05966
      vertex 4.49889 14 2.08467
      vertex 4.49889 14.6 2.08467
    endloop
  endfacet
  facet normal -0.587706 0 -0.809074
    outer loop
      vertex 4.46786 14 2.10721
      vertex 4.49889 14.6 2.08467
      vertex 4.49889 14 2.08467
    endloop
  endfacet
  facet normal -0.587706 0 -0.809074
    outer loop
      vertex 4.49889 14.6 2.08467
      vertex 4.46786 14 2.10721
      vertex 4.46786 14.6 2.10721
    endloop
  endfacet
  facet normal -0.502489 0 -0.864584
    outer loop
      vertex 4.43362 14 2.12711
      vertex 4.46786 14.6 2.10721
      vertex 4.46786 14 2.10721
    endloop
  endfacet
  facet normal -0.502489 0 -0.864584
    outer loop
      vertex 4.46786 14.6 2.10721
      vertex 4.43362 14 2.12711
      vertex 4.43362 14.6 2.12711
    endloop
  endfacet
  facet normal -0.417673 0 -0.908597
    outer loop
      vertex 4.39616 14 2.14433
      vertex 4.43362 14.6 2.12711
      vertex 4.43362 14 2.12711
    endloop
  endfacet
  facet normal -0.417673 0 -0.908597
    outer loop
      vertex 4.43362 14.6 2.12711
      vertex 4.39616 14 2.14433
      vertex 4.39616 14.6 2.14433
    endloop
  endfacet
  facet normal -0.337744 0 -0.941238
    outer loop
      vertex 4.3555 14 2.15892
      vertex 4.39616 14.6 2.14433
      vertex 4.39616 14 2.14433
    endloop
  endfacet
  facet normal -0.337744 0 -0.941238
    outer loop
      vertex 4.39616 14.6 2.14433
      vertex 4.3555 14 2.15892
      vertex 4.3555 14.6 2.15892
    endloop
  endfacet
  facet normal -0.262299 0 -0.964987
    outer loop
      vertex 4.31161 14 2.17085
      vertex 4.3555 14.6 2.15892
      vertex 4.3555 14 2.15892
    endloop
  endfacet
  facet normal -0.262299 0 -0.964987
    outer loop
      vertex 4.3555 14.6 2.15892
      vertex 4.31161 14 2.17085
      vertex 4.31161 14.6 2.17085
    endloop
  endfacet
  facet normal -0.193311 0 -0.981137
    outer loop
      vertex 4.26451 14 2.18013
      vertex 4.31161 14.6 2.17085
      vertex 4.31161 14 2.17085
    endloop
  endfacet
  facet normal -0.193311 0 -0.981137
    outer loop
      vertex 4.31161 14.6 2.17085
      vertex 4.26451 14 2.18013
      vertex 4.26451 14.6 2.18013
    endloop
  endfacet
  facet normal -0.130847 0 -0.991403
    outer loop
      vertex 4.2142 14 2.18677
      vertex 4.26451 14.6 2.18013
      vertex 4.26451 14 2.18013
    endloop
  endfacet
  facet normal -0.130847 0 -0.991403
    outer loop
      vertex 4.26451 14.6 2.18013
      vertex 4.2142 14 2.18677
      vertex 4.2142 14.6 2.18677
    endloop
  endfacet
  facet normal -0.0737893 0 -0.997274
    outer loop
      vertex 4.16068 14 2.19073
      vertex 4.2142 14.6 2.18677
      vertex 4.2142 14 2.18677
    endloop
  endfacet
  facet normal -0.0737893 0 -0.997274
    outer loop
      vertex 4.2142 14.6 2.18677
      vertex 4.16068 14 2.19073
      vertex 4.16068 14.6 2.19073
    endloop
  endfacet
  facet normal -0.0234338 0 -0.999725
    outer loop
      vertex 4.10394 14 2.19206
      vertex 4.16068 14.6 2.19073
      vertex 4.16068 14 2.19073
    endloop
  endfacet
  facet normal -0.0234338 0 -0.999725
    outer loop
      vertex 4.16068 14.6 2.19073
      vertex 4.10394 14 2.19206
      vertex 4.10394 14.6 2.19206
    endloop
  endfacet
  facet normal 0 0 -1
    outer loop
      vertex 3.9043 14 2.19206
      vertex 4.10394 14.6 2.19206
      vertex 4.10394 14 2.19206
    endloop
  endfacet
  facet normal -0 0 -1
    outer loop
      vertex 4.10394 14.6 2.19206
      vertex 3.9043 14 2.19206
      vertex 3.9043 14.6 2.19206
    endloop
  endfacet
  facet normal -1 0 0
    outer loop
      vertex 3.9043 14 2.19206
      vertex 3.9043 14.6 2.68466
      vertex 3.9043 14.6 2.19206
    endloop
  endfacet
  facet normal -1 -0 0
    outer loop
      vertex 3.9043 14.6 2.68466
      vertex 3.9043 14 2.19206
      vertex 3.9043 14 2.68466
    endloop
  endfacet
  facet normal -0 0 1
    outer loop
      vertex 3.9043 14.6 2.68466
      vertex 4.11696 14 2.68466
      vertex 4.11696 14.6 2.68466
    endloop
  endfacet
  facet normal 0 0 1
    outer loop
      vertex 4.11696 14 2.68466
      vertex 3.9043 14.6 2.68466
      vertex 3.9043 14 2.68466
    endloop
  endfacet
  facet normal -0.0211568 0 0.999776
    outer loop
      vertex 4.11696 14.6 2.68466
      vertex 4.17981 14 2.68599
      vertex 4.17981 14.6 2.68599
    endloop
  endfacet
  facet normal -0.0211568 0 0.999776
    outer loop
      vertex 4.17981 14 2.68599
      vertex 4.11696 14.6 2.68466
      vertex 4.11696 14 2.68466
    endloop
  endfacet
  facet normal -0.067769 0 0.997701
    outer loop
      vertex 4.17981 14.6 2.68599
      vertex 4.23914 14 2.69002
      vertex 4.23914 14.6 2.69002
    endloop
  endfacet
  facet normal -0.067769 0 0.997701
    outer loop
      vertex 4.23914 14 2.69002
      vertex 4.17981 14.6 2.68599
      vertex 4.17981 14 2.68599
    endloop
  endfacet
  facet normal -0.119279 0 0.992861
    outer loop
      vertex 4.23914 14.6 2.69002
      vertex 4.29491 14 2.69672
      vertex 4.29491 14.6 2.69672
    endloop
  endfacet
  facet normal -0.119279 0 0.992861
    outer loop
      vertex 4.29491 14 2.69672
      vertex 4.23914 14.6 2.69002
      vertex 4.23914 14 2.69002
    endloop
  endfacet
  facet normal -0.176547 0 0.984292
    outer loop
      vertex 4.29491 14.6 2.69672
      vertex 4.34715 14 2.70609
      vertex 4.34715 14.6 2.70609
    endloop
  endfacet
  facet normal -0.176547 0 0.984292
    outer loop
      vertex 4.34715 14 2.70609
      vertex 4.29491 14.6 2.69672
      vertex 4.29491 14 2.69672
    endloop
  endfacet
  facet normal -0.240331 0 0.970691
    outer loop
      vertex 4.34715 14.6 2.70609
      vertex 4.39586 14 2.71815
      vertex 4.39586 14.6 2.71815
    endloop
  endfacet
  facet normal -0.240331 0 0.970691
    outer loop
      vertex 4.39586 14 2.71815
      vertex 4.34715 14.6 2.70609
      vertex 4.34715 14 2.70609
    endloop
  endfacet
  facet normal -0.310095 0 0.950706
    outer loop
      vertex 4.39586 14.6 2.71815
      vertex 4.44102 14 2.73288
      vertex 4.44102 14.6 2.73288
    endloop
  endfacet
  facet normal -0.310095 0 0.950706
    outer loop
      vertex 4.44102 14 2.73288
      vertex 4.39586 14.6 2.71815
      vertex 4.39586 14 2.71815
    endloop
  endfacet
  facet normal -0.386204 0 0.922413
    outer loop
      vertex 4.44102 14.6 2.73288
      vertex 4.48265 14 2.75031
      vertex 4.48265 14.6 2.75031
    endloop
  endfacet
  facet normal -0.386204 0 0.922413
    outer loop
      vertex 4.48265 14 2.75031
      vertex 4.44102 14.6 2.73288
      vertex 4.44102 14 2.73288
    endloop
  endfacet
  facet normal -0.466521 0 0.88451
    outer loop
      vertex 4.48265 14.6 2.75031
      vertex 4.52074 14 2.7704
      vertex 4.52074 14.6 2.7704
    endloop
  endfacet
  facet normal -0.466521 0 0.88451
    outer loop
      vertex 4.52074 14 2.7704
      vertex 4.48265 14.6 2.75031
      vertex 4.48265 14 2.75031
    endloop
  endfacet
  facet normal -0.550176 0 0.835049
    outer loop
      vertex 4.52074 14.6 2.7704
      vertex 4.5553 14 2.79317
      vertex 4.5553 14.6 2.79317
    endloop
  endfacet
  facet normal -0.550176 0 0.835049
    outer loop
      vertex 4.5553 14 2.79317
      vertex 4.52074 14.6 2.7704
      vertex 4.52074 14 2.7704
    endloop
  endfacet
  facet normal -0.632352 0 0.774681
    outer loop
      vertex 4.5553 14.6 2.79317
      vertex 4.58627 14 2.81845
      vertex 4.58627 14.6 2.81845
    endloop
  endfacet
  facet normal -0.632352 0 0.774681
    outer loop
      vertex 4.58627 14 2.81845
      vertex 4.5553 14.6 2.79317
      vertex 4.5553 14 2.79317
    endloop
  endfacet
  facet normal -0.711339 0 0.702849
    outer loop
      vertex 4.58627 14 2.81845
      vertex 4.61359 14.6 2.8461
      vertex 4.58627 14.6 2.81845
    endloop
  endfacet
  facet normal -0.711339 0 0.702849
    outer loop
      vertex 4.61359 14.6 2.8461
      vertex 4.58627 14 2.81845
      vertex 4.61359 14 2.8461
    endloop
  endfacet
  facet normal -0.784936 0 0.619576
    outer loop
      vertex 4.61359 14 2.8461
      vertex 4.63727 14.6 2.8761
      vertex 4.61359 14.6 2.8461
    endloop
  endfacet
  facet normal -0.784936 0 0.619576
    outer loop
      vertex 4.63727 14.6 2.8761
      vertex 4.61359 14 2.8461
      vertex 4.63727 14 2.8761
    endloop
  endfacet
  facet normal -0.850058 0 0.526689
    outer loop
      vertex 4.63727 14 2.8761
      vertex 4.65732 14.6 2.90846
      vertex 4.63727 14.6 2.8761
    endloop
  endfacet
  facet normal -0.850058 0 0.526689
    outer loop
      vertex 4.65732 14.6 2.90846
      vertex 4.63727 14 2.8761
      vertex 4.65732 14 2.90846
    endloop
  endfacet
  facet normal -0.904305 0 0.426888
    outer loop
      vertex 4.65732 14 2.90846
      vertex 4.67371 14.6 2.94318
      vertex 4.65732 14.6 2.90846
    endloop
  endfacet
  facet normal -0.904305 0 0.426888
    outer loop
      vertex 4.67371 14.6 2.94318
      vertex 4.65732 14 2.90846
      vertex 4.67371 14 2.94318
    endloop
  endfacet
  facet normal -0.945603 0 0.325322
    outer loop
      vertex 4.67371 14 2.94318
      vertex 4.68646 14.6 2.98024
      vertex 4.67371 14.6 2.94318
    endloop
  endfacet
  facet normal -0.945603 0 0.325322
    outer loop
      vertex 4.68646 14.6 2.98024
      vertex 4.67371 14 2.94318
      vertex 4.68646 14 2.98024
    endloop
  endfacet
  facet normal -0.974345 0 0.225058
    outer loop
      vertex 4.68646 14 2.98024
      vertex 4.69557 14.6 3.01968
      vertex 4.68646 14.6 2.98024
    endloop
  endfacet
  facet normal -0.974345 0 0.225058
    outer loop
      vertex 4.69557 14.6 3.01968
      vertex 4.68646 14 2.98024
      vertex 4.69557 14 3.01968
    endloop
  endfacet
  facet normal -0.991569 0 0.129583
    outer loop
      vertex 4.69557 14 3.01968
      vertex 4.70103 14.6 3.06146
      vertex 4.69557 14.6 3.01968
    endloop
  endfacet
  facet normal -0.991569 0 0.129583
    outer loop
      vertex 4.70103 14.6 3.06146
      vertex 4.69557 14 3.01968
      vertex 4.70103 14 3.06146
    endloop
  endfacet
  facet normal -0.999152 0 0.0411788
    outer loop
      vertex 4.70103 14 3.06146
      vertex 4.70285 14.6 3.10562
      vertex 4.70103 14.6 3.06146
    endloop
  endfacet
  facet normal -0.999152 0 0.0411788
    outer loop
      vertex 4.70285 14.6 3.10562
      vertex 4.70103 14 3.06146
      vertex 4.70285 14 3.10562
    endloop
  endfacet
  facet normal -0.999517 0 -0.0310731
    outer loop
      vertex 4.70285 14 3.10562
      vertex 4.70135 14.6 3.15387
      vertex 4.70285 14.6 3.10562
    endloop
  endfacet
  facet normal -0.999517 -0 -0.0310731
    outer loop
      vertex 4.70135 14.6 3.15387
      vertex 4.70285 14 3.10562
      vertex 4.70135 14 3.15387
    endloop
  endfacet
  facet normal -0.995126 0 -0.0986141
    outer loop
      vertex 4.70135 14 3.15387
      vertex 4.69685 14.6 3.19928
      vertex 4.70135 14.6 3.15387
    endloop
  endfacet
  facet normal -0.995126 -0 -0.0986141
    outer loop
      vertex 4.69685 14.6 3.19928
      vertex 4.70135 14 3.15387
      vertex 4.69685 14 3.19928
    endloop
  endfacet
  facet normal -0.984832 0 -0.173508
    outer loop
      vertex 4.69685 14 3.19928
      vertex 4.68935 14.6 3.24185
      vertex 4.69685 14.6 3.19928
    endloop
  endfacet
  facet normal -0.984832 -0 -0.173508
    outer loop
      vertex 4.68935 14.6 3.24185
      vertex 4.69685 14 3.19928
      vertex 4.68935 14 3.24185
    endloop
  endfacet
  facet normal -0.966822 0 -0.255451
    outer loop
      vertex 4.68935 14 3.24185
      vertex 4.67885 14.6 3.28159
      vertex 4.68935 14.6 3.24185
    endloop
  endfacet
  facet normal -0.966822 -0 -0.255451
    outer loop
      vertex 4.67885 14.6 3.28159
      vertex 4.68935 14 3.24185
      vertex 4.67885 14 3.28159
    endloop
  endfacet
  facet normal -0.939011 0 -0.343888
    outer loop
      vertex 4.67885 14 3.28159
      vertex 4.66534 14.6 3.31848
      vertex 4.67885 14.6 3.28159
    endloop
  endfacet
  facet normal -0.939011 -0 -0.343888
    outer loop
      vertex 4.66534 14.6 3.31848
      vertex 4.67885 14 3.28159
      vertex 4.66534 14 3.31848
    endloop
  endfacet
  facet normal -0.899754 0 -0.436397
    outer loop
      vertex 4.66534 14 3.31848
      vertex 4.64883 14.6 3.35252
      vertex 4.66534 14.6 3.31848
    endloop
  endfacet
  facet normal -0.899754 -0 -0.436397
    outer loop
      vertex 4.64883 14.6 3.35252
      vertex 4.66534 14 3.31848
      vertex 4.64883 14 3.35252
    endloop
  endfacet
  facet normal -0.848151 0 -0.529755
    outer loop
      vertex 4.64883 14 3.35252
      vertex 4.62933 14.6 3.38374
      vertex 4.64883 14.6 3.35252
    endloop
  endfacet
  facet normal -0.848151 -0 -0.529755
    outer loop
      vertex 4.62933 14.6 3.38374
      vertex 4.64883 14 3.35252
      vertex 4.62933 14 3.38374
    endloop
  endfacet
  facet normal -0.783502 0 -0.621389
    outer loop
      vertex 4.62933 14 3.38374
      vertex 4.60683 14.6 3.41211
      vertex 4.62933 14.6 3.38374
    endloop
  endfacet
  facet normal -0.783502 -0 -0.621389
    outer loop
      vertex 4.60683 14.6 3.41211
      vertex 4.62933 14 3.38374
      vertex 4.60683 14 3.41211
    endloop
  endfacet
  facet normal -0.707384 0 -0.70683
    outer loop
      vertex 4.60683 14 3.41211
      vertex 4.58131 14.6 3.43765
      vertex 4.60683 14.6 3.41211
    endloop
  endfacet
  facet normal -0.707384 -0 -0.70683
    outer loop
      vertex 4.58131 14.6 3.43765
      vertex 4.60683 14 3.41211
      vertex 4.58131 14 3.43765
    endloop
  endfacet
  facet normal -0.628356 0 -0.777926
    outer loop
      vertex 4.55312 14 3.46042
      vertex 4.58131 14.6 3.43765
      vertex 4.58131 14 3.43765
    endloop
  endfacet
  facet normal -0.628356 0 -0.777926
    outer loop
      vertex 4.58131 14.6 3.43765
      vertex 4.55312 14 3.46042
      vertex 4.55312 14.6 3.46042
    endloop
  endfacet
  facet normal -0.548257 0 -0.83631
    outer loop
      vertex 4.52249 14 3.4805
      vertex 4.55312 14.6 3.46042
      vertex 4.55312 14 3.46042
    endloop
  endfacet
  facet normal -0.548257 0 -0.83631
    outer loop
      vertex 4.55312 14.6 3.46042
      vertex 4.52249 14 3.4805
      vertex 4.52249 14.6 3.4805
    endloop
  endfacet
  facet normal -0.466287 0 -0.884633
    outer loop
      vertex 4.48946 14 3.49791
      vertex 4.52249 14.6 3.4805
      vertex 4.52249 14 3.4805
    endloop
  endfacet
  facet normal -0.466287 0 -0.884633
    outer loop
      vertex 4.52249 14.6 3.4805
      vertex 4.48946 14 3.49791
      vertex 4.48946 14.6 3.49791
    endloop
  endfacet
  facet normal -0.384116 0 -0.923285
    outer loop
      vertex 4.45403 14 3.51265
      vertex 4.48946 14.6 3.49791
      vertex 4.48946 14 3.49791
    endloop
  endfacet
  facet normal -0.384116 0 -0.923285
    outer loop
      vertex 4.48946 14.6 3.49791
      vertex 4.45403 14 3.51265
      vertex 4.45403 14.6 3.51265
    endloop
  endfacet
  facet normal -0.303287 0 -0.952899
    outer loop
      vertex 4.41617 14 3.5247
      vertex 4.45403 14.6 3.51265
      vertex 4.45403 14 3.51265
    endloop
  endfacet
  facet normal -0.303287 0 -0.952899
    outer loop
      vertex 4.45403 14.6 3.51265
      vertex 4.41617 14 3.5247
      vertex 4.41617 14.6 3.5247
    endloop
  endfacet
  facet normal -0.226626 0 -0.973982
    outer loop
      vertex 4.3759 14 3.53407
      vertex 4.41617 14.6 3.5247
      vertex 4.41617 14 3.5247
    endloop
  endfacet
  facet normal -0.226626 0 -0.973982
    outer loop
      vertex 4.41617 14.6 3.5247
      vertex 4.3759 14 3.53407
      vertex 4.3759 14.6 3.53407
    endloop
  endfacet
  facet normal -0.155154 0 -0.98789
    outer loop
      vertex 4.33324 14 3.54077
      vertex 4.3759 14.6 3.53407
      vertex 4.3759 14 3.53407
    endloop
  endfacet
  facet normal -0.155154 0 -0.98789
    outer loop
      vertex 4.3759 14.6 3.53407
      vertex 4.33324 14 3.54077
      vertex 4.33324 14.6 3.54077
    endloop
  endfacet
  facet normal -0.0885836 0 -0.996069
    outer loop
      vertex 4.28815 14 3.54478
      vertex 4.33324 14.6 3.54077
      vertex 4.33324 14 3.54077
    endloop
  endfacet
  facet normal -0.0885836 0 -0.996069
    outer loop
      vertex 4.33324 14.6 3.54077
      vertex 4.28815 14 3.54478
      vertex 4.28815 14.6 3.54478
    endloop
  endfacet
  facet normal -0.0284096 0 -0.999596
    outer loop
      vertex 4.24065 14 3.54613
      vertex 4.28815 14.6 3.54478
      vertex 4.28815 14 3.54478
    endloop
  endfacet
  facet normal -0.0284096 0 -0.999596
    outer loop
      vertex 4.28815 14.6 3.54478
      vertex 4.24065 14 3.54613
      vertex 4.24065 14.6 3.54613
    endloop
  endfacet
  facet normal 0.057897 0 -0.998323
    outer loop
      vertex 4.14702 14 3.5407
      vertex 4.24065 14.6 3.54613
      vertex 4.24065 14 3.54613
    endloop
  endfacet
  facet normal 0.057897 0 -0.998323
    outer loop
      vertex 4.24065 14.6 3.54613
      vertex 4.14702 14 3.5407
      vertex 4.14702 14.6 3.5407
    endloop
  endfacet
  facet normal 0.190526 0 -0.981682
    outer loop
      vertex 4.06288 14 3.52437
      vertex 4.14702 14.6 3.5407
      vertex 4.14702 14 3.5407
    endloop
  endfacet
  facet normal 0.190526 0 -0.981682
    outer loop
      vertex 4.14702 14.6 3.5407
      vertex 4.06288 14 3.52437
      vertex 4.06288 14.6 3.52437
    endloop
  endfacet
  facet normal 0.342198 0 -0.939628
    outer loop
      vertex 3.98822 14 3.49718
      vertex 4.06288 14.6 3.52437
      vertex 4.06288 14 3.52437
    endloop
  endfacet
  facet normal 0.342198 0 -0.939628
    outer loop
      vertex 4.06288 14.6 3.52437
      vertex 3.98822 14 3.49718
      vertex 3.98822 14.6 3.49718
    endloop
  endfacet
  facet normal 0.504291 0 -0.863534
    outer loop
      vertex 3.92303 14 3.45911
      vertex 3.98822 14.6 3.49718
      vertex 3.98822 14 3.49718
    endloop
  endfacet
  facet normal 0.504291 0 -0.863534
    outer loop
      vertex 3.98822 14.6 3.49718
      vertex 3.92303 14 3.45911
      vertex 3.92303 14.6 3.45911
    endloop
  endfacet
  facet normal 0.660117 0 -0.751163
    outer loop
      vertex 3.86734 14 3.41017
      vertex 3.92303 14.6 3.45911
      vertex 3.92303 14 3.45911
    endloop
  endfacet
  facet normal 0.660117 0 -0.751163
    outer loop
      vertex 3.92303 14.6 3.45911
      vertex 3.86734 14 3.41017
      vertex 3.86734 14.6 3.41017
    endloop
  endfacet
  facet normal 0.791492 0 -0.61118
    outer loop
      vertex 3.86734 14 3.41017
      vertex 3.82114 14.6 3.35034
      vertex 3.86734 14.6 3.41017
    endloop
  endfacet
  facet normal 0.791492 0 -0.61118
    outer loop
      vertex 3.82114 14.6 3.35034
      vertex 3.86734 14 3.41017
      vertex 3.82114 14 3.35034
    endloop
  endfacet
  facet normal 0.887365 0 -0.461068
    outer loop
      vertex 3.82114 14 3.35034
      vertex 3.78441 14.6 3.27965
      vertex 3.82114 14.6 3.35034
    endloop
  endfacet
  facet normal 0.887365 0 -0.461068
    outer loop
      vertex 3.78441 14.6 3.27965
      vertex 3.82114 14 3.35034
      vertex 3.78441 14 3.27965
    endloop
  endfacet
  facet normal 0.948485 0 -0.316821
    outer loop
      vertex 3.78441 14 3.27965
      vertex 3.75716 14.6 3.19807
      vertex 3.78441 14.6 3.27965
    endloop
  endfacet
  facet normal 0.948485 0 -0.316821
    outer loop
      vertex 3.75716 14.6 3.19807
      vertex 3.78441 14 3.27965
      vertex 3.75716 14 3.19807
    endloop
  endfacet
  facet normal 0.982044 0 -0.188654
    outer loop
      vertex 3.75716 14 3.19807
      vertex 3.7394 14.6 3.10562
      vertex 3.75716 14.6 3.19807
    endloop
  endfacet
  facet normal 0.982044 0 -0.188654
    outer loop
      vertex 3.7394 14.6 3.10562
      vertex 3.75716 14 3.19807
      vertex 3.7394 14 3.10562
    endloop
  endfacet
  facet normal -0.0870937 0 -0.9962
    outer loop
      vertex 3.11876 14 3.15988
      vertex 3.7394 14.6 3.10562
      vertex 3.7394 14 3.10562
    endloop
  endfacet
  facet normal -0.0870937 0 -0.9962
    outer loop
      vertex 3.7394 14.6 3.10562
      vertex 3.11876 14 3.15988
      vertex 3.11876 14.6 3.15988
    endloop
  endfacet
  facet normal -0.988636 0 0.150331
    outer loop
      vertex 3.11876 14 3.15988
      vertex 3.13283 14.6 3.25241
      vertex 3.11876 14.6 3.15988
    endloop
  endfacet
  facet normal -0.988636 0 0.150331
    outer loop
      vertex 3.13283 14.6 3.25241
      vertex 3.11876 14 3.15988
      vertex 3.13283 14 3.25241
    endloop
  endfacet
  facet normal -0.974892 0 0.22268
    outer loop
      vertex 3.13283 14 3.25241
      vertex 3.15283 14.6 3.33997
      vertex 3.13283 14.6 3.25241
    endloop
  endfacet
  facet normal -0.974892 0 0.22268
    outer loop
      vertex 3.15283 14.6 3.33997
      vertex 3.13283 14 3.25241
      vertex 3.15283 14 3.33997
    endloop
  endfacet
  facet normal -0.953971 0 0.299899
    outer loop
      vertex 3.15283 14 3.33997
      vertex 3.1788 14.6 3.42258
      vertex 3.15283 14.6 3.33997
    endloop
  endfacet
  facet normal -0.953971 0 0.299899
    outer loop
      vertex 3.1788 14.6 3.42258
      vertex 3.15283 14 3.33997
      vertex 3.1788 14 3.42258
    endloop
  endfacet
  facet normal -0.924944 0 0.380103
    outer loop
      vertex 3.1788 14 3.42258
      vertex 3.21071 14.6 3.50023
      vertex 3.1788 14.6 3.42258
    endloop
  endfacet
  facet normal -0.924944 0 0.380103
    outer loop
      vertex 3.21071 14.6 3.50023
      vertex 3.1788 14 3.42258
      vertex 3.21071 14 3.50023
    endloop
  endfacet
  facet normal -0.886911 0 0.46194
    outer loop
      vertex 3.21071 14 3.50023
      vertex 3.24857 14.6 3.57292
      vertex 3.21071 14.6 3.50023
    endloop
  endfacet
  facet normal -0.886911 0 0.46194
    outer loop
      vertex 3.24857 14.6 3.57292
      vertex 3.21071 14 3.50023
      vertex 3.24857 14 3.57292
    endloop
  endfacet
  facet normal -0.839786 0 0.542917
    outer loop
      vertex 3.24857 14 3.57292
      vertex 3.29237 14.6 3.64067
      vertex 3.24857 14.6 3.57292
    endloop
  endfacet
  facet normal -0.839786 0 0.542917
    outer loop
      vertex 3.29237 14.6 3.64067
      vertex 3.24857 14 3.57292
      vertex 3.29237 14 3.64067
    endloop
  endfacet
  facet normal -0.783795 0 0.621019
    outer loop
      vertex 3.29237 14 3.64067
      vertex 3.34212 14.6 3.70346
      vertex 3.29237 14.6 3.64067
    endloop
  endfacet
  facet normal -0.783795 0 0.621019
    outer loop
      vertex 3.34212 14.6 3.70346
      vertex 3.29237 14 3.64067
      vertex 3.34212 14 3.70346
    endloop
  endfacet
  facet normal -0.720309 0 0.693654
    outer loop
      vertex 3.34212 14 3.70346
      vertex 3.39781 14.6 3.76129
      vertex 3.34212 14.6 3.70346
    endloop
  endfacet
  facet normal -0.720309 0 0.693654
    outer loop
      vertex 3.39781 14.6 3.76129
      vertex 3.34212 14 3.70346
      vertex 3.39781 14 3.76129
    endloop
  endfacet
  facet normal -0.650984 0 0.759091
    outer loop
      vertex 3.39781 14.6 3.76129
      vertex 3.45946 14 3.81416
      vertex 3.45946 14.6 3.81416
    endloop
  endfacet
  facet normal -0.650984 0 0.759091
    outer loop
      vertex 3.45946 14 3.81416
      vertex 3.39781 14.6 3.76129
      vertex 3.39781 14 3.76129
    endloop
  endfacet
  facet normal -0.578533 0 0.815659
    outer loop
      vertex 3.45946 14.6 3.81416
      vertex 3.52657 14 3.86176
      vertex 3.52657 14.6 3.86176
    endloop
  endfacet
  facet normal -0.578533 0 0.815659
    outer loop
      vertex 3.52657 14 3.86176
      vertex 3.45946 14.6 3.81416
      vertex 3.45946 14 3.81416
    endloop
  endfacet
  facet normal -0.503312 0 0.864105
    outer loop
      vertex 3.52657 14.6 3.86176
      vertex 3.59866 14 3.90375
      vertex 3.59866 14.6 3.90375
    endloop
  endfacet
  facet normal -0.503312 0 0.864105
    outer loop
      vertex 3.59866 14 3.90375
      vertex 3.52657 14.6 3.86176
      vertex 3.52657 14 3.86176
    endloop
  endfacet
  facet normal -0.426921 0 0.904289
    outer loop
      vertex 3.59866 14.6 3.90375
      vertex 3.67574 14 3.94014
      vertex 3.67574 14.6 3.94014
    endloop
  endfacet
  facet normal -0.426921 0 0.904289
    outer loop
      vertex 3.67574 14 3.94014
      vertex 3.59866 14.6 3.90375
      vertex 3.59866 14 3.90375
    endloop
  endfacet
  facet normal -0.351298 0 0.936264
    outer loop
      vertex 3.67574 14.6 3.94014
      vertex 3.7578 14 3.97093
      vertex 3.7578 14.6 3.97093
    endloop
  endfacet
  facet normal -0.351298 0 0.936264
    outer loop
      vertex 3.7578 14 3.97093
      vertex 3.67574 14.6 3.94014
      vertex 3.67574 14 3.94014
    endloop
  endfacet
  facet normal -0.278029 0 0.960573
    outer loop
      vertex 3.7578 14.6 3.97093
      vertex 3.84483 14 3.99612
      vertex 3.84483 14.6 3.99612
    endloop
  endfacet
  facet normal -0.278029 0 0.960573
    outer loop
      vertex 3.84483 14 3.99612
      vertex 3.7578 14.6 3.97093
      vertex 3.7578 14 3.97093
    endloop
  endfacet
  facet normal -0.208302 0 0.978064
    outer loop
      vertex 3.84483 14.6 3.99612
      vertex 3.93686 14 4.01572
      vertex 3.93686 14.6 4.01572
    endloop
  endfacet
  facet normal -0.208302 0 0.978064
    outer loop
      vertex 3.93686 14 4.01572
      vertex 3.84483 14.6 3.99612
      vertex 3.84483 14 3.99612
    endloop
  endfacet
  facet normal -0.14275 0 0.989759
    outer loop
      vertex 3.93686 14.6 4.01572
      vertex 4.03386 14 4.02971
      vertex 4.03386 14.6 4.02971
    endloop
  endfacet
  facet normal -0.14275 0 0.989759
    outer loop
      vertex 4.03386 14 4.02971
      vertex 3.93686 14.6 4.01572
      vertex 3.93686 14 4.01572
    endloop
  endfacet
  facet normal -0.0821801 0 0.996617
    outer loop
      vertex 4.03386 14.6 4.02971
      vertex 4.13585 14 4.03812
      vertex 4.13585 14.6 4.03812
    endloop
  endfacet
  facet normal -0.0821801 0 0.996617
    outer loop
      vertex 4.13585 14 4.03812
      vertex 4.03386 14.6 4.02971
      vertex 4.03386 14 4.02971
    endloop
  endfacet
  facet normal -0.0260708 0 0.99966
    outer loop
      vertex 4.13585 14.6 4.03812
      vertex 4.24283 14 4.04091
      vertex 4.24283 14.6 4.04091
    endloop
  endfacet
  facet normal -0.0260708 0 0.99966
    outer loop
      vertex 4.24283 14 4.04091
      vertex 4.13585 14.6 4.03812
      vertex 4.13585 14 4.03812
    endloop
  endfacet
  facet normal 0.0256167 0 0.999672
    outer loop
      vertex 4.24283 14.6 4.04091
      vertex 4.35561 14 4.03802
      vertex 4.35561 14.6 4.03802
    endloop
  endfacet
  facet normal 0.0256167 0 0.999672
    outer loop
      vertex 4.35561 14 4.03802
      vertex 4.24283 14.6 4.04091
      vertex 4.24283 14 4.04091
    endloop
  endfacet
  facet normal 0 0 -1
    outer loop
      vertex 2.24997 14 3.53746
      vertex 2.95087 14.6 3.53746
      vertex 2.95087 14 3.53746
    endloop
  endfacet
  facet normal -0 0 -1
    outer loop
      vertex 2.95087 14.6 3.53746
      vertex 2.24997 14 3.53746
      vertex 2.24997 14.6 3.53746
    endloop
  endfacet
  facet normal 1 -0 0
    outer loop
      vertex 2.24997 14 3.53746
      vertex 2.24997 14.6 0.933472
      vertex 2.24997 14.6 3.53746
    endloop
  endfacet
  facet normal 1 0 0
    outer loop
      vertex 2.24997 14.6 0.933472
      vertex 2.24997 14 3.53746
      vertex 2.24997 14 0.933472
    endloop
  endfacet
  facet normal 0 0 -1
    outer loop
      vertex 1.67276 14 0.933472
      vertex 2.24997 14.6 0.933472
      vertex 2.24997 14 0.933472
    endloop
  endfacet
  facet normal -0 0 -1
    outer loop
      vertex 2.24997 14.6 0.933472
      vertex 1.67276 14 0.933472
      vertex 1.67276 14.6 0.933472
    endloop
  endfacet
  facet normal -0.544229 0 -0.838937
    outer loop
      vertex 0.906738 14 1.4304
      vertex 1.67276 14.6 0.933472
      vertex 1.67276 14 0.933472
    endloop
  endfacet
  facet normal -0.544229 0 -0.838937
    outer loop
      vertex 1.67276 14.6 0.933472
      vertex 0.906738 14 1.4304
      vertex 0.906738 14.6 1.4304
    endloop
  endfacet
  facet normal -1 0 0
    outer loop
      vertex 0.906738 14 1.4304
      vertex 0.906738 14.6 1.90999
      vertex 0.906738 14.6 1.4304
    endloop
  endfacet
  facet normal -1 -0 0
    outer loop
      vertex 0.906738 14.6 1.90999
      vertex 0.906738 14 1.4304
      vertex 0.906738 14 1.90999
    endloop
  endfacet
  facet normal 0.529574 0 0.848264
    outer loop
      vertex 0.906738 14.6 1.90999
      vertex 1.64018 14 1.4521
      vertex 1.64018 14.6 1.4521
    endloop
  endfacet
  facet normal 0.529574 0 0.848264
    outer loop
      vertex 1.64018 14 1.4521
      vertex 0.906738 14.6 1.90999
      vertex 0.906738 14 1.90999
    endloop
  endfacet
  facet normal -1 0 0
    outer loop
      vertex 1.64018 14 1.4521
      vertex 1.64018 14.6 3.53746
      vertex 1.64018 14.6 1.4521
    endloop
  endfacet
  facet normal -1 -0 0
    outer loop
      vertex 1.64018 14.6 3.53746
      vertex 1.64018 14 1.4521
      vertex 1.64018 14 3.53746
    endloop
  endfacet
  facet normal 0 0 -1
    outer loop
      vertex 0.882858 14 3.53746
      vertex 1.64018 14.6 3.53746
      vertex 1.64018 14 3.53746
    endloop
  endfacet
  facet normal -0 0 -1
    outer loop
      vertex 1.64018 14.6 3.53746
      vertex 0.882858 14 3.53746
      vertex 0.882858 14.6 3.53746
    endloop
  endfacet
  facet normal -1 0 0
    outer loop
      vertex 0.882858 14 3.53746
      vertex 0.882858 14.6 3.991
      vertex 0.882858 14.6 3.53746
    endloop
  endfacet
  facet normal -1 -0 0
    outer loop
      vertex 0.882858 14.6 3.991
      vertex 0.882858 14 3.53746
      vertex 0.882858 14 3.991
    endloop
  endfacet
  facet normal -0 0 1
    outer loop
      vertex 0.882858 14.6 3.991
      vertex 2.95087 14 3.991
      vertex 2.95087 14.6 3.991
    endloop
  endfacet
  facet normal 0 0 1
    outer loop
      vertex 2.95087 14 3.991
      vertex 0.882858 14.6 3.991
      vertex 0.882858 14 3.991
    endloop
  endfacet
  facet normal 1 -0 0
    outer loop
      vertex 2.95087 14 3.991
      vertex 2.95087 14.6 3.53746
      vertex 2.95087 14.6 3.991
    endloop
  endfacet
  facet normal 1 0 0
    outer loop
      vertex 2.95087 14.6 3.53746
      vertex 2.95087 14 3.991
      vertex 2.95087 14 3.53746
    endloop
  endfacet
  facet normal 0 0 -1
    outer loop
      vertex -3.6165 14 1.64307
      vertex -2.97852 14.6 1.64307
      vertex -2.97852 14 1.64307
    endloop
  endfacet
  facet normal -0 0 -1
    outer loop
      vertex -2.97852 14.6 1.64307
      vertex -3.6165 14 1.64307
      vertex -3.6165 14.6 1.64307
    endloop
  endfacet
  facet normal -0.950463 0 -0.310839
    outer loop
      vertex -3.6165 14 1.64307
      vertex -3.70796 14.6 1.92273
      vertex -3.6165 14.6 1.64307
    endloop
  endfacet
  facet normal -0.950463 -0 -0.310839
    outer loop
      vertex -3.70796 14.6 1.92273
      vertex -3.6165 14 1.64307
      vertex -3.70796 14 1.92273
    endloop
  endfacet
  facet normal -0.950633 0 -0.310317
    outer loop
      vertex -3.70796 14 1.92273
      vertex -3.79042 14.6 2.17534
      vertex -3.70796 14.6 1.92273
    endloop
  endfacet
  facet normal -0.950633 -0 -0.310317
    outer loop
      vertex -3.79042 14.6 2.17534
      vertex -3.70796 14 1.92273
      vertex -3.79042 14 2.17534
    endloop
  endfacet
  facet normal -0.950836 0 -0.309694
    outer loop
      vertex -3.79042 14 2.17534
      vertex -3.86388 14.6 2.40088
      vertex -3.79042 14.6 2.17534
    endloop
  endfacet
  facet normal -0.950836 -0 -0.309694
    outer loop
      vertex -3.86388 14.6 2.40088
      vertex -3.79042 14 2.17534
      vertex -3.86388 14 2.40088
    endloop
  endfacet
  facet normal -0.951117 0 -0.308829
    outer loop
      vertex -3.86388 14 2.40088
      vertex -3.92833 14.6 2.59937
      vertex -3.86388 14.6 2.40088
    endloop
  endfacet
  facet normal -0.951117 -0 -0.308829
    outer loop
      vertex -3.92833 14.6 2.59937
      vertex -3.86388 14 2.40088
      vertex -3.92833 14 2.59937
    endloop
  endfacet
  facet normal -0.951422 0 -0.30789
    outer loop
      vertex -3.92833 14 2.59937
      vertex -3.9838 14.6 2.77078
      vertex -3.92833 14.6 2.59937
    endloop
  endfacet
  facet normal -0.951422 -0 -0.30789
    outer loop
      vertex -3.9838 14.6 2.77078
      vertex -3.92833 14 2.59937
      vertex -3.9838 14 2.77078
    endloop
  endfacet
  facet normal -0.951967 0 -0.306201
    outer loop
      vertex -3.9838 14 2.77078
      vertex -4.03024 14.6 2.91516
      vertex -3.9838 14.6 2.77078
    endloop
  endfacet
  facet normal -0.951967 -0 -0.306201
    outer loop
      vertex -4.03024 14.6 2.91516
      vertex -3.9838 14 2.77078
      vertex -4.03024 14 2.91516
    endloop
  endfacet
  facet normal -0.952626 0 -0.304145
    outer loop
      vertex -4.03024 14 2.91516
      vertex -4.0677 14.6 3.03249
      vertex -4.03024 14.6 2.91516
    endloop
  endfacet
  facet normal -0.952626 -0 -0.304145
    outer loop
      vertex -4.0677 14.6 3.03249
      vertex -4.03024 14 2.91516
      vertex -4.0677 14 3.03249
    endloop
  endfacet
  facet normal -0.953704 0 -0.300747
    outer loop
      vertex -4.0677 14 3.03249
      vertex -4.09616 14.6 3.12274
      vertex -4.0677 14.6 3.03249
    endloop
  endfacet
  facet normal -0.953704 -0 -0.300747
    outer loop
      vertex -4.09616 14.6 3.12274
      vertex -4.0677 14 3.03249
      vertex -4.09616 14 3.12274
    endloop
  endfacet
  facet normal -0.95572 0 -0.294277
    outer loop
      vertex -4.09616 14 3.12274
      vertex -4.11562 14.6 3.18594
      vertex -4.09616 14.6 3.12274
    endloop
  endfacet
  facet normal -0.95572 -0 -0.294277
    outer loop
      vertex -4.11562 14.6 3.18594
      vertex -4.09616 14 3.12274
      vertex -4.11562 14 3.18594
    endloop
  endfacet
  facet normal -0.957974 0 -0.286853
    outer loop
      vertex -4.11562 14 3.18594
      vertex -4.12999 14.6 3.23393
      vertex -4.11562 14.6 3.18594
    endloop
  endfacet
  facet normal -0.957974 -0 -0.286853
    outer loop
      vertex -4.12999 14.6 3.23393
      vertex -4.11562 14 3.18594
      vertex -4.12999 14 3.23393
    endloop
  endfacet
  facet normal -0.958707 0 -0.284395
    outer loop
      vertex -4.12999 14 3.23393
      vertex -4.14325 14.6 3.27863
      vertex -4.12999 14.6 3.23393
    endloop
  endfacet
  facet normal -0.958707 -0 -0.284395
    outer loop
      vertex -4.14325 14.6 3.27863
      vertex -4.12999 14 3.23393
      vertex -4.14325 14 3.27863
    endloop
  endfacet
  facet normal -0.959439 0 -0.281915
    outer loop
      vertex -4.14325 14 3.27863
      vertex -4.1554 14.6 3.31998
      vertex -4.14325 14.6 3.27863
    endloop
  endfacet
  facet normal -0.959439 -0 -0.281915
    outer loop
      vertex -4.1554 14.6 3.31998
      vertex -4.14325 14 3.27863
      vertex -4.1554 14 3.31998
    endloop
  endfacet
  facet normal -0.960662 0 -0.277721
    outer loop
      vertex -4.1554 14 3.31998
      vertex -4.1664 14.6 3.35803
      vertex -4.1554 14.6 3.31998
    endloop
  endfacet
  facet normal -0.960662 -0 -0.277721
    outer loop
      vertex -4.1664 14.6 3.35803
      vertex -4.1554 14 3.31998
      vertex -4.1664 14 3.35803
    endloop
  endfacet
  facet normal -0.961816 0 -0.273697
    outer loop
      vertex -4.1664 14 3.35803
      vertex -4.17628 14.6 3.39275
      vertex -4.1664 14.6 3.35803
    endloop
  endfacet
  facet normal -0.961816 -0 -0.273697
    outer loop
      vertex -4.17628 14.6 3.39275
      vertex -4.1664 14 3.35803
      vertex -4.17628 14 3.39275
    endloop
  endfacet
  facet normal -0.963218 0 -0.26872
    outer loop
      vertex -4.17628 14 3.39275
      vertex -4.18504 14.6 3.42415
      vertex -4.17628 14.6 3.39275
    endloop
  endfacet
  facet normal -0.963218 -0 -0.26872
    outer loop
      vertex -4.18504 14.6 3.42415
      vertex -4.17628 14 3.39275
      vertex -4.18504 14 3.42415
    endloop
  endfacet
  facet normal -0.964986 0 -0.262303
    outer loop
      vertex -4.18504 14 3.42415
      vertex -4.19267 14.6 3.45222
      vertex -4.18504 14.6 3.42415
    endloop
  endfacet
  facet normal -0.964986 -0 -0.262303
    outer loop
      vertex -4.19267 14.6 3.45222
      vertex -4.18504 14 3.42415
      vertex -4.19267 14 3.45222
    endloop
  endfacet
  facet normal -0.967009 0 -0.254743
    outer loop
      vertex -4.19267 14 3.45222
      vertex -4.19919 14.6 3.47697
      vertex -4.19267 14.6 3.45222
    endloop
  endfacet
  facet normal -0.967009 -0 -0.254743
    outer loop
      vertex -4.19919 14.6 3.47697
      vertex -4.19267 14 3.45222
      vertex -4.19919 14 3.47697
    endloop
  endfacet
  facet normal -0.969929 0 -0.243387
    outer loop
      vertex -4.19919 14 3.47697
      vertex -4.20457 14.6 3.49841
      vertex -4.19919 14.6 3.47697
    endloop
  endfacet
  facet normal -0.969929 -0 -0.243387
    outer loop
      vertex -4.20457 14.6 3.49841
      vertex -4.19919 14 3.47697
      vertex -4.20457 14 3.49841
    endloop
  endfacet
  facet normal 0.962903 0 -0.269846
    outer loop
      vertex -4.20457 14 3.49841
      vertex -4.23047 14.6 3.40599
      vertex -4.20457 14.6 3.49841
    endloop
  endfacet
  facet normal 0.962903 0 -0.269846
    outer loop
      vertex -4.23047 14.6 3.40599
      vertex -4.20457 14 3.49841
      vertex -4.23047 14 3.40599
    endloop
  endfacet
  facet normal 0.962733 0 -0.270455
    outer loop
      vertex -4.23047 14 3.40599
      vertex -4.25418 14.6 3.32159
      vertex -4.23047 14.6 3.40599
    endloop
  endfacet
  facet normal 0.962733 0 -0.270455
    outer loop
      vertex -4.25418 14.6 3.32159
      vertex -4.23047 14 3.40599
      vertex -4.25418 14 3.32159
    endloop
  endfacet
  facet normal 0.962498 0 -0.271289
    outer loop
      vertex -4.25418 14 3.32159
      vertex -4.2757 14.6 3.24524
      vertex -4.25418 14.6 3.32159
    endloop
  endfacet
  facet normal 0.962498 0 -0.271289
    outer loop
      vertex -4.2757 14.6 3.24524
      vertex -4.25418 14 3.32159
      vertex -4.2757 14 3.24524
    endloop
  endfacet
  facet normal 0.962291 0 -0.272022
    outer loop
      vertex -4.2757 14 3.24524
      vertex -4.29501 14.6 3.17693
      vertex -4.2757 14.6 3.24524
    endloop
  endfacet
  facet normal 0.962291 0 -0.272022
    outer loop
      vertex -4.29501 14.6 3.17693
      vertex -4.2757 14 3.24524
      vertex -4.29501 14 3.17693
    endloop
  endfacet
  facet normal 0.961968 0 -0.273161
    outer loop
      vertex -4.29501 14 3.17693
      vertex -4.31213 14.6 3.11664
      vertex -4.29501 14.6 3.17693
    endloop
  endfacet
  facet normal 0.961968 0 -0.273161
    outer loop
      vertex -4.31213 14.6 3.11664
      vertex -4.29501 14 3.17693
      vertex -4.31213 14 3.11664
    endloop
  endfacet
  facet normal 0.961517 0 -0.274745
    outer loop
      vertex -4.31213 14 3.11664
      vertex -4.32706 14.6 3.06439
      vertex -4.31213 14.6 3.11664
    endloop
  endfacet
  facet normal 0.961517 0 -0.274745
    outer loop
      vertex -4.32706 14.6 3.06439
      vertex -4.31213 14 3.11664
      vertex -4.32706 14 3.06439
    endloop
  endfacet
  facet normal 0.960997 0 -0.276558
    outer loop
      vertex -4.32706 14 3.06439
      vertex -4.33978 14.6 3.02019
      vertex -4.32706 14.6 3.06439
    endloop
  endfacet
  facet normal 0.960997 0 -0.276558
    outer loop
      vertex -4.33978 14.6 3.02019
      vertex -4.32706 14 3.06439
      vertex -4.33978 14 3.02019
    endloop
  endfacet
  facet normal 0.96014 0 -0.279521
    outer loop
      vertex -4.33978 14 3.02019
      vertex -4.35031 14.6 2.98402
      vertex -4.33978 14.6 3.02019
    endloop
  endfacet
  facet normal 0.96014 0 -0.279521
    outer loop
      vertex -4.35031 14.6 2.98402
      vertex -4.33978 14 3.02019
      vertex -4.35031 14 2.98402
    endloop
  endfacet
  facet normal 0.958843 0 -0.283937
    outer loop
      vertex -4.35031 14 2.98402
      vertex -4.35864 14.6 2.95589
      vertex -4.35031 14.6 2.98402
    endloop
  endfacet
  facet normal 0.958843 0 -0.283937
    outer loop
      vertex -4.35864 14.6 2.95589
      vertex -4.35031 14 2.98402
      vertex -4.35864 14 2.95589
    endloop
  endfacet
  facet normal 0.954506 0 -0.298191
    outer loop
      vertex -4.35864 14 2.95589
      vertex -4.76877 14.6 1.64307
      vertex -4.35864 14.6 2.95589
    endloop
  endfacet
  facet normal 0.954506 0 -0.298191
    outer loop
      vertex -4.76877 14.6 1.64307
      vertex -4.35864 14 2.95589
      vertex -4.76877 14 1.64307
    endloop
  endfacet
  facet normal 0 0 -1
    outer loop
      vertex -5.41324 14 1.64307
      vertex -4.76877 14.6 1.64307
      vertex -4.76877 14 1.64307
    endloop
  endfacet
  facet normal -0 0 -1
    outer loop
      vertex -4.76877 14.6 1.64307
      vertex -5.41324 14 1.64307
      vertex -5.41324 14.6 1.64307
    endloop
  endfacet
  facet normal -0.941586 0 0.336772
    outer loop
      vertex -5.41324 14 1.64307
      vertex -4.57347 14.6 3.991
      vertex -5.41324 14.6 1.64307
    endloop
  endfacet
  facet normal -0.941586 0 0.336772
    outer loop
      vertex -4.57347 14.6 3.991
      vertex -5.41324 14 1.64307
      vertex -4.57347 14 3.991
    endloop
  endfacet
  facet normal -0 0 1
    outer loop
      vertex -4.57347 14.6 3.991
      vertex -3.84435 14 3.991
      vertex -3.84435 14.6 3.991
    endloop
  endfacet
  facet normal 0 0 1
    outer loop
      vertex -3.84435 14 3.991
      vertex -4.57347 14.6 3.991
      vertex -4.57347 14 3.991
    endloop
  endfacet
  facet normal 0.938239 -0 0.345988
    outer loop
      vertex -3.84435 14 3.991
      vertex -2.97852 14.6 1.64307
      vertex -3.84435 14.6 3.991
    endloop
  endfacet
  facet normal 0.938239 0 0.345988
    outer loop
      vertex -2.97852 14.6 1.64307
      vertex -3.84435 14 3.991
      vertex -2.97852 14 1.64307
    endloop
  endfacet
  facet normal 0 0 -1
    outer loop
      vertex -0.3013 14 3.32913
      vertex 0.325821 14.6 3.32913
      vertex 0.325821 14 3.32913
    endloop
  endfacet
  facet normal -0 0 -1
    outer loop
      vertex 0.325821 14.6 3.32913
      vertex -0.3013 14 3.32913
      vertex -0.3013 14.6 3.32913
    endloop
  endfacet
  facet normal -1 0 0
    outer loop
      vertex -0.3013 14 3.32913
      vertex -0.3013 14.6 3.991
      vertex -0.3013 14.6 3.32913
    endloop
  endfacet
  facet normal -1 -0 0
    outer loop
      vertex -0.3013 14.6 3.991
      vertex -0.3013 14 3.32913
      vertex -0.3013 14 3.991
    endloop
  endfacet
  facet normal -0 0 1
    outer loop
      vertex -0.3013 14.6 3.991
      vertex 0.325821 14 3.991
      vertex 0.325821 14.6 3.991
    endloop
  endfacet
  facet normal 0 0 1
    outer loop
      vertex 0.325821 14 3.991
      vertex -0.3013 14.6 3.991
      vertex -0.3013 14 3.991
    endloop
  endfacet
  facet normal 1 -0 0
    outer loop
      vertex 0.325821 14 3.991
      vertex 0.325821 14.6 3.32913
      vertex 0.325821 14.6 3.991
    endloop
  endfacet
  facet normal 1 0 0
    outer loop
      vertex 0.325821 14.6 3.32913
      vertex 0.325821 14 3.991
      vertex 0.325821 14 3.32913
    endloop
  endfacet
endsolid OpenSCAD_Model
